<?xml version="1.0" encoding="UTF-8"?>
<gpx creator="Garmin Connect" version="1.1"
  xsi:schemaLocation="http://www.topografix.com/GPX/1/1 http://www.topografix.com/GPX/11.xsd"
  xmlns:ns3="http://www.garmin.com/xmlschemas/TrackPointExtension/v1"
  xmlns="http://www.topografix.com/GPX/1/1"
  xmlns:xsi="http://www.w3.org/2001/XMLSchema-instance" xmlns:ns2="http://www.garmin.com/xmlschemas/GpxExtensions/v3">
  <metadata>
    <name>2026熊谷</name>
    <link href="connect.garmin.com">
      <text>Garmin Connect</text>
    </link>
    <time>2026-05-09T04:13:01.000Z</time>
  </metadata>
  <trk>
    <name>2026熊谷</name>
    <trkseg>
      <trkpt lat="36.13873134367168" lon="139.38904881477356">
        <ele>0.0</ele>
      </trkpt>
      <trkpt lat="36.13860377110541" lon="139.38886642456055">
        <ele>0.0</ele>
      </trkpt>
      <trkpt lat="36.138432109728456" lon="139.38863039016724">
        <ele>0.0</ele>
      </trkpt>
      <trkpt lat="36.13832482136786" lon="139.38845872879028">
        <ele>0.0</ele>
      </trkpt>
      <trkpt lat="36.13832473754883" lon="139.38845864497125">
        <ele>0.0</ele>
      </trkpt>
      <trkpt lat="36.13832473754883" lon="139.38845872879028">
        <ele>0.0</ele>
      </trkpt>
      <trkpt lat="36.138432025909424" lon="139.3883728981018">
        <ele>0.0</ele>
      </trkpt>
      <trkpt lat="36.138468235731125" lon="139.38802714459598">
        <ele>0.0</ele>
      </trkpt>
      <trkpt lat="36.13846831955016" lon="139.38802714459598">
        <ele>0.0</ele>
      </trkpt>
      <trkpt lat="36.13846840336919" lon="139.38802706077695">
        <ele>0.0</ele>
      </trkpt>
      <trkpt lat="36.13846840336919" lon="139.38802764751017">
        <ele>0.0</ele>
      </trkpt>
      <trkpt lat="36.13847494125366" lon="139.38796520233154">
        <ele>0.0</ele>
      </trkpt>
      <trkpt lat="36.13828173838556" lon="139.3876754399389">
        <ele>0.0</ele>
      </trkpt>
      <trkpt lat="36.13808870315552" lon="139.38738584518433">
        <ele>0.0</ele>
      </trkpt>
      <trkpt lat="36.13803908228874" lon="139.38731141388416">
        <ele>0.0</ele>
      </trkpt>
      <trkpt lat="36.13803908228874" lon="139.38731133006513">
        <ele>0.0</ele>
      </trkpt>
      <trkpt lat="36.13803841173649" lon="139.38731032423675">
        <ele>0.0</ele>
      </trkpt>
      <trkpt lat="36.13803832791746" lon="139.38731032423675">
        <ele>0.0</ele>
      </trkpt>
      <trkpt lat="36.13789181225002" lon="139.38709046691656">
        <ele>0.0</ele>
      </trkpt>
      <trkpt lat="36.13774538040161" lon="139.38687086105347">
        <ele>0.0</ele>
      </trkpt>
      <trkpt lat="36.13774546422064" lon="139.38687086105347">
        <ele>0.0</ele>
      </trkpt>
      <trkpt lat="36.1376166343689" lon="139.3866991996765">
        <ele>0.0</ele>
      </trkpt>
      <trkpt lat="36.1374887265265" lon="139.38652862794697">
        <ele>0.0</ele>
      </trkpt>
      <trkpt lat="36.13748797215521" lon="139.3865276221186">
        <ele>0.0</ele>
      </trkpt>
      <trkpt lat="36.13748788833618" lon="139.38652753829956">
        <ele>0.0</ele>
      </trkpt>
      <trkpt lat="36.137245148420334" lon="139.38642041757703">
        <ele>0.0</ele>
      </trkpt>
      <trkpt lat="36.137002408504486" lon="139.3863132968545">
        <ele>0.0</ele>
      </trkpt>
      <trkpt lat="36.13675841130316" lon="139.38620567321777">
        <ele>0.0</ele>
      </trkpt>
      <trkpt lat="36.13652271218598" lon="139.38609855249524">
        <ele>0.0</ele>
      </trkpt>
      <trkpt lat="36.13628709688783" lon="139.3859914317727">
        <ele>0.0</ele>
      </trkpt>
      <trkpt lat="36.1360518168658" lon="139.38588447868824">
        <ele>0.0</ele>
      </trkpt>
      <trkpt lat="36.13605139777064" lon="139.38588431105018">
        <ele>0.0</ele>
      </trkpt>
      <trkpt lat="36.13605081103742" lon="139.38588405959308">
        <ele>0.0</ele>
      </trkpt>
      <trkpt lat="36.1360502243042" lon="139.385883808136">
        <ele>0.0</ele>
      </trkpt>
      <trkpt lat="36.136143347248435" lon="139.38554710708559">
        <ele>0.0</ele>
      </trkpt>
      <trkpt lat="36.13623647019267" lon="139.38521040603518">
        <ele>0.0</ele>
      </trkpt>
      <trkpt lat="36.13632925786078" lon="139.3848752975464">
        <ele>0.0</ele>
      </trkpt>
      <trkpt lat="36.13641517236829" lon="139.38457975164056">
        <ele>0.0</ele>
      </trkpt>
      <trkpt lat="36.13650117069483" lon="139.38428428955376">
        <ele>0.0</ele>
      </trkpt>
      <trkpt lat="36.136587085202336" lon="139.38398882746696">
        <ele>0.0</ele>
      </trkpt>
      <trkpt lat="36.136672580614686" lon="139.38369512557983">
        <ele>0.0</ele>
      </trkpt>
      <trkpt lat="36.136753130704165" lon="139.383399579674">
        <ele>0.0</ele>
      </trkpt>
      <trkpt lat="36.13683368079364" lon="139.3831041175872">
        <ele>0.0</ele>
      </trkpt>
      <trkpt lat="36.13691423088312" lon="139.38280857168138">
        <ele>0.0</ele>
      </trkpt>
      <trkpt lat="36.13699436187744" lon="139.38251495361328">
        <ele>0.0</ele>
      </trkpt>
      <trkpt lat="36.13706267438829" lon="139.38227824866772">
        <ele>0.0</ele>
      </trkpt>
      <trkpt lat="36.137130400165915" lon="139.38204347155988">
        <ele>0.0</ele>
      </trkpt>
      <trkpt lat="36.13713048398495" lon="139.38204347155988">
        <ele>0.0</ele>
      </trkpt>
      <trkpt lat="36.137130903080106" lon="139.38204229809344">
        <ele>0.0</ele>
      </trkpt>
      <trkpt lat="36.137130903080106" lon="139.38204238191247">
        <ele>0.0</ele>
      </trkpt>
      <trkpt lat="36.137202233076096" lon="139.38179545104504">
        <ele>0.0</ele>
      </trkpt>
      <trkpt lat="36.13727339543402" lon="139.38154935836792">
        <ele>0.0</ele>
      </trkpt>
      <trkpt lat="36.13733785226941" lon="139.3813236337155">
        <ele>0.0</ele>
      </trkpt>
      <trkpt lat="36.13740214146674" lon="139.38109874725342">
        <ele>0.0</ele>
      </trkpt>
      <trkpt lat="36.137445056810975" lon="139.38081979751587">
        <ele>0.0</ele>
      </trkpt>
      <trkpt lat="36.13748788833618" lon="139.38064813613892">
        <ele>0.0</ele>
      </trkpt>
      <trkpt lat="36.13759517669678" lon="139.3802833557129">
        <ele>0.0</ele>
      </trkpt>
      <trkpt lat="36.137681091204286" lon="139.38002586364746">
        <ele>0.0</ele>
      </trkpt>
      <trkpt lat="36.13776683807373" lon="139.37966108322144">
        <ele>0.0</ele>
      </trkpt>
      <trkpt lat="36.137595092877746" lon="139.37991857528687">
        <ele>0.0</ele>
      </trkpt>
      <trkpt lat="36.137423515319824" lon="139.3801760673523">
        <ele>0.0</ele>
      </trkpt>
      <trkpt lat="36.137423599138856" lon="139.38021898269653">
        <ele>0.0</ele>
      </trkpt>
      <trkpt lat="36.137423515319824" lon="139.3801760673523">
        <ele>0.0</ele>
      </trkpt>
      <trkpt lat="36.13748797215521" lon="139.37992888502777">
        <ele>0.0</ele>
      </trkpt>
      <trkpt lat="36.13755226135254" lon="139.37968254089355">
        <ele>0.0</ele>
      </trkpt>
      <trkpt lat="36.13755234517157" lon="139.37968254089355">
        <ele>0.0</ele>
      </trkpt>
      <trkpt lat="36.13763582892716" lon="139.3794091232121">
        <ele>0.0</ele>
      </trkpt>
      <trkpt lat="36.13771931268275" lon="139.37913578934968">
        <ele>0.0</ele>
      </trkpt>
      <trkpt lat="36.137802796438336" lon="139.37886237166822">
        <ele>0.0</ele>
      </trkpt>
      <trkpt lat="36.137885274365544" lon="139.37859188765287">
        <ele>0.0</ele>
      </trkpt>
      <trkpt lat="36.137885358184576" lon="139.37859188765287">
        <ele>0.0</ele>
      </trkpt>
      <trkpt lat="36.137885861098766" lon="139.37859054654837">
        <ele>0.0</ele>
      </trkpt>
      <trkpt lat="36.137885861098766" lon="139.3785906303674">
        <ele>0.0</ele>
      </trkpt>
      <trkpt lat="36.137955179437995" lon="139.37836373224854">
        <ele>0.0</ele>
      </trkpt>
      <trkpt lat="36.13802441395819" lon="139.37813758850098">
        <ele>0.0</ele>
      </trkpt>
      <trkpt lat="36.13813606090844" lon="139.37782385386527">
        <ele>0.0</ele>
      </trkpt>
      <trkpt lat="36.13824779167771" lon="139.3775102030486">
        <ele>0.0</ele>
      </trkpt>
      <trkpt lat="36.13835952244699" lon="139.37719646841288">
        <ele>0.01</ele>
      </trkpt>
      <trkpt lat="36.13847125321627" lon="139.3768828175962">
        <ele>0.01</ele>
      </trkpt>
      <trkpt lat="36.13858231343329" lon="139.37657117843628">
        <ele>0.01</ele>
      </trkpt>
      <trkpt lat="36.138727236539125" lon="139.37624361366034">
        <ele>0.01</ele>
      </trkpt>
      <trkpt lat="36.13887224346399" lon="139.3759160488844">
        <ele>0.01</ele>
      </trkpt>
      <trkpt lat="36.13901725038886" lon="139.37558848410845">
        <ele>0.01</ele>
      </trkpt>
      <trkpt lat="36.139161670580506" lon="139.375262260437">
        <ele>0.01</ele>
      </trkpt>
      <trkpt lat="36.13929754123092" lon="139.3750188499689">
        <ele>0.01</ele>
      </trkpt>
      <trkpt lat="36.13943349570036" lon="139.37477552331984">
        <ele>0.01</ele>
      </trkpt>
      <trkpt lat="36.13956928253174" lon="139.37453269958496">
        <ele>0.01</ele>
      </trkpt>
      <trkpt lat="36.13956936635077" lon="139.37453269958496">
        <ele>0.01</ele>
      </trkpt>
      <trkpt lat="36.139741111546755" lon="139.37423212453723">
        <ele>0.01</ele>
      </trkpt>
      <trkpt lat="36.139912689104676" lon="139.37393188476562">
        <ele>0.01</ele>
      </trkpt>
      <trkpt lat="36.13999851979315" lon="139.3738031387329">
        <ele>0.01</ele>
      </trkpt>
      <trkpt lat="36.14008435048163" lon="139.3736743927002">
        <ele>0.01</ele>
      </trkpt>
      <trkpt lat="36.14024167880416" lon="139.3734740652144">
        <ele>0.01</ele>
      </trkpt>
      <trkpt lat="36.14039900712669" lon="139.37327382154763">
        <ele>0.0</ele>
      </trkpt>
      <trkpt lat="36.14055641926825" lon="139.37307357788086">
        <ele>0.0</ele>
      </trkpt>
      <trkpt lat="36.140717351809144" lon="139.37283745966852">
        <ele>0.0</ele>
      </trkpt>
      <trkpt lat="36.14087828435004" lon="139.37260150909424">
        <ele>0.0</ele>
      </trkpt>
      <trkpt lat="36.141067799180746" lon="139.3723373953253">
        <ele>0.0</ele>
      </trkpt>
      <trkpt lat="36.141257397830486" lon="139.37207328155637">
        <ele>0.0</ele>
      </trkpt>
      <trkpt lat="36.14144573919475" lon="139.37181067653">
        <ele>0.0</ele>
      </trkpt>
      <trkpt lat="36.14144582301378" lon="139.37181067653">
        <ele>0.0</ele>
      </trkpt>
      <trkpt lat="36.14144674502313" lon="139.37180950306356">
        <ele>0.0</ele>
      </trkpt>
      <trkpt lat="36.14144699648023" lon="139.37180925160646">
        <ele>0.0</ele>
      </trkpt>
      <trkpt lat="36.14147901535034" lon="139.3717646598816">
        <ele>0.0</ele>
      </trkpt>
      <trkpt lat="36.14162393845618" lon="139.37151236459613">
        <ele>-0.01</ele>
      </trkpt>
      <trkpt lat="36.141768861562014" lon="139.37126006931067">
        <ele>-0.01</ele>
      </trkpt>
      <trkpt lat="36.14191378466785" lon="139.37100785784423">
        <ele>-0.01</ele>
      </trkpt>
      <trkpt lat="36.14205845631659" lon="139.370756149292">
        <ele>-0.01</ele>
      </trkpt>
      <trkpt lat="36.142165744677186" lon="139.37056303024292">
        <ele>-0.02</ele>
      </trkpt>
      <trkpt lat="36.14229440689087" lon="139.3704128265381">
        <ele>-0.02</ele>
      </trkpt>
      <trkpt lat="36.1422944907099" lon="139.3704128265381">
        <ele>-0.03</ele>
      </trkpt>
      <trkpt lat="36.14233740605414" lon="139.3703269958496">
        <ele>-0.03</ele>
      </trkpt>
      <trkpt lat="36.14238032139838" lon="139.37028408050537">
        <ele>-0.03</ele>
      </trkpt>
      <trkpt lat="36.14257696084678" lon="139.37000865116715">
        <ele>-0.04</ele>
      </trkpt>
      <trkpt lat="36.14277368411422" lon="139.36973322182894">
        <ele>-0.04</ele>
      </trkpt>
      <trkpt lat="36.142970407381654" lon="139.36945787630975">
        <ele>-0.05</ele>
      </trkpt>
      <trkpt lat="36.14316704683006" lon="139.36918244697154">
        <ele>-0.05</ele>
      </trkpt>
      <trkpt lat="36.143363770097494" lon="139.36890710145235">
        <ele>-0.05</ele>
      </trkpt>
      <trkpt lat="36.1435604095459" lon="139.3686318397522">
        <ele>-0.06</ele>
      </trkpt>
      <trkpt lat="36.143714217469096" lon="139.36836345121264">
        <ele>-0.06</ele>
      </trkpt>
      <trkpt lat="36.143868109211326" lon="139.3680950626731">
        <ele>-0.07</ele>
      </trkpt>
      <trkpt lat="36.14402191713452" lon="139.36782667413354">
        <ele>-0.07</ele>
      </trkpt>
      <trkpt lat="36.14417580887675" lon="139.36755836941302">
        <ele>-0.07</ele>
      </trkpt>
      <trkpt lat="36.14432970061898" lon="139.36728998087347">
        <ele>-0.08</ele>
      </trkpt>
      <trkpt lat="36.14448308944702" lon="139.36702251434326">
        <ele>-0.08</ele>
      </trkpt>
      <trkpt lat="36.144599011167884" lon="139.3667432293296">
        <ele>-0.08</ele>
      </trkpt>
      <trkpt lat="36.14471501670778" lon="139.3664639443159">
        <ele>-0.08</ele>
      </trkpt>
      <trkpt lat="36.14483102224767" lon="139.36618474312127">
        <ele>-0.09</ele>
      </trkpt>
      <trkpt lat="36.144947027787566" lon="139.3659054581076">
        <ele>-0.09</ele>
      </trkpt>
      <trkpt lat="36.14506244659424" lon="139.36562776565552">
        <ele>-0.09</ele>
      </trkpt>
      <trkpt lat="36.14516068249941" lon="139.36528695747256">
        <ele>-0.09</ele>
      </trkpt>
      <trkpt lat="36.14525891840458" lon="139.3649461492896">
        <ele>-0.09</ele>
      </trkpt>
      <trkpt lat="36.14535715430975" lon="139.36460542492568">
        <ele>-0.09</ele>
      </trkpt>
      <trkpt lat="36.14545539021492" lon="139.36426461674273">
        <ele>-0.08</ele>
      </trkpt>
      <trkpt lat="36.14555362612009" lon="139.3639238923788">
        <ele>-0.08</ele>
      </trkpt>
      <trkpt lat="36.14565186202526" lon="139.36358308419585">
        <ele>-0.08</ele>
      </trkpt>
      <trkpt lat="36.14574909210205" lon="139.3632459640503">
        <ele>-0.07</ele>
      </trkpt>
      <trkpt lat="36.14580927416682" lon="139.362880513072">
        <ele>-0.07</ele>
      </trkpt>
      <trkpt lat="36.145869456231594" lon="139.36251506209373">
        <ele>-0.06</ele>
      </trkpt>
      <trkpt lat="36.145929638296366" lon="139.36214961111546">
        <ele>-0.05</ele>
      </trkpt>
      <trkpt lat="36.14598982036114" lon="139.36178416013718">
        <ele>-0.04</ele>
      </trkpt>
      <trkpt lat="36.14604949951172" lon="139.36142206192017">
        <ele>-0.03</ele>
      </trkpt>
      <trkpt lat="36.146075231954455" lon="139.36110380105674">
        <ele>-0.02</ele>
      </trkpt>
      <trkpt lat="36.146101048216224" lon="139.36078562401235">
        <ele>-0.01</ele>
      </trkpt>
      <trkpt lat="36.14612686447799" lon="139.36046744696796">
        <ele>0.0</ele>
      </trkpt>
      <trkpt lat="36.14615268073976" lon="139.36014926992357">
        <ele>0.02</ele>
      </trkpt>
      <trkpt lat="36.146178245544434" lon="139.35983419418335">
        <ele>0.03</ele>
      </trkpt>
      <trkpt lat="36.14616743288934" lon="139.3595116585493">
        <ele>0.05</ele>
      </trkpt>
      <trkpt lat="36.146156787872314" lon="139.35919046401978">
        <ele>0.07</ele>
      </trkpt>
      <trkpt lat="36.146124517545104" lon="139.35895392671227">
        <ele>0.09</ele>
      </trkpt>
      <trkpt lat="36.14609241485596" lon="139.35871839523315">
        <ele>0.11</ele>
      </trkpt>
      <trkpt lat="36.14599920809269" lon="139.35838881880045">
        <ele>0.14</ele>
      </trkpt>
      <trkpt lat="36.145906085148454" lon="139.35805932618678">
        <ele>0.16</ele>
      </trkpt>
      <trkpt lat="36.14581346511841" lon="139.35773134231567">
        <ele>0.19</ele>
      </trkpt>
      <trkpt lat="36.145703410729766" lon="139.35745373368263">
        <ele>0.22</ele>
      </trkpt>
      <trkpt lat="36.145594362169504" lon="139.35717847198248">
        <ele>0.24</ele>
      </trkpt>
      <trkpt lat="36.14559377543628" lon="139.3571769632399">
        <ele>0.3</ele>
      </trkpt>
      <trkpt lat="36.14559377543628" lon="139.35717687942088">
        <ele>0.33</ele>
      </trkpt>
      <trkpt lat="36.14559377543628" lon="139.3571769632399">
        <ele>0.36</ele>
      </trkpt>
      <trkpt lat="36.14547818899155" lon="139.35688510537148">
        <ele>0.39</ele>
      </trkpt>
      <trkpt lat="36.14536293782294" lon="139.35659408569336">
        <ele>0.42</ele>
      </trkpt>
      <trkpt lat="36.14553342573345" lon="139.35683280229568">
        <ele>0.45</ele>
      </trkpt>
      <trkpt lat="36.14570265635848" lon="139.35706984251738">
        <ele>0.48</ele>
      </trkpt>
      <trkpt lat="36.14570357836783" lon="139.35707109980285">
        <ele>0.53</ele>
      </trkpt>
      <trkpt lat="36.145703913643956" lon="139.357071518898">
        <ele>0.56</ele>
      </trkpt>
      <trkpt lat="36.14579200744629" lon="139.3571949005127">
        <ele>0.58</ele>
      </trkpt>
      <trkpt lat="36.14583500660956" lon="139.35717344284058">
        <ele>0.6</ele>
      </trkpt>
      <trkpt lat="36.145877838134766" lon="139.35715198516846">
        <ele>0.62</ele>
      </trkpt>
      <trkpt lat="36.14577038213611" lon="139.35686549171805">
        <ele>0.64</ele>
      </trkpt>
      <trkpt lat="36.14566292613745" lon="139.35657899826765">
        <ele>0.65</ele>
      </trkpt>
      <trkpt lat="36.14555597305298" lon="139.3562936782837">
        <ele>0.66</ele>
      </trkpt>
      <trkpt lat="36.14553459919989" lon="139.35603618621826">
        <ele>0.66</ele>
      </trkpt>
      <trkpt lat="36.14551314152777" lon="139.35603618621826">
        <ele>0.66</ele>
      </trkpt>
      <trkpt lat="36.145448768511415" lon="139.35603618621826">
        <ele>0.66</ele>
      </trkpt>
      <trkpt lat="36.14527702331543" lon="139.35599327087402">
        <ele>0.65</ele>
      </trkpt>
      <trkpt lat="36.14524433389306" lon="139.35589101165533">
        <ele>0.63</ele>
      </trkpt>
      <trkpt lat="36.14524433389306" lon="139.3558909278363">
        <ele>0.61</ele>
      </trkpt>
      <trkpt lat="36.1452439147979" lon="139.35588941909373">
        <ele>0.58</ele>
      </trkpt>
      <trkpt lat="36.14524383097887" lon="139.3558890838176">
        <ele>0.54</ele>
      </trkpt>
      <trkpt lat="36.1451852414757" lon="139.3557048495859">
        <ele>0.5</ele>
      </trkpt>
      <trkpt lat="36.14512690342963" lon="139.3555212020874">
        <ele>0.45</ele>
      </trkpt>
      <trkpt lat="36.145126819610596" lon="139.3555212020874">
        <ele>0.39</ele>
      </trkpt>
      <trkpt lat="36.1450766120106" lon="139.3552560824901">
        <ele>0.32</ele>
      </trkpt>
      <trkpt lat="36.14502648822963" lon="139.35499096289277">
        <ele>0.25</ele>
      </trkpt>
      <trkpt lat="36.14497661590576" lon="139.354727268219">
        <ele>0.16</ele>
      </trkpt>
      <trkpt lat="36.14497661590576" lon="139.3543839454651">
        <ele>0.07</ele>
      </trkpt>
      <trkpt lat="36.145024811849" lon="139.35419074259698">
        <ele>-0.03</ele>
      </trkpt>
      <trkpt lat="36.14507242105901" lon="139.35400013811886">
        <ele>-0.14</ele>
      </trkpt>
      <trkpt lat="36.145072504878044" lon="139.35400013811886">
        <ele>-0.27</ele>
      </trkpt>
      <trkpt lat="36.1450729239732" lon="139.35399854555726">
        <ele>-0.4</ele>
      </trkpt>
      <trkpt lat="36.145073007792234" lon="139.35399829410017">
        <ele>-0.54</ele>
      </trkpt>
      <trkpt lat="36.14514836110175" lon="139.35369729995728">
        <ele>-0.69</ele>
      </trkpt>
      <trkpt lat="36.14518415182829" lon="139.35343209654093">
        <ele>-0.85</ele>
      </trkpt>
      <trkpt lat="36.14521994255483" lon="139.3531669769436">
        <ele>-1.02</ele>
      </trkpt>
      <trkpt lat="36.14525564946234" lon="139.35290336608887">
        <ele>-1.2</ele>
      </trkpt>
      <trkpt lat="36.14521265029907" lon="139.35266733169556">
        <ele>-1.39</ele>
      </trkpt>
      <trkpt lat="36.145212734118104" lon="139.35266733169556">
        <ele>-1.58</ele>
      </trkpt>
      <trkpt lat="36.14521265029907" lon="139.35257295146585">
        <ele>-1.78</ele>
      </trkpt>
      <trkpt lat="36.14521265029907" lon="139.3525712750852">
        <ele>-2.19</ele>
      </trkpt>
      <trkpt lat="36.14521265029907" lon="139.35257077217102">
        <ele>-2.4</ele>
      </trkpt>
      <trkpt lat="36.14521265029907" lon="139.35226432979107">
        <ele>-2.61</ele>
      </trkpt>
      <trkpt lat="36.14521265029907" lon="139.35195922851562">
        <ele>-2.83</ele>
      </trkpt>
      <trkpt lat="36.14529856480658" lon="139.3515944480896">
        <ele>-3.04</ele>
      </trkpt>
      <trkpt lat="36.14537375047803" lon="139.35121826827526">
        <ele>-3.25</ele>
      </trkpt>
      <trkpt lat="36.145448768511415" lon="139.35084342956543">
        <ele>-3.45</ele>
      </trkpt>
      <trkpt lat="36.14549168385565" lon="139.35077905654907">
        <ele>-3.65</ele>
      </trkpt>
      <trkpt lat="36.145684299990535" lon="139.35081115923822">
        <ele>-3.84</ele>
      </trkpt>
      <trkpt lat="36.1458779219538" lon="139.35084342956543">
        <ele>-4.02</ele>
      </trkpt>
      <trkpt lat="36.14589937962592" lon="139.35086488723755">
        <ele>-4.19</ele>
      </trkpt>
      <trkpt lat="36.145942294970155" lon="139.35086488723755">
        <ele>-4.34</ele>
      </trkpt>
      <trkpt lat="36.14609249867499" lon="139.35086488723755">
        <ele>-4.47</ele>
      </trkpt>
      <trkpt lat="36.14635895937681" lon="139.350781487301">
        <ele>-4.58</ele>
      </trkpt>
      <trkpt lat="36.146359546110034" lon="139.35078131966293">
        <ele>-4.67</ele>
      </trkpt>
      <trkpt lat="36.14636030048132" lon="139.35078115202487">
        <ele>-4.73</ele>
      </trkpt>
      <trkpt lat="36.146361557766795" lon="139.35078081674874">
        <ele>-4.77</ele>
      </trkpt>
      <trkpt lat="36.146614607423544" lon="139.3507016915828">
        <ele>-4.77</ele>
      </trkpt>
      <trkpt lat="36.146867740899324" lon="139.35062256641686">
        <ele>-4.73</ele>
      </trkpt>
      <trkpt lat="36.14712246693671" lon="139.35054302215576">
        <ele>-4.66</ele>
      </trkpt>
      <trkpt lat="36.14731516689062" lon="139.3504894617945">
        <ele>-4.54</ele>
      </trkpt>
      <trkpt lat="36.14750870503485" lon="139.35043573379517">
        <ele>-4.38</ele>
      </trkpt>
      <trkpt lat="36.14776561036706" lon="139.35035719536245">
        <ele>-4.17</ele>
      </trkpt>
      <trkpt lat="36.14802251569927" lon="139.35027865692973">
        <ele>-3.92</ele>
      </trkpt>
      <trkpt lat="36.14828118123114" lon="139.35019969940186">
        <ele>-3.6</ele>
      </trkpt>
      <trkpt lat="36.1483455542475" lon="139.35017824172974">
        <ele>-3.24</ele>
      </trkpt>
      <trkpt lat="36.14864596165717" lon="139.35009241104126">
        <ele>-2.81</ele>
      </trkpt>
      <trkpt lat="36.148946369066834" lon="139.35000658035278">
        <ele>-2.32</ele>
      </trkpt>
      <trkpt lat="36.149182403460145" lon="139.34994220733643">
        <ele>-1.77</ele>
      </trkpt>
      <trkpt lat="36.14933260716498" lon="139.3498992919922">
        <ele>-1.16</ele>
      </trkpt>
      <trkpt lat="36.14950426854193" lon="139.34983491897583">
        <ele>-0.48</ele>
      </trkpt>
      <trkpt lat="36.149696884676814" lon="139.3497706297785">
        <ele>0.26</ele>
      </trkpt>
      <trkpt lat="36.149890422821045" lon="139.34970617294312">
        <ele>1.08</ele>
      </trkpt>
      <trkpt lat="36.14989050664008" lon="139.34970617294312">
        <ele>1.96</ele>
      </trkpt>
      <trkpt lat="36.15008312277496" lon="139.34965261258185">
        <ele>2.91</ele>
      </trkpt>
      <trkpt lat="36.15027666091919" lon="139.34959888458252">
        <ele>3.93</ele>
      </trkpt>
      <trkpt lat="36.15034111775458" lon="139.3495774269104">
        <ele>5.02</ele>
      </trkpt>
      <trkpt lat="36.150602381676435" lon="139.34949017129838">
        <ele>6.17</ele>
      </trkpt>
      <trkpt lat="36.150602884590626" lon="139.3494899198413">
        <ele>7.38</ele>
      </trkpt>
      <trkpt lat="36.15060372278094" lon="139.34948975220323">
        <ele>8.65</ele>
      </trkpt>
      <trkpt lat="36.15060498006642" lon="139.3494894169271">
        <ele>9.98</ele>
      </trkpt>
      <trkpt lat="36.15034111775458" lon="139.3495774269104">
        <ele>11.36</ele>
      </trkpt>
      <trkpt lat="36.15027674473822" lon="139.34959888458252">
        <ele>12.78</ele>
      </trkpt>
      <trkpt lat="36.15019787102938" lon="139.3492620997131">
        <ele>14.23</ele>
      </trkpt>
      <trkpt lat="36.150119081139565" lon="139.3489253986627">
        <ele>15.72</ele>
      </trkpt>
      <trkpt lat="36.15004071034491" lon="139.34859037399292">
        <ele>17.23</ele>
      </trkpt>
      <trkpt lat="36.15004062652588" lon="139.34859037399292">
        <ele>18.76</ele>
      </trkpt>
      <trkpt lat="36.14997633732855" lon="139.34826850891113">
        <ele>21.92</ele>
      </trkpt>
      <trkpt lat="36.150062084198" lon="139.34826850891113">
        <ele>23.47</ele>
      </trkpt>
      <trkpt lat="36.150338435545564" lon="139.34831092134118">
        <ele>25.01</ele>
      </trkpt>
      <trkpt lat="36.150339022278786" lon="139.3483110051602">
        <ele>26.48</ele>
      </trkpt>
      <trkpt lat="36.15033969283104" lon="139.34831117279828">
        <ele>27.91</ele>
      </trkpt>
      <trkpt lat="36.15034111775458" lon="139.34831142425537">
        <ele>29.29</ele>
      </trkpt>
      <trkpt lat="36.15034103393555" lon="139.34831142425537">
        <ele>30.6</ele>
      </trkpt>
      <trkpt lat="36.15034111775458" lon="139.34831142425537">
        <ele>31.84</ele>
      </trkpt>
      <trkpt lat="36.150405406951904" lon="139.3483328819275">
        <ele>33.02</ele>
      </trkpt>
      <trkpt lat="36.150405490770936" lon="139.3483328819275">
        <ele>34.12</ele>
      </trkpt>
      <trkpt lat="36.15051277913153" lon="139.3483543395996">
        <ele>35.14</ele>
      </trkpt>
      <trkpt lat="36.15067329257727" lon="139.3483757134527">
        <ele>36.08</ele>
      </trkpt>
      <trkpt lat="36.15083456039429" lon="139.34839725494385">
        <ele>36.94</ele>
      </trkpt>
      <trkpt lat="36.15084512159228" lon="139.34822475537658">
        <ele>37.7</ele>
      </trkpt>
      <trkpt lat="36.150845205411315" lon="139.34822467155755">
        <ele>38.4</ele>
      </trkpt>
      <trkpt lat="36.15084537304938" lon="139.34822307899594">
        <ele>39.03</ele>
      </trkpt>
      <trkpt lat="36.15084545686841" lon="139.3482224084437">
        <ele>39.58</ele>
      </trkpt>
      <trkpt lat="36.150856018066406" lon="139.34805393218994">
        <ele>40.02</ele>
      </trkpt>
      <trkpt lat="36.150886779651046" lon="139.34785360470414">
        <ele>40.35</ele>
      </trkpt>
      <trkpt lat="36.15091695450246" lon="139.34765637852252">
        <ele>40.62</ele>
      </trkpt>
      <trkpt lat="36.150917038321495" lon="139.34765629470348">
        <ele>40.9</ele>
      </trkpt>
      <trkpt lat="36.15091737359762" lon="139.34765470214188">
        <ele>41.12</ele>
      </trkpt>
      <trkpt lat="36.150917541235685" lon="139.34765403158963">
        <ele>41.29</ele>
      </trkpt>
      <trkpt lat="36.15094184875488" lon="139.34749603271484">
        <ele>41.38</ele>
      </trkpt>
      <trkpt lat="36.15083456039429" lon="139.34717416763306">
        <ele>41.49</ele>
      </trkpt>
      <trkpt lat="36.150814862921834" lon="139.3471544701606">
        <ele>41.53</ele>
      </trkpt>
      <trkpt lat="36.15081377327442" lon="139.3471533805132">
        <ele>41.5</ele>
      </trkpt>
      <trkpt lat="36.15081310272217" lon="139.34715270996094">
        <ele>41.44</ele>
      </trkpt>
      <trkpt lat="36.1505988612771" lon="139.34693846851587">
        <ele>41.4</ele>
      </trkpt>
      <trkpt lat="36.15059877745807" lon="139.34693838469684">
        <ele>41.29</ele>
      </trkpt>
      <trkpt lat="36.15059785544872" lon="139.3469374626875">
        <ele>41.17</ele>
      </trkpt>
      <trkpt lat="36.150597017258406" lon="139.34693662449718">
        <ele>41.03</ele>
      </trkpt>
      <trkpt lat="36.1504178121686" lon="139.34675741940737">
        <ele>40.88</ele>
      </trkpt>
      <trkpt lat="36.15024045109749" lon="139.34658005833626">
        <ele>40.72</ele>
      </trkpt>
      <trkpt lat="36.15024036727846" lon="139.34657997451723">
        <ele>40.55</ele>
      </trkpt>
      <trkpt lat="36.150239361450076" lon="139.34657896868885">
        <ele>40.37</ele>
      </trkpt>
      <trkpt lat="36.15023852325976" lon="139.34657813049853">
        <ele>40.2</ele>
      </trkpt>
      <trkpt lat="36.150169372558594" lon="139.34650897979736">
        <ele>40.03</ele>
      </trkpt>
      <trkpt lat="36.15006216801703" lon="139.34627294540405">
        <ele>39.89</ele>
      </trkpt>
      <trkpt lat="36.15007373504341" lon="139.34620178304613">
        <ele>39.72</ele>
      </trkpt>
      <trkpt lat="36.15007381886244" lon="139.3462016992271">
        <ele>39.56</ele>
      </trkpt>
      <trkpt lat="36.150074154138565" lon="139.3462001066655">
        <ele>39.41</ele>
      </trkpt>
      <trkpt lat="36.15007440559566" lon="139.34619901701808">
        <ele>39.27</ele>
      </trkpt>
      <trkpt lat="36.15007440559566" lon="139.34619893319905">
        <ele>39.13</ele>
      </trkpt>
      <trkpt lat="36.150104999542236" lon="139.34601545333862">
        <ele>39.0</ele>
      </trkpt>
      <trkpt lat="36.150083458051085" lon="139.3458219151944">
        <ele>38.91</ele>
      </trkpt>
      <trkpt lat="36.150062084198" lon="139.34562921524048">
        <ele>38.83</ele>
      </trkpt>
      <trkpt lat="36.14993333816528" lon="139.34560775756836">
        <ele>38.75</ele>
      </trkpt>
      <trkpt lat="36.14993333816528" lon="139.3453288078308">
        <ele>38.66</ele>
      </trkpt>
      <trkpt lat="36.149890422821045" lon="139.3453288078308">
        <ele>38.61</ele>
      </trkpt>
      <trkpt lat="36.14978313446045" lon="139.34504985809326">
        <ele>38.59</ele>
      </trkpt>
      <trkpt lat="36.14978313446045" lon="139.34468507766724">
        <ele>38.58</ele>
      </trkpt>
      <trkpt lat="36.14969730377197" lon="139.34468507766724">
        <ele>38.57</ele>
      </trkpt>
      <trkpt lat="36.1496355291456" lon="139.34468507766724">
        <ele>38.58</ele>
      </trkpt>
      <trkpt lat="36.149635361507535" lon="139.34468507766724">
        <ele>38.61</ele>
      </trkpt>
      <trkpt lat="36.14963418804109" lon="139.34468507766724">
        <ele>38.66</ele>
      </trkpt>
      <trkpt lat="36.14963301457465" lon="139.34468507766724">
        <ele>38.73</ele>
      </trkpt>
      <trkpt lat="36.149632930755615" lon="139.34468507766724">
        <ele>38.81</ele>
      </trkpt>
      <trkpt lat="36.1496199388057" lon="139.34466999024153">
        <ele>38.9</ele>
      </trkpt>
      <trkpt lat="36.14966704510152" lon="139.34428542852402">
        <ele>39.09</ele>
      </trkpt>
      <trkpt lat="36.14971415139735" lon="139.3439008668065">
        <ele>39.29</ele>
      </trkpt>
      <trkpt lat="36.149739464744925" lon="139.34369274415076">
        <ele>39.43</ele>
      </trkpt>
      <trkpt lat="36.14973954856396" lon="139.34369266033173">
        <ele>39.56</ele>
      </trkpt>
      <trkpt lat="36.14973980002105" lon="139.34369106777012">
        <ele>39.69</ele>
      </trkpt>
      <trkpt lat="36.149739967659116" lon="139.3436899781227">
        <ele>39.82</ele>
      </trkpt>
      <trkpt lat="36.14976997487247" lon="139.34348998591304">
        <ele>39.95</ele>
      </trkpt>
      <trkpt lat="36.14970996044576" lon="139.3434399459511">
        <ele>40.08</ele>
      </trkpt>
      <trkpt lat="36.14962111227214" lon="139.34324263595045">
        <ele>40.21</ele>
      </trkpt>
      <trkpt lat="36.14962111227214" lon="139.34324255213141">
        <ele>40.35</ele>
      </trkpt>
      <trkpt lat="36.14962044171989" lon="139.34324112720788">
        <ele>40.49</ele>
      </trkpt>
      <trkpt lat="36.1496199388057" lon="139.34323995374143">
        <ele>40.62</ele>
      </trkpt>
      <trkpt lat="36.14953997544944" lon="139.34320994652808">
        <ele>40.76</ele>
      </trkpt>
      <trkpt lat="36.1494299210608" lon="139.34298992156982">
        <ele>40.91</ele>
      </trkpt>
      <trkpt lat="36.1493799649179" lon="139.34296997264028">
        <ele>41.04</ele>
      </trkpt>
      <trkpt lat="36.14906480535865" lon="139.3429861497134">
        <ele>41.16</ele>
      </trkpt>
      <trkpt lat="36.14898995496333" lon="139.34298992156982">
        <ele>41.27</ele>
      </trkpt>
      <trkpt lat="36.148919966071844" lon="139.34290995821357">
        <ele>41.39</ele>
      </trkpt>
      <trkpt lat="36.14890999160707" lon="139.3428999837488">
        <ele>41.49</ele>
      </trkpt>
      <trkpt lat="36.14880999550223" lon="139.3429499398917">
        <ele>41.57</ele>
      </trkpt>
      <trkpt lat="36.14849718287587" lon="139.34299997985363">
        <ele>41.65</ele>
      </trkpt>
      <trkpt lat="36.14830993115902" lon="139.34302998706698">
        <ele>41.73</ele>
      </trkpt>
      <trkpt lat="36.148169953376055" lon="139.3430799432099">
        <ele>41.78</ele>
      </trkpt>
      <trkpt lat="36.148100551217794" lon="139.34281264431775">
        <ele>41.86</ele>
      </trkpt>
      <trkpt lat="36.148100551217794" lon="139.34281256049871">
        <ele>41.92</ele>
      </trkpt>
      <trkpt lat="36.14810021594167" lon="139.3428109679371">
        <ele>41.97</ele>
      </trkpt>
      <trkpt lat="36.14809996448457" lon="139.34280996210873">
        <ele>42.02</ele>
      </trkpt>
      <trkpt lat="36.14800994284451" lon="139.34243998490274">
        <ele>42.06</ele>
      </trkpt>
      <trkpt lat="36.14805101417005" lon="139.34205433353782">
        <ele>42.06</ele>
      </trkpt>
      <trkpt lat="36.148059982806444" lon="139.34196992777288">
        <ele>42.09</ele>
      </trkpt>
      <trkpt lat="36.14797482267022" lon="139.3415955081582">
        <ele>42.15</ele>
      </trkpt>
      <trkpt lat="36.14795998670161" lon="139.3415299616754">
        <ele>42.18</ele>
      </trkpt>
      <trkpt lat="36.14776670001447" lon="139.3412225972861">
        <ele>42.21</ele>
      </trkpt>
      <trkpt lat="36.147739961743355" lon="139.34117993339896">
        <ele>42.21</ele>
      </trkpt>
      <trkpt lat="36.14769998006523" lon="139.3409899994731">
        <ele>42.24</ele>
      </trkpt>
      <trkpt lat="36.147419940680265" lon="139.34088991954923">
        <ele>42.17</ele>
      </trkpt>
      <trkpt lat="36.14735992625356" lon="139.3406099639833">
        <ele>42.21</ele>
      </trkpt>
      <trkpt lat="36.14725993014872" lon="139.3403699900955">
        <ele>42.2</ele>
      </trkpt>
      <trkpt lat="36.147074438631535" lon="139.34005541726947">
        <ele>42.18</ele>
      </trkpt>
      <trkpt lat="36.147029930725694" lon="139.33997998014092">
        <ele>42.18</ele>
      </trkpt>
      <trkpt lat="36.14681074395776" lon="139.3397002760321">
        <ele>42.1</ele>
      </trkpt>
      <trkpt lat="36.14673991687596" lon="139.3396099191159">
        <ele>42.08</ele>
      </trkpt>
      <trkpt lat="36.1465547606349" lon="139.3392951786518">
        <ele>42.09</ele>
      </trkpt>
      <trkpt lat="36.146539924666286" lon="139.33926994912326">
        <ele>42.07</ele>
      </trkpt>
      <trkpt lat="36.14633389748633" lon="139.33897557668388">
        <ele>42.07</ele>
      </trkpt>
      <trkpt lat="36.146189980208874" lon="139.33876996859908">
        <ele>42.04</ele>
      </trkpt>
      <trkpt lat="36.14607992582023" lon="139.3386399652809">
        <ele>41.98</ele>
      </trkpt>
      <trkpt lat="36.14607992582023" lon="139.33847995474935">
        <ele>41.96</ele>
      </trkpt>
      <trkpt lat="36.146149998530746" lon="139.33822992257774">
        <ele>41.97</ele>
      </trkpt>
      <trkpt lat="36.14602996967733" lon="139.33814995922148">
        <ele>41.96</ele>
      </trkpt>
      <trkpt lat="36.14592293277383" lon="139.33814015239477">
        <ele>41.93</ele>
      </trkpt>
      <trkpt lat="36.1459228489548" lon="139.33814006857574">
        <ele>41.94</ele>
      </trkpt>
      <trkpt lat="36.14592150785029" lon="139.33814006857574">
        <ele>41.95</ele>
      </trkpt>
      <trkpt lat="36.14591999910772" lon="139.3381399847567">
        <ele>41.97</ele>
      </trkpt>
      <trkpt lat="36.14578999578953" lon="139.33811995200813">
        <ele>41.97</ele>
      </trkpt>
      <trkpt lat="36.14584322087467" lon="139.3377366475761">
        <ele>42.05</ele>
      </trkpt>
      <trkpt lat="36.145889991894364" lon="139.3373999465257">
        <ele>42.11</ele>
      </trkpt>
      <trkpt lat="36.14587993361056" lon="139.3372199870646">
        <ele>42.12</ele>
      </trkpt>
      <trkpt lat="36.14582528360188" lon="139.33683693408966">
        <ele>42.18</ele>
      </trkpt>
      <trkpt lat="36.14581991918385" lon="139.33679996989667">
        <ele>42.25</ele>
      </trkpt>
      <trkpt lat="36.14580147899687" lon="139.33641172014177">
        <ele>42.39</ele>
      </trkpt>
      <trkpt lat="36.145782954990864" lon="139.33602347038686">
        <ele>42.49</ele>
      </trkpt>
      <trkpt lat="36.14576996304095" lon="139.33574996888638">
        <ele>42.64</ele>
      </trkpt>
      <trkpt lat="36.14577851258218" lon="139.33536121621728">
        <ele>42.78</ele>
      </trkpt>
      <trkpt lat="36.14578706212342" lon="139.33497246354818">
        <ele>42.78</ele>
      </trkpt>
      <trkpt lat="36.14578974433243" lon="139.3348432984203">
        <ele>42.82</ele>
      </trkpt>
      <trkpt lat="36.145789828151464" lon="139.33484313078225">
        <ele>42.92</ele>
      </trkpt>
      <trkpt lat="36.145789911970496" lon="139.33484137058258">
        <ele>43.01</ele>
      </trkpt>
      <trkpt lat="36.14578999578953" lon="139.33483994565904">
        <ele>43.11</ele>
      </trkpt>
      <trkpt lat="36.14578999578953" lon="139.33445102535188">
        <ele>43.17</ele>
      </trkpt>
      <trkpt lat="36.14578999578953" lon="139.33406218886375">
        <ele>43.28</ele>
      </trkpt>
      <trkpt lat="36.14578999578953" lon="139.33404995128512">
        <ele>43.39</ele>
      </trkpt>
      <trkpt lat="36.145759988576174" lon="139.3337099812925">
        <ele>43.49</ele>
      </trkpt>
      <trkpt lat="36.14566703327" lon="139.33333832770586">
        <ele>43.6</ele>
      </trkpt>
      <trkpt lat="36.14562998525798" lon="139.33318996801972">
        <ele>43.71</ele>
      </trkpt>
      <trkpt lat="36.14553702995181" lon="139.3328183144331">
        <ele>43.87</ele>
      </trkpt>
      <trkpt lat="36.14550995640457" lon="139.3327099364251">
        <ele>44.02</ele>
      </trkpt>
      <trkpt lat="36.145379953086376" lon="139.33238999918103">
        <ele>44.21</ele>
      </trkpt>
      <trkpt lat="36.145289931446314" lon="139.3320999853313">
        <ele>44.35</ele>
      </trkpt>
      <trkpt lat="36.14520996809006" lon="139.33192991651595">
        <ele>44.45</ele>
      </trkpt>
      <trkpt lat="36.14543695002794" lon="139.3318015895784">
        <ele>44.59</ele>
      </trkpt>
      <trkpt lat="36.14543720148504" lon="139.33180142194033">
        <ele>44.71</ele>
      </trkpt>
      <trkpt lat="36.14543829113245" lon="139.33180091902614">
        <ele>44.82</ele>
      </trkpt>
      <trkpt lat="36.145439967513084" lon="139.3317999970168">
        <ele>44.92</ele>
      </trkpt>
      <trkpt lat="36.145569970831275" lon="139.33175993151963">
        <ele>45.03</ele>
      </trkpt>
      <trkpt lat="36.1457999702543" lon="139.33172992430627">
        <ele>45.15</ele>
      </trkpt>
      <trkpt lat="36.14568999968469" lon="139.33140998706222">
        <ele>45.19</ele>
      </trkpt>
      <trkpt lat="36.14562889561057" lon="139.33102844282985">
        <ele>45.29</ele>
      </trkpt>
      <trkpt lat="36.1456099525094" lon="139.330909922719">
        <ele>45.37</ele>
      </trkpt>
      <trkpt lat="36.14562998525798" lon="139.33070993050933">
        <ele>45.49</ele>
      </trkpt>
      <trkpt lat="36.14563828334212" lon="139.33069308288395">
        <ele>45.57</ele>
      </trkpt>
      <trkpt lat="36.145638367161155" lon="139.33069299906492">
        <ele>45.63</ele>
      </trkpt>
      <trkpt lat="36.14563920535147" lon="139.33069140650332">
        <ele>45.69</ele>
      </trkpt>
      <trkpt lat="36.14563995972276" lon="139.33068998157978">
        <ele>45.74</ele>
      </trkpt>
      <trkpt lat="36.14582276903093" lon="139.33037306182086">
        <ele>45.83</ele>
      </trkpt>
      <trkpt lat="36.14593994803727" lon="139.33016996830702">
        <ele>45.84</ele>
      </trkpt>
      <trkpt lat="36.146146059036255" lon="139.3298755120486">
        <ele>45.8</ele>
      </trkpt>
      <trkpt lat="36.146149998530746" lon="139.3298699799925">
        <ele>45.83</ele>
      </trkpt>
      <trkpt lat="36.146169947460294" lon="139.32984994724393">
        <ele>45.86</ele>
      </trkpt>
      <trkpt lat="36.146239936351776" lon="139.32983997277915">
        <ele>45.88</ele>
      </trkpt>
      <trkpt lat="36.14627094939351" lon="139.3294528964907">
        <ele>45.94</ele>
      </trkpt>
      <trkpt lat="36.146279918029904" lon="139.32933999225497">
        <ele>45.98</ele>
      </trkpt>
      <trkpt lat="36.14633875899017" lon="139.32914326898754">
        <ele>46.0</ele>
      </trkpt>
      <trkpt lat="36.1463388428092" lon="139.32914310134947">
        <ele>46.02</ele>
      </trkpt>
      <trkpt lat="36.14633942954242" lon="139.3291413411498">
        <ele>46.05</ele>
      </trkpt>
      <trkpt lat="36.14633993245661" lon="139.32913991622627">
        <ele>46.08</ele>
      </trkpt>
      <trkpt lat="36.146409921348095" lon="139.32877999730408">
        <ele>46.1</ele>
      </trkpt>
      <trkpt lat="36.146449986845255" lon="139.32847992517054">
        <ele>46.13</ele>
      </trkpt>
      <trkpt lat="36.14653472788632" lon="139.3281053379178">
        <ele>46.24</ele>
      </trkpt>
      <trkpt lat="36.14656993187964" lon="139.327949937433">
        <ele>46.29</ele>
      </trkpt>
      <trkpt lat="36.14654998295009" lon="139.3277099635452">
        <ele>46.31</ele>
      </trkpt>
      <trkpt lat="36.14643992856145" lon="139.32741994969547">
        <ele>46.33</ele>
      </trkpt>
      <trkpt lat="36.14629257470369" lon="139.32707612402737">
        <ele>46.35</ele>
      </trkpt>
      <trkpt lat="36.146229961887" lon="139.32692994363606">
        <ele>46.39</ele>
      </trkpt>
      <trkpt lat="36.146189980208874" lon="139.32674998417497">
        <ele>46.41</ele>
      </trkpt>
      <trkpt lat="36.146150417625904" lon="139.32648335583508">
        <ele>46.45</ele>
      </trkpt>
      <trkpt lat="36.146150417625904" lon="139.32648318819702">
        <ele>46.48</ele>
      </trkpt>
      <trkpt lat="36.14615016616881" lon="139.32648134417832">
        <ele>46.5</ele>
      </trkpt>
      <trkpt lat="36.146149998530746" lon="139.32647991925478">
        <ele>46.53</ele>
      </trkpt>
      <trkpt lat="36.14609995856881" lon="139.32632996700704">
        <ele>46.55</ele>
      </trkpt>
      <trkpt lat="36.1460399441421" lon="139.32623994536698">
        <ele>46.59</ele>
      </trkpt>
      <trkpt lat="36.14605997689068" lon="139.32618998922408">
        <ele>46.62</ele>
      </trkpt>
      <trkpt lat="36.146299950778484" lon="139.32604992762208">
        <ele>46.66</ele>
      </trkpt>
      <trkpt lat="36.14660278894007" lon="139.32594121433794">
        <ele>46.69</ele>
      </trkpt>
      <trkpt lat="36.14668677560985" lon="139.32591103948653">
        <ele>46.69</ele>
      </trkpt>
      <trkpt lat="36.14668677560985" lon="139.3259109556675">
        <ele>46.72</ele>
      </trkpt>
      <trkpt lat="36.14668820053339" lon="139.32591053657234">
        <ele>46.74</ele>
      </trkpt>
      <trkpt lat="36.146689960733056" lon="139.32590994983912">
        <ele>46.77</ele>
      </trkpt>
      <trkpt lat="36.14699757657945" lon="139.32582411915064">
        <ele>46.73</ele>
      </trkpt>
      <trkpt lat="36.147119952365756" lon="139.3257899209857">
        <ele>46.72</ele>
      </trkpt>
      <trkpt lat="36.147139985114336" lon="139.32568992488086">
        <ele>46.75</ele>
      </trkpt>
      <trkpt lat="36.14722992293537" lon="139.32551993988454">
        <ele>46.79</ele>
      </trkpt>
      <trkpt lat="36.14708189852536" lon="139.3251765333116">
        <ele>46.75</ele>
      </trkpt>
      <trkpt lat="36.1469813156873" lon="139.3249431811273">
        <ele>46.92</ele>
      </trkpt>
      <trkpt lat="36.14698123186827" lon="139.32494301348925">
        <ele>46.97</ele>
      </trkpt>
      <trkpt lat="36.14698056131601" lon="139.3249413371086">
        <ele>47.03</ele>
      </trkpt>
      <trkpt lat="36.14697997458279" lon="139.3249399960041">
        <ele>47.1</ele>
      </trkpt>
      <trkpt lat="36.1468068882823" lon="139.32461477816105">
        <ele>47.21</ele>
      </trkpt>
      <trkpt lat="36.14664997905493" lon="139.3243199866265">
        <ele>47.24</ele>
      </trkpt>
      <trkpt lat="36.14651360549033" lon="139.3239692877978">
        <ele>47.31</ele>
      </trkpt>
      <trkpt lat="36.14643992856145" lon="139.32377994060516">
        <ele>47.43</ele>
      </trkpt>
      <trkpt lat="36.14637010730803" lon="139.32340074330568">
        <ele>47.51</ele>
      </trkpt>
      <trkpt lat="36.14636993966997" lon="139.3233999889344">
        <ele>47.59</ele>
      </trkpt>
      <trkpt lat="36.14636273123324" lon="139.32301115244627">
        <ele>47.66</ele>
      </trkpt>
      <trkpt lat="36.14635996520519" lon="139.32285994291306">
        <ele>47.75</ele>
      </trkpt>
      <trkpt lat="36.14630992524326" lon="139.32262994349003">
        <ele>47.84</ele>
      </trkpt>
      <trkpt lat="36.146259969100356" lon="139.3223499879241">
        <ele>47.93</ele>
      </trkpt>
      <trkpt lat="36.14621998742223" lon="139.32224999181926">
        <ele>48.02</ele>
      </trkpt>
      <trkpt lat="36.1460333224386" lon="139.32193642482162">
        <ele>48.18</ele>
      </trkpt>
      <trkpt lat="36.14596995525062" lon="139.32182997465134">
        <ele>48.23</ele>
      </trkpt>
      <trkpt lat="36.1458261217922" lon="139.32148388586938">
        <ele>48.22</ele>
      </trkpt>
      <trkpt lat="36.145682288333774" lon="139.3211377132684">
        <ele>48.19</ele>
      </trkpt>
      <trkpt lat="36.14564993418753" lon="139.32105992920697">
        <ele>48.2</ele>
      </trkpt>
      <trkpt lat="36.1454563960433" lon="139.3207529000938">
        <ele>48.19</ele>
      </trkpt>
      <trkpt lat="36.145359920337796" lon="139.3205999303609">
        <ele>48.28</ele>
      </trkpt>
      <trkpt lat="36.145247016102076" lon="139.32023682631552">
        <ele>48.33</ele>
      </trkpt>
      <trkpt lat="36.14521994255483" lon="139.32014998979867">
        <ele>48.28</ele>
      </trkpt>
      <trkpt lat="36.145057333633304" lon="139.31981672532856">
        <ele>48.07</ele>
      </trkpt>
      <trkpt lat="36.144894724711776" lon="139.31948346085846">
        <ele>48.11</ele>
      </trkpt>
      <trkpt lat="36.14473211579025" lon="139.3191502802074">
        <ele>48.22</ele>
      </trkpt>
      <trkpt lat="36.14460999146104" lon="139.3188999965787">
        <ele>48.21</ele>
      </trkpt>
      <trkpt lat="36.144519969820976" lon="139.31871995329857">
        <ele>48.17</ele>
      </trkpt>
      <trkpt lat="36.14432995207608" lon="139.31842993944883">
        <ele>48.13</ele>
      </trkpt>
      <trkpt lat="36.144213024526834" lon="139.31836171075702">
        <ele>48.11</ele>
      </trkpt>
      <trkpt lat="36.14421285688877" lon="139.31836162693799">
        <ele>48.07</ele>
      </trkpt>
      <trkpt lat="36.144211515784264" lon="139.3183608725667">
        <ele>48.03</ele>
      </trkpt>
      <trkpt lat="36.14420992322266" lon="139.31835995055735">
        <ele>47.98</ele>
      </trkpt>
      <trkpt lat="36.14420992322266" lon="139.3182799872011">
        <ele>47.92</ele>
      </trkpt>
      <trkpt lat="36.14409299567342" lon="139.31821167469025">
        <ele>47.89</ele>
      </trkpt>
      <trkpt lat="36.144092828035355" lon="139.31821159087121">
        <ele>47.82</ele>
      </trkpt>
      <trkpt lat="36.14409148693085" lon="139.31821083649993">
        <ele>47.75</ele>
      </trkpt>
      <trkpt lat="36.144089978188276" lon="139.3182099983096">
        <ele>47.68</ele>
      </trkpt>
      <trkpt lat="36.14400993101299" lon="139.31815995834768">
        <ele>47.61</ele>
      </trkpt>
      <trkpt lat="36.143959974870086" lon="139.31829993613064">
        <ele>47.52</ele>
      </trkpt>
      <trkpt lat="36.1438899859786" lon="139.31833991780877">
        <ele>47.43</ele>
      </trkpt>
      <trkpt lat="36.143842209130526" lon="139.31839699856937">
        <ele>47.35</ele>
      </trkpt>
      <trkpt lat="36.143842125311494" lon="139.31839716620743">
        <ele>47.25</ele>
      </trkpt>
      <trkpt lat="36.14384103566408" lon="139.31839850731194">
        <ele>47.14</ele>
      </trkpt>
      <trkpt lat="36.14383994601667" lon="139.31839993223548">
        <ele>47.04</ele>
      </trkpt>
      <trkpt lat="36.143699968233705" lon="139.31853999383748">
        <ele>46.95</ele>
      </trkpt>
      <trkpt lat="36.143589997664094" lon="139.31858994998038">
        <ele>46.86</ele>
      </trkpt>
      <trkpt lat="36.14329378120601" lon="139.31861953809857">
        <ele>46.66</ele>
      </trkpt>
      <trkpt lat="36.14329327829182" lon="139.31861953809857">
        <ele>46.55</ele>
      </trkpt>
      <trkpt lat="36.14329227246344" lon="139.31861970573664">
        <ele>46.45</ele>
      </trkpt>
      <trkpt lat="36.14328992553055" lon="139.31861995719373">
        <ele>46.34</ele>
      </trkpt>
      <trkpt lat="36.14297593943775" lon="139.31865650229156">
        <ele>46.18</ele>
      </trkpt>
      <trkpt lat="36.14285993389785" lon="139.31866999715567">
        <ele>46.11</ele>
      </trkpt>
      <trkpt lat="36.1428402364254" lon="139.31844376958907">
        <ele>45.95</ele>
      </trkpt>
      <trkpt lat="36.1428402364254" lon="139.318443601951">
        <ele>45.88</ele>
      </trkpt>
      <trkpt lat="36.142840068787336" lon="139.31844159029424">
        <ele>45.81</ele>
      </trkpt>
      <trkpt lat="36.142839984968305" lon="139.31843999773264">
        <ele>45.76</ele>
      </trkpt>
      <trkpt lat="36.14281148649752" lon="139.31805266998708">
        <ele>45.64</ele>
      </trkpt>
      <trkpt lat="36.14278994500637" lon="139.31775997392833">
        <ele>45.64</ele>
      </trkpt>
      <trkpt lat="36.14291408099234" lon="139.31740248575807">
        <ele>45.78</ele>
      </trkpt>
      <trkpt lat="36.14303821697831" lon="139.31704491376877">
        <ele>45.79</ele>
      </trkpt>
      <trkpt lat="36.14303846843541" lon="139.3170439079404">
        <ele>45.8</ele>
      </trkpt>
      <trkpt lat="36.14303855225444" lon="139.31704374030232">
        <ele>45.83</ele>
      </trkpt>
      <trkpt lat="36.14303922280669" lon="139.31704189628363">
        <ele>45.87</ele>
      </trkpt>
      <trkpt lat="36.14303997717798" lon="139.3170399684459">
        <ele>45.93</ele>
      </trkpt>
      <trkpt lat="36.14306998439133" lon="139.31691993959248">
        <ele>45.99</ele>
      </trkpt>
      <trkpt lat="36.1430199444294" lon="139.31687995791435">
        <ele>46.06</ele>
      </trkpt>
      <trkpt lat="36.14273169077933" lon="139.3167220428586">
        <ele>46.14</ele>
      </trkpt>
      <trkpt lat="36.14244343712926" lon="139.31656412780285">
        <ele>46.21</ele>
      </trkpt>
      <trkpt lat="36.14215518347919" lon="139.31640629656613">
        <ele>46.27</ele>
      </trkpt>
      <trkpt lat="36.14186692982912" lon="139.31624838151038">
        <ele>46.42</ele>
      </trkpt>
      <trkpt lat="36.14157867617905" lon="139.31609046645463">
        <ele>46.6</ele>
      </trkpt>
      <trkpt lat="36.14144993014634" lon="139.31601997464895">
        <ele>46.8</ele>
      </trkpt>
      <trkpt lat="36.141529977321625" lon="139.31584998965263">
        <ele>47.0</ele>
      </trkpt>
      <trkpt lat="36.1416554544121" lon="139.31549317203462">
        <ele>47.21</ele>
      </trkpt>
      <trkpt lat="36.14178101532161" lon="139.31513643823564">
        <ele>47.41</ele>
      </trkpt>
      <trkpt lat="36.14190649241209" lon="139.31477970443666">
        <ele>47.63</ele>
      </trkpt>
      <trkpt lat="36.1420320533216" lon="139.31442288681865">
        <ele>47.9</ele>
      </trkpt>
      <trkpt lat="36.14209994673729" lon="139.31422993540764">
        <ele>48.15</ele>
      </trkpt>
      <trkpt lat="36.142186280339956" lon="139.31385593488812">
        <ele>48.38</ele>
      </trkpt>
      <trkpt lat="36.142219975590706" lon="139.31370992213488">
        <ele>48.59</ele>
      </trkpt>
      <trkpt lat="36.142219975590706" lon="139.31332108564675">
        <ele>48.78</ele>
      </trkpt>
      <trkpt lat="36.142219975590706" lon="139.31317415088415">
        <ele>49.0</ele>
      </trkpt>
      <trkpt lat="36.142219975590706" lon="139.3131739832461">
        <ele>49.19</ele>
      </trkpt>
      <trkpt lat="36.142219975590706" lon="139.31317197158933">
        <ele>49.38</ele>
      </trkpt>
      <trkpt lat="36.142219975590706" lon="139.31316995993257">
        <ele>49.56</ele>
      </trkpt>
      <trkpt lat="36.142219975590706" lon="139.3127810396254">
        <ele>49.8</ele>
      </trkpt>
      <trkpt lat="36.142219975590706" lon="139.31239220313728">
        <ele>49.94</ele>
      </trkpt>
      <trkpt lat="36.142219975590706" lon="139.31226999498904">
        <ele>50.09</ele>
      </trkpt>
      <trkpt lat="36.14215551875532" lon="139.311889288947">
        <ele>50.23</ele>
      </trkpt>
      <trkpt lat="36.142109921202064" lon="139.31161997839808">
        <ele>50.37</ele>
      </trkpt>
      <trkpt lat="36.1420978512615" lon="139.31123139336705">
        <ele>50.44</ele>
      </trkpt>
      <trkpt lat="36.142089972272515" lon="139.3109799362719">
        <ele>50.56</ele>
      </trkpt>
      <trkpt lat="36.14204999059439" lon="139.3108099512756">
        <ele>50.67</ele>
      </trkpt>
      <trkpt lat="36.14190992899239" lon="139.31057995185256">
        <ele>50.76</ele>
      </trkpt>
      <trkpt lat="36.141849998384714" lon="139.3104999884963">
        <ele>50.83</ele>
      </trkpt>
      <trkpt lat="36.14181211218238" lon="139.31011391803622">
        <ele>50.93</ele>
      </trkpt>
      <trkpt lat="36.14179995842278" lon="139.30998994968832">
        <ele>51.0</ele>
      </trkpt>
      <trkpt lat="36.14178579300642" lon="139.30960144847631">
        <ele>50.96</ele>
      </trkpt>
      <trkpt lat="36.14177162759006" lon="139.3092129472643">
        <ele>50.96</ele>
      </trkpt>
      <trkpt lat="36.1417574621737" lon="139.30882452987134">
        <ele>50.97</ele>
      </trkpt>
      <trkpt lat="36.14174329675734" lon="139.30843602865934">
        <ele>50.93</ele>
      </trkpt>
      <trkpt lat="36.1417299695313" lon="139.30807376280427">
        <ele>50.91</ele>
      </trkpt>
      <trkpt lat="36.1417299695313" lon="139.3080735951662">
        <ele>50.92</ele>
      </trkpt>
      <trkpt lat="36.1417299695313" lon="139.30807158350945">
        <ele>50.92</ele>
      </trkpt>
      <trkpt lat="36.1417299695313" lon="139.30806999094784">
        <ele>50.93</ele>
      </trkpt>
      <trkpt lat="36.141723515465856" lon="139.30768115445971">
        <ele>50.98</ele>
      </trkpt>
      <trkpt lat="36.14171999506652" lon="139.3074699304998">
        <ele>51.02</ele>
      </trkpt>
      <trkpt lat="36.14149997010827" lon="139.30740999989212">
        <ele>51.02</ele>
      </trkpt>
      <trkpt lat="36.141359992325306" lon="139.30732995271683">
        <ele>51.02</ele>
      </trkpt>
      <trkpt lat="36.141127394512296" lon="139.30706726387143">
        <ele>51.02</ele>
      </trkpt>
      <trkpt lat="36.140894796699286" lon="139.30680457502604">
        <ele>51.02</ele>
      </trkpt>
      <trkpt lat="36.140819946303964" lon="139.306719917804">
        <ele>51.02</ele>
      </trkpt>
      <trkpt lat="36.140679968521" lon="139.30652998387814">
        <ele>51.02</ele>
      </trkpt>
      <trkpt lat="36.14044695161283" lon="139.30626779794693">
        <ele>51.02</ele>
      </trkpt>
      <trkpt lat="36.1404399946332" lon="139.30625991895795">
        <ele>51.02</ele>
      </trkpt>
      <trkpt lat="36.14054996520281" lon="139.3060499522835">
        <ele>51.03</ele>
      </trkpt>
      <trkpt lat="36.14069991745055" lon="139.30589991621673">
        <ele>51.09</ele>
      </trkpt>
      <trkpt lat="36.14083629101515" lon="139.30583160370588">
        <ele>51.12</ele>
      </trkpt>
      <trkpt lat="36.14083637483418" lon="139.30583151988685">
        <ele>51.15</ele>
      </trkpt>
      <trkpt lat="36.14083779975772" lon="139.30583093315363">
        <ele>51.18</ele>
      </trkpt>
      <trkpt lat="36.140839979052544" lon="139.30582992732525">
        <ele>51.21</ele>
      </trkpt>
      <trkpt lat="36.141092190518975" lon="139.3055964075029">
        <ele>51.26</ele>
      </trkpt>
      <trkpt lat="36.1411099601537" lon="139.30557997897267">
        <ele>51.31</ele>
      </trkpt>
      <trkpt lat="36.14125999622047" lon="139.30549993179739">
        <ele>51.41</ele>
      </trkpt>
      <trkpt lat="36.14132998511195" lon="139.305239925161">
        <ele>51.44</ele>
      </trkpt>
      <trkpt lat="36.14136996679008" lon="139.30492996238172">
        <ele>51.48</ele>
      </trkpt>
      <trkpt lat="36.141342809423804" lon="139.30454255081713">
        <ele>51.52</ele>
      </trkpt>
      <trkpt lat="36.14132998511195" lon="139.30435999296606">
        <ele>51.6</ele>
      </trkpt>
      <trkpt lat="36.141637014225125" lon="139.3042710609734">
        <ele>51.73</ele>
      </trkpt>
      <trkpt lat="36.14194412715733" lon="139.3041822127998">
        <ele>51.86</ele>
      </trkpt>
      <trkpt lat="36.142089972272515" lon="139.3041399680078">
        <ele>51.94</ele>
      </trkpt>
      <trkpt lat="36.14239322952926" lon="139.3040329311043">
        <ele>52.09</ele>
      </trkpt>
      <trkpt lat="36.14242994226515" lon="139.3040199391544">
        <ele>52.23</ele>
      </trkpt>
      <trkpt lat="36.142742335796356" lon="139.30396637879312">
        <ele>52.4</ele>
      </trkpt>
      <trkpt lat="36.142779970541596" lon="139.30395992472768">
        <ele>52.56</ele>
      </trkpt>
      <trkpt lat="36.14289999939501" lon="139.30395992472768">
        <ele>52.73</ele>
      </trkpt>
      <trkpt lat="36.14287971518934" lon="139.30357184261084">
        <ele>52.86</ele>
      </trkpt>
      <trkpt lat="36.142859514802694" lon="139.303183760494">
        <ele>53.04</ele>
      </trkpt>
      <trkpt lat="36.14284995943308" lon="139.30299994535744">
        <ele>53.25</ele>
      </trkpt>
      <trkpt lat="36.142813581973314" lon="139.30261362344027">
        <ele>53.49</ele>
      </trkpt>
      <trkpt lat="36.14277728833258" lon="139.30222738534212">
        <ele>53.72</ele>
      </trkpt>
      <trkpt lat="36.14274091087282" lon="139.30184106342494">
        <ele>53.92</ele>
      </trkpt>
      <trkpt lat="36.142704617232084" lon="139.30145474150777">
        <ele>54.22</ele>
      </trkpt>
      <trkpt lat="36.14266823977232" lon="139.30106850340962">
        <ele>54.58</ele>
      </trkpt>
      <trkpt lat="36.14266027696431" lon="139.3009844329208">
        <ele>54.88</ele>
      </trkpt>
      <trkpt lat="36.14266027696431" lon="139.30098426528275">
        <ele>55.17</ele>
      </trkpt>
      <trkpt lat="36.14266010932624" lon="139.300982253626">
        <ele>55.47</ele>
      </trkpt>
      <trkpt lat="36.14265994168818" lon="139.30097999051213">
        <ele>55.77</ele>
      </trkpt>
      <trkpt lat="36.142622139304876" lon="139.30059392005205">
        <ele>56.11</ele>
      </trkpt>
      <trkpt lat="36.14258425310254" lon="139.30020784959197">
        <ele>56.47</ele>
      </trkpt>
      <trkpt lat="36.14255994558334" lon="139.2999599967152">
        <ele>56.82</ele>
      </trkpt>
      <trkpt lat="36.14250152371824" lon="139.29957778193057">
        <ele>57.18</ele>
      </trkpt>
      <trkpt lat="36.14244310185313" lon="139.29919565096498">
        <ele>57.53</ele>
      </trkpt>
      <trkpt lat="36.14242994226515" lon="139.29910998791456">
        <ele>57.84</ele>
      </trkpt>
      <trkpt lat="36.1424049641937" lon="139.29872232489288">
        <ele>58.12</ele>
      </trkpt>
      <trkpt lat="36.14237990230322" lon="139.2983346618712">
        <ele>58.4</ele>
      </trkpt>
      <trkpt lat="36.142369927838445" lon="139.29817993193865">
        <ele>58.7</ele>
      </trkpt>
      <trkpt lat="36.14234763197601" lon="139.29779201745987">
        <ele>59.03</ele>
      </trkpt>
      <trkpt lat="36.14232533611357" lon="139.2974041029811">
        <ele>59.29</ele>
      </trkpt>
      <trkpt lat="36.14231997169554" lon="139.29730997420847">
        <ele>59.54</ele>
      </trkpt>
      <trkpt lat="36.14226087927818" lon="139.29692792706192">
        <ele>59.74</ele>
      </trkpt>
      <trkpt lat="36.142201786860824" lon="139.2965459637344">
        <ele>59.99</ele>
      </trkpt>
      <trkpt lat="36.142142694443464" lon="139.29616391658783">
        <ele>60.24</ele>
      </trkpt>
      <trkpt lat="36.14208368584514" lon="139.2957819532603">
        <ele>60.46</ele>
      </trkpt>
      <trkpt lat="36.14202459342778" lon="139.29539998993278">
        <ele>60.66</ele>
      </trkpt>
      <trkpt lat="36.14201998338103" lon="139.29536998271942">
        <ele>60.84</ele>
      </trkpt>
      <trkpt lat="36.141959466040134" lon="139.294988270849">
        <ele>61.03</ele>
      </trkpt>
      <trkpt lat="36.141898948699236" lon="139.2946066427976">
        <ele>61.19</ele>
      </trkpt>
      <trkpt lat="36.141890566796064" lon="139.29455450735986">
        <ele>61.33</ele>
      </trkpt>
      <trkpt lat="36.141890566796064" lon="139.2945543397218">
        <ele>61.47</ele>
      </trkpt>
      <trkpt lat="36.14189031533897" lon="139.29455241188407">
        <ele>61.6</ele>
      </trkpt>
      <trkpt lat="36.14188998006284" lon="139.29454998113215">
        <ele>61.71</ele>
      </trkpt>
      <trkpt lat="36.141849998384714" lon="139.29436993785203">
        <ele>61.81</ele>
      </trkpt>
      <trkpt lat="36.14171479828656" lon="139.29401856847107">
        <ele>61.92</ele>
      </trkpt>
      <trkpt lat="36.141699962317944" lon="139.29397992789745">
        <ele>62.01</ele>
      </trkpt>
      <trkpt lat="36.14150441251695" lon="139.293674826622">
        <ele>62.16</ele>
      </trkpt>
      <trkpt lat="36.14130877889693" lon="139.29336972534657">
        <ele>62.22</ele>
      </trkpt>
      <trkpt lat="36.14119998179376" lon="139.29319999180734">
        <ele>62.26</ele>
      </trkpt>
      <trkpt lat="36.141399974003434" lon="139.2930999957025">
        <ele>62.32</ele>
      </trkpt>
      <trkpt lat="36.14143601618707" lon="139.2930999957025">
        <ele>62.36</ele>
      </trkpt>
      <trkpt lat="36.141437692567706" lon="139.2930999957025">
        <ele>62.44</ele>
      </trkpt>
      <trkpt lat="36.14143995568156" lon="139.2930999957025">
        <ele>62.47</ele>
      </trkpt>
      <trkpt lat="36.14174958318472" lon="139.2931742593646">
        <ele>62.43</ele>
      </trkpt>
      <trkpt lat="36.141939936205745" lon="139.2932199407369">
        <ele>62.42</ele>
      </trkpt>
      <trkpt lat="36.14192560315132" lon="139.2928314395249">
        <ele>62.44</ele>
      </trkpt>
      <trkpt lat="36.1419112700969" lon="139.29244302213192">
        <ele>62.43</ele>
      </trkpt>
      <trkpt lat="36.141896937042475" lon="139.29205452091992">
        <ele>62.45</ele>
      </trkpt>
      <trkpt lat="36.14188260398805" lon="139.29166601970792">
        <ele>62.52</ele>
      </trkpt>
      <trkpt lat="36.14186827093363" lon="139.29127760231495">
        <ele>62.58</ele>
      </trkpt>
      <trkpt lat="36.14185402169824" lon="139.29088910110295">
        <ele>62.57</ele>
      </trkpt>
      <trkpt lat="36.141849998384714" lon="139.29077996872365">
        <ele>62.6</ele>
      </trkpt>
      <trkpt lat="36.141809932887554" lon="139.29059992544353">
        <ele>62.61</ele>
      </trkpt>
      <trkpt lat="36.141678001731634" lon="139.29024671204388">
        <ele>62.68</ele>
      </trkpt>
      <trkpt lat="36.141546070575714" lon="139.28989349864423">
        <ele>62.8</ele>
      </trkpt>
      <trkpt lat="36.14149997010827" lon="139.28976994939148">
        <ele>62.86</ele>
      </trkpt>
      <trkpt lat="36.14147993735969" lon="139.28968998603523">
        <ele>62.93</ele>
      </trkpt>
      <trkpt lat="36.141482619568706" lon="139.28930106572807">
        <ele>63.07</ele>
      </trkpt>
      <trkpt lat="36.14148538559675" lon="139.28891222923994">
        <ele>63.18</ele>
      </trkpt>
      <trkpt lat="36.14148806780577" lon="139.2885233927518">
        <ele>63.26</ele>
      </trkpt>
      <trkpt lat="36.1414897441864" lon="139.28825424984097">
        <ele>63.32</ele>
      </trkpt>
      <trkpt lat="36.14148982800543" lon="139.2882540822029">
        <ele>63.36</ele>
      </trkpt>
      <trkpt lat="36.141489911824465" lon="139.28825207054615">
        <ele>63.4</ele>
      </trkpt>
      <trkpt lat="36.1414899956435" lon="139.28824997507036">
        <ele>63.43</ele>
      </trkpt>
      <trkpt lat="36.14147993735969" lon="139.28798996843398">
        <ele>63.42</ele>
      </trkpt>
      <trkpt lat="36.141226049512625" lon="139.28775913082063">
        <ele>63.4</ele>
      </trkpt>
      <trkpt lat="36.14103997126222" lon="139.28758998401463">
        <ele>63.37</ele>
      </trkpt>
      <trkpt lat="36.14095992408693" lon="139.28745998069644">
        <ele>63.37</ele>
      </trkpt>
      <trkpt lat="36.14085992798209" lon="139.28712998516858">
        <ele>63.34</ele>
      </trkpt>
      <trkpt lat="36.14071995019913" lon="139.2868099641055">
        <ele>63.33</ele>
      </trkpt>
      <trkpt lat="36.14054988138378" lon="139.28648248314857">
        <ele>63.33</ele>
      </trkpt>
      <trkpt lat="36.140379728749394" lon="139.28615500219166">
        <ele>63.3</ele>
      </trkpt>
      <trkpt lat="36.14031996577978" lon="139.28603991866112">
        <ele>63.26</ele>
      </trkpt>
      <trkpt lat="36.14062221720815" lon="139.285928606987">
        <ele>63.17</ele>
      </trkpt>
      <trkpt lat="36.14069991745055" lon="139.28589994087815">
        <ele>63.12</ele>
      </trkpt>
      <trkpt lat="36.14071852527559" lon="139.28551177494228">
        <ele>63.06</ele>
      </trkpt>
      <trkpt lat="36.14073713310063" lon="139.28512352518737">
        <ele>63.03</ele>
      </trkpt>
      <trkpt lat="36.14075565710664" lon="139.2847353592515">
        <ele>62.96</ele>
      </trkpt>
      <trkpt lat="36.14077426493168" lon="139.28434719331563">
        <ele>62.85</ele>
      </trkpt>
      <trkpt lat="36.14079278893769" lon="139.28395894356072">
        <ele>62.68</ele>
      </trkpt>
      <trkpt lat="36.140799997374415" lon="139.28380999714136">
        <ele>62.55</ele>
      </trkpt>
      <trkpt lat="36.14048458635807" lon="139.283816954121">
        <ele>62.35</ele>
      </trkpt>
      <trkpt lat="36.140169175341725" lon="139.28382399491966">
        <ele>62.24</ele>
      </trkpt>
      <trkpt lat="36.139899948611856" lon="139.2838299460709">
        <ele>62.12</ele>
      </trkpt>
      <trkpt lat="36.13958462141454" lon="139.28383983671665">
        <ele>61.95</ele>
      </trkpt>
      <trkpt lat="36.13926929421723" lon="139.28384964354336">
        <ele>61.68</ele>
      </trkpt>
      <trkpt lat="36.13926384598017" lon="139.2838497273624">
        <ele>61.5</ele>
      </trkpt>
      <trkpt lat="36.139263678342104" lon="139.28384981118143">
        <ele>61.32</ele>
      </trkpt>
      <trkpt lat="36.1392620857805" lon="139.28384989500046">
        <ele>61.14</ele>
      </trkpt>
      <trkpt lat="36.13925999030471" lon="139.2838499788195">
        <ele>60.95</ele>
      </trkpt>
      <trkpt lat="36.13925999030471" lon="139.28385995328426">
        <ele>60.75</ele>
      </trkpt>
      <trkpt lat="36.13894491456449" lon="139.28387822583318">
        <ele>60.49</ele>
      </trkpt>
      <trkpt lat="36.13862983882427" lon="139.2838964983821">
        <ele>60.24</ele>
      </trkpt>
      <trkpt lat="36.13856999203563" lon="139.2838999349624">
        <ele>60.04</ele>
      </trkpt>
      <trkpt lat="36.13850997760892" lon="139.2839099932462">
        <ele>59.84</ele>
      </trkpt>
      <trkpt lat="36.138436049222946" lon="139.28353188559413">
        <ele>59.71</ele>
      </trkpt>
      <trkpt lat="36.13836212083697" lon="139.2831538617611">
        <ele>59.56</ele>
      </trkpt>
      <trkpt lat="36.138288192451" lon="139.28277583792806">
        <ele>59.34</ele>
      </trkpt>
      <trkpt lat="36.13821426406503" lon="139.28239781409502">
        <ele>59.11</ele>
      </trkpt>
      <trkpt lat="36.138140335679054" lon="139.28201979026198">
        <ele>58.94</ele>
      </trkpt>
      <trkpt lat="36.13806640729308" lon="139.28164176642895">
        <ele>58.82</ele>
      </trkpt>
      <trkpt lat="36.13799247890711" lon="139.2812637425959">
        <ele>58.7</ele>
      </trkpt>
      <trkpt lat="36.137918550521135" lon="139.28088571876287">
        <ele>58.59</ele>
      </trkpt>
      <trkpt lat="36.13784462213516" lon="139.28050769492984">
        <ele>58.52</ele>
      </trkpt>
      <trkpt lat="36.13777069374919" lon="139.2801296710968">
        <ele>58.4</ele>
      </trkpt>
      <trkpt lat="36.13772073760629" lon="139.27987427450716">
        <ele>58.31</ele>
      </trkpt>
      <trkpt lat="36.13772073760629" lon="139.2798741068691">
        <ele>58.19</ele>
      </trkpt>
      <trkpt lat="36.13772040233016" lon="139.27987209521234">
        <ele>58.08</ele>
      </trkpt>
      <trkpt lat="36.137719983235" lon="139.27986999973655">
        <ele>57.96</ele>
      </trkpt>
      <trkpt lat="36.1376494076103" lon="139.27949097007513">
        <ele>57.87</ele>
      </trkpt>
      <trkpt lat="36.137578915804625" lon="139.2791119404137">
        <ele>57.76</ele>
      </trkpt>
      <trkpt lat="36.13756072707474" lon="139.2790146265179">
        <ele>57.66</ele>
      </trkpt>
      <trkpt lat="36.13756072707474" lon="139.27901445887983">
        <ele>57.55</ele>
      </trkpt>
      <trkpt lat="36.137560391798615" lon="139.27901244722307">
        <ele>57.45</ele>
      </trkpt>
      <trkpt lat="36.13755997270346" lon="139.27900993265212">
        <ele>57.34</ele>
      </trkpt>
      <trkpt lat="36.13728412427008" lon="139.27914773114026">
        <ele>57.25</ele>
      </trkpt>
      <trkpt lat="36.13728370517492" lon="139.27914789877832">
        <ele>57.15</ele>
      </trkpt>
      <trkpt lat="36.13728261552751" lon="139.27914856933057">
        <ele>57.05</ele>
      </trkpt>
      <trkpt lat="36.137279933318496" lon="139.2791499942541">
        <ele>56.96</ele>
      </trkpt>
      <trkpt lat="36.13697382621467" lon="139.2792435362935">
        <ele>56.87</ele>
      </trkpt>
      <trkpt lat="36.13691993057728" lon="139.27925996482372">
        <ele>56.79</ele>
      </trkpt>
      <trkpt lat="36.136606112122536" lon="139.27929919213057">
        <ele>56.69</ele>
      </trkpt>
      <trkpt lat="36.13651994615793" lon="139.27930992096663">
        <ele>56.6</ele>
      </trkpt>
      <trkpt lat="36.13620461896062" lon="139.27930095233023">
        <ele>56.52</ele>
      </trkpt>
      <trkpt lat="36.13616991788149" lon="139.27929994650185">
        <ele>56.47</ele>
      </trkpt>
      <trkpt lat="36.13585635088384" lon="139.27925795316696">
        <ele>56.37</ele>
      </trkpt>
      <trkpt lat="36.135542783886194" lon="139.27921587601304">
        <ele>56.16</ele>
      </trkpt>
      <trkpt lat="36.13522921688855" lon="139.27917388267815">
        <ele>55.92</ele>
      </trkpt>
      <trkpt lat="36.13519996404648" lon="139.27916994318366">
        <ele>55.89</ele>
      </trkpt>
      <trkpt lat="36.134885558858514" lon="139.27913876250386">
        <ele>55.78</ele>
      </trkpt>
      <trkpt lat="36.13457115367055" lon="139.27910749800503">
        <ele>55.92</ele>
      </trkpt>
      <trkpt lat="36.134256748482585" lon="139.27907631732523">
        <ele>56.15</ele>
      </trkpt>
      <trkpt lat="36.13394234329462" lon="139.2790450528264">
        <ele>56.37</ele>
      </trkpt>
      <trkpt lat="36.13378996029496" lon="139.2790299654007">
        <ele>56.53</ele>
      </trkpt>
      <trkpt lat="36.133474968373775" lon="139.27901026792824">
        <ele>56.69</ele>
      </trkpt>
      <trkpt lat="36.13315989263356" lon="139.2789905704558">
        <ele>56.83</ele>
      </trkpt>
      <trkpt lat="36.13284490071237" lon="139.27897087298334">
        <ele>56.99</ele>
      </trkpt>
      <trkpt lat="36.132829980924726" lon="139.278969950974">
        <ele>57.13</ele>
      </trkpt>
      <trkpt lat="36.13251465372741" lon="139.27895804867148">
        <ele>57.37</ele>
      </trkpt>
      <trkpt lat="36.13229999318719" lon="139.2789499182254">
        <ele>57.56</ele>
      </trkpt>
      <trkpt lat="36.13227032124996" lon="139.2786443978548">
        <ele>57.68</ele>
      </trkpt>
      <trkpt lat="36.13227032124996" lon="139.2786441463977">
        <ele>57.84</ele>
      </trkpt>
      <trkpt lat="36.1322701536119" lon="139.27864221855998">
        <ele>58.01</ele>
      </trkpt>
      <trkpt lat="36.132269985973835" lon="139.27863995544612">
        <ele>58.18</ele>
      </trkpt>
      <trkpt lat="36.132227489724755" lon="139.27825463935733">
        <ele>58.26</ele>
      </trkpt>
      <trkpt lat="36.13218507729471" lon="139.27786940708756">
        <ele>58.44</ele>
      </trkpt>
      <trkpt lat="36.13214258104563" lon="139.27748409099877">
        <ele>58.64</ele>
      </trkpt>
      <trkpt lat="36.132139982655644" lon="139.27745995111763">
        <ele>58.8</ele>
      </trkpt>
      <trkpt lat="36.13245137035847" lon="139.27739842794836">
        <ele>59.08</ele>
      </trkpt>
      <trkpt lat="36.13276284188032" lon="139.27733682096004">
        <ele>59.24</ele>
      </trkpt>
      <trkpt lat="36.132999965921044" lon="139.27728996612132">
        <ele>59.32</ele>
      </trkpt>
      <trkpt lat="36.13302938640118" lon="139.27690280601382">
        <ele>59.43</ele>
      </trkpt>
      <trkpt lat="36.13305872306228" lon="139.27651564590633">
        <ele>59.49</ele>
      </trkpt>
      <trkpt lat="36.13305998034775" lon="139.2764999717474">
        <ele>59.6</ele>
      </trkpt>
      <trkpt lat="36.13303994759917" lon="139.27639997564256">
        <ele>59.71</ele>
      </trkpt>
      <trkpt lat="36.13298999145627" lon="139.27642998285592">
        <ele>59.83</ele>
      </trkpt>
      <trkpt lat="36.13275437615812" lon="139.27646912634373">
        <ele>59.96</ele>
      </trkpt>
      <trkpt lat="36.13275395706296" lon="139.27646912634373">
        <ele>60.03</ele>
      </trkpt>
      <trkpt lat="36.132752783596516" lon="139.27646946161985">
        <ele>60.09</ele>
      </trkpt>
      <trkpt lat="36.13274993374944" lon="139.27646996453404">
        <ele>60.14</ele>
      </trkpt>
      <trkpt lat="36.1330299731344" lon="139.27640995010734">
        <ele>60.1</ele>
      </trkpt>
      <trkpt lat="36.13303994759917" lon="139.27639997564256">
        <ele>60.12</ele>
      </trkpt>
      <trkpt lat="36.13305998034775" lon="139.2764999717474">
        <ele>60.13</ele>
      </trkpt>
      <trkpt lat="36.133025949820876" lon="139.27688654512167">
        <ele>60.2</ele>
      </trkpt>
      <trkpt lat="36.132991919294" lon="139.27727311849594">
        <ele>60.23</ele>
      </trkpt>
      <trkpt lat="36.13295788876712" lon="139.2776596918702">
        <ele>60.22</ele>
      </trkpt>
      <trkpt lat="36.13294992595911" lon="139.27774996496737">
        <ele>60.19</ele>
      </trkpt>
      <trkpt lat="36.132919918745756" lon="139.2779799643904">
        <ele>60.09</ele>
      </trkpt>
      <trkpt lat="36.132971635088325" lon="139.27836352027953">
        <ele>59.99</ele>
      </trkpt>
      <trkpt lat="36.13302335143089" lon="139.27874707616866">
        <ele>60.04</ele>
      </trkpt>
      <trkpt lat="36.13303994759917" lon="139.27886995486915">
        <ele>60.04</ele>
      </trkpt>
      <trkpt lat="36.13298445940018" lon="139.279252756387">
        <ele>60.01</ele>
      </trkpt>
      <trkpt lat="36.132939951494336" lon="139.27955995313823">
        <ele>59.99</ele>
      </trkpt>
      <trkpt lat="36.132849929854274" lon="139.27972993813455">
        <ele>60.0</ele>
      </trkpt>
      <trkpt lat="36.13280198536813" lon="139.2798254918307">
        <ele>60.0</ele>
      </trkpt>
      <trkpt lat="36.1328019015491" lon="139.2798257432878">
        <ele>59.99</ele>
      </trkpt>
      <trkpt lat="36.132801147177815" lon="139.27982741966844">
        <ele>59.97</ele>
      </trkpt>
      <trkpt lat="36.13279997371137" lon="139.2798299342394">
        <ele>59.96</ele>
      </trkpt>
      <trkpt lat="36.13263443112373" lon="139.28016093559563">
        <ele>60.0</ele>
      </trkpt>
      <trkpt lat="36.13260995596647" lon="139.28020996972919">
        <ele>59.99</ele>
      </trkpt>
      <trkpt lat="36.132528483867645" lon="139.28058564662933">
        <ele>59.99</ele>
      </trkpt>
      <trkpt lat="36.13244709558785" lon="139.28096123971045">
        <ele>59.97</ele>
      </trkpt>
      <trkpt lat="36.13236562348902" lon="139.2813369166106">
        <ele>59.9</ele>
      </trkpt>
      <trkpt lat="36.132300831377506" lon="139.2816353123635">
        <ele>59.88</ele>
      </trkpt>
      <trkpt lat="36.132300831377506" lon="139.2816355638206">
        <ele>59.86</ele>
      </trkpt>
      <trkpt lat="36.13230049610138" lon="139.28163749165833">
        <ele>59.84</ele>
      </trkpt>
      <trkpt lat="36.13229999318719" lon="139.28163992241025">
        <ele>59.81</ele>
      </trkpt>
      <trkpt lat="36.13220703788102" lon="139.28201157599688">
        <ele>59.81</ele>
      </trkpt>
      <trkpt lat="36.132114166393876" lon="139.28238314576447">
        <ele>59.81</ele>
      </trkpt>
      <trkpt lat="36.132021294906735" lon="139.28275471553206">
        <ele>59.81</ele>
      </trkpt>
      <trkpt lat="36.13192833960056" lon="139.28312628529966">
        <ele>59.74</ele>
      </trkpt>
      <trkpt lat="36.13191995769739" lon="139.2831599805504">
        <ele>59.68</ele>
      </trkpt>
      <trkpt lat="36.131842005997896" lon="139.28353674709797">
        <ele>59.62</ele>
      </trkpt>
      <trkpt lat="36.1317640542984" lon="139.28391351364553">
        <ele>59.58</ele>
      </trkpt>
      <trkpt lat="36.1317399982363" lon="139.28402993828058">
        <ele>59.51</ele>
      </trkpt>
      <trkpt lat="36.13168325275183" lon="139.28441248834133">
        <ele>59.36</ele>
      </trkpt>
      <trkpt lat="36.13162659108639" lon="139.28479495458305">
        <ele>59.21</ele>
      </trkpt>
      <trkpt lat="36.131579987704754" lon="139.28510994650424">
        <ele>59.14</ele>
      </trkpt>
      <trkpt lat="36.13150170072913" lon="139.28548662923276">
        <ele>59.06</ele>
      </trkpt>
      <trkpt lat="36.13142332993448" lon="139.2858633119613">
        <ele>58.94</ele>
      </trkpt>
      <trkpt lat="36.131345042958856" lon="139.2862399108708">
        <ele>58.89</ele>
      </trkpt>
      <trkpt lat="36.13126675598323" lon="139.28661659359932">
        <ele>58.82</ele>
      </trkpt>
      <trkpt lat="36.13120992667973" lon="139.28688992746174">
        <ele>58.64</ele>
      </trkpt>
      <trkpt lat="36.131114875897765" lon="139.28726074285805">
        <ele>58.42</ele>
      </trkpt>
      <trkpt lat="36.1310198251158" lon="139.28763147443533">
        <ele>58.28</ele>
      </trkpt>
      <trkpt lat="36.13101102411747" lon="139.28766483440995">
        <ele>58.13</ele>
      </trkpt>
      <trkpt lat="36.13101102411747" lon="139.28766508586705">
        <ele>57.97</ele>
      </trkpt>
      <trkpt lat="36.13101060502231" lon="139.28766701370478">
        <ele>57.8</ele>
      </trkpt>
      <trkpt lat="36.13100993447006" lon="139.2876699473709">
        <ele>57.63</ele>
      </trkpt>
      <trkpt lat="36.13088998943567" lon="139.28798996843398">
        <ele>57.51</ele>
      </trkpt>
      <trkpt lat="36.13090993836522" lon="139.28820999339223">
        <ele>57.35</ele>
      </trkpt>
      <trkpt lat="36.130912620574236" lon="139.28859874606133">
        <ele>57.08</ele>
      </trkpt>
      <trkpt lat="36.13091521896422" lon="139.28898758254945">
        <ele>56.78</ele>
      </trkpt>
      <trkpt lat="36.1309178173542" lon="139.28937641903758">
        <ele>56.61</ele>
      </trkpt>
      <trkpt lat="36.13092049956322" lon="139.28976517170668">
        <ele>56.44</ele>
      </trkpt>
      <trkpt lat="36.1309230979532" lon="139.2901540081948">
        <ele>56.27</ele>
      </trkpt>
      <trkpt lat="36.130925780162215" lon="139.29054284468293">
        <ele>56.12</ele>
      </trkpt>
      <trkpt lat="36.1309283785522" lon="139.29093168117106">
        <ele>55.92</ele>
      </trkpt>
      <trkpt lat="36.1309299711138" lon="139.29115992039442">
        <ele>55.74</ele>
      </trkpt>
      <trkpt lat="36.131245382130146" lon="139.2911577410996">
        <ele>55.57</ele>
      </trkpt>
      <trkpt lat="36.13156079314649" lon="139.29115556180477">
        <ele>55.32</ele>
      </trkpt>
      <trkpt lat="36.131876204162836" lon="139.29115338250995">
        <ele>55.06</ele>
      </trkpt>
      <trkpt lat="36.13219161517918" lon="139.29115120321512">
        <ele>54.78</ele>
      </trkpt>
      <trkpt lat="36.13236998207867" lon="139.29114994592965">
        <ele>54.56</ele>
      </trkpt>
      <trkpt lat="36.132399989292026" lon="139.29118992760777">
        <ele>54.39</ele>
      </trkpt>
      <trkpt lat="36.1324599198997" lon="139.2914199270308">
        <ele>54.25</ele>
      </trkpt>
      <trkpt lat="36.13246226683259" lon="139.29180876351893">
        <ele>54.15</ele>
      </trkpt>
      <trkpt lat="36.13246461376548" lon="139.29219760000706">
        <ele>54.03</ele>
      </trkpt>
      <trkpt lat="36.132466876879334" lon="139.29258643649518">
        <ele>53.88</ele>
      </trkpt>
      <trkpt lat="36.13246922381222" lon="139.2929752729833">
        <ele>53.8</ele>
      </trkpt>
      <trkpt lat="36.13246972672641" lon="139.29309479892254">
        <ele>53.73</ele>
      </trkpt>
      <trkpt lat="36.132469810545444" lon="139.29309505037963">
        <ele>53.67</ele>
      </trkpt>
      <trkpt lat="36.132469894364476" lon="139.2930970620364">
        <ele>53.62</ele>
      </trkpt>
      <trkpt lat="36.13246997818351" lon="139.2930999957025">
        <ele>53.59</ele>
      </trkpt>
      <trkpt lat="36.132473247125745" lon="139.2934887483716">
        <ele>53.61</ele>
      </trkpt>
      <trkpt lat="36.13247651606798" lon="139.29387758485973">
        <ele>53.62</ele>
      </trkpt>
      <trkpt lat="36.13247978501022" lon="139.29426642134786">
        <ele>53.61</ele>
      </trkpt>
      <trkpt lat="36.132483053952456" lon="139.29465517401695">
        <ele>53.65</ele>
      </trkpt>
      <trkpt lat="36.132486406713724" lon="139.29504401050508">
        <ele>53.65</ele>
      </trkpt>
      <trkpt lat="36.13248967565596" lon="139.2954328469932">
        <ele>53.68</ele>
      </trkpt>
      <trkpt lat="36.1324929445982" lon="139.29582168348134">
        <ele>53.8</ele>
      </trkpt>
      <trkpt lat="36.132496213540435" lon="139.29621043615043">
        <ele>53.87</ele>
      </trkpt>
      <trkpt lat="36.1324995663017" lon="139.29659927263856">
        <ele>53.97</ele>
      </trkpt>
      <trkpt lat="36.13249998539686" lon="139.29664998315275">
        <ele>54.1</ele>
      </trkpt>
      <trkpt lat="36.13247995264828" lon="139.29671997204423">
        <ele>54.24</ele>
      </trkpt>
      <trkpt lat="36.13234994933009" lon="139.29676992818713">
        <ele>54.43</ele>
      </trkpt>
      <trkpt lat="36.132119949907064" lon="139.29681996814907">
        <ele>54.59</ele>
      </trkpt>
      <trkpt lat="36.13223788328469" lon="139.29718064144254">
        <ele>54.8</ele>
      </trkpt>
      <trkpt lat="36.13228993490338" lon="139.29733998142183">
        <ele>55.02</ele>
      </trkpt>
      <trkpt lat="36.13245732150972" lon="139.29762572050095">
        <ele>55.27</ele>
      </trkpt>
      <trkpt lat="36.13245740532875" lon="139.297625888139">
        <ele>55.44</ele>
      </trkpt>
      <trkpt lat="36.13245841115713" lon="139.2976274807006">
        <ele>55.61</ele>
      </trkpt>
      <trkpt lat="36.1324599198997" lon="139.29762999527156">
        <ele>55.78</ele>
      </trkpt>
      <trkpt lat="36.132529992610216" lon="139.29780995473266">
        <ele>55.99</ele>
      </trkpt>
      <trkpt lat="36.13251306116581" lon="139.29819820448756">
        <ele>56.18</ele>
      </trkpt>
      <trkpt lat="36.132496213540435" lon="139.2985865380615">
        <ele>56.35</ele>
      </trkpt>
      <trkpt lat="36.13247995264828" lon="139.2989599518478">
        <ele>56.49</ele>
      </trkpt>
      <trkpt lat="36.13245036453009" lon="139.29923496209085">
        <ele>56.6</ele>
      </trkpt>
      <trkpt lat="36.13245036453009" lon="139.29923521354795">
        <ele>56.72</ele>
      </trkpt>
      <trkpt lat="36.13245019689202" lon="139.29923714138567">
        <ele>56.82</ele>
      </trkpt>
      <trkpt lat="36.13244994543493" lon="139.29923999123275">
        <ele>56.92</ele>
      </trkpt>
      <trkpt lat="36.1324599198997" lon="139.29923999123275">
        <ele>57.0</ele>
      </trkpt>
      <trkpt lat="36.13240359351039" lon="139.2996225412935">
        <ele>57.01</ele>
      </trkpt>
      <trkpt lat="36.13234726712108" lon="139.30000509135425">
        <ele>57.06</ele>
      </trkpt>
      <trkpt lat="36.132290940731764" lon="139.30038772523403">
        <ele>57.11</ele>
      </trkpt>
      <trkpt lat="36.132269985973835" lon="139.30052996613085">
        <ele>57.15</ele>
      </trkpt>
      <trkpt lat="36.13225397653878" lon="139.3009182997048">
        <ele>57.18</ele>
      </trkpt>
      <trkpt lat="36.13223788328469" lon="139.30130663327873">
        <ele>57.16</ele>
      </trkpt>
      <trkpt lat="36.13222187384963" lon="139.30169496685266">
        <ele>57.12</ele>
      </trkpt>
      <trkpt lat="36.13220586441457" lon="139.3020833004266">
        <ele>57.11</ele>
      </trkpt>
      <trkpt lat="36.13219002261758" lon="139.3024651799351">
        <ele>57.14</ele>
      </trkpt>
      <trkpt lat="36.13219002261758" lon="139.30246534757316">
        <ele>57.14</ele>
      </trkpt>
      <trkpt lat="36.13219002261758" lon="139.30246735922992">
        <ele>57.13</ele>
      </trkpt>
      <trkpt lat="36.13218993879855" lon="139.3024699576199">
        <ele>57.13</ele>
      </trkpt>
      <trkpt lat="36.132169319316745" lon="139.30285795591772">
        <ele>57.12</ele>
      </trkpt>
      <trkpt lat="36.13214869983494" lon="139.30324595421553">
        <ele>57.11</ele>
      </trkpt>
      <trkpt lat="36.132139982655644" lon="139.3034099880606">
        <ele>57.08</ele>
      </trkpt>
      <trkpt lat="36.132119949907064" lon="139.3034599442035">
        <ele>57.06</ele>
      </trkpt>
      <trkpt lat="36.132009979337454" lon="139.30349992588162">
        <ele>57.05</ele>
      </trkpt>
      <trkpt lat="36.13205683417618" lon="139.30388448759913">
        <ele>57.02</ele>
      </trkpt>
      <trkpt lat="36.132059935480356" lon="139.30390996858478">
        <ele>57.0</ele>
      </trkpt>
      <trkpt lat="36.132075525820255" lon="139.3042983021587">
        <ele>56.97</ele>
      </trkpt>
      <trkpt lat="36.132079968228936" lon="139.30440994910896">
        <ele>56.98</ele>
      </trkpt>
      <trkpt lat="36.132053565233946" lon="139.30479744449258">
        <ele>57.02</ele>
      </trkpt>
      <trkpt lat="36.13204996101558" lon="139.30484999902546">
        <ele>57.02</ele>
      </trkpt>
      <trkpt lat="36.13199262879789" lon="139.30523229762912">
        <ele>57.06</ele>
      </trkpt>
      <trkpt lat="36.131989946588874" lon="139.3052499834448">
        <ele>57.06</ele>
      </trkpt>
      <trkpt lat="36.13204996101558" lon="139.30541996844113">
        <ele>57.07</ele>
      </trkpt>
      <trkpt lat="36.132028168067336" lon="139.3058078829199">
        <ele>57.05</ele>
      </trkpt>
      <trkpt lat="36.13200645893812" lon="139.3061957973987">
        <ele>57.04</ele>
      </trkpt>
      <trkpt lat="36.13199011422694" lon="139.3064849730581">
        <ele>57.08</ele>
      </trkpt>
      <trkpt lat="36.13199011422694" lon="139.30648514069617">
        <ele>57.06</ele>
      </trkpt>
      <trkpt lat="36.131990030407906" lon="139.30648715235293">
        <ele>57.05</ele>
      </trkpt>
      <trkpt lat="36.131989946588874" lon="139.30648991838098">
        <ele>57.02</ele>
      </trkpt>
      <trkpt lat="36.1319799721241" lon="139.30663995444775">
        <ele>57.02</ele>
      </trkpt>
      <trkpt lat="36.13190076313913" lon="139.30701630190015">
        <ele>56.99</ele>
      </trkpt>
      <trkpt lat="36.13189992494881" lon="139.30701998993754">
        <ele>56.95</ele>
      </trkpt>
      <trkpt lat="36.13189347088337" lon="139.30740874260664">
        <ele>56.87</ele>
      </trkpt>
      <trkpt lat="36.13188701681793" lon="139.30779749527574">
        <ele>56.76</ele>
      </trkpt>
      <trkpt lat="36.131880478933454" lon="139.3081861641258">
        <ele>56.67</ele>
      </trkpt>
      <trkpt lat="36.13187997601926" lon="139.30821994319558">
        <ele>56.61</ele>
      </trkpt>
      <trkpt lat="36.13196823745966" lon="139.30859327316284">
        <ele>56.56</ele>
      </trkpt>
      <trkpt lat="36.13205658271909" lon="139.30896651931107">
        <ele>56.51</ele>
      </trkpt>
      <trkpt lat="36.132099917158484" lon="139.3091499991715">
        <ele>56.44</ele>
      </trkpt>
      <trkpt lat="36.13217996433377" lon="139.30940992198884">
        <ele>56.37</ele>
      </trkpt>
      <trkpt lat="36.132237212732434" lon="139.30950530804694">
        <ele>56.3</ele>
      </trkpt>
      <trkpt lat="36.132237296551466" lon="139.309505475685">
        <ele>56.2</ele>
      </trkpt>
      <trkpt lat="36.13223830237985" lon="139.30950715206563">
        <ele>56.1</ele>
      </trkpt>
      <trkpt lat="36.13223997876048" lon="139.30950991809368">
        <ele>55.99</ele>
      </trkpt>
      <trkpt lat="36.132379956543446" lon="139.30978995747864">
        <ele>55.92</ele>
      </trkpt>
      <trkpt lat="36.13241733983159" lon="139.31017602793872">
        <ele>55.79</ele>
      </trkpt>
      <trkpt lat="36.132439970970154" lon="139.31040996685624">
        <ele>55.66</ele>
      </trkpt>
      <trkpt lat="36.13244994543493" lon="139.3106299918145">
        <ele>55.52</ele>
      </trkpt>
      <trkpt lat="36.13251641392708" lon="139.3110100273043">
        <ele>55.33</ele>
      </trkpt>
      <trkpt lat="36.13258288241923" lon="139.31139014661312">
        <ele>55.15</ele>
      </trkpt>
      <trkpt lat="36.13264935091138" lon="139.31177026592195">
        <ele>54.97</ele>
      </trkpt>
      <trkpt lat="36.132699977606535" lon="139.31205994449556">
        <ele>54.81</ele>
      </trkpt>
      <trkpt lat="36.132610542699695" lon="139.31243285536766">
        <ele>54.66</ele>
      </trkpt>
      <trkpt lat="36.132521191611886" lon="139.31280576623976">
        <ele>54.43</ele>
      </trkpt>
      <trkpt lat="36.132431756705046" lon="139.31317867711186">
        <ele>54.2</ele>
      </trkpt>
      <trkpt lat="36.132351038977504" lon="139.31351487524807">
        <ele>54.09</ele>
      </trkpt>
      <trkpt lat="36.132351038977504" lon="139.31351504288614">
        <ele>53.94</ele>
      </trkpt>
      <trkpt lat="36.132350619882345" lon="139.31351713836193">
        <ele>53.8</ele>
      </trkpt>
      <trkpt lat="36.13234994933009" lon="139.313519988209">
        <ele>53.66</ele>
      </trkpt>
      <trkpt lat="36.13232991658151" lon="139.31360992603004">
        <ele>53.53</ele>
      </trkpt>
      <trkpt lat="36.13263283856213" lon="139.31371863931417">
        <ele>53.35</ele>
      </trkpt>
      <trkpt lat="36.13293567672372" lon="139.31382726877928">
        <ele>53.18</ele>
      </trkpt>
      <trkpt lat="36.133238514885306" lon="139.31393589824438">
        <ele>53.13</ele>
      </trkpt>
      <trkpt lat="36.133541353046894" lon="139.31404461152852">
        <ele>53.07</ele>
      </trkpt>
      <trkpt lat="36.13363992422819" lon="139.3140799831599">
        <ele>52.96</ele>
      </trkpt>
      <trkpt lat="36.13394276238978" lon="139.31418894790113">
        <ele>52.86</ele>
      </trkpt>
      <trkpt lat="36.134139988571405" lon="139.314259942621">
        <ele>52.78</ele>
      </trkpt>
      <trkpt lat="36.13404996693134" lon="139.31463268585503">
        <ele>52.69</ele>
      </trkpt>
      <trkpt lat="36.13396002911031" lon="139.31500534527004">
        <ele>52.63</ele>
      </trkpt>
      <trkpt lat="36.13393111154437" lon="139.31512436829507">
        <ele>52.52</ele>
      </trkpt>
      <trkpt lat="36.13393111154437" lon="139.31512461975217">
        <ele>52.43</ele>
      </trkpt>
      <trkpt lat="36.13393069244921" lon="139.31512663140893">
        <ele>52.34</ele>
      </trkpt>
      <trkpt lat="36.13392993807793" lon="139.3151299841702">
        <ele>52.25</ele>
      </trkpt>
      <trkpt lat="36.133839413523674" lon="139.31550247594714">
        <ele>52.08</ele>
      </trkpt>
      <trkpt lat="36.13374897278845" lon="139.31587496772408">
        <ele>51.97</ele>
      </trkpt>
      <trkpt lat="36.1336584482342" lon="139.31624745950103">
        <ele>51.9</ele>
      </trkpt>
      <trkpt lat="36.13356792367995" lon="139.31661995127797">
        <ele>51.88</ele>
      </trkpt>
      <trkpt lat="36.133477399125695" lon="139.31699235923588">
        <ele>51.91</ele>
      </trkpt>
      <trkpt lat="36.13338687457144" lon="139.31736485101283">
        <ele>51.78</ele>
      </trkpt>
      <trkpt lat="36.13329643383622" lon="139.31773734278977">
        <ele>51.52</ele>
      </trkpt>
      <trkpt lat="36.13320590928197" lon="139.3181098345667">
        <ele>51.36</ele>
      </trkpt>
      <trkpt lat="36.133115384727716" lon="139.31848232634366">
        <ele>51.36</ele>
      </trkpt>
      <trkpt lat="36.133024860173464" lon="139.3188548181206">
        <ele>51.39</ele>
      </trkpt>
      <trkpt lat="36.13293441943824" lon="139.31922730989754">
        <ele>51.4</ele>
      </trkpt>
      <trkpt lat="36.13284389488399" lon="139.31959980167449">
        <ele>51.31</ele>
      </trkpt>
      <trkpt lat="36.13275337032974" lon="139.31997229345143">
        <ele>51.28</ele>
      </trkpt>
      <trkpt lat="36.13266292959452" lon="139.32034478522837">
        <ele>51.27</ele>
      </trkpt>
      <trkpt lat="36.132572405040264" lon="139.32071727700531">
        <ele>51.29</ele>
      </trkpt>
      <trkpt lat="36.13248188048601" lon="139.32108976878226">
        <ele>51.33</ele>
      </trkpt>
      <trkpt lat="36.13239143975079" lon="139.3214622605592">
        <ele>51.31</ele>
      </trkpt>
      <trkpt lat="36.13230091519654" lon="139.32183475233614">
        <ele>51.28</ele>
      </trkpt>
      <trkpt lat="36.13228993490338" lon="139.32187993079424">
        <ele>51.24</ele>
      </trkpt>
      <trkpt lat="36.132359923794866" lon="139.32195997796953">
        <ele>51.2</ele>
      </trkpt>
      <trkpt lat="36.13245732150972" lon="139.32214505039155">
        <ele>51.15</ele>
      </trkpt>
      <trkpt lat="36.13245740532875" lon="139.32214521802962">
        <ele>51.09</ele>
      </trkpt>
      <trkpt lat="36.1324583273381" lon="139.32214697822928">
        <ele>51.03</ele>
      </trkpt>
      <trkpt lat="36.1324599198997" lon="139.32214999571443">
        <ele>50.96</ele>
      </trkpt>
      <trkpt lat="36.13261993043125" lon="139.32238996960223">
        <ele>50.86</ele>
      </trkpt>
      <trkpt lat="36.13265999592841" lon="139.32254998013377">
        <ele>50.76</ele>
      </trkpt>
      <trkpt lat="36.13265999592841" lon="139.3228899501264">
        <ele>50.66</ele>
      </trkpt>
      <trkpt lat="36.13268991932273" lon="139.32310997508466">
        <ele>50.55</ele>
      </trkpt>
      <trkpt lat="36.13279997371137" lon="139.3233199417591">
        <ele>50.42</ele>
      </trkpt>
      <trkpt lat="36.132979933172464" lon="139.32358992286026">
        <ele>50.3</ele>
      </trkpt>
      <trkpt lat="36.13329526036978" lon="139.32357852347195">
        <ele>50.13</ele>
      </trkpt>
      <trkpt lat="36.13352995365858" lon="139.32356997393072">
        <ele>50.0</ele>
      </trkpt>
      <trkpt lat="36.13352995365858" lon="139.32378999888897">
        <ele>49.84</ele>
      </trkpt>
      <trkpt lat="36.133709996938705" lon="139.32389996945858">
        <ele>49.71</ele>
      </trkpt>
      <trkpt lat="36.13382994197309" lon="139.32396995835006">
        <ele>49.51</ele>
      </trkpt>
      <trkpt lat="36.1338899563998" lon="139.32407992891967">
        <ele>49.28</ele>
      </trkpt>
      <trkpt lat="36.13394024781883" lon="139.32446382008493">
        <ele>49.0</ele>
      </trkpt>
      <trkpt lat="36.133990455418825" lon="139.3248477112502">
        <ele>48.73</ele>
      </trkpt>
      <trkpt lat="36.13399900496006" lon="139.32491401210427">
        <ele>48.5</ele>
      </trkpt>
      <trkpt lat="36.13399908877909" lon="139.32491426356137">
        <ele>48.27</ele>
      </trkpt>
      <trkpt lat="36.13399942405522" lon="139.32491635903716">
        <ele>48.03</ele>
      </trkpt>
      <trkpt lat="36.13399992696941" lon="139.32491996325552">
        <ele>47.78</ele>
      </trkpt>
      <trkpt lat="36.13405466079712" lon="139.32530293241143">
        <ele>47.49</ele>
      </trkpt>
      <trkpt lat="36.134099923074245" lon="139.32561993598938">
        <ele>47.25</ele>
      </trkpt>
      <trkpt lat="36.13413445651531" lon="139.32600642554462">
        <ele>47.04</ele>
      </trkpt>
      <trkpt lat="36.13414996303618" lon="139.32617993094027">
        <ele>46.8</ele>
      </trkpt>
      <trkpt lat="36.13420025445521" lon="139.32656382210553">
        <ele>46.55</ele>
      </trkpt>
      <trkpt lat="36.134250462055206" lon="139.32694771327078">
        <ele>46.29</ele>
      </trkpt>
      <trkpt lat="36.13425993360579" lon="139.32701996527612">
        <ele>46.05</ele>
      </trkpt>
      <trkpt lat="36.13425993360579" lon="139.32740880176425">
        <ele>45.76</ele>
      </trkpt>
      <trkpt lat="36.13425993360579" lon="139.32753997854888">
        <ele>45.52</ele>
      </trkpt>
      <trkpt lat="36.134249959141016" lon="139.32767995633185">
        <ele>45.29</ele>
      </trkpt>
      <trkpt lat="36.13446998409927" lon="139.32782999239862">
        <ele>45.08</ele>
      </trkpt>
      <trkpt lat="36.13463996909559" lon="139.32799997739494">
        <ele>44.87</ele>
      </trkpt>
      <trkpt lat="36.13480995409191" lon="139.32814992964268">
        <ele>44.61</ele>
      </trkpt>
      <trkpt lat="36.134849935770035" lon="139.32827993296087">
        <ele>44.41</ele>
      </trkpt>
      <trkpt lat="36.13493358716369" lon="139.32865485548973">
        <ele>44.18</ele>
      </trkpt>
      <trkpt lat="36.13501723855734" lon="139.3290297780186">
        <ele>44.04</ele>
      </trkpt>
      <trkpt lat="36.13510088995099" lon="139.32940470054746">
        <ele>43.9</ele>
      </trkpt>
      <trkpt lat="36.13513994961977" lon="139.32957996614277">
        <ele>43.75</ele>
      </trkpt>
      <trkpt lat="36.13522921688855" lon="139.32995287701488">
        <ele>43.69</ele>
      </trkpt>
      <trkpt lat="36.135318567976356" lon="139.330325871706">
        <ele>43.72</ele>
      </trkpt>
      <trkpt lat="36.13540783524513" lon="139.3306987825781">
        <ele>43.69</ele>
      </trkpt>
      <trkpt lat="36.13547991961241" lon="139.33099994435906">
        <ele>43.61</ele>
      </trkpt>
      <trkpt lat="36.135565834119916" lon="139.33137411251664">
        <ele>43.58</ele>
      </trkpt>
      <trkpt lat="36.135651748627424" lon="139.33174828067422">
        <ele>43.61</ele>
      </trkpt>
      <trkpt lat="36.13573766313493" lon="139.33212236501276">
        <ele>43.64</ele>
      </trkpt>
      <trkpt lat="36.13578996621072" lon="139.33234993368387">
        <ele>43.71</ele>
      </trkpt>
      <trkpt lat="36.135858949273825" lon="139.33272938244045">
        <ele>43.98</ele>
      </trkpt>
      <trkpt lat="36.13592793233693" lon="139.33310883119702">
        <ele>44.14</ele>
      </trkpt>
      <trkpt lat="36.13592994399369" lon="139.33311997912824">
        <ele>44.27</ele>
      </trkpt>
      <trkpt lat="36.13592994399369" lon="139.33350881561637">
        <ele>44.3</ele>
      </trkpt>
      <trkpt lat="36.13592994399369" lon="139.333639992401">
        <ele>44.45</ele>
      </trkpt>
      <trkpt lat="36.13586992956698" lon="139.33369992300868">
        <ele>44.61</ele>
      </trkpt>
      <trkpt lat="36.13577513024211" lon="139.33407082222402">
        <ele>44.93</ele>
      </trkpt>
      <trkpt lat="36.13575995899737" lon="139.3341299984604">
        <ele>45.15</ele>
      </trkpt>
      <trkpt lat="36.13567940890789" lon="139.33450592681766">
        <ele>45.38</ele>
      </trkpt>
      <trkpt lat="36.13567111082375" lon="139.33454398065805">
        <ele>45.6</ele>
      </trkpt>
      <trkpt lat="36.13567111082375" lon="139.33454423211515">
        <ele>45.78</ele>
      </trkpt>
      <trkpt lat="36.13567069172859" lon="139.3345462437719">
        <ele>45.97</ele>
      </trkpt>
      <trkpt lat="36.13566993735731" lon="139.3345499318093">
        <ele>46.14</ele>
      </trkpt>
      <trkpt lat="36.13558502867818" lon="139.334924435243">
        <ele>46.31</ele>
      </trkpt>
      <trkpt lat="36.13550020381808" lon="139.33529893867671">
        <ele>46.39</ele>
      </trkpt>
      <trkpt lat="36.135415295138955" lon="139.33567344211042">
        <ele>46.56</ele>
      </trkpt>
      <trkpt lat="36.13533038645983" lon="139.33604794554412">
        <ele>46.79</ele>
      </trkpt>
      <trkpt lat="36.13532996736467" lon="139.33604995720088">
        <ele>46.9</ele>
      </trkpt>
      <trkpt lat="36.13522410392761" lon="139.33641624636948">
        <ele>47.32</ele>
      </trkpt>
      <trkpt lat="36.135118156671524" lon="139.33678253553808">
        <ele>47.38</ele>
      </trkpt>
      <trkpt lat="36.13501229323447" lon="139.33714882470667">
        <ele>47.08</ele>
      </trkpt>
      <trkpt lat="36.13495999015868" lon="139.3373299576342">
        <ele>47.01</ele>
      </trkpt>
      <trkpt lat="36.13489997573197" lon="139.33738997206092">
        <ele>46.99</ele>
      </trkpt>
      <trkpt lat="36.13459462299943" lon="139.33748762123287">
        <ele>47.07</ele>
      </trkpt>
      <trkpt lat="36.13428935408592" lon="139.33758535422385">
        <ele>47.02</ele>
      </trkpt>
      <trkpt lat="36.13398400135338" lon="139.33768308721483">
        <ele>46.9</ele>
      </trkpt>
      <trkpt lat="36.133678732439876" lon="139.33778073638678">
        <ele>46.77</ele>
      </trkpt>
      <trkpt lat="36.133649982512" lon="139.33778995648026">
        <ele>46.66</ele>
      </trkpt>
      <trkpt lat="36.13371854647994" lon="139.33806446380913">
        <ele>46.57</ele>
      </trkpt>
      <trkpt lat="36.13371863029897" lon="139.33806471526623">
        <ele>46.42</ele>
      </trkpt>
      <trkpt lat="36.13371913321316" lon="139.338066726923">
        <ele>46.26</ele>
      </trkpt>
      <trkpt lat="36.13371997140348" lon="139.33806999586523">
        <ele>46.08</ele>
      </trkpt>
      <trkpt lat="36.13379096612334" lon="139.33844877406955">
        <ele>45.84</ele>
      </trkpt>
      <trkpt lat="36.13380999304354" lon="139.33854994364083">
        <ele>45.62</ele>
      </trkpt>
      <trkpt lat="36.13372868858278" lon="139.33892570436">
        <ele>45.34</ele>
      </trkpt>
      <trkpt lat="36.133647467941046" lon="139.33930138126016">
        <ele>45.09</ele>
      </trkpt>
      <trkpt lat="36.13356624729931" lon="139.33967714197934">
        <ele>44.82</ele>
      </trkpt>
      <trkpt lat="36.13348997198045" lon="139.34002993628383">
        <ele>44.58</ele>
      </trkpt>
      <trkpt lat="36.13319995813072" lon="139.33995994739234">
        <ele>44.4</ele>
      </trkpt>
      <trkpt lat="36.1330799292773" lon="139.3399399984628">
        <ele>44.17</ele>
      </trkpt>
      <trkpt lat="36.1328399553895" lon="139.33977998793125">
        <ele>43.91</ele>
      </trkpt>
      <trkpt lat="36.13276485353708" lon="139.3397518247366">
        <ele>43.63</ele>
      </trkpt>
      <trkpt lat="36.13276468589902" lon="139.33975174091756">
        <ele>43.37</ele>
      </trkpt>
      <trkpt lat="36.13276309333742" lon="139.33975115418434">
        <ele>43.1</ele>
      </trkpt>
      <trkpt lat="36.13275999203324" lon="139.3397499807179">
        <ele>42.83</ele>
      </trkpt>
      <trkpt lat="36.132549941539764" lon="139.33967999182642">
        <ele>42.52</ele>
      </trkpt>
      <trkpt lat="36.13246662542224" lon="139.3400549981743">
        <ele>42.26</ele>
      </trkpt>
      <trkpt lat="36.132383309304714" lon="139.3404300045222">
        <ele>41.98</ele>
      </trkpt>
      <trkpt lat="36.13229990936816" lon="139.3408050108701">
        <ele>41.7</ele>
      </trkpt>
      <trkpt lat="36.13229110836983" lon="139.34084390290082">
        <ele>41.45</ele>
      </trkpt>
      <trkpt lat="36.13229110836983" lon="139.3408441543579">
        <ele>41.22</ele>
      </trkpt>
      <trkpt lat="36.13229068927467" lon="139.3408462498337">
        <ele>41.0</ele>
      </trkpt>
      <trkpt lat="36.13228993490338" lon="139.3408499378711">
        <ele>40.8</ele>
      </trkpt>
      <trkpt lat="36.132208881899714" lon="139.34122569859028">
        <ele>40.57</ele>
      </trkpt>
      <trkpt lat="36.132127745077014" lon="139.34160145930946">
        <ele>40.38</ele>
      </trkpt>
      <trkpt lat="36.132046692073345" lon="139.34197722002864">
        <ele>40.13</ele>
      </trkpt>
      <trkpt lat="36.131965555250645" lon="139.34235298074782">
        <ele>39.93</ele>
      </trkpt>
      <trkpt lat="36.131884502246976" lon="139.342728741467">
        <ele>39.72</ele>
      </trkpt>
      <trkpt lat="36.131803365424275" lon="139.34310450218618">
        <ele>39.71</ele>
      </trkpt>
      <trkpt lat="36.13172231242061" lon="139.34348026290536">
        <ele>39.68</ele>
      </trkpt>
      <trkpt lat="36.13164125941694" lon="139.34385602362454">
        <ele>39.67</ele>
      </trkpt>
      <trkpt lat="36.131579987704754" lon="139.34413991868496">
        <ele>39.64</ele>
      </trkpt>
      <trkpt lat="36.13127505406737" lon="139.3440404254943">
        <ele>39.55</ele>
      </trkpt>
      <trkpt lat="36.13109501078725" lon="139.34398158453405">
        <ele>39.51</ele>
      </trkpt>
      <trkpt lat="36.13109475933015" lon="139.34398150071502">
        <ele>39.51</ele>
      </trkpt>
      <trkpt lat="36.131093334406614" lon="139.34398108161986">
        <ele>39.53</ele>
      </trkpt>
      <trkpt lat="36.131089981645346" lon="139.34397999197245">
        <ele>39.56</ele>
      </trkpt>
      <trkpt lat="36.13078538328409" lon="139.34387873858213">
        <ele>39.61</ele>
      </trkpt>
      <trkpt lat="36.13048086874187" lon="139.34377756901085">
        <ele>39.7</ele>
      </trkpt>
      <trkpt lat="36.130176270380616" lon="139.34367639943957">
        <ele>39.83</ele>
      </trkpt>
      <trkpt lat="36.129871755838394" lon="139.34357514604926">
        <ele>40.04</ele>
      </trkpt>
      <trkpt lat="36.12956715747714" lon="139.34347397647798">
        <ele>40.19</ele>
      </trkpt>
      <trkpt lat="36.12926264293492" lon="139.34337272308767">
        <ele>40.22</ele>
      </trkpt>
      <trkpt lat="36.128958044573665" lon="139.3432715535164">
        <ele>40.26</ele>
      </trkpt>
      <trkpt lat="36.12865353003144" lon="139.3431703839451">
        <ele>40.35</ele>
      </trkpt>
      <trkpt lat="36.12834893167019" lon="139.3430691305548">
        <ele>40.4</ele>
      </trkpt>
      <trkpt lat="36.12804441712797" lon="139.34296796098351">
        <ele>40.43</ele>
      </trkpt>
      <trkpt lat="36.12789999693632" lon="139.34291993267834">
        <ele>40.51</ele>
      </trkpt>
      <trkpt lat="36.127889938652515" lon="139.3429599981755">
        <ele>40.6</ele>
      </trkpt>
      <trkpt lat="36.12778994254768" lon="139.3428199365735">
        <ele>40.67</ele>
      </trkpt>
      <trkpt lat="36.12772288732231" lon="139.34270502068102">
        <ele>40.74</ele>
      </trkpt>
      <trkpt lat="36.127722803503275" lon="139.34270485304296">
        <ele>40.81</ele>
      </trkpt>
      <trkpt lat="36.127721797674894" lon="139.3427030928433">
        <ele>40.88</ele>
      </trkpt>
      <trkpt lat="36.1277199536562" lon="139.34269999153912">
        <ele>40.95</ele>
      </trkpt>
      <trkpt lat="36.12763999029994" lon="139.34256998822093">
        <ele>41.01</ele>
      </trkpt>
      <trkpt lat="36.12743999809027" lon="139.3424699921161">
        <ele>41.04</ele>
      </trkpt>
      <trkpt lat="36.127127688378096" lon="139.34241483919322">
        <ele>41.05</ele>
      </trkpt>
      <trkpt lat="36.1270999442786" lon="139.34240997768939">
        <ele>41.1</ele>
      </trkpt>
      <trkpt lat="36.1270999442786" lon="139.3424599338323">
        <ele>41.16</ele>
      </trkpt>
      <trkpt lat="36.1269099265337" lon="139.34237997047603">
        <ele>41.17</ele>
      </trkpt>
      <trkpt lat="36.12665872089565" lon="139.3421449419111">
        <ele>41.19</ele>
      </trkpt>
      <trkpt lat="36.126599963754416" lon="139.3420899566263">
        <ele>41.23</ele>
      </trkpt>
      <trkpt lat="36.12633048556745" lon="139.34188786894083">
        <ele>41.33</ele>
      </trkpt>
      <trkpt lat="36.126319924369454" lon="139.34187998995185">
        <ele>41.38</ele>
      </trkpt>
      <trkpt lat="36.1260946188122" lon="139.3416079133749">
        <ele>41.52</ele>
      </trkpt>
      <trkpt lat="36.12602999433875" lon="139.3415299616754">
        <ele>41.58</ele>
      </trkpt>
      <trkpt lat="36.12584425136447" lon="139.34136383235455">
        <ele>41.64</ele>
      </trkpt>
      <trkpt lat="36.125844083726406" lon="139.34136366471648">
        <ele>41.65</ele>
      </trkpt>
      <trkpt lat="36.1258427426219" lon="139.341362407431">
        <ele>41.67</ele>
      </trkpt>
      <trkpt lat="36.12583997659385" lon="139.3413599766791">
        <ele>41.68</ele>
      </trkpt>
      <trkpt lat="36.125829918310046" lon="139.3413399439305">
        <ele>41.68</ele>
      </trkpt>
      <trkpt lat="36.12576998770237" lon="139.34149995446205">
        <ele>41.63</ele>
      </trkpt>
      <trkpt lat="36.12564995884895" lon="139.3417899683118">
        <ele>41.54</ele>
      </trkpt>
      <trkpt lat="36.12553998827934" lon="139.3420299421996">
        <ele>41.5</ele>
      </trkpt>
      <trkpt lat="36.12533111125231" lon="139.34232138097286">
        <ele>41.54</ele>
      </trkpt>
      <trkpt lat="36.125122318044305" lon="139.3426127359271">
        <ele>41.51</ele>
      </trkpt>
      <trkpt lat="36.12510999664664" lon="139.3426299188286">
        <ele>41.48</ele>
      </trkpt>
      <trkpt lat="36.125036319717765" lon="139.34300802648067">
        <ele>41.42</ele>
      </trkpt>
      <trkpt lat="36.12496264278889" lon="139.3433860503137">
        <ele>41.29</ele>
      </trkpt>
      <trkpt lat="36.124961050227284" lon="139.34339359402657">
        <ele>41.26</ele>
      </trkpt>
      <trkpt lat="36.124961050227284" lon="139.34339384548366">
        <ele>41.23</ele>
      </trkpt>
      <trkpt lat="36.12496071495116" lon="139.34339594095945">
        <ele>41.19</ele>
      </trkpt>
      <trkpt lat="36.12495996057987" lon="139.34339996427298">
        <ele>41.16</ele>
      </trkpt>
      <trkpt lat="36.12488720566034" lon="139.3437782395631">
        <ele>41.14</ele>
      </trkpt>
      <trkpt lat="36.124814450740814" lon="139.34415659867227">
        <ele>41.16</ele>
      </trkpt>
      <trkpt lat="36.1247599683702" lon="139.3444399908185">
        <ele>41.09</ele>
      </trkpt>
      <trkpt lat="36.124451430514455" lon="139.34435918927193">
        <ele>41.07</ele>
      </trkpt>
      <trkpt lat="36.12433995120227" lon="139.34432993642986">
        <ele>41.03</ele>
      </trkpt>
      <trkpt lat="36.12411992624402" lon="139.3444899469614">
        <ele>41.04</ele>
      </trkpt>
      <trkpt lat="36.123999981209636" lon="139.34449992142618">
        <ele>41.02</ele>
      </trkpt>
      <trkpt lat="36.1238999851048" lon="139.34449992142618">
        <ele>41.0</ele>
      </trkpt>
      <trkpt lat="36.123919347301126" lon="139.34476395137608">
        <ele>40.98</ele>
      </trkpt>
      <trkpt lat="36.12391943112016" lon="139.34476411901414">
        <ele>40.94</ele>
      </trkpt>
      <trkpt lat="36.12391959875822" lon="139.34476621448994">
        <ele>40.89</ele>
      </trkpt>
      <trkpt lat="36.12391993403435" lon="139.34476998634636">
        <ele>40.83</ele>
      </trkpt>
      <trkpt lat="36.123936865478754" lon="139.34515815228224">
        <ele>40.82</ele>
      </trkpt>
      <trkpt lat="36.12393996678293" lon="139.34522998519242">
        <ele>40.77</ele>
      </trkpt>
      <trkpt lat="36.12392999231815" lon="139.34528999961913">
        <ele>40.7</ele>
      </trkpt>
      <trkpt lat="36.124234925955534" lon="139.3453890737146">
        <ele>40.55</ele>
      </trkpt>
      <trkpt lat="36.1243246961385" lon="139.34541815891862">
        <ele>40.44</ele>
      </trkpt>
      <trkpt lat="36.12432477995753" lon="139.34541815891862">
        <ele>40.37</ele>
      </trkpt>
      <trkpt lat="36.124326372519135" lon="139.34541874565184">
        <ele>40.29</ele>
      </trkpt>
      <trkpt lat="36.1243299767375" lon="139.34541991911829">
        <ele>40.2</ele>
      </trkpt>
      <trkpt lat="36.12463683821261" lon="139.34550977312028">
        <ele>40.03</ele>
      </trkpt>
      <trkpt lat="36.12473993562162" lon="139.3455399479717">
        <ele>39.93</ele>
      </trkpt>
      <trkpt lat="36.124759297817945" lon="139.34576374478638">
        <ele>39.84</ele>
      </trkpt>
      <trkpt lat="36.12475938163698" lon="139.34576399624348">
        <ele>39.77</ele>
      </trkpt>
      <trkpt lat="36.12475963309407" lon="139.34576609171927">
        <ele>39.7</ele>
      </trkpt>
      <trkpt lat="36.1247599683702" lon="139.34576994739473">
        <ele>39.63</ele>
      </trkpt>
      <trkpt lat="36.12479995004833" lon="139.34599994681776">
        <ele>39.53</ele>
      </trkpt>
      <trkpt lat="36.124859964475036" lon="139.34629993513227">
        <ele>39.45</ele>
      </trkpt>
      <trkpt lat="36.124799279496074" lon="139.34668147936463">
        <ele>39.42</ele>
      </trkpt>
      <trkpt lat="36.12478997558355" lon="139.34673998504877">
        <ele>39.37</ele>
      </trkpt>
      <trkpt lat="36.12473993562162" lon="139.34705992229283">
        <ele>39.38</ele>
      </trkpt>
      <trkpt lat="36.12476306967437" lon="139.34744766913354">
        <ele>39.39</ele>
      </trkpt>
      <trkpt lat="36.124786203727126" lon="139.3478354997933">
        <ele>39.3</ele>
      </trkpt>
      <trkpt lat="36.12480925396085" lon="139.348223246634">
        <ele>39.2</ele>
      </trkpt>
      <trkpt lat="36.12482995726168" lon="139.34856992214918">
        <ele>39.15</ele>
      </trkpt>
      <trkpt lat="36.12513673491776" lon="139.34866019524634">
        <ele>39.26</ele>
      </trkpt>
      <trkpt lat="36.12516464665532" lon="139.34866824187338">
        <ele>39.24</ele>
      </trkpt>
      <trkpt lat="36.125164814293385" lon="139.34866832569242">
        <ele>39.21</ele>
      </trkpt>
      <trkpt lat="36.12516640685499" lon="139.3486688286066">
        <ele>39.17</ele>
      </trkpt>
      <trkpt lat="36.12516992725432" lon="139.34866991825402">
        <ele>39.14</ele>
      </trkpt>
      <trkpt lat="36.12546999938786" lon="139.34875993989408">
        <ele>39.12</ele>
      </trkpt>
      <trkpt lat="36.12536774016917" lon="139.34912782162428">
        <ele>39.12</ele>
      </trkpt>
      <trkpt lat="36.125269923359156" lon="139.34947994537652">
        <ele>38.93</ele>
      </trkpt>
      <trkpt lat="36.1255768686533" lon="139.34956988319755">
        <ele>38.88</ele>
      </trkpt>
      <trkpt lat="36.12588373012841" lon="139.34965982101858">
        <ele>38.89</ele>
      </trkpt>
      <trkpt lat="36.12619059160352" lon="139.3497497588396">
        <ele>38.83</ele>
      </trkpt>
      <trkpt lat="36.12642419524491" lon="139.34981823898852">
        <ele>38.7</ele>
      </trkpt>
      <trkpt lat="36.126424530521035" lon="139.34981832280755">
        <ele>38.64</ele>
      </trkpt>
      <trkpt lat="36.12642587162554" lon="139.3498187419027">
        <ele>38.57</ele>
      </trkpt>
      <trkpt lat="36.1264299787581" lon="139.34981999918818">
        <ele>38.5</ele>
      </trkpt>
      <trkpt lat="36.12673759460449" lon="139.34990599751472">
        <ele>38.38</ele>
      </trkpt>
      <trkpt lat="36.12704521045089" lon="139.34999199584126">
        <ele>38.33</ele>
      </trkpt>
      <trkpt lat="36.12735282629728" lon="139.3500779941678">
        <ele>38.3</ele>
      </trkpt>
      <trkpt lat="36.12735995091498" lon="139.35007992200553">
        <ele>38.22</ele>
      </trkpt>
      <trkpt lat="36.12765625119209" lon="139.3499466497451">
        <ele>38.11</ele>
      </trkpt>
      <trkpt lat="36.127759935334325" lon="139.34989996254444">
        <ele>38.02</ele>
      </trkpt>
      <trkpt lat="36.12793997861445" lon="139.34976995922625">
        <ele>37.92</ele>
      </trkpt>
      <trkpt lat="36.12818732857704" lon="139.34952864423394">
        <ele>37.79</ele>
      </trkpt>
      <trkpt lat="36.12834993749857" lon="139.3493699748069">
        <ele>37.72</ele>
      </trkpt>
      <trkpt lat="36.12855554558337" lon="139.34914458543062">
        <ele>37.65</ele>
      </trkpt>
      <trkpt lat="36.12855571322143" lon="139.3491445016116">
        <ele>37.56</ele>
      </trkpt>
      <trkpt lat="36.12855713814497" lon="139.34914307668805">
        <ele>37.47</ele>
      </trkpt>
      <trkpt lat="36.12855998799205" lon="139.34913997538388">
        <ele>37.38</ele>
      </trkpt>
      <trkpt lat="36.12879166379571" lon="139.34887611307204">
        <ele>37.32</ele>
      </trkpt>
      <trkpt lat="36.128919990733266" lon="139.34872993268073">
        <ele>37.28</ele>
      </trkpt>
      <trkpt lat="36.1290099285543" lon="139.34896999038756">
        <ele>37.23</ele>
      </trkpt>
      <trkpt lat="36.12917865626514" lon="139.34929847717285">
        <ele>37.13</ele>
      </trkpt>
      <trkpt lat="36.129199946299195" lon="139.34933996759355">
        <ele>37.03</ele>
      </trkpt>
      <trkpt lat="36.12926993519068" lon="139.34963995590806">
        <ele>36.85</ele>
      </trkpt>
      <trkpt lat="36.12932609394193" lon="139.34971472248435">
        <ele>36.74</ele>
      </trkpt>
      <trkpt lat="36.12932617776096" lon="139.3497148901224">
        <ele>36.64</ele>
      </trkpt>
      <trkpt lat="36.129327435046434" lon="139.34971656650305">
        <ele>36.55</ele>
      </trkpt>
      <trkpt lat="36.129329949617386" lon="139.34971991926432">
        <ele>36.46</ele>
      </trkpt>
      <trkpt lat="36.12941997125745" lon="139.34983994811773">
        <ele>36.36</ele>
      </trkpt>
      <trkpt lat="36.129564978182316" lon="139.3501852825284">
        <ele>36.25</ele>
      </trkpt>
      <trkpt lat="36.129629937931895" lon="139.35033992864192">
        <ele>36.16</ele>
      </trkpt>
      <trkpt lat="36.12976999953389" lon="139.35051997192204">
        <ele>36.09</ele>
      </trkpt>
      <trkpt lat="36.129779973998666" lon="139.35055995360017">
        <ele>36.03</ele>
      </trkpt>
      <trkpt lat="36.12958995625377" lon="139.3505999352783">
        <ele>35.97</ele>
      </trkpt>
      <trkpt lat="36.12966991961002" lon="139.35086991637945">
        <ele>35.96</ele>
      </trkpt>
      <trkpt lat="36.12993805669248" lon="139.351074853912">
        <ele>35.88</ele>
      </trkpt>
      <trkpt lat="36.13020610995591" lon="139.3512797076255">
        <ele>35.85</ele>
      </trkpt>
      <trkpt lat="36.130474247038364" lon="139.35148456133902">
        <ele>35.76</ele>
      </trkpt>
      <trkpt lat="36.13074230030179" lon="139.35168949887156">
        <ele>35.68</ele>
      </trkpt>
      <trkpt lat="36.13089996390045" lon="139.35180994682014">
        <ele>35.73</ele>
      </trkpt>
      <trkpt lat="36.13085998222232" lon="139.35171992518008">
        <ele>35.77</ele>
      </trkpt>
      <trkpt lat="36.13062998279929" lon="139.3515299912542">
        <ele>35.83</ele>
      </trkpt>
      <trkpt lat="36.13079368136823" lon="139.35119764879346">
        <ele>35.95</ele>
      </trkpt>
      <trkpt lat="36.130957463756204" lon="139.3508653063327">
        <ele>36.07</ele>
      </trkpt>
      <trkpt lat="36.13096995279193" lon="139.35083999298513">
        <ele>36.17</ele>
      </trkpt>
      <trkpt lat="36.13113331608474" lon="139.35050731524825">
        <ele>36.31</ele>
      </trkpt>
      <trkpt lat="36.13124999217689" lon="139.35026993975043">
        <ele>36.45</ele>
      </trkpt>
      <trkpt lat="36.131556602194905" lon="139.35036113485694">
        <ele>36.58</ele>
      </trkpt>
      <trkpt lat="36.131614269688725" lon="139.35037831775844">
        <ele>36.72</ele>
      </trkpt>
      <trkpt lat="36.13161602988839" lon="139.35037882067263">
        <ele>36.99</ele>
      </trkpt>
      <trkpt lat="36.13161996938288" lon="139.35037999413908">
        <ele>37.12</ele>
      </trkpt>
      <trkpt lat="36.13192833960056" lon="139.3504614662379">
        <ele>37.33</ele>
      </trkpt>
      <trkpt lat="36.13214995712042" lon="139.35051997192204">
        <ele>37.5</ele>
      </trkpt>
      <trkpt lat="36.13246461376548" lon="139.35054771602154">
        <ele>37.65</ele>
      </trkpt>
      <trkpt lat="36.132489927113056" lon="139.3505499791354">
        <ele>37.77</ele>
      </trkpt>
      <trkpt lat="36.13273995928466" lon="139.35056992806494">
        <ele>37.95</ele>
      </trkpt>
      <trkpt lat="36.13296995870769" lon="139.350659949705">
        <ele>38.08</ele>
      </trkpt>
      <trkpt lat="36.133231138810515" lon="139.35087804682553">
        <ele>38.14</ele>
      </trkpt>
      <trkpt lat="36.13349223509431" lon="139.35109606012702">
        <ele>38.23</ele>
      </trkpt>
      <trkpt lat="36.133753415197134" lon="139.35131415724754">
        <ele>38.24</ele>
      </trkpt>
      <trkpt lat="36.13399498164654" lon="139.35151582583785">
        <ele>38.25</ele>
      </trkpt>
      <trkpt lat="36.13399506546557" lon="139.35151590965688">
        <ele>38.29</ele>
      </trkpt>
      <trkpt lat="36.13399649038911" lon="139.35151708312333">
        <ele>38.31</ele>
      </trkpt>
      <trkpt lat="36.13399992696941" lon="139.3515199329704">
        <ele>38.32</ele>
      </trkpt>
      <trkpt lat="36.13420997746289" lon="139.35171992518008">
        <ele>38.31</ele>
      </trkpt>
      <trkpt lat="36.13435992971063" lon="139.35188999399543">
        <ele>38.3</ele>
      </trkpt>
      <trkpt lat="36.1346566490829" lon="139.35202184133232">
        <ele>38.27</ele>
      </trkpt>
      <trkpt lat="36.13480995409191" lon="139.3520899862051">
        <ele>38.21</ele>
      </trkpt>
      <trkpt lat="36.13498999737203" lon="139.35225997120142">
        <ele>38.14</ele>
      </trkpt>
      <trkpt lat="36.13519996404648" lon="139.35233993455768">
        <ele>38.05</ele>
      </trkpt>
      <trkpt lat="36.13533994182944" lon="139.35235996730626">
        <ele>37.97</ele>
      </trkpt>
      <trkpt lat="36.135619981214404" lon="139.3525199778378">
        <ele>37.87</ele>
      </trkpt>
      <trkpt lat="36.13564998842776" lon="139.35254998505116">
        <ele>37.78</ele>
      </trkpt>
      <trkpt lat="36.13571997731924" lon="139.35248997062445">
        <ele>37.71</ele>
      </trkpt>
      <trkpt lat="36.13576993346214" lon="139.35241998173296">
        <ele>37.62</ele>
      </trkpt>
      <trkpt lat="36.13578996621072" lon="139.35241998173296">
        <ele>37.52</ele>
      </trkpt>
      <trkpt lat="36.13581997342408" lon="139.35220993123949">
        <ele>37.45</ele>
      </trkpt>
      <trkpt lat="36.135859955102205" lon="139.35218998230994">
        <ele>37.35</ele>
      </trkpt>
      <trkpt lat="36.13588669337332" lon="139.3521360028535">
        <ele>37.25</ele>
      </trkpt>
      <trkpt lat="36.135886861011386" lon="139.35213583521545">
        <ele>37.13</ele>
      </trkpt>
      <trkpt lat="36.13588786683977" lon="139.35213399119675">
        <ele>37.02</ele>
      </trkpt>
      <trkpt lat="36.13588996231556" lon="139.35212996788323">
        <ele>36.9</ele>
      </trkpt>
      <trkpt lat="36.13592994399369" lon="139.35209996066988">
        <ele>36.78</ele>
      </trkpt>
      <trkpt lat="36.1358723603189" lon="139.35248225927353">
        <ele>36.58</ele>
      </trkpt>
      <trkpt lat="36.13581477664411" lon="139.35286455787718">
        <ele>36.45</ele>
      </trkpt>
      <trkpt lat="36.13575710915029" lon="139.35324685648084">
        <ele>36.35</ele>
      </trkpt>
      <trkpt lat="36.13571075722575" lon="139.35355321504176">
        <ele>36.19</ele>
      </trkpt>
      <trkpt lat="36.13571075722575" lon="139.35355346649885">
        <ele>36.06</ele>
      </trkpt>
      <trkpt lat="36.13571050576866" lon="139.35355564579368">
        <ele>35.94</ele>
      </trkpt>
      <trkpt lat="36.135709919035435" lon="139.3535599205643">
        <ele>35.82</ele>
      </trkpt>
      <trkpt lat="36.13564730621874" lon="139.3539410457015">
        <ele>35.68</ele>
      </trkpt>
      <trkpt lat="36.13558469340205" lon="139.3543221708387">
        <ele>35.55</ele>
      </trkpt>
      <trkpt lat="36.13552208058536" lon="139.35470329597592">
        <ele>35.38</ele>
      </trkpt>
      <trkpt lat="36.13545946776867" lon="139.35508442111313">
        <ele>35.25</ele>
      </trkpt>
      <trkpt lat="36.13539685495198" lon="139.3554654624313">
        <ele>35.24</ele>
      </trkpt>
      <trkpt lat="36.135334242135286" lon="139.35584658756852">
        <ele>35.16</ele>
      </trkpt>
      <trkpt lat="36.135271629318595" lon="139.35622771270573">
        <ele>35.0</ele>
      </trkpt>
      <trkpt lat="36.1352090165019" lon="139.35660883784294">
        <ele>34.9</ele>
      </trkpt>
      <trkpt lat="36.13514640368521" lon="139.35698996298015">
        <ele>34.95</ele>
      </trkpt>
      <trkpt lat="36.13508379086852" lon="139.35737108811736">
        <ele>34.86</ele>
      </trkpt>
      <trkpt lat="36.13502117805183" lon="139.35775212943554">
        <ele>34.58</ele>
      </trkpt>
      <trkpt lat="36.13495856523514" lon="139.35813325457275">
        <ele>34.27</ele>
      </trkpt>
      <trkpt lat="36.13489997573197" lon="139.35848998837173">
        <ele>34.12</ele>
      </trkpt>
      <trkpt lat="36.13484180532396" lon="139.35887211933732">
        <ele>34.15</ele>
      </trkpt>
      <trkpt lat="36.13478363491595" lon="139.35925433412194">
        <ele>34.1</ele>
      </trkpt>
      <trkpt lat="36.13472546450794" lon="139.35963646508753">
        <ele>34.04</ele>
      </trkpt>
      <trkpt lat="36.13466729409993" lon="139.36001867987216">
        <ele>34.03</ele>
      </trkpt>
      <trkpt lat="36.13460912369192" lon="139.36040081083775">
        <ele>33.93</ele>
      </trkpt>
      <trkpt lat="36.13455103710294" lon="139.36078302562237">
        <ele>33.78</ele>
      </trkpt>
      <trkpt lat="36.13449286669493" lon="139.361165240407">
        <ele>33.66</ele>
      </trkpt>
      <trkpt lat="36.13447995856404" lon="139.36124998144805">
        <ele>33.55</ele>
      </trkpt>
      <trkpt lat="36.134411143139005" lon="139.36162943020463">
        <ele>33.46</ele>
      </trkpt>
      <trkpt lat="36.134342411533" lon="139.36200896278024">
        <ele>33.32</ele>
      </trkpt>
      <trkpt lat="36.13427359610796" lon="139.3623884115368">
        <ele>33.14</ele>
      </trkpt>
      <trkpt lat="36.13420478068292" lon="139.3627678602934">
        <ele>32.97</ele>
      </trkpt>
      <trkpt lat="36.134136049076915" lon="139.363147392869">
        <ele>32.9</ele>
      </trkpt>
      <trkpt lat="36.13406723365188" lon="139.36352684162557">
        <ele>32.86</ele>
      </trkpt>
      <trkpt lat="36.13399850204587" lon="139.36390637420118">
        <ele>32.74</ele>
      </trkpt>
      <trkpt lat="36.13392968662083" lon="139.36428582295775">
        <ele>32.54</ele>
      </trkpt>
      <trkpt lat="36.13389993086457" lon="139.36444994062185">
        <ele>32.37</ele>
      </trkpt>
      <trkpt lat="36.13382273353636" lon="139.3648269586265">
        <ele>32.18</ele>
      </trkpt>
      <trkpt lat="36.13374553620815" lon="139.36520397663116">
        <ele>32.01</ele>
      </trkpt>
      <trkpt lat="36.13366833887994" lon="139.36558099463582">
        <ele>31.82</ele>
      </trkpt>
      <trkpt lat="36.13359114155173" lon="139.36595801264048">
        <ele>31.69</ele>
      </trkpt>
      <trkpt lat="36.13351394422352" lon="139.36633503064513">
        <ele>31.59</ele>
      </trkpt>
      <trkpt lat="36.13346993923187" lon="139.36654994264245">
        <ele>31.51</ele>
      </trkpt>
      <trkpt lat="36.133374301716685" lon="139.36692050658166">
        <ele>31.41</ele>
      </trkpt>
      <trkpt lat="36.13330992870033" lon="139.36716995202005">
        <ele>31.26</ele>
      </trkpt>
      <trkpt lat="36.1331938393414" lon="139.36753154732287">
        <ele>30.99</ele>
      </trkpt>
      <trkpt lat="36.13307783380151" lon="139.36789305880666">
        <ele>30.74</ele>
      </trkpt>
      <trkpt lat="36.13296174444258" lon="139.36825457029045">
        <ele>30.55</ele>
      </trkpt>
      <trkpt lat="36.132845655083656" lon="139.36861616559327">
        <ele>30.43</ele>
      </trkpt>
      <trkpt lat="36.13272956572473" lon="139.36897767707705">
        <ele>30.39</ele>
      </trkpt>
      <trkpt lat="36.132613476365805" lon="139.36933927237988">
        <ele>30.31</ele>
      </trkpt>
      <trkpt lat="36.13249738700688" lon="139.36970078386366">
        <ele>30.23</ele>
      </trkpt>
      <trkpt lat="36.13238129764795" lon="139.37006237916648">
        <ele>30.15</ele>
      </trkpt>
      <trkpt lat="36.13226529210806" lon="139.37042389065027">
        <ele>30.08</ele>
      </trkpt>
      <trkpt lat="36.13214920274913" lon="139.3707854859531">
        <ele>29.99</ele>
      </trkpt>
      <trkpt lat="36.13208994269371" lon="139.3709699716419">
        <ele>29.87</ele>
      </trkpt>
      <trkpt lat="36.13204996101558" lon="139.3710199277848">
        <ele>29.78</ele>
      </trkpt>
      <trkpt lat="36.13194518722594" lon="139.3713867198676">
        <ele>29.64</ele>
      </trkpt>
      <trkpt lat="36.13186991773546" lon="139.3716499954462">
        <ele>29.57</ele>
      </trkpt>
      <trkpt lat="36.131751062348485" lon="139.37201008200645">
        <ele>29.51</ele>
      </trkpt>
      <trkpt lat="36.13163212314248" lon="139.37237025238574">
        <ele>29.49</ele>
      </trkpt>
      <trkpt lat="36.13151326775551" lon="139.37273042276502">
        <ele>29.5</ele>
      </trkpt>
      <trkpt lat="36.131394328549504" lon="139.3730905931443">
        <ele>29.45</ele>
      </trkpt>
      <trkpt lat="36.13127547316253" lon="139.37345067970455">
        <ele>29.4</ele>
      </trkpt>
      <trkpt lat="36.13115661777556" lon="139.37381085008383">
        <ele>29.37</ele>
      </trkpt>
      <trkpt lat="36.131037678569555" lon="139.3741710204631">
        <ele>29.33</ele>
      </trkpt>
      <trkpt lat="36.13091882318258" lon="139.37453110702336">
        <ele>29.32</ele>
      </trkpt>
      <trkpt lat="36.13079988397658" lon="139.37489127740264">
        <ele>29.41</ele>
      </trkpt>
      <trkpt lat="36.130681028589606" lon="139.37525144778192">
        <ele>29.46</ele>
      </trkpt>
      <trkpt lat="36.130562173202634" lon="139.3756116181612">
        <ele>29.42</ele>
      </trkpt>
      <trkpt lat="36.130502074956894" lon="139.37579333782196">
        <ele>29.38</ele>
      </trkpt>
      <trkpt lat="36.130502074956894" lon="139.37579350546002">
        <ele>29.42</ele>
      </trkpt>
      <trkpt lat="36.13050140440464" lon="139.37579560093582">
        <ele>29.46</ele>
      </trkpt>
      <trkpt lat="36.1304999794811" lon="139.37579995952547">
        <ele>29.51</ele>
      </trkpt>
      <trkpt lat="36.13037475384772" lon="139.3761568609625">
        <ele>29.58</ele>
      </trkpt>
      <trkpt lat="36.13029998727143" lon="139.37636992894113">
        <ele>29.68</ele>
      </trkpt>
      <trkpt lat="36.130269980058074" lon="139.3763899616897">
        <ele>29.75</ele>
      </trkpt>
      <trkpt lat="36.130249947309494" lon="139.37637998722494">
        <ele>29.83</ele>
      </trkpt>
      <trkpt lat="36.13017995841801" lon="139.37655994668603">
        <ele>29.93</ele>
      </trkpt>
      <trkpt lat="36.13003117963672" lon="139.37690276652575">
        <ele>30.06</ele>
      </trkpt>
      <trkpt lat="36.129949958994985" lon="139.37708993442357">
        <ele>30.13</ele>
      </trkpt>
      <trkpt lat="36.12985993735492" lon="139.3771399743855">
        <ele>30.21</ele>
      </trkpt>
      <trkpt lat="36.12980612553656" lon="139.37713989056647">
        <ele>30.31</ele>
      </trkpt>
      <trkpt lat="36.129805874079466" lon="139.37713989056647">
        <ele>30.4</ele>
      </trkpt>
      <trkpt lat="36.1298041138798" lon="139.37713989056647">
        <ele>30.5</ele>
      </trkpt>
      <trkpt lat="36.129799922928214" lon="139.3771399743855">
        <ele>30.59</ele>
      </trkpt>
      <trkpt lat="36.12948518246412" lon="139.37711466103792">
        <ele>30.68</ele>
      </trkpt>
      <trkpt lat="36.12917044200003" lon="139.37708934769034">
        <ele>30.76</ele>
      </trkpt>
      <trkpt lat="36.12892996519804" lon="139.37706998549402">
        <ele>30.81</ele>
      </trkpt>
      <trkpt lat="36.128619918599725" lon="139.37708993442357">
        <ele>30.9</ele>
      </trkpt>
      <trkpt lat="36.12831029109657" lon="139.3771640304476">
        <ele>31.0</ele>
      </trkpt>
      <trkpt lat="36.12815991975367" lon="139.3771999888122">
        <ele>31.11</ele>
      </trkpt>
      <trkpt lat="36.127969985827804" lon="139.3771999888122">
        <ele>31.2</ele>
      </trkpt>
      <trkpt lat="36.127889938652515" lon="139.37715992331505">
        <ele>31.27</ele>
      </trkpt>
      <trkpt lat="36.12784995697439" lon="139.3770799599588">
        <ele>31.32</ele>
      </trkpt>
      <trkpt lat="36.12784132361412" lon="139.37703721225262">
        <ele>31.37</ele>
      </trkpt>
      <trkpt lat="36.12784132361412" lon="139.37703696079552">
        <ele>31.41</ele>
      </trkpt>
      <trkpt lat="36.12784090451896" lon="139.3770347815007">
        <ele>31.43</ele>
      </trkpt>
      <trkpt lat="36.12783998250961" lon="139.37702991999686">
        <ele>31.44</ele>
      </trkpt>
      <trkpt lat="36.12775758840144" lon="139.37665466219187">
        <ele>31.47</ele>
      </trkpt>
      <trkpt lat="36.12774996086955" lon="139.37661996111274">
        <ele>31.46</ele>
      </trkpt>
      <trkpt lat="36.12763999029994" lon="139.37639993615448">
        <ele>31.46</ele>
      </trkpt>
      <trkpt lat="36.12757997587323" lon="139.376329947263">
        <ele>31.42</ele>
      </trkpt>
      <trkpt lat="36.127499928697944" lon="139.37634998001158">
        <ele>31.36</ele>
      </trkpt>
      <trkpt lat="36.127539994195104" lon="139.3765699211508">
        <ele>31.25</ele>
      </trkpt>
      <trkpt lat="36.12754996865988" lon="139.37674996443093">
        <ele>31.14</ele>
      </trkpt>
      <trkpt lat="36.127629932016134" lon="139.3767699971795">
        <ele>31.03</ele>
      </trkpt>
      <trkpt lat="36.12768994644284" lon="139.37685993500054">
        <ele>30.9</ele>
      </trkpt>
      <trkpt lat="36.12771802581847" lon="139.37697283923626">
        <ele>30.76</ele>
      </trkpt>
      <trkpt lat="36.1277181096375" lon="139.37697300687432">
        <ele>30.62</ele>
      </trkpt>
      <trkpt lat="36.12771869637072" lon="139.37697518616915">
        <ele>30.46</ele>
      </trkpt>
      <trkpt lat="36.1277199536562" lon="139.37697996385396">
        <ele>30.3</ele>
      </trkpt>
      <trkpt lat="36.12773613072932" lon="139.3773682974279">
        <ele>30.16</ele>
      </trkpt>
      <trkpt lat="36.12775230780244" lon="139.3777565471828">
        <ele>29.98</ele>
      </trkpt>
      <trkpt lat="36.127759935334325" lon="139.3779399432242">
        <ele>29.75</ele>
      </trkpt>
      <trkpt lat="36.127759935334325" lon="139.37832877971232">
        <ele>29.45</ele>
      </trkpt>
      <trkpt lat="36.127759935334325" lon="139.37871761620045">
        <ele>29.2</ele>
      </trkpt>
      <trkpt lat="36.127759935334325" lon="139.37881995923817">
        <ele>28.99</ele>
      </trkpt>
      <trkpt lat="36.12779698334634" lon="139.37920611351728">
        <ele>28.75</ele>
      </trkpt>
      <trkpt lat="36.12782992422581" lon="139.37954993918538">
        <ele>28.48</ele>
      </trkpt>
      <trkpt lat="36.12783830612898" lon="139.37993860803545">
        <ele>28.26</ele>
      </trkpt>
      <trkpt lat="36.12784668803215" lon="139.3803272768855">
        <ele>28.11</ele>
      </trkpt>
      <trkpt lat="36.12784995697439" lon="139.3804799951613">
        <ele>27.92</ele>
      </trkpt>
      <trkpt lat="36.12784216180444" lon="139.38086866401136">
        <ele>27.6</ele>
      </trkpt>
      <trkpt lat="36.12783998250961" lon="139.38097997568548">
        <ele>27.37</ele>
      </trkpt>
      <trkpt lat="36.12784618511796" lon="139.38136872835457">
        <ele>27.16</ele>
      </trkpt>
      <trkpt lat="36.12784995697439" lon="139.38159998506308">
        <ele>27.01</ele>
      </trkpt>
      <trkpt lat="36.127868480980396" lon="139.38198806717992">
        <ele>26.84</ele>
      </trkpt>
      <trkpt lat="36.12787996418774" lon="139.38222996890545">
        <ele>26.68</ele>
      </trkpt>
      <trkpt lat="36.12785993143916" lon="139.38246994279325">
        <ele>26.58</ele>
      </trkpt>
      <trkpt lat="36.127759935334325" lon="139.38275995664299">
        <ele>26.52</ele>
      </trkpt>
      <trkpt lat="36.127669997513294" lon="139.382989956066">
        <ele>26.37</ele>
      </trkpt>
      <trkpt lat="36.12748802639544" lon="139.38330754637718">
        <ele>26.16</ele>
      </trkpt>
      <trkpt lat="36.127306055277586" lon="139.38362513668835">
        <ele>25.99</ele>
      </trkpt>
      <trkpt lat="36.12712408415973" lon="139.38394272699952">
        <ele>25.87</ele>
      </trkpt>
      <trkpt lat="36.12711997702718" lon="139.38394993543625">
        <ele>25.77</ele>
      </trkpt>
      <trkpt lat="36.12695929594338" lon="139.38428454101086">
        <ele>25.69</ele>
      </trkpt>
      <trkpt lat="36.12679861485958" lon="139.38461914658546">
        <ele>25.47</ele>
      </trkpt>
      <trkpt lat="36.12663793377578" lon="139.38495375216007">
        <ele>25.4</ele>
      </trkpt>
      <trkpt lat="36.126477252691984" lon="139.38528827391565">
        <ele>25.47</ele>
      </trkpt>
      <trkpt lat="36.12631665542722" lon="139.38562287949026">
        <ele>25.49</ele>
      </trkpt>
      <trkpt lat="36.12615597434342" lon="139.38595748506486">
        <ele>25.39</ele>
      </trkpt>
      <trkpt lat="36.126149939373136" lon="139.3859699741006">
        <ele>25.35</ele>
      </trkpt>
      <trkpt lat="36.1260499432683" lon="139.38614993356168">
        <ele>25.29</ele>
      </trkpt>
      <trkpt lat="36.12592438235879" lon="139.38629443757236">
        <ele>25.31</ele>
      </trkpt>
      <trkpt lat="36.12592429853976" lon="139.38629468902946">
        <ele>25.31</ele>
      </trkpt>
      <trkpt lat="36.12592304125428" lon="139.38629628159106">
        <ele>25.31</ele>
      </trkpt>
      <trkpt lat="36.12591993995011" lon="139.38629996962845">
        <ele>25.32</ele>
      </trkpt>
      <trkpt lat="36.12569287419319" lon="139.38656986691058">
        <ele>25.36</ele>
      </trkpt>
      <trkpt lat="36.125465892255306" lon="139.3868397641927">
        <ele>25.42</ele>
      </trkpt>
      <trkpt lat="36.12538995221257" lon="139.38692995347083">
        <ele>25.44</ele>
      </trkpt>
      <trkpt lat="36.1251484695822" lon="139.38718006946146">
        <ele>25.4</ele>
      </trkpt>
      <trkpt lat="36.12510999664664" lon="139.38721996732056">
        <ele>25.43</ele>
      </trkpt>
      <trkpt lat="36.12483657896519" lon="139.38741392455995">
        <ele>25.47</ele>
      </trkpt>
      <trkpt lat="36.12456324510276" lon="139.38760796561837">
        <ele>25.51</ele>
      </trkpt>
      <trkpt lat="36.124489987269044" lon="139.38765993341804">
        <ele>25.52</ele>
      </trkpt>
      <trkpt lat="36.124220760539174" lon="139.38786269165576">
        <ele>25.52</ele>
      </trkpt>
      <trkpt lat="36.123951617628336" lon="139.38806536607444">
        <ele>25.59</ele>
      </trkpt>
      <trkpt lat="36.1236824747175" lon="139.38826804049313">
        <ele>25.63</ele>
      </trkpt>
      <trkpt lat="36.12341333180666" lon="139.38847079873085">
        <ele>25.67</ele>
      </trkpt>
      <trkpt lat="36.12314410507679" lon="139.38867347314954">
        <ele>25.7</ele>
      </trkpt>
      <trkpt lat="36.12287496216595" lon="139.38887614756823">
        <ele>25.69</ele>
      </trkpt>
      <trkpt lat="36.12286993302405" lon="139.38887991942465">
        <ele>25.69</ele>
      </trkpt>
      <trkpt lat="36.12263532355428" lon="139.3890655785799">
        <ele>25.68</ele>
      </trkpt>
      <trkpt lat="36.122635155916214" lon="139.3890655785799">
        <ele>25.66</ele>
      </trkpt>
      <trkpt lat="36.12263381481171" lon="139.38906683586538">
        <ele>25.63</ele>
      </trkpt>
      <trkpt lat="36.12262995913625" lon="139.38906993716955">
        <ele>25.6</ele>
      </trkpt>
      <trkpt lat="36.12236903049052" lon="139.3892883695662">
        <ele>25.46</ele>
      </trkpt>
      <trkpt lat="36.12219996750355" lon="139.38942993991077">
        <ele>25.36</ele>
      </trkpt>
      <trkpt lat="36.12197524867952" lon="139.389702770859">
        <ele>25.29</ele>
      </trkpt>
      <trkpt lat="36.12191992811859" lon="139.38976999372244">
        <ele>25.25</ele>
      </trkpt>
      <trkpt lat="36.121723959222436" lon="139.3900745920837">
        <ele>25.29</ele>
      </trkpt>
      <trkpt lat="36.121527990326285" lon="139.39037919044495">
        <ele>25.24</ele>
      </trkpt>
      <trkpt lat="36.121332021430135" lon="139.39068387262523">
        <ele>25.11</ele>
      </trkpt>
      <trkpt lat="36.121136052533984" lon="139.39098847098649">
        <ele>25.06</ele>
      </trkpt>
      <trkpt lat="36.120940083637834" lon="139.39129315316677">
        <ele>24.98</ele>
      </trkpt>
      <trkpt lat="36.12090999260545" lon="139.39133992418647">
        <ele>24.93</ele>
      </trkpt>
      <trkpt lat="36.12071888521314" lon="139.39164930023253">
        <ele>24.91</ele>
      </trkpt>
      <trkpt lat="36.120527777820826" lon="139.39195859245956">
        <ele>24.88</ele>
      </trkpt>
      <trkpt lat="36.120336670428514" lon="139.3922678846866">
        <ele>24.74</ele>
      </trkpt>
      <trkpt lat="36.1201455630362" lon="139.39257717691362">
        <ele>24.66</ele>
      </trkpt>
      <trkpt lat="36.11995445564389" lon="139.39288646914065">
        <ele>24.72</ele>
      </trkpt>
      <trkpt lat="36.119939954951406" lon="139.39290993846953">
        <ele>24.69</ele>
      </trkpt>
      <trkpt lat="36.11973677761853" lon="139.39320732839406">
        <ele>24.68</ele>
      </trkpt>
      <trkpt lat="36.11953360028565" lon="139.39350471831858">
        <ele>24.68</ele>
      </trkpt>
      <trkpt lat="36.11933042295277" lon="139.3938021082431">
        <ele>24.64</ele>
      </trkpt>
      <trkpt lat="36.119127329438925" lon="139.39409949816763">
        <ele>24.69</ele>
      </trkpt>
      <trkpt lat="36.11892415210605" lon="139.39439688809216">
        <ele>24.71</ele>
      </trkpt>
      <trkpt lat="36.11872097477317" lon="139.3946942780167">
        <ele>24.67</ele>
      </trkpt>
      <trkpt lat="36.11855995841324" lon="139.39492997713387">
        <ele>24.66</ele>
      </trkpt>
      <trkpt lat="36.11838745884597" lon="139.39525544643402">
        <ele>24.65</ele>
      </trkpt>
      <trkpt lat="36.1182149592787" lon="139.39558091573417">
        <ele>24.68</ele>
      </trkpt>
      <trkpt lat="36.118042543530464" lon="139.39590646885335">
        <ele>24.76</ele>
      </trkpt>
      <trkpt lat="36.117870043963194" lon="139.3962319381535">
        <ele>24.75</ele>
      </trkpt>
      <trkpt lat="36.117697544395924" lon="139.39655740745366">
        <ele>24.86</ele>
      </trkpt>
      <trkpt lat="36.11752504482865" lon="139.3968828767538">
        <ele>25.01</ele>
      </trkpt>
      <trkpt lat="36.11735254526138" lon="139.397208429873">
        <ele>25.03</ele>
      </trkpt>
      <trkpt lat="36.117319939658046" lon="139.39726995304227">
        <ele>25.08</ele>
      </trkpt>
      <trkpt lat="36.11717493273318" lon="139.3976152036339">
        <ele>25.16</ele>
      </trkpt>
      <trkpt lat="36.1171099729836" lon="139.39776993356645">
        <ele>25.26</ele>
      </trkpt>
      <trkpt lat="36.11702489666641" lon="139.3981442693621">
        <ele>25.39</ele>
      </trkpt>
      <trkpt lat="36.11700997687876" lon="139.39820998348296">
        <ele>25.47</ele>
      </trkpt>
      <trkpt lat="36.1169474478811" lon="139.39859102480114">
        <ele>25.57</ele>
      </trkpt>
      <trkpt lat="36.116885002702475" lon="139.3989720661193">
        <ele>25.62</ele>
      </trkpt>
      <trkpt lat="36.11682255752385" lon="139.3993531074375">
        <ele>25.71</ele>
      </trkpt>
      <trkpt lat="36.11680998466909" lon="139.39942996948957">
        <ele>25.77</ele>
      </trkpt>
      <trkpt lat="36.116710072383285" lon="139.3997986894101">
        <ele>25.84</ele>
      </trkpt>
      <trkpt lat="36.1166799813509" lon="139.39990991726518">
        <ele>25.89</ele>
      </trkpt>
      <trkpt lat="36.116629941388965" lon="139.40004997886717">
        <ele>25.92</ele>
      </trkpt>
      <trkpt lat="36.116629941388965" lon="139.40015994943678">
        <ele>25.93</ele>
      </trkpt>
      <trkpt lat="36.116569926962256" lon="139.40020998939872">
        <ele>25.95</ele>
      </trkpt>
      <trkpt lat="36.11645299941301" lon="139.40057099796832">
        <ele>25.92</ele>
      </trkpt>
      <trkpt lat="36.11633992753923" lon="139.40091993659735">
        <ele>25.77</ele>
      </trkpt>
      <trkpt lat="36.11627999693155" lon="139.40121992491186">
        <ele>25.69</ele>
      </trkpt>
      <trkpt lat="36.116264406591654" lon="139.4016082584858">
        <ele>25.68</ele>
      </trkpt>
      <trkpt lat="36.11625996418297" lon="139.40171998925507">
        <ele>25.63</ele>
      </trkpt>
      <trkpt lat="36.11625443212688" lon="139.40210865810513">
        <ele>25.53</ele>
      </trkpt>
      <trkpt lat="36.116248816251755" lon="139.4024973269552">
        <ele>25.45</ele>
      </trkpt>
      <trkpt lat="36.11624328419566" lon="139.4028860796243">
        <ele>25.44</ele>
      </trkpt>
      <trkpt lat="36.11623993143439" lon="139.40311993472278">
        <ele>25.4</ele>
      </trkpt>
      <trkpt lat="36.116159968078136" lon="139.40344993025064">
        <ele>25.28</ele>
      </trkpt>
      <trkpt lat="36.11601261422038" lon="139.4037936720997">
        <ele>25.13</ele>
      </trkpt>
      <trkpt lat="36.116009932011366" lon="139.4037999585271">
        <ele>25.02</ele>
      </trkpt>
      <trkpt lat="36.11588470637798" lon="139.40393457189202">
        <ele>24.87</ele>
      </trkpt>
      <trkpt lat="36.11588453873992" lon="139.40393482334912">
        <ele>24.74</ele>
      </trkpt>
      <trkpt lat="36.11588319763541" lon="139.4039363320917">
        <ele>24.61</ele>
      </trkpt>
      <trkpt lat="36.115879928693175" lon="139.40393993631005">
        <ele>24.48</ele>
      </trkpt>
      <trkpt lat="36.11568999476731" lon="139.40419994294643">
        <ele>24.29</ele>
      </trkpt>
      <trkpt lat="36.11549846827984" lon="139.4045088160783">
        <ele>24.13</ele>
      </trkpt>
      <trkpt lat="36.11537994816899" lon="139.40469992347062">
        <ele>24.0</ele>
      </trkpt>
      <trkpt lat="36.11514567397535" lon="139.40496026538312">
        <ele>23.86</ele>
      </trkpt>
      <trkpt lat="36.11510996706784" lon="139.40499999560416">
        <ele>23.72</ele>
      </trkpt>
      <trkpt lat="36.1148476973176" lon="139.40478399395943">
        <ele>23.51</ele>
      </trkpt>
      <trkpt lat="36.11459992825985" lon="139.40457997843623">
        <ele>23.32</ele>
      </trkpt>
      <trkpt lat="36.114459950476885" lon="139.4044199679047">
        <ele>23.19</ele>
      </trkpt>
      <trkpt lat="36.11423992551863" lon="139.40430999733508">
        <ele>23.08</ele>
      </trkpt>
      <trkpt lat="36.11393138766289" lon="139.4042294472456">
        <ele>22.93</ele>
      </trkpt>
      <trkpt lat="36.11377992667258" lon="139.40418996848166">
        <ele>22.76</ele>
      </trkpt>
      <trkpt lat="36.11371647566557" lon="139.4041808322072">
        <ele>22.61</ele>
      </trkpt>
      <trkpt lat="36.113716224208474" lon="139.4041808322072">
        <ele>22.48</ele>
      </trkpt>
      <trkpt lat="36.11371446400881" lon="139.4041805807501">
        <ele>22.36</ele>
      </trkpt>
      <trkpt lat="36.113709937781096" lon="139.40417999401689">
        <ele>22.23</ele>
      </trkpt>
      <trkpt lat="36.11339603550732" lon="139.4041416887194">
        <ele>22.1</ele>
      </trkpt>
      <trkpt lat="36.113299978896976" lon="139.40412995405495">
        <ele>22.0</ele>
      </trkpt>
      <trkpt lat="36.11318992450833" lon="139.40401998348534">
        <ele>21.91</ele>
      </trkpt>
      <trkpt lat="36.11304994672537" lon="139.40402995795012">
        <ele>21.83</ele>
      </trkpt>
      <trkpt lat="36.11304072663188" lon="139.40364137291908">
        <ele>21.71</ele>
      </trkpt>
      <trkpt lat="36.11303142271936" lon="139.40325278788805">
        <ele>21.6</ele>
      </trkpt>
      <trkpt lat="36.11303008161485" lon="139.40319780260324">
        <ele>21.51</ele>
      </trkpt>
      <trkpt lat="36.11303008161485" lon="139.40319755114615">
        <ele>21.44</ele>
      </trkpt>
      <trkpt lat="36.11303008161485" lon="139.4031952880323">
        <ele>21.37</ele>
      </trkpt>
      <trkpt lat="36.11302999779582" lon="139.40318992361426">
        <ele>21.3</ele>
      </trkpt>
      <trkpt lat="36.11302999779582" lon="139.40296998247504">
        <ele>21.23</ele>
      </trkpt>
      <trkpt lat="36.11271467059851" lon="139.40298289060593">
        <ele>21.21</ele>
      </trkpt>
      <trkpt lat="36.112399427220225" lon="139.40299588255584">
        <ele>21.14</ele>
      </trkpt>
      <trkpt lat="36.112084183841944" lon="139.40300879068673">
        <ele>21.09</ele>
      </trkpt>
      <trkpt lat="36.11176894046366" lon="139.40302178263664">
        <ele>21.06</ele>
      </trkpt>
      <trkpt lat="36.11145369708538" lon="139.40303477458656">
        <ele>21.04</ele>
      </trkpt>
      <trkpt lat="36.1111384537071" lon="139.40304768271744">
        <ele>21.05</ele>
      </trkpt>
      <trkpt lat="36.11082321032882" lon="139.40306067466736">
        <ele>21.04</ele>
      </trkpt>
      <trkpt lat="36.110507966950536" lon="139.40307358279824">
        <ele>21.02</ele>
      </trkpt>
      <trkpt lat="36.110192723572254" lon="139.40308657474816">
        <ele>21.01</ele>
      </trkpt>
      <trkpt lat="36.10987748019397" lon="139.40309948287904">
        <ele>20.96</ele>
      </trkpt>
      <trkpt lat="36.10956223681569" lon="139.40311247482896">
        <ele>20.91</ele>
      </trkpt>
      <trkpt lat="36.10937993042171" lon="139.40311993472278">
        <ele>20.91</ele>
      </trkpt>
      <trkpt lat="36.10908882692456" lon="139.40297048538923">
        <ele>20.91</ele>
      </trkpt>
      <trkpt lat="36.10900995321572" lon="139.40292991697788">
        <ele>20.92</ele>
      </trkpt>
      <trkpt lat="36.108835861086845" lon="139.40282355062664">
        <ele>20.93</ele>
      </trkpt>
      <trkpt lat="36.108835777267814" lon="139.4028234668076">
        <ele>20.94</ele>
      </trkpt>
      <trkpt lat="36.10883418470621" lon="139.40282254479825">
        <ele>20.95</ele>
      </trkpt>
      <trkpt lat="36.108829993754625" lon="139.40281994640827">
        <ele>20.96</ele>
      </trkpt>
      <trkpt lat="36.10854584723711" lon="139.40265105105937">
        <ele>20.97</ele>
      </trkpt>
      <trkpt lat="36.10826178453863" lon="139.40248215571046">
        <ele>20.93</ele>
      </trkpt>
      <trkpt lat="36.10797772184014" lon="139.40231317654252">
        <ele>20.98</ele>
      </trkpt>
      <trkpt lat="36.10771997831762" lon="139.40215995535254">
        <ele>21.0</ele>
      </trkpt>
      <trkpt lat="36.10779734328389" lon="139.40194688737392">
        <ele>21.03</ele>
      </trkpt>
      <trkpt lat="36.10779742710292" lon="139.40194671973586">
        <ele>21.06</ele>
      </trkpt>
      <trkpt lat="36.10779818147421" lon="139.4019447080791">
        <ele>21.09</ele>
      </trkpt>
      <trkpt lat="36.107799941673875" lon="139.4019399303943">
        <ele>21.12</ele>
      </trkpt>
      <trkpt lat="36.10788996331394" lon="139.40173993818462">
        <ele>21.17</ele>
      </trkpt>
      <trkpt lat="36.10776993446052" lon="139.40176994539797">
        <ele>21.22</ele>
      </trkpt>
      <trkpt lat="36.1074826028198" lon="139.40193037502468">
        <ele>21.24</ele>
      </trkpt>
      <trkpt lat="36.10719535499811" lon="139.40209080465138">
        <ele>21.26</ele>
      </trkpt>
      <trkpt lat="36.10690802335739" lon="139.40225115045905">
        <ele>21.29</ele>
      </trkpt>
      <trkpt lat="36.10662069171667" lon="139.40241158008575">
        <ele>21.34</ele>
      </trkpt>
      <trkpt lat="36.10633336007595" lon="139.40257200971246">
        <ele>21.4</ele>
      </trkpt>
      <trkpt lat="36.106145940721035" lon="139.40267644822598">
        <ele>21.48</ele>
      </trkpt>
      <trkpt lat="36.10614577308297" lon="139.40267644822598">
        <ele>21.53</ele>
      </trkpt>
      <trkpt lat="36.10614434815943" lon="139.40267745405436">
        <ele>21.58</ele>
      </trkpt>
      <trkpt lat="36.10613998956978" lon="139.4026799686253">
        <ele>21.63</ele>
      </trkpt>
      <trkpt lat="36.10613998956978" lon="139.40268994309008">
        <ele>21.68</ele>
      </trkpt>
      <trkpt lat="36.105851819738746" lon="139.40284810960293">
        <ele>21.71</ele>
      </trkpt>
      <trkpt lat="36.105629950761795" lon="139.40296998247504">
        <ele>21.74</ele>
      </trkpt>
      <trkpt lat="36.1055813357234" lon="139.40258592367172">
        <ele>21.83</ele>
      </trkpt>
      <trkpt lat="36.105532720685005" lon="139.4022018648684">
        <ele>21.91</ele>
      </trkpt>
      <trkpt lat="36.10552995465696" lon="139.40217998810112">
        <ele>21.95</ele>
      </trkpt>
      <trkpt lat="36.1052599735558" lon="139.40217998810112">
        <ele>22.01</ele>
      </trkpt>
      <trkpt lat="36.10494498163462" lon="139.40220010466874">
        <ele>21.98</ele>
      </trkpt>
      <trkpt lat="36.10479662194848" lon="139.4022094924003">
        <ele>21.96</ele>
      </trkpt>
      <trkpt lat="36.10479645431042" lon="139.4022094924003">
        <ele>21.97</ele>
      </trkpt>
      <trkpt lat="36.104794861748815" lon="139.40220966003835">
        <ele>21.97</ele>
      </trkpt>
      <trkpt lat="36.10478991642594" lon="139.40220999531448">
        <ele>21.96</ele>
      </trkpt>
      <trkpt lat="36.10447785817087" lon="139.40226623788476">
        <ele>21.89</ele>
      </trkpt>
      <trkpt lat="36.10417996533215" lon="139.4023199658841">
        <ele>21.9</ele>
      </trkpt>
      <trkpt lat="36.10389992594719" lon="139.40241996198893">
        <ele>21.95</ele>
      </trkpt>
      <trkpt lat="36.10369783826172" lon="139.40271835774183">
        <ele>21.94</ele>
      </trkpt>
      <trkpt lat="36.10368995927274" lon="139.4027299247682">
        <ele>21.9</ele>
      </trkpt>
      <trkpt lat="36.10344998538494" lon="139.4028699863702">
        <ele>21.84</ele>
      </trkpt>
      <trkpt lat="36.10315200872719" lon="139.4029976427555">
        <ele>21.77</ele>
      </trkpt>
      <trkpt lat="36.10288999043405" lon="139.403109960258">
        <ele>21.69</ele>
      </trkpt>
      <trkpt lat="36.102601485326886" lon="139.40326728858054">
        <ele>21.63</ele>
      </trkpt>
      <trkpt lat="36.10256594605744" lon="139.4032864831388">
        <ele>21.54</ele>
      </trkpt>
      <trkpt lat="36.102565778419375" lon="139.40328665077686">
        <ele>21.44</ele>
      </trkpt>
      <trkpt lat="36.10256418585777" lon="139.4032875727862">
        <ele>21.33</ele>
      </trkpt>
      <trkpt lat="36.10255999490619" lon="139.4032899197191">
        <ele>21.22</ele>
      </trkpt>
      <trkpt lat="36.10238992609084" lon="139.4033599924296">
        <ele>21.11</ele>
      </trkpt>
      <trkpt lat="36.102085495367646" lon="139.403461413458">
        <ele>20.95</ele>
      </trkpt>
      <trkpt lat="36.101849963888526" lon="139.4035399518907">
        <ele>20.79</ele>
      </trkpt>
      <trkpt lat="36.101876283064485" lon="139.40392727963626">
        <ele>20.61</ele>
      </trkpt>
      <trkpt lat="36.10190260224044" lon="139.40431460738182">
        <ele>20.45</ele>
      </trkpt>
      <trkpt lat="36.101919282227755" lon="139.40456229262054">
        <ele>20.28</ele>
      </trkpt>
      <trkpt lat="36.101919366046786" lon="139.4045624602586">
        <ele>20.14</ele>
      </trkpt>
      <trkpt lat="36.10191953368485" lon="139.40456472337246">
        <ele>20.01</ele>
      </trkpt>
      <trkpt lat="36.10191995278001" lon="139.40456992015243">
        <ele>19.88</ele>
      </trkpt>
      <trkpt lat="36.10196940600872" lon="139.40495381131768">
        <ele>19.75</ele>
      </trkpt>
      <trkpt lat="36.10201885923743" lon="139.40533770248294">
        <ele>19.68</ele>
      </trkpt>
      <trkpt lat="36.102068312466145" lon="139.4057215936482">
        <ele>19.48</ele>
      </trkpt>
      <trkpt lat="36.10208993777633" lon="139.4058899860829">
        <ele>19.34</ele>
      </trkpt>
      <trkpt lat="36.10177838243544" lon="139.4059505034238">
        <ele>19.25</ele>
      </trkpt>
      <trkpt lat="36.101466827094555" lon="139.40601110458374">
        <ele>19.18</ele>
      </trkpt>
      <trkpt lat="36.10115527175367" lon="139.40607170574367">
        <ele>19.12</ele>
      </trkpt>
      <trkpt lat="36.10084363259375" lon="139.4061323069036">
        <ele>19.08</ele>
      </trkpt>
      <trkpt lat="36.100532077252865" lon="139.40619290806353">
        <ele>19.05</ele>
      </trkpt>
      <trkpt lat="36.10029679723084" lon="139.40623850561678">
        <ele>19.03</ele>
      </trkpt>
      <trkpt lat="36.10029646195471" lon="139.40623850561678">
        <ele>19.03</ele>
      </trkpt>
      <trkpt lat="36.100295037031174" lon="139.40623892471194">
        <ele>19.04</ele>
      </trkpt>
      <trkpt lat="36.10028992407024" lon="139.40623993054032">
        <ele>19.06</ele>
      </trkpt>
      <trkpt lat="36.10028992407024" lon="139.40624998882413">
        <ele>19.1</ele>
      </trkpt>
      <trkpt lat="36.100019942969084" lon="139.4063199777156">
        <ele>19.17</ele>
      </trkpt>
      <trkpt lat="36.099735125899315" lon="139.4064869452268">
        <ele>19.29</ele>
      </trkpt>
      <trkpt lat="36.09972992911935" lon="139.40648996271193">
        <ele>19.36</ele>
      </trkpt>
      <trkpt lat="36.099699921905994" lon="139.40618997439742">
        <ele>19.46</ele>
      </trkpt>
      <trkpt lat="36.099659940227866" lon="139.4061399344355">
        <ele>19.56</ele>
      </trkpt>
      <trkpt lat="36.09953999519348" lon="139.4061299599707">
        <ele>19.67</ele>
      </trkpt>
      <trkpt lat="36.0995199624449" lon="139.40604999661446">
        <ele>19.76</ele>
      </trkpt>
      <trkpt lat="36.09946992248297" lon="139.40573995001614">
        <ele>19.87</ele>
      </trkpt>
      <trkpt lat="36.099309995770454" lon="139.40579996444285">
        <ele>19.96</ele>
      </trkpt>
      <trkpt lat="36.09899651259184" lon="139.4058437179774">
        <ele>20.05</ele>
      </trkpt>
      <trkpt lat="36.09887992031872" lon="139.40585997886956">
        <ele>20.15</ele>
      </trkpt>
      <trkpt lat="36.098716389387846" lon="139.405927201733">
        <ele>20.24</ele>
      </trkpt>
      <trkpt lat="36.09871622174978" lon="139.405927201733">
        <ele>20.33</ele>
      </trkpt>
      <trkpt lat="36.09871462918818" lon="139.40592795610428">
        <ele>20.41</ele>
      </trkpt>
      <trkpt lat="36.098709935322404" lon="139.40592996776104">
        <ele>20.49</ele>
      </trkpt>
      <trkpt lat="36.09847993589938" lon="139.40604999661446">
        <ele>20.57</ele>
      </trkpt>
      <trkpt lat="36.09824993647635" lon="139.40610992722213">
        <ele>20.67</ele>
      </trkpt>
      <trkpt lat="36.0980399698019" lon="139.40602996386588">
        <ele>20.74</ele>
      </trkpt>
      <trkpt lat="36.09783997759223" lon="139.40605997107923">
        <ele>20.8</ele>
      </trkpt>
      <trkpt lat="36.09753026627004" lon="139.4061338994652">
        <ele>20.87</ele>
      </trkpt>
      <trkpt lat="36.097220638766885" lon="139.40620782785118">
        <ele>20.87</ele>
      </trkpt>
      <trkpt lat="36.0971699282527" lon="139.40621998161077">
        <ele>20.89</ele>
      </trkpt>
      <trkpt lat="36.096909921616316" lon="139.4062599632889">
        <ele>20.91</ele>
      </trkpt>
      <trkpt lat="36.096818558871746" lon="139.40588797442615">
        <ele>20.91</ele>
      </trkpt>
      <trkpt lat="36.09676994383335" lon="139.40568999387324">
        <ele>20.91</ele>
      </trkpt>
      <trkpt lat="36.09647531993687" lon="139.4058286305517">
        <ele>20.86</ele>
      </trkpt>
      <trkpt lat="36.096259988844395" lon="139.40592996776104">
        <ele>20.81</ele>
      </trkpt>
      <trkpt lat="36.09618999995291" lon="139.4059399422258">
        <ele>20.79</ele>
      </trkpt>
      <trkpt lat="36.0961352661252" lon="139.405557224527">
        <ele>20.77</ele>
      </trkpt>
      <trkpt lat="36.096130991354585" lon="139.40552797168493">
        <ele>20.74</ele>
      </trkpt>
      <trkpt lat="36.096130991354585" lon="139.40552772022784">
        <ele>20.69</ele>
      </trkpt>
      <trkpt lat="36.09613073989749" lon="139.405525540933">
        <ele>20.64</ele>
      </trkpt>
      <trkpt lat="36.096129985526204" lon="139.4055199250579">
        <ele>20.59</ele>
      </trkpt>
      <trkpt lat="36.0961199272424" lon="139.40549997612834">
        <ele>20.53</ele>
      </trkpt>
      <trkpt lat="36.09605999663472" lon="139.40540995448828">
        <ele>20.48</ele>
      </trkpt>
      <trkpt lat="36.09601993113756" lon="139.40543996170163">
        <ele>20.4</ele>
      </trkpt>
      <trkpt lat="36.09574659727514" lon="139.40563391894102">
        <ele>20.35</ele>
      </trkpt>
      <trkpt lat="36.09570996835828" lon="139.40565998665988">
        <ele>20.28</ele>
      </trkpt>
      <trkpt lat="36.09553998336196" lon="139.405699968338">
        <ele>20.21</ele>
      </trkpt>
      <trkpt lat="36.09536999836564" lon="139.40566996112466">
        <ele>20.13</ele>
      </trkpt>
      <trkpt lat="36.09507763758302" lon="139.40552378073335">
        <ele>20.02</ele>
      </trkpt>
      <trkpt lat="36.094785360619426" lon="139.40537768416107">
        <ele>19.91</ele>
      </trkpt>
      <trkpt lat="36.094493083655834" lon="139.40523150376976">
        <ele>19.78</ele>
      </trkpt>
      <trkpt lat="36.094349920749664" lon="139.40515992231667">
        <ele>19.68</ele>
      </trkpt>
      <trkpt lat="36.0941599868238" lon="139.40497996285558">
        <ele>19.61</ele>
      </trkpt>
      <trkpt lat="36.09393727965653" lon="139.40470470115542">
        <ele>19.58</ele>
      </trkpt>
      <trkpt lat="36.09371457248926" lon="139.40442943945527">
        <ele>19.58</ele>
      </trkpt>
      <trkpt lat="36.093491949141026" lon="139.40415417775512">
        <ele>19.56</ele>
      </trkpt>
      <trkpt lat="36.09343998134136" lon="139.40408997237682">
        <ele>19.53</ele>
      </trkpt>
      <trkpt lat="36.09318416565657" lon="139.40431737340987">
        <ele>19.45</ele>
      </trkpt>
      <trkpt lat="36.093079978600144" lon="139.4044099934399">
        <ele>19.39</ele>
      </trkpt>
      <trkpt lat="36.09285048209131" lon="139.4046766217798">
        <ele>19.35</ele>
      </trkpt>
      <trkpt lat="36.09270991757512" lon="139.4048399850726">
        <ele>19.33</ele>
      </trkpt>
      <trkpt lat="36.092614280059934" lon="139.40521029755473">
        <ele>19.31</ele>
      </trkpt>
      <trkpt lat="36.092518642544746" lon="139.40558061003685">
        <ele>19.25</ele>
      </trkpt>
      <trkpt lat="36.09242292121053" lon="139.40595092251897">
        <ele>19.3</ele>
      </trkpt>
      <trkpt lat="36.09239995479584" lon="139.40603993833065">
        <ele>19.31</ele>
      </trkpt>
      <trkpt lat="36.09226324595511" lon="139.4063902180642">
        <ele>19.28</ele>
      </trkpt>
      <trkpt lat="36.09223994426429" lon="139.4064499810338">
        <ele>19.25</ele>
      </trkpt>
      <trkpt lat="36.09211765229702" lon="139.40680813975632">
        <ele>19.17</ele>
      </trkpt>
      <trkpt lat="36.09209996648133" lon="139.40685993991792">
        <ele>19.16</ele>
      </trkpt>
      <trkpt lat="36.09201857820153" lon="139.40723544918">
        <ele>19.1</ele>
      </trkpt>
      <trkpt lat="36.09196996316314" lon="139.40745991654694">
        <ele>19.09</ele>
      </trkpt>
      <trkpt lat="36.091874577105045" lon="139.40783039666712">
        <ele>19.13</ele>
      </trkpt>
      <trkpt lat="36.09177910722792" lon="139.40820079296827">
        <ele>19.19</ele>
      </trkpt>
      <trkpt lat="36.09168372116983" lon="139.40857127308846">
        <ele>19.21</ele>
      </trkpt>
      <trkpt lat="36.0916299931705" lon="139.40877998247743">
        <ele>19.23</ele>
      </trkpt>
      <trkpt lat="36.09153997153044" lon="139.40900998190045">
        <ele>19.28</ele>
      </trkpt>
      <trkpt lat="36.09152052551508" lon="139.40939789637923">
        <ele>19.28</ele>
      </trkpt>
      <trkpt lat="36.091520274057984" lon="139.40940166823566">
        <ele>19.31</ele>
      </trkpt>
      <trkpt lat="36.091520274057984" lon="139.40940191969275">
        <ele>19.34</ele>
      </trkpt>
      <trkpt lat="36.09152019023895" lon="139.4094041828066">
        <ele>19.38</ele>
      </trkpt>
      <trkpt lat="36.09151993878186" lon="139.4094099663198">
        <ele>19.41</ele>
      </trkpt>
      <trkpt lat="36.09151993878186" lon="139.40960995852947">
        <ele>19.45</ele>
      </trkpt>
      <trkpt lat="36.09151993878186" lon="139.4096116349101">
        <ele>19.5</ele>
      </trkpt>
      <trkpt lat="36.09151993878186" lon="139.4096118863672">
        <ele>19.54</ele>
      </trkpt>
      <trkpt lat="36.09151993878186" lon="139.40961414948106">
        <ele>19.6</ele>
      </trkpt>
      <trkpt lat="36.09151993878186" lon="139.40961993299425">
        <ele>19.65</ele>
      </trkpt>
      <trkpt lat="36.091818837448955" lon="139.40974415279925">
        <ele>19.66</ele>
      </trkpt>
      <trkpt lat="36.09211773611605" lon="139.40986837260425">
        <ele>19.72</ele>
      </trkpt>
      <trkpt lat="36.09241663478315" lon="139.40999250859022">
        <ele>19.84</ele>
      </trkpt>
      <trkpt lat="36.092715533450246" lon="139.41011672839522">
        <ele>19.96</ele>
      </trkpt>
      <trkpt lat="36.09278183430433" lon="139.41014422103763">
        <ele>20.02</ele>
      </trkpt>
      <trkpt lat="36.092782001942396" lon="139.41014430485666">
        <ele>20.1</ele>
      </trkpt>
      <trkpt lat="36.09278367832303" lon="139.41014505922794">
        <ele>20.18</ele>
      </trkpt>
      <trkpt lat="36.09278845600784" lon="139.4101470708847">
        <ele>20.27</ele>
      </trkpt>
      <trkpt lat="36.09281234443188" lon="139.4102463964373">
        <ele>20.35</ele>
      </trkpt>
      <trkpt lat="36.09281242825091" lon="139.41024664789438">
        <ele>20.45</ele>
      </trkpt>
      <trkpt lat="36.09281301498413" lon="139.41024874337018">
        <ele>20.55</ele>
      </trkpt>
      <trkpt lat="36.09281443990767" lon="139.4102543592453">
        <ele>20.66</ele>
      </trkpt>
      <trkpt lat="36.09251495450735" lon="139.41013231873512">
        <ele>20.77</ele>
      </trkpt>
      <trkpt lat="36.09221546910703" lon="139.41001036204398">
        <ele>20.84</ele>
      </trkpt>
      <trkpt lat="36.09191598370671" lon="139.40988840535283">
        <ele>20.95</ele>
      </trkpt>
      <trkpt lat="36.091616498306394" lon="139.40976644866168">
        <ele>21.11</ele>
      </trkpt>
      <trkpt lat="36.09145129099488" lon="139.40969914197922">
        <ele>21.29</ele>
      </trkpt>
      <trkpt lat="36.09145112335682" lon="139.4096990581602">
        <ele>21.43</ele>
      </trkpt>
      <trkpt lat="36.09144961461425" lon="139.40969847142696">
        <ele>21.57</ele>
      </trkpt>
      <trkpt lat="36.09144466929138" lon="139.4096964597702">
        <ele>21.71</ele>
      </trkpt>
      <trkpt lat="36.09145690687001" lon="139.40930804237723">
        <ele>21.84</ele>
      </trkpt>
      <trkpt lat="36.0914658755064" lon="139.40901769325137">
        <ele>22.02</ele>
      </trkpt>
      <trkpt lat="36.09146595932543" lon="139.40901744179428">
        <ele>22.16</ele>
      </trkpt>
      <trkpt lat="36.091466043144464" lon="139.40901526249945">
        <ele>22.31</ele>
      </trkpt>
      <trkpt lat="36.09146629460156" lon="139.4090098142624">
        <ele>22.46</ele>
      </trkpt>
      <trkpt lat="36.091490434482694" lon="139.40889984369278">
        <ele>22.58</ele>
      </trkpt>
      <trkpt lat="36.091490518301725" lon="139.40889959223568">
        <ele>22.72</ele>
      </trkpt>
      <trkpt lat="36.091491021215916" lon="139.40889741294086">
        <ele>22.87</ele>
      </trkpt>
      <trkpt lat="36.09149227850139" lon="139.40889179706573">
        <ele>23.0</ele>
      </trkpt>
      <trkpt lat="36.0914899315685" lon="139.40888995304704">
        <ele>23.14</ele>
      </trkpt>
      <trkpt lat="36.09118960797787" lon="139.4087711814791">
        <ele>23.37</ele>
      </trkpt>
      <trkpt lat="36.0910599399358" lon="139.40871996805072">
        <ele>23.52</ele>
      </trkpt>
      <trkpt lat="36.09074452891946" lon="139.40871996805072">
        <ele>23.66</ele>
      </trkpt>
      <trkpt lat="36.09072994440794" lon="139.40871996805072">
        <ele>23.76</ele>
      </trkpt>
      <trkpt lat="36.0904229991138" lon="139.4088092353195">
        <ele>23.74</ele>
      </trkpt>
      <trkpt lat="36.09017992392182" lon="139.40887997858226">
        <ele>23.77</ele>
      </trkpt>
      <trkpt lat="36.09023750759661" lon="139.40926210954785">
        <ele>23.91</ele>
      </trkpt>
      <trkpt lat="36.09029500745237" lon="139.4096441566944">
        <ele>24.04</ele>
      </trkpt>
      <trkpt lat="36.09031864441931" lon="139.40980173647404">
        <ele>24.13</ele>
      </trkpt>
      <trkpt lat="36.090318728238344" lon="139.40980198793113">
        <ele>24.16</ele>
      </trkpt>
      <trkpt lat="36.09031906351447" lon="139.40980416722596">
        <ele>24.17</ele>
      </trkpt>
      <trkpt lat="36.09031998552382" lon="139.40980995073915">
        <ele>24.17</ele>
      </trkpt>
      <trkpt lat="36.090382263064384" lon="139.4101909082383">
        <ele>24.31</ele>
      </trkpt>
      <trkpt lat="36.09040992334485" lon="139.41035997122526">
        <ele>24.3</ele>
      </trkpt>
      <trkpt lat="36.09041880816221" lon="139.41074847243726">
        <ele>24.22</ele>
      </trkpt>
      <trkpt lat="36.090419981628656" lon="139.41079993732274">
        <ele>24.13</ele>
      </trkpt>
      <trkpt lat="36.09035996720195" lon="139.41111995838583">
        <ele>23.93</ele>
      </trkpt>
      <trkpt lat="36.09023197554052" lon="139.41147518344223">
        <ele>23.72</ele>
      </trkpt>
      <trkpt lat="36.09010406769812" lon="139.41183040849864">
        <ele>23.57</ele>
      </trkpt>
      <trkpt lat="36.08997607603669" lon="139.41218554973602">
        <ele>23.39</ele>
      </trkpt>
      <trkpt lat="36.08984808437526" lon="139.41254077479243">
        <ele>23.21</ele>
      </trkpt>
      <trkpt lat="36.08977993950248" lon="139.41272995434701">
        <ele>23.08</ele>
      </trkpt>
      <trkpt lat="36.09006249345839" lon="139.41290262155235">
        <ele>22.87</ele>
      </trkpt>
      <trkpt lat="36.090139942243695" lon="139.41294997930527">
        <ele>22.68</ele>
      </trkpt>
      <trkpt lat="36.09044118784368" lon="139.41306514665484">
        <ele>22.51</ele>
      </trkpt>
      <trkpt lat="36.090479996055365" lon="139.41307998262346">
        <ele>22.32</ele>
      </trkpt>
      <trkpt lat="36.0907906293869" lon="139.4131469540298">
        <ele>22.12</ele>
      </trkpt>
      <trkpt lat="36.09098995104432" lon="139.41318995319307">
        <ele>21.94</ele>
      </trkpt>
      <trkpt lat="36.09122992493212" lon="139.41320998594165">
        <ele>21.73</ele>
      </trkpt>
      <trkpt lat="36.0915454197675" lon="139.41320998594165">
        <ele>21.58</ele>
      </trkpt>
      <trkpt lat="36.091639967635274" lon="139.41320998594165">
        <ele>21.4</ele>
      </trkpt>
      <trkpt lat="36.09184993430972" lon="139.41325994208455">
        <ele>21.22</ele>
      </trkpt>
      <trkpt lat="36.092089992016554" lon="139.41333998925984">
        <ele>20.99</ele>
      </trkpt>
      <trkpt lat="36.092299958691" lon="139.4133499637246">
        <ele>20.78</ele>
      </trkpt>
      <trkpt lat="36.092582596465945" lon="139.41327184438705">
        <ele>20.65</ele>
      </trkpt>
      <trkpt lat="36.092583015561104" lon="139.413271676749">
        <ele>20.5</ele>
      </trkpt>
      <trkpt lat="36.09258435666561" lon="139.4132714252919">
        <ele>20.36</ele>
      </trkpt>
      <trkpt lat="36.092589972540736" lon="139.41326991654932">
        <ele>20.23</ele>
      </trkpt>
      <trkpt lat="36.09288576990366" lon="139.41313513554633">
        <ele>20.21</ele>
      </trkpt>
      <trkpt lat="36.093181651085615" lon="139.4130002707243">
        <ele>20.13</ele>
      </trkpt>
      <trkpt lat="36.09326999634504" lon="139.41295995377004">
        <ele>20.02</ele>
      </trkpt>
      <trkpt lat="36.093549616634846" lon="139.412780161947">
        <ele>19.91</ele>
      </trkpt>
      <trkpt lat="36.09382923692465" lon="139.41260037012398">
        <ele>19.8</ele>
      </trkpt>
      <trkpt lat="36.09410894103348" lon="139.41242066211998">
        <ele>19.65</ele>
      </trkpt>
      <trkpt lat="36.09424992464483" lon="139.41232996992767">
        <ele>19.57</ele>
      </trkpt>
      <trkpt lat="36.094538094475865" lon="139.41217188723385">
        <ele>19.53</ele>
      </trkpt>
      <trkpt lat="36.09455997124314" lon="139.41215998493135">
        <ele>19.47</ele>
      </trkpt>
      <trkpt lat="36.094868341460824" lon="139.41207834519446">
        <ele>19.43</ele>
      </trkpt>
      <trkpt lat="36.09489994123578" lon="139.4120699632913">
        <ele>19.38</ele>
      </trkpt>
      <trkpt lat="36.095215352252126" lon="139.4120699632913">
        <ele>19.3</ele>
      </trkpt>
      <trkpt lat="36.09528995119035" lon="139.4120699632913">
        <ele>19.25</ele>
      </trkpt>
      <trkpt lat="36.09559245407581" lon="139.41211857832968">
        <ele>19.19</ele>
      </trkpt>
      <trkpt lat="36.095592956990004" lon="139.4121186621487">
        <ele>19.17</ele>
      </trkpt>
      <trkpt lat="36.09559421427548" lon="139.4121189136058">
        <ele>19.17</ele>
      </trkpt>
      <trkpt lat="36.09559999778867" lon="139.4121199194342">
        <ele>19.18</ele>
      </trkpt>
      <trkpt lat="36.095914067700505" lon="139.4121556263417">
        <ele>19.19</ele>
      </trkpt>
      <trkpt lat="36.09603996388614" lon="139.41216995939612">
        <ele>19.21</ele>
      </trkpt>
      <trkpt lat="36.09635537490249" lon="139.4121746532619">
        <ele>19.16</ele>
      </trkpt>
      <trkpt lat="36.09667078591883" lon="139.41217934712768">
        <ele>19.17</ele>
      </trkpt>
      <trkpt lat="36.09698619693518" lon="139.41218404099345">
        <ele>19.27</ele>
      </trkpt>
      <trkpt lat="36.09730160795152" lon="139.41218873485923">
        <ele>19.36</ele>
      </trkpt>
      <trkpt lat="36.09761701896787" lon="139.41219334490597">
        <ele>19.53</ele>
      </trkpt>
      <trkpt lat="36.09793234616518" lon="139.41219803877175">
        <ele>19.67</ele>
      </trkpt>
      <trkpt lat="36.09805991873145" lon="139.41219996660948">
        <ele>19.76</ele>
      </trkpt>
      <trkpt lat="36.098371809348464" lon="139.41214146092534">
        <ele>19.84</ele>
      </trkpt>
      <trkpt lat="36.09837993979454" lon="139.41213995218277">
        <ele>19.93</ele>
      </trkpt>
      <trkpt lat="36.09863994643092" lon="139.41200994886458">
        <ele>20.01</ele>
      </trkpt>
      <trkpt lat="36.0988999530673" lon="139.41183996386826">
        <ele>20.12</ele>
      </trkpt>
      <trkpt lat="36.0988999530673" lon="139.4121799338609">
        <ele>20.23</ele>
      </trkpt>
      <trkpt lat="36.09891998581588" lon="139.41229996271431">
        <ele>20.32</ele>
      </trkpt>
      <trkpt lat="36.098989974707365" lon="139.41238998435438">
        <ele>20.41</ele>
      </trkpt>
      <trkpt lat="36.0990899708122" lon="139.41256994381547">
        <ele>20.49</ele>
      </trkpt>
      <trkpt lat="36.099238246679306" lon="139.41291293129325">
        <ele>20.58</ele>
      </trkpt>
      <trkpt lat="36.099249981343746" lon="139.41293992102146">
        <ele>20.66</ele>
      </trkpt>
      <trkpt lat="36.099309995770454" lon="139.4129899609834">
        <ele>20.75</ele>
      </trkpt>
      <trkpt lat="36.09949992969632" lon="139.4129299465567">
        <ele>20.85</ele>
      </trkpt>
      <trkpt lat="36.09962993301451" lon="139.41289993934333">
        <ele>20.93</ele>
      </trkpt>
      <trkpt lat="36.09978994354606" lon="139.41290999762714">
        <ele>20.98</ele>
      </trkpt>
      <trkpt lat="36.09983998350799" lon="139.4129199720919">
        <ele>21.03</ele>
      </trkpt>
      <trkpt lat="36.09991676174104" lon="139.413102529943">
        <ele>21.08</ele>
      </trkpt>
      <trkpt lat="36.099916845560074" lon="139.41310269758105">
        <ele>21.12</ele>
      </trkpt>
      <trkpt lat="36.09991768375039" lon="139.4131047092378">
        <ele>21.14</ele>
      </trkpt>
      <trkpt lat="36.09991994686425" lon="139.4131099898368">
        <ele>21.16</ele>
      </trkpt>
      <trkpt lat="36.099999994039536" lon="139.41340997815132">
        <ele>21.17</ele>
      </trkpt>
      <trkpt lat="36.10031532123685" lon="139.41340008750558">
        <ele>21.18</ele>
      </trkpt>
      <trkpt lat="36.10031993128359" lon="139.41339991986752">
        <ele>21.18</ele>
      </trkpt>
      <trkpt lat="36.100634671747684" lon="139.41342674195766">
        <ele>21.18</ele>
      </trkpt>
      <trkpt lat="36.100782779976726" lon="139.41343931481242">
        <ele>21.16</ele>
      </trkpt>
      <trkpt lat="36.10078294761479" lon="139.41343931481242">
        <ele>21.13</ele>
      </trkpt>
      <trkpt lat="36.10078462399542" lon="139.41343948245049">
        <ele>21.09</ele>
      </trkpt>
      <trkpt lat="36.10078998841345" lon="139.41343998536468">
        <ele>21.05</ele>
      </trkpt>
      <trkpt lat="36.100879926234484" lon="139.41343998536468">
        <ele>21.01</ele>
      </trkpt>
      <trkpt lat="36.10087095759809" lon="139.41382848657668">
        <ele>20.9</ele>
      </trkpt>
      <trkpt lat="36.10086995176971" lon="139.41386997699738">
        <ele>20.85</ele>
      </trkpt>
      <trkpt lat="36.10092996619642" lon="139.41412998363376">
        <ele>20.72</ele>
      </trkpt>
      <trkpt lat="36.10104379244149" lon="139.4144924171269">
        <ele>20.63</ele>
      </trkpt>
      <trkpt lat="36.101157534867525" lon="139.41485493443906">
        <ele>20.59</ele>
      </trkpt>
      <trkpt lat="36.10119994729757" lon="139.41498996689916">
        <ele>20.55</ele>
      </trkpt>
      <trkpt lat="36.10122995451093" lon="139.4152099918574">
        <ele>20.51</ele>
      </trkpt>
      <trkpt lat="36.10124805942178" lon="139.41529179923236">
        <ele>20.49</ele>
      </trkpt>
      <trkpt lat="36.10124814324081" lon="139.41529205068946">
        <ele>20.45</ele>
      </trkpt>
      <trkpt lat="36.101248646155" lon="139.41529422998428">
        <ele>20.42</ele>
      </trkpt>
      <trkpt lat="36.10124998725951" lon="139.41529992967844">
        <ele>20.39</ele>
      </trkpt>
      <trkpt lat="36.10136993229389" lon="139.41560997627676">
        <ele>20.41</ele>
      </trkpt>
      <trkpt lat="36.101612420752645" lon="139.4153613690287">
        <ele>20.33</ele>
      </trkpt>
      <trkpt lat="36.10176991671324" lon="139.4151999335736">
        <ele>20.32</ele>
      </trkpt>
      <trkpt lat="36.10206428915262" lon="139.4150601234287">
        <ele>20.37</ele>
      </trkpt>
      <trkpt lat="36.102169984951615" lon="139.41500999964774">
        <ele>20.38</ele>
      </trkpt>
      <trkpt lat="36.10245555639267" lon="139.41484487615526">
        <ele>20.37</ele>
      </trkpt>
      <trkpt lat="36.10274104401469" lon="139.41467975266278">
        <ele>20.42</ele>
      </trkpt>
      <trkpt lat="36.10302661545575" lon="139.41451471298933">
        <ele>20.44</ele>
      </trkpt>
      <trkpt lat="36.1033121868968" lon="139.41434958949685">
        <ele>20.45</ele>
      </trkpt>
      <trkpt lat="36.10344998538494" lon="139.41426996141672">
        <ele>20.47</ele>
      </trkpt>
      <trkpt lat="36.103759361431" lon="139.41419444046915">
        <ele>20.52</ele>
      </trkpt>
      <trkpt lat="36.104068737477064" lon="139.41411883570254">
        <ele>20.51</ele>
      </trkpt>
      <trkpt lat="36.10430267639458" lon="139.4140616711229">
        <ele>20.49</ele>
      </trkpt>
      <trkpt lat="36.10430301167071" lon="139.41406150348485">
        <ele>20.53</ele>
      </trkpt>
      <trkpt lat="36.10430452041328" lon="139.41406125202775">
        <ele>20.58</ele>
      </trkpt>
      <trkpt lat="36.10430996865034" lon="139.41405999474227">
        <ele>20.64</ele>
      </trkpt>
      <trkpt lat="36.10430996865034" lon="139.41404993645847">
        <ele>20.7</ele>
      </trkpt>
      <trkpt lat="36.104618925601244" lon="139.41397148184478">
        <ele>20.8</ele>
      </trkpt>
      <trkpt lat="36.104927798733115" lon="139.41389294341207">
        <ele>20.94</ele>
      </trkpt>
      <trkpt lat="36.10523675568402" lon="139.41381448879838">
        <ele>21.05</ele>
      </trkpt>
      <trkpt lat="36.10552995465696" lon="139.41373997367918">
        <ele>21.12</ele>
      </trkpt>
      <trkpt lat="36.105580078437924" lon="139.41412369720638">
        <ele>21.19</ele>
      </trkpt>
      <trkpt lat="36.10563028603792" lon="139.4145075045526">
        <ele>21.19</ele>
      </trkpt>
      <trkpt lat="36.10568040981889" lon="139.4148912280798">
        <ele>21.17</ele>
      </trkpt>
      <trkpt lat="36.10572994686663" lon="139.4152699224651">
        <ele>21.23</ele>
      </trkpt>
      <trkpt lat="36.10604074783623" lon="139.41520370543003">
        <ele>21.4</ele>
      </trkpt>
      <trkpt lat="36.106339981779456" lon="139.4151399191469">
        <ele>21.53</ele>
      </trkpt>
      <trkpt lat="36.10655992291868" lon="139.41510999575257">
        <ele>21.67</ele>
      </trkpt>
      <trkpt lat="36.10662270337343" lon="139.41510991193354">
        <ele>21.76</ele>
      </trkpt>
      <trkpt lat="36.10662295483053" lon="139.41510991193354">
        <ele>21.84</ele>
      </trkpt>
      <trkpt lat="36.10662471503019" lon="139.41510991193354">
        <ele>21.92</ele>
      </trkpt>
      <trkpt lat="36.10662999562919" lon="139.41510999575257">
        <ele>22.0</ele>
      </trkpt>
      <trkpt lat="36.10683996230364" lon="139.41510999575257">
        <ele>22.1</ele>
      </trkpt>
      <trkpt lat="36.10703995451331" lon="139.41497999243438">
        <ele>22.13</ele>
      </trkpt>
      <trkpt lat="36.10727523453534" lon="139.4147210754454">
        <ele>22.14</ele>
      </trkpt>
      <trkpt lat="36.10733994282782" lon="139.41464999690652">
        <ele>22.18</ele>
      </trkpt>
      <trkpt lat="36.10760782845318" lon="139.41444472409785">
        <ele>22.23</ele>
      </trkpt>
      <trkpt lat="36.10780999995768" lon="139.4142899941653">
        <ele>22.3</ele>
      </trkpt>
      <trkpt lat="36.107969926670194" lon="139.41417993977666">
        <ele>22.41</ele>
      </trkpt>
      <trkpt lat="36.10814963467419" lon="139.41449945792556">
        <ele>22.44</ele>
      </trkpt>
      <trkpt lat="36.10814996995032" lon="139.41449996083975">
        <ele>22.48</ele>
      </trkpt>
      <trkpt lat="36.10827997326851" lon="139.4148399308324">
        <ele>22.51</ele>
      </trkpt>
      <trkpt lat="36.10839128494263" lon="139.415203621611">
        <ele>22.57</ele>
      </trkpt>
      <trkpt lat="36.108502596616745" lon="139.4155673123896">
        <ele>22.61</ele>
      </trkpt>
      <trkpt lat="36.10857996158302" lon="139.4158199429512">
        <ele>22.62</ele>
      </trkpt>
      <trkpt lat="36.108685405924916" lon="139.4156565796584">
        <ele>22.66</ele>
      </trkpt>
      <trkpt lat="36.10868557356298" lon="139.41565641202033">
        <ele>22.69</ele>
      </trkpt>
      <trkpt lat="36.108686747029424" lon="139.4156547356397">
        <ele>22.7</ele>
      </trkpt>
      <trkpt lat="36.10868993215263" lon="139.41564995795488">
        <ele>22.72</ele>
      </trkpt>
      <trkpt lat="36.10889227129519" lon="139.41535172984004">
        <ele>22.71</ele>
      </trkpt>
      <trkpt lat="36.10909461043775" lon="139.41505358554423">
        <ele>22.71</ele>
      </trkpt>
      <trkpt lat="36.10929703339934" lon="139.41475535742939">
        <ele>22.72</ele>
      </trkpt>
      <trkpt lat="36.109499372541904" lon="139.41445721313357">
        <ele>22.73</ele>
      </trkpt>
      <trkpt lat="36.10963993705809" lon="139.41424992866814">
        <ele>22.72</ele>
      </trkpt>
      <trkpt lat="36.10952518880367" lon="139.41388791427016">
        <ele>22.69</ele>
      </trkpt>
      <trkpt lat="36.10951236449182" lon="139.41384801641107">
        <ele>22.68</ele>
      </trkpt>
      <trkpt lat="36.10951236449182" lon="139.413847848773">
        <ele>22.67</ele>
      </trkpt>
      <trkpt lat="36.10951169393957" lon="139.41384566947818">
        <ele>22.66</ele>
      </trkpt>
      <trkpt lat="36.1095099337399" lon="139.41383996978402">
        <ele>22.65</ele>
      </trkpt>
      <trkpt lat="36.109459977597" lon="139.41368993371725">
        <ele>22.62</ele>
      </trkpt>
      <trkpt lat="36.10931069590151" lon="139.4133475329727">
        <ele>22.6</ele>
      </trkpt>
      <trkpt lat="36.10928999260068" lon="139.41329992376268">
        <ele>22.58</ele>
      </trkpt>
      <trkpt lat="36.10957246273756" lon="139.41312700510025">
        <ele>22.58</ele>
      </trkpt>
      <trkpt lat="36.10985493287444" lon="139.41295408643782">
        <ele>22.61</ele>
      </trkpt>
      <trkpt lat="36.11013740301132" lon="139.41278108395636">
        <ele>22.61</ele>
      </trkpt>
      <trkpt lat="36.110269920900464" lon="139.41269994713366">
        <ele>22.59</ele>
      </trkpt>
      <trkpt lat="36.1105649638921" lon="139.41256231628358">
        <ele>22.54</ele>
      </trkpt>
      <trkpt lat="36.110569993034005" lon="139.4125599693507">
        <ele>22.49</ele>
      </trkpt>
      <trkpt lat="36.110849948599935" lon="139.41250992938876">
        <ele>22.46</ele>
      </trkpt>
      <trkpt lat="36.11091993749142" lon="139.41250992938876">
        <ele>22.41</ele>
      </trkpt>
      <trkpt lat="36.110999984666705" lon="139.41246994771063">
        <ele>22.36</ele>
      </trkpt>
      <trkpt lat="36.111180279403925" lon="139.41215101629496">
        <ele>22.25</ele>
      </trkpt>
      <trkpt lat="36.111360574141145" lon="139.41183200106025">
        <ele>22.15</ele>
      </trkpt>
      <trkpt lat="36.11138580366969" lon="139.41178699024022">
        <ele>22.06</ele>
      </trkpt>
      <trkpt lat="36.111385971307755" lon="139.41178682260215">
        <ele>21.98</ele>
      </trkpt>
      <trkpt lat="36.11138706095517" lon="139.4117850624025">
        <ele>21.89</ele>
      </trkpt>
      <trkpt lat="36.11138999462128" lon="139.41177994944155">
        <ele>21.8</ele>
      </trkpt>
      <trkpt lat="36.111380103975534" lon="139.41139144822955">
        <ele>21.67</ele>
      </trkpt>
      <trkpt lat="36.111370297148824" lon="139.41100286319852">
        <ele>21.57</ele>
      </trkpt>
      <trkpt lat="36.11136040650308" lon="139.41061436198652">
        <ele>21.49</ele>
      </trkpt>
      <trkpt lat="36.11135059967637" lon="139.41022577695549">
        <ele>21.42</ele>
      </trkpt>
      <trkpt lat="36.11134079284966" lon="139.40983727574348">
        <ele>21.3</ele>
      </trkpt>
      <trkpt lat="36.11133090220392" lon="139.40944869071245">
        <ele>21.2</ele>
      </trkpt>
      <trkpt lat="36.1113300640136" lon="139.40941859968007">
        <ele>21.14</ele>
      </trkpt>
      <trkpt lat="36.1113300640136" lon="139.40941834822297">
        <ele>21.08</ele>
      </trkpt>
      <trkpt lat="36.1113300640136" lon="139.40941608510911">
        <ele>21.03</ele>
      </trkpt>
      <trkpt lat="36.11132998019457" lon="139.4094099663198">
        <ele>20.99</ele>
      </trkpt>
      <trkpt lat="36.11131925135851" lon="139.4090214651078">
        <ele>20.93</ele>
      </trkpt>
      <trkpt lat="36.11130852252245" lon="139.4086329638958">
        <ele>20.85</ele>
      </trkpt>
      <trkpt lat="36.11129779368639" lon="139.4082444626838">
        <ele>20.85</ele>
      </trkpt>
      <trkpt lat="36.11128706485033" lon="139.4078559614718">
        <ele>20.87</ele>
      </trkpt>
      <trkpt lat="36.1112764198333" lon="139.4074674602598">
        <ele>20.88</ele>
      </trkpt>
      <trkpt lat="36.11126569099724" lon="139.4070789590478">
        <ele>20.87</ele>
      </trkpt>
      <trkpt lat="36.11125496216118" lon="139.4066904578358">
        <ele>20.98</ele>
      </trkpt>
      <trkpt lat="36.111244233325124" lon="139.40630187280476">
        <ele>20.96</ele>
      </trkpt>
      <trkpt lat="36.111233588308096" lon="139.40591337159276">
        <ele>21.08</ele>
      </trkpt>
      <trkpt lat="36.111222859472036" lon="139.40552487038076">
        <ele>21.14</ele>
      </trkpt>
      <trkpt lat="36.11121213063598" lon="139.40513636916876">
        <ele>21.13</ele>
      </trkpt>
      <trkpt lat="36.11120148561895" lon="139.40474786795676">
        <ele>21.22</ele>
      </trkpt>
      <trkpt lat="36.11119075678289" lon="139.40435936674476">
        <ele>21.33</ele>
      </trkpt>
      <trkpt lat="36.11118991859257" lon="139.40432994626462">
        <ele>21.39</ele>
      </trkpt>
      <trkpt lat="36.111505245789886" lon="139.40431946888566">
        <ele>21.5</ele>
      </trkpt>
      <trkpt lat="36.111782267689705" lon="139.40431016497314">
        <ele>21.54</ele>
      </trkpt>
      <trkpt lat="36.111782770603895" lon="139.40431016497314">
        <ele>21.6</ele>
      </trkpt>
      <trkpt lat="36.1117841117084" lon="139.40431016497314">
        <ele>21.66</ele>
      </trkpt>
      <trkpt lat="36.11178997904062" lon="139.40430999733508">
        <ele>21.72</ele>
      </trkpt>
      <trkpt lat="36.112105222418904" lon="139.4042981788516">
        <ele>21.81</ele>
      </trkpt>
      <trkpt lat="36.11242054961622" lon="139.40428644418716">
        <ele>21.9</ele>
      </trkpt>
      <trkpt lat="36.1127357929945" lon="139.4042746257037">
        <ele>21.94</ele>
      </trkpt>
      <trkpt lat="36.11305112019181" lon="139.40426289103925">
        <ele>21.89</ele>
      </trkpt>
      <trkpt lat="36.11312999390066" lon="139.40425995737314">
        <ele>21.92</ele>
      </trkpt>
      <trkpt lat="36.11344498582184" lon="139.4042789004743">
        <ele>21.93</ele>
      </trkpt>
      <trkpt lat="36.11362997442484" lon="139.4042899645865">
        <ele>21.99</ele>
      </trkpt>
      <trkpt lat="36.113919988274574" lon="139.40435995347798">
        <ele>22.08</ele>
      </trkpt>
      <trkpt lat="36.114179994910955" lon="139.40445994958282">
        <ele>22.12</ele>
      </trkpt>
      <trkpt lat="36.114459950476885" lon="139.40460998564959">
        <ele>22.11</ele>
      </trkpt>
      <trkpt lat="36.11472590826452" lon="139.40481894649565">
        <ele>22.15</ele>
      </trkpt>
      <trkpt lat="36.11487996764481" lon="139.40493998117745">
        <ele>22.21</ele>
      </trkpt>
      <trkpt lat="36.11513586714864" lon="139.40516729839146">
        <ele>22.26</ele>
      </trkpt>
      <trkpt lat="36.115391766652465" lon="139.40539453178644">
        <ele>22.24</ele>
      </trkpt>
      <trkpt lat="36.11564766615629" lon="139.40562184900045">
        <ele>22.18</ele>
      </trkpt>
      <trkpt lat="36.11590348184109" lon="139.40584916621447">
        <ele>22.17</ele>
      </trkpt>
      <trkpt lat="36.116159381344914" lon="139.40607648342848">
        <ele>22.23</ele>
      </trkpt>
      <trkpt lat="36.11641528084874" lon="139.4063038006425">
        <ele>22.33</ele>
      </trkpt>
      <trkpt lat="36.11666405573487" lon="139.40652466379106">
        <ele>22.38</ele>
      </trkpt>
      <trkpt lat="36.116664139553905" lon="139.40652466379106">
        <ele>22.4</ele>
      </trkpt>
      <trkpt lat="36.11666548065841" lon="139.40652600489557">
        <ele>22.43</ele>
      </trkpt>
      <trkpt lat="36.11666992306709" lon="139.40652994439006">
        <ele>22.45</ele>
      </trkpt>
      <trkpt lat="36.11692573875189" lon="139.40675742924213">
        <ele>22.48</ele>
      </trkpt>
      <trkpt lat="36.117181554436684" lon="139.4069849140942">
        <ele>22.48</ele>
      </trkpt>
      <trkpt lat="36.11743728630245" lon="139.40721239894629">
        <ele>22.48</ele>
      </trkpt>
      <trkpt lat="36.11769310198724" lon="139.40743988379836">
        <ele>22.42</ele>
      </trkpt>
      <trkpt lat="36.117948833853006" lon="139.40766736865044">
        <ele>22.37</ele>
      </trkpt>
      <trkpt lat="36.1182046495378" lon="139.4078948535025">
        <ele>22.43</ele>
      </trkpt>
      <trkpt lat="36.1184604652226" lon="139.40812242217362">
        <ele>22.56</ele>
      </trkpt>
      <trkpt lat="36.11871619708836" lon="139.4083499070257">
        <ele>22.69</ele>
      </trkpt>
      <trkpt lat="36.118972012773156" lon="139.40857739187777">
        <ele>22.83</ele>
      </trkpt>
      <trkpt lat="36.11922782845795" lon="139.40880487672985">
        <ele>22.98</ele>
      </trkpt>
      <trkpt lat="36.119483560323715" lon="139.40903236158192">
        <ele>23.14</ele>
      </trkpt>
      <trkpt lat="36.11973937600851" lon="139.409259846434">
        <ele>23.32</ele>
      </trkpt>
      <trkpt lat="36.119995191693306" lon="139.40948733128607">
        <ele>23.49</ele>
      </trkpt>
      <trkpt lat="36.12025092355907" lon="139.40971481613815">
        <ele>23.58</ele>
      </trkpt>
      <trkpt lat="36.120506739243865" lon="139.40994230099022">
        <ele>23.68</ele>
      </trkpt>
      <trkpt lat="36.12076255492866" lon="139.4101697858423">
        <ele>23.88</ele>
      </trkpt>
      <trkpt lat="36.121018286794424" lon="139.41039727069438">
        <ele>24.17</ele>
      </trkpt>
      <trkpt lat="36.12127410247922" lon="139.41062475554645">
        <ele>24.47</ele>
      </trkpt>
      <trkpt lat="36.12127996981144" lon="139.41062995232642">
        <ele>24.64</ele>
      </trkpt>
      <trkpt lat="36.12132992595434" lon="139.4104599673301">
        <ele>24.78</ele>
      </trkpt>
      <trkpt lat="36.121348617598414" lon="139.41032845526934">
        <ele>24.9</ele>
      </trkpt>
      <trkpt lat="36.121348701417446" lon="139.41032820381224">
        <ele>25.06</ele>
      </trkpt>
      <trkpt lat="36.12134903669357" lon="139.41032602451742">
        <ele>25.22</ele>
      </trkpt>
      <trkpt lat="36.12134995870292" lon="139.41031998954713">
        <ele>25.37</ele>
      </trkpt>
      <trkpt lat="36.12139379605651" lon="139.40993492491543">
        <ele>25.46</ele>
      </trkpt>
      <trkpt lat="36.12143771722913" lon="139.40954994410276">
        <ele>25.59</ele>
      </trkpt>
      <trkpt lat="36.121439980342984" lon="139.40952999517322">
        <ele>25.72</ele>
      </trkpt>
      <trkpt lat="36.12144970335066" lon="139.40914132632315">
        <ele>25.94</ele>
      </trkpt>
      <trkpt lat="36.12144995480776" lon="139.40912992693484">
        <ele>26.06</ele>
      </trkpt>
      <trkpt lat="36.12140997312963" lon="139.40904996357858">
        <ele>26.21</ele>
      </trkpt>
      <trkpt lat="36.12136068753898" lon="139.40866590477526">
        <ele>26.4</ele>
      </trkpt>
      <trkpt lat="36.121359933167696" lon="139.408659953624">
        <ele>26.5</ele>
      </trkpt>
      <trkpt lat="36.121359933167696" lon="139.4082712009549">
        <ele>26.52</ele>
      </trkpt>
      <trkpt lat="36.121359933167696" lon="139.40804991871119">
        <ele>26.54</ele>
      </trkpt>
      <trkpt lat="36.121412236243486" lon="139.40766653046012">
        <ele>26.57</ele>
      </trkpt>
      <trkpt lat="36.121419947594404" lon="139.4076099526137">
        <ele>26.64</ele>
      </trkpt>
      <trkpt lat="36.12149387598038" lon="139.4072320125997">
        <ele>26.73</ele>
      </trkpt>
      <trkpt lat="36.12150996923447" lon="139.40714995376766">
        <ele>26.77</ele>
      </trkpt>
      <trkpt lat="36.12150996923447" lon="139.40676120109856">
        <ele>26.79</ele>
      </trkpt>
      <trkpt lat="36.12150996923447" lon="139.40670998767018">
        <ele>26.82</ele>
      </trkpt>
      <trkpt lat="36.12151994369924" lon="139.40660999156535">
        <ele>26.84</ele>
      </trkpt>
      <trkpt lat="36.12166997976601" lon="139.40634998492897">
        <ele>26.83</ele>
      </trkpt>
      <trkpt lat="36.121879359707236" lon="139.4060591328889">
        <ele>26.85</ele>
      </trkpt>
      <trkpt lat="36.12202998250723" lon="139.40584992058575">
        <ele>26.88</ele>
      </trkpt>
      <trkpt lat="36.12206996418536" lon="139.4058299716562">
        <ele>26.89</ele>
      </trkpt>
      <trkpt lat="36.122276494279504" lon="139.405536102131">
        <ele>26.83</ele>
      </trkpt>
      <trkpt lat="36.12232997082174" lon="139.4054599944502">
        <ele>26.81</ele>
      </trkpt>
      <trkpt lat="36.12254957668483" lon="139.4051808770746">
        <ele>26.82</ele>
      </trkpt>
      <trkpt lat="36.12276918254793" lon="139.404901759699">
        <ele>26.87</ele>
      </trkpt>
      <trkpt lat="36.12280991859734" lon="139.4048499595374">
        <ele>26.86</ele>
      </trkpt>
      <trkpt lat="36.12303597852588" lon="139.40457872115076">
        <ele>26.85</ele>
      </trkpt>
      <trkpt lat="36.12320453859866" lon="139.4043761305511">
        <ele>26.82</ele>
      </trkpt>
      <trkpt lat="36.12320470623672" lon="139.40437604673207">
        <ele>26.81</ele>
      </trkpt>
      <trkpt lat="36.12320604734123" lon="139.4043745379895">
        <ele>26.8</ele>
      </trkpt>
      <trkpt lat="36.12320998683572" lon="139.40436992794275">
        <ele>26.79</ele>
      </trkpt>
      <trkpt lat="36.122986106202006" lon="139.4046438485384">
        <ele>26.83</ele>
      </trkpt>
      <trkpt lat="36.122762225568295" lon="139.40491776913404">
        <ele>26.79</ele>
      </trkpt>
      <trkpt lat="36.122538428753614" lon="139.4051916897297">
        <ele>26.73</ele>
      </trkpt>
      <trkpt lat="36.122449999675155" lon="139.40529998391867">
        <ele>26.7</ele>
      </trkpt>
      <trkpt lat="36.12223483622074" lon="139.40558429807425">
        <ele>26.72</ele>
      </trkpt>
      <trkpt lat="36.122169960290194" lon="139.40566996112466">
        <ele>26.73</ele>
      </trkpt>
      <trkpt lat="36.12206996418536" lon="139.4058299716562">
        <ele>26.74</ele>
      </trkpt>
      <trkpt lat="36.12191959284246" lon="139.4061717018485">
        <ele>26.7</ele>
      </trkpt>
      <trkpt lat="36.121849939227104" lon="139.40632995218039">
        <ele>26.7</ele>
      </trkpt>
      <trkpt lat="36.121732676401734" lon="139.40669087693095">
        <ele>26.65</ele>
      </trkpt>
      <trkpt lat="36.121719935908914" lon="139.40672993659973">
        <ele>26.62</ele>
      </trkpt>
      <trkpt lat="36.12165338359773" lon="139.40710997208953">
        <ele>26.58</ele>
      </trkpt>
      <trkpt lat="36.12158674746752" lon="139.40749000757933">
        <ele>26.53</ele>
      </trkpt>
      <trkpt lat="36.121549950912595" lon="139.40769997425377">
        <ele>26.46</ele>
      </trkpt>
      <trkpt lat="36.12150913104415" lon="139.40808545798063">
        <ele>26.46</ele>
      </trkpt>
      <trkpt lat="36.121468311175704" lon="139.4084709417075">
        <ele>26.51</ele>
      </trkpt>
      <trkpt lat="36.12145992927253" lon="139.4085499830544">
        <ele>26.47</ele>
      </trkpt>
      <trkpt lat="36.12144995480776" lon="139.40870999358594">
        <ele>26.41</ele>
      </trkpt>
      <trkpt lat="36.12149999476969" lon="139.40886992029846">
        <ele>26.31</ele>
      </trkpt>
      <trkpt lat="36.12155062146485" lon="139.40925372764468">
        <ele>26.11</ele>
      </trkpt>
      <trkpt lat="36.121601331979036" lon="139.40963745117188">
        <ele>25.96</ele>
      </trkpt>
      <trkpt lat="36.12165195867419" lon="139.41002117469907">
        <ele>25.92</ele>
      </trkpt>
      <trkpt lat="36.12170266918838" lon="139.41040489822626">
        <ele>25.87</ele>
      </trkpt>
      <trkpt lat="36.12170996144414" lon="139.4104599673301">
        <ele>25.78</ele>
      </trkpt>
      <trkpt lat="36.1217672098428" lon="139.41063162870705">
        <ele>25.65</ele>
      </trkpt>
      <trkpt lat="36.12176729366183" lon="139.41063188016415">
        <ele>25.55</ele>
      </trkpt>
      <trkpt lat="36.12176796421409" lon="139.4106338918209">
        <ele>25.44</ele>
      </trkpt>
      <trkpt lat="36.12176997587085" lon="139.4106399267912">
        <ele>25.32</ele>
      </trkpt>
      <trkpt lat="36.12183996476233" lon="139.41079993732274">
        <ele>25.18</ele>
      </trkpt>
      <trkpt lat="36.12185999751091" lon="139.4109499733895">
        <ele>25.04</ele>
      </trkpt>
      <trkpt lat="36.12177995033562" lon="139.4109999295324">
        <ele>24.92</ele>
      </trkpt>
      <trkpt lat="36.12172999419272" lon="139.41108995117247">
        <ele>24.79</ele>
      </trkpt>
      <trkpt lat="36.121719935908914" lon="139.41116999834776">
        <ele>24.69</ele>
      </trkpt>
      <trkpt lat="36.12146998755634" lon="139.41116999834776">
        <ele>24.58</ele>
      </trkpt>
      <trkpt lat="36.12137678079307" lon="139.41122565418482">
        <ele>24.49</ele>
      </trkpt>
      <trkpt lat="36.12137661315501" lon="139.41122582182288">
        <ele>24.38</ele>
      </trkpt>
      <trkpt lat="36.121375020593405" lon="139.41122682765126">
        <ele>24.27</ele>
      </trkpt>
      <trkpt lat="36.1213699914515" lon="139.41122992895544">
        <ele>24.16</ele>
      </trkpt>
      <trkpt lat="36.12111057154834" lon="139.41145121119916">
        <ele>24.03</ele>
      </trkpt>
      <trkpt lat="36.12102993763983" lon="139.41151994280517">
        <ele>23.88</ele>
      </trkpt>
      <trkpt lat="36.120802788063884" lon="139.41178967244923">
        <ele>23.71</ele>
      </trkpt>
      <trkpt lat="36.12070991657674" lon="139.41189997829497">
        <ele>23.61</ele>
      </trkpt>
      <trkpt lat="36.120579997077584" lon="139.41201992332935">
        <ele>23.58</ele>
      </trkpt>
      <trkpt lat="36.12048997543752" lon="139.41226995550096">
        <ele>23.51</ele>
      </trkpt>
      <trkpt lat="36.12039710395038" lon="139.41264152526855">
        <ele>23.42</ele>
      </trkpt>
      <trkpt lat="36.120389979332685" lon="139.4126699399203">
        <ele>23.35</ele>
      </trkpt>
      <trkpt lat="36.12032996490598" lon="139.41296992823482">
        <ele>23.3</ele>
      </trkpt>
      <trkpt lat="36.1202803440392" lon="139.4133539032191">
        <ele>23.21</ele>
      </trkpt>
      <trkpt lat="36.12023080699146" lon="139.41373779438436">
        <ele>23.12</ele>
      </trkpt>
      <trkpt lat="36.12018118612468" lon="139.41412176936865">
        <ele>23.08</ele>
      </trkpt>
      <trkpt lat="36.12013156525791" lon="139.41450574435294">
        <ele>23.04</ele>
      </trkpt>
      <trkpt lat="36.12008202821016" lon="139.4148896355182">
        <ele>23.06</ele>
      </trkpt>
      <trkpt lat="36.12003240734339" lon="139.41527361050248">
        <ele>23.09</ele>
      </trkpt>
      <trkpt lat="36.12001991830766" lon="139.41536991856992">
        <ele>23.08</ele>
      </trkpt>
      <trkpt lat="36.11994448117912" lon="139.41574743948877">
        <ele>23.06</ele>
      </trkpt>
      <trkpt lat="36.119919922202826" lon="139.41586998291314">
        <ele>23.02</ele>
      </trkpt>
      <trkpt lat="36.119809029623866" lon="139.41623392514884">
        <ele>22.95</ele>
      </trkpt>
      <trkpt lat="36.11969813704491" lon="139.41659786738455">
        <ele>22.95</ele>
      </trkpt>
      <trkpt lat="36.11958724446595" lon="139.41696180962026">
        <ele>22.9</ele>
      </trkpt>
      <trkpt lat="36.11947635188699" lon="139.41732575185597">
        <ele>22.77</ele>
      </trkpt>
      <trkpt lat="36.11936545930803" lon="139.41768969409168">
        <ele>22.67</ele>
      </trkpt>
      <trkpt lat="36.11925456672907" lon="139.4180536363274">
        <ele>22.67</ele>
      </trkpt>
      <trkpt lat="36.11914367415011" lon="139.41841766238213">
        <ele>22.63</ele>
      </trkpt>
      <trkpt lat="36.119139986112714" lon="139.4184299837798">
        <ele>22.58</ele>
      </trkpt>
      <trkpt lat="36.11899992451072" lon="139.41871999762952">
        <ele>22.56</ele>
      </trkpt>
      <trkpt lat="36.118819965049624" lon="139.41895997151732">
        <ele>22.49</ele>
      </trkpt>
      <trkpt lat="36.11856607720256" lon="139.4191906414926">
        <ele>22.41</ele>
      </trkpt>
      <trkpt lat="36.11831210553646" lon="139.41942122764885">
        <ele>22.35</ele>
      </trkpt>
      <trkpt lat="36.118058217689395" lon="139.41965189762414">
        <ele>22.25</ele>
      </trkpt>
      <trkpt lat="36.11780432984233" lon="139.41988256759942">
        <ele>22.19</ele>
      </trkpt>
      <trkpt lat="36.11755035817623" lon="139.4201132375747">
        <ele>22.15</ele>
      </trkpt>
      <trkpt lat="36.117509957402945" lon="139.4201499503106">
        <ele>22.11</ele>
      </trkpt>
      <trkpt lat="36.11726922914386" lon="139.42040115594864">
        <ele>22.04</ele>
      </trkpt>
      <trkpt lat="36.11705574207008" lon="139.42062369547784">
        <ele>21.98</ele>
      </trkpt>
      <trkpt lat="36.11705565825105" lon="139.4206238631159">
        <ele>21.94</ele>
      </trkpt>
      <trkpt lat="36.11705431714654" lon="139.42062537185848">
        <ele>21.9</ele>
      </trkpt>
      <trkpt lat="36.11704995855689" lon="139.42062998190522">
        <ele>21.86</ele>
      </trkpt>
      <trkpt lat="36.11682314425707" lon="139.42090013064444">
        <ele>21.8</ele>
      </trkpt>
      <trkpt lat="36.11659641377628" lon="139.4211703632027">
        <ele>21.75</ele>
      </trkpt>
      <trkpt lat="36.11657998524606" lon="139.4211899768561">
        <ele>21.73</ele>
      </trkpt>
      <trkpt lat="36.116382759064436" lon="139.4214933179319">
        <ele>21.74</ele>
      </trkpt>
      <trkpt lat="36.11631997860968" lon="139.42158996127546">
        <ele>21.72</ele>
      </trkpt>
      <trkpt lat="36.11615569330752" lon="139.42192188464105">
        <ele>21.64</ele>
      </trkpt>
      <trkpt lat="36.11599149182439" lon="139.4222537241876">
        <ele>21.69</ele>
      </trkpt>
      <trkpt lat="36.11583994701505" lon="139.4225599989295">
        <ele>21.79</ele>
      </trkpt>
      <trkpt lat="36.11563492566347" lon="139.42285537719727">
        <ele>21.81</ele>
      </trkpt>
      <trkpt lat="36.11549997702241" lon="139.42304992116988">
        <ele>21.83</ele>
      </trkpt>
      <trkpt lat="36.11527685075998" lon="139.42332476377487">
        <ele>21.86</ele>
      </trkpt>
      <trkpt lat="36.11505380831659" lon="139.42359960637987">
        <ele>21.92</ele>
      </trkpt>
      <trkpt lat="36.11483068205416" lon="139.42387444898486">
        <ele>21.97</ele>
      </trkpt>
      <trkpt lat="36.11480997875333" lon="139.4238999299705">
        <ele>21.99</ele>
      </trkpt>
      <trkpt lat="36.11461157910526" lon="139.42420218139887">
        <ele>22.04</ele>
      </trkpt>
      <trkpt lat="36.11441326327622" lon="139.42450443282723">
        <ele>22.01</ele>
      </trkpt>
      <trkpt lat="36.1143899615854" lon="139.42453997209668">
        <ele>22.03</ele>
      </trkpt>
      <trkpt lat="36.1142157856375" lon="139.4248640164733">
        <ele>22.02</ele>
      </trkpt>
      <trkpt lat="36.11404152587056" lon="139.42518814466894">
        <ele>22.06</ele>
      </trkpt>
      <trkpt lat="36.1139599699527" lon="139.42533994093537">
        <ele>22.04</ele>
      </trkpt>
      <trkpt lat="36.113793421536684" lon="139.4256701041013">
        <ele>22.0</ele>
      </trkpt>
      <trkpt lat="36.1136269569397" lon="139.42600026726723">
        <ele>21.98</ele>
      </trkpt>
      <trkpt lat="36.11346049234271" lon="139.42633043043315">
        <ele>22.02</ele>
      </trkpt>
      <trkpt lat="36.11329394392669" lon="139.4266606774181">
        <ele>22.11</ele>
      </trkpt>
      <trkpt lat="36.113127479329705" lon="139.42699084058404">
        <ele>22.13</ele>
      </trkpt>
      <trkpt lat="36.11296093091369" lon="139.42732100374997">
        <ele>22.12</ele>
      </trkpt>
      <trkpt lat="36.1127944663167" lon="139.4276511669159">
        <ele>22.17</ele>
      </trkpt>
      <trkpt lat="36.11277996562421" lon="139.42767991684377">
        <ele>22.19</ele>
      </trkpt>
      <trkpt lat="36.11261366866529" lon="139.4280103314668">
        <ele>22.31</ele>
      </trkpt>
      <trkpt lat="36.11244737170637" lon="139.42834066227078">
        <ele>22.41</ele>
      </trkpt>
      <trkpt lat="36.112281158566475" lon="139.42867099307477">
        <ele>22.4</ele>
      </trkpt>
      <trkpt lat="36.11211486160755" lon="139.42900132387877">
        <ele>22.3</ele>
      </trkpt>
      <trkpt lat="36.112029952928424" lon="139.42916996777058">
        <ele>22.29</ele>
      </trkpt>
      <trkpt lat="36.11185485497117" lon="139.4294932577759">
        <ele>22.26</ele>
      </trkpt>
      <trkpt lat="36.11176994629204" lon="139.4296499993652">
        <ele>22.29</ele>
      </trkpt>
      <trkpt lat="36.11155872233212" lon="139.42993867211044">
        <ele>22.21</ele>
      </trkpt>
      <trkpt lat="36.11146995797753" lon="139.43005995824933">
        <ele>22.14</ele>
      </trkpt>
      <trkpt lat="36.11123970709741" lon="139.43032566457987">
        <ele>22.11</ele>
      </trkpt>
      <trkpt lat="36.11100945621729" lon="139.43059128709137">
        <ele>22.14</ele>
      </trkpt>
      <trkpt lat="36.11094994470477" lon="139.43065993487835">
        <ele>22.14</ele>
      </trkpt>
      <trkpt lat="36.110734697431326" lon="139.43094408139586">
        <ele>22.18</ele>
      </trkpt>
      <trkpt lat="36.11051945015788" lon="139.43122822791338">
        <ele>22.2</ele>
      </trkpt>
      <trkpt lat="36.11044996418059" lon="139.43131992593408">
        <ele>22.16</ele>
      </trkpt>
      <trkpt lat="36.11024712212384" lon="139.43161765113473">
        <ele>21.93</ele>
      </trkpt>
      <trkpt lat="36.11004436388612" lon="139.43191537633538">
        <ele>21.91</ele>
      </trkpt>
      <trkpt lat="36.10997999086976" lon="139.43200992420316">
        <ele>21.96</ele>
      </trkpt>
      <trkpt lat="36.109760804101825" lon="139.43228946067393">
        <ele>22.15</ele>
      </trkpt>
      <trkpt lat="36.10954161733389" lon="139.4325689971447">
        <ele>22.18</ele>
      </trkpt>
      <trkpt lat="36.10932243056595" lon="139.43284853361547">
        <ele>22.23</ele>
      </trkpt>
      <trkpt lat="36.109295189380646" lon="139.43288315087557">
        <ele>22.25</ele>
      </trkpt>
      <trkpt lat="36.109295105561614" lon="139.43288331851363">
        <ele>22.26</ele>
      </trkpt>
      <trkpt lat="36.10929384827614" lon="139.43288499489427">
        <ele>22.27</ele>
      </trkpt>
      <trkpt lat="36.10928999260068" lon="139.43288994021714">
        <ele>22.28</ele>
      </trkpt>
      <trkpt lat="36.10906770452857" lon="139.4331657886505">
        <ele>22.35</ele>
      </trkpt>
      <trkpt lat="36.10884541645646" lon="139.43344155326486">
        <ele>22.27</ele>
      </trkpt>
      <trkpt lat="36.10874994657934" lon="139.43355998955667">
        <ele>22.3</ele>
      </trkpt>
      <trkpt lat="36.10870996490121" lon="139.43361992016435">
        <ele>22.31</ele>
      </trkpt>
      <trkpt lat="36.10854199156165" lon="139.43394899368286">
        <ele>22.33</ele>
      </trkpt>
      <trkpt lat="36.10846999101341" lon="139.4340899772942">
        <ele>22.33</ele>
      </trkpt>
      <trkpt lat="36.10830998048186" lon="139.43436993286014">
        <ele>22.33</ele>
      </trkpt>
      <trkpt lat="36.108269998803735" lon="139.43448996171355">
        <ele>22.33</ele>
      </trkpt>
      <trkpt lat="36.10831995494664" lon="139.43466992117465">
        <ele>22.37</ele>
      </trkpt>
      <trkpt lat="36.10831266269088" lon="139.4350585900247">
        <ele>22.28</ele>
      </trkpt>
      <trkpt lat="36.10830998048186" lon="139.4351999927312">
        <ele>22.22</ele>
      </trkpt>
      <trkpt lat="36.10829992219806" lon="139.43547994829714">
        <ele>22.09</ele>
      </trkpt>
      <trkpt lat="36.108249966055155" lon="139.43566996604204">
        <ele>22.01</ele>
      </trkpt>
      <trkpt lat="36.108099929988384" lon="139.4358899910003">
        <ele>22.0</ele>
      </trkpt>
      <trkpt lat="36.10786381177604" lon="139.4361476507038">
        <ele>22.06</ele>
      </trkpt>
      <trkpt lat="36.10776993446052" lon="139.4362499937415">
        <ele>22.06</ele>
      </trkpt>
      <trkpt lat="36.10750992782414" lon="139.43647001869977">
        <ele>22.08</ele>
      </trkpt>
      <trkpt lat="36.10738629475236" lon="139.43657445721328">
        <ele>22.03</ele>
      </trkpt>
      <trkpt lat="36.107386127114296" lon="139.43657462485135">
        <ele>22.01</ele>
      </trkpt>
      <trkpt lat="36.107384618371725" lon="139.43657596595585">
        <ele>21.99</ele>
      </trkpt>
      <trkpt lat="36.10737992450595" lon="139.43657998926938">
        <ele>21.97</ele>
      </trkpt>
      <trkpt lat="36.107082702219486" lon="139.43670990876853">
        <ele>21.89</ele>
      </trkpt>
      <trkpt lat="36.10678539611399" lon="139.4368398282677">
        <ele>21.78</ele>
      </trkpt>
      <trkpt lat="36.10664407722652" lon="139.436901435256">
        <ele>21.81</ele>
      </trkpt>
      <trkpt lat="36.10664399340749" lon="139.436901435256">
        <ele>21.8</ele>
      </trkpt>
      <trkpt lat="36.106642400845885" lon="139.43690227344632">
        <ele>21.81</ele>
      </trkpt>
      <trkpt lat="36.10663686878979" lon="139.43690478801727">
        <ele>21.81</ele>
      </trkpt>
      <trkpt lat="36.106639970093966" lon="139.43688995204866">
        <ele>21.82</ele>
      </trkpt>
      <trkpt lat="36.10637325793505" lon="139.43709740415215">
        <ele>21.94</ele>
      </trkpt>
      <trkpt lat="36.1061064619571" lon="139.43730485625565">
        <ele>22.01</ele>
      </trkpt>
      <trkpt lat="36.10583974979818" lon="139.43751239217818">
        <ele>21.97</ele>
      </trkpt>
      <trkpt lat="36.105649983510375" lon="139.43765999749303">
        <ele>21.93</ele>
      </trkpt>
      <trkpt lat="36.105381175875664" lon="139.43786325864494">
        <ele>21.91</ele>
      </trkpt>
      <trkpt lat="36.10511228442192" lon="139.43806660361588">
        <ele>21.93</ele>
      </trkpt>
      <trkpt lat="36.10486996360123" lon="139.43824999965727">
        <ele>21.98</ele>
      </trkpt>
      <trkpt lat="36.104599982500076" lon="139.438399951905">
        <ele>22.03</ele>
      </trkpt>
      <trkpt lat="36.10443997196853" lon="139.43830993026495">
        <ele>22.09</ele>
      </trkpt>
      <trkpt lat="36.104149958118796" lon="139.43816995248199">
        <ele>22.12</ele>
      </trkpt>
      <trkpt lat="36.10404702834785" lon="139.43810440599918">
        <ele>22.12</ele>
      </trkpt>
      <trkpt lat="36.104046776890755" lon="139.43810423836112">
        <ele>22.12</ele>
      </trkpt>
      <trkpt lat="36.10404518432915" lon="139.43810323253274">
        <ele>22.1</ele>
      </trkpt>
      <trkpt lat="36.104039987549186" lon="139.4380999635905">
        <ele>22.08</ele>
      </trkpt>
      <trkpt lat="36.10379992984235" lon="139.43799996748567">
        <ele>22.04</ele>
      </trkpt>
      <trkpt lat="36.10381996259093" lon="139.43794992752373">
        <ele>21.99</ele>
      </trkpt>
      <trkpt lat="36.103513184934855" lon="139.43785931915045">
        <ele>21.97</ele>
      </trkpt>
      <trkpt lat="36.10337999649346" lon="139.43781992420554">
        <ele>21.93</ele>
      </trkpt>
      <trkpt lat="36.10307648777962" lon="139.43771397694945">
        <ele>21.84</ele>
      </trkpt>
      <trkpt lat="36.102772979065776" lon="139.43760802969337">
        <ele>21.73</ele>
      </trkpt>
      <trkpt lat="36.102749928832054" lon="139.43759998306632">
        <ele>21.65</ele>
      </trkpt>
      <trkpt lat="36.10244273208082" lon="139.437511889264">
        <ele>21.59</ele>
      </trkpt>
      <trkpt lat="36.10213553532958" lon="139.4374238792807">
        <ele>21.52</ele>
      </trkpt>
      <trkpt lat="36.10182825475931" lon="139.43733578547835">
        <ele>21.44</ele>
      </trkpt>
      <trkpt lat="36.101521058008075" lon="139.43724777549505">
        <ele>21.32</ele>
      </trkpt>
      <trkpt lat="36.10121386125684" lon="139.43715976551175">
        <ele>21.25</ele>
      </trkpt>
      <trkpt lat="36.10110992565751" lon="139.43712992593646">
        <ele>21.19</ele>
      </trkpt>
      <trkpt lat="36.100799879059196" lon="139.4370589312166">
        <ele>21.16</ele>
      </trkpt>
      <trkpt lat="36.10048974864185" lon="139.4369878526777">
        <ele>21.07</ele>
      </trkpt>
      <trkpt lat="36.1001796182245" lon="139.4369167741388">
        <ele>20.94</ele>
      </trkpt>
      <trkpt lat="36.100149946287274" lon="139.43690998479724">
        <ele>20.86</ele>
      </trkpt>
      <trkpt lat="36.099834786728024" lon="139.4368945620954">
        <ele>20.77</ele>
      </trkpt>
      <trkpt lat="36.099739987403154" lon="139.43688995204866">
        <ele>20.68</ele>
      </trkpt>
      <trkpt lat="36.099424827843904" lon="139.43690612912178">
        <ele>20.51</ele>
      </trkpt>
      <trkpt lat="36.09934997744858" lon="139.43690998479724">
        <ele>20.41</ele>
      </trkpt>
      <trkpt lat="36.099159959703684" lon="139.43699992261827">
        <ele>20.37</ele>
      </trkpt>
      <trkpt lat="36.09906692057848" lon="139.43706496618688">
        <ele>20.32</ele>
      </trkpt>
      <trkpt lat="36.099066752940416" lon="139.43706513382494">
        <ele>20.28</ele>
      </trkpt>
      <trkpt lat="36.099065160378814" lon="139.4370663072914">
        <ele>20.25</ele>
      </trkpt>
      <trkpt lat="36.09905996359885" lon="139.43706999532878">
        <ele>20.23</ele>
      </trkpt>
      <trkpt lat="36.09881822951138" lon="139.43731969222426">
        <ele>20.25</ele>
      </trkpt>
      <trkpt lat="36.09875997528434" lon="139.43737995810807">
        <ele>20.23</ele>
      </trkpt>
      <trkpt lat="36.098522851243615" lon="139.43763627670705">
        <ele>20.23</ele>
      </trkpt>
      <trkpt lat="36.098389998078346" lon="139.4377799425274">
        <ele>20.25</ele>
      </trkpt>
      <trkpt lat="36.098219929262996" lon="139.4379099458456">
        <ele>20.29</ele>
      </trkpt>
      <trkpt lat="36.09800996258855" lon="139.4379899930209">
        <ele>20.31</ele>
      </trkpt>
      <trkpt lat="36.09781994484365" lon="139.43800994195044">
        <ele>20.38</ele>
      </trkpt>
      <trkpt lat="36.09764995984733" lon="139.43795998580754">
        <ele>20.48</ele>
      </trkpt>
      <trkpt lat="36.097352067008615" lon="139.4378322456032">
        <ele>20.56</ele>
      </trkpt>
      <trkpt lat="36.097229942679405" lon="139.4377799425274">
        <ele>20.59</ele>
      </trkpt>
      <trkpt lat="36.09692333266139" lon="139.43768866360188">
        <ele>20.62</ele>
      </trkpt>
      <trkpt lat="36.09675996936858" lon="139.43763996474445">
        <ele>20.72</ele>
      </trkpt>
      <trkpt lat="36.09645629301667" lon="139.4375346880406">
        <ele>20.83</ele>
      </trkpt>
      <trkpt lat="36.0961527004838" lon="139.43742941133678">
        <ele>20.92</ele>
      </trkpt>
      <trkpt lat="36.09600995667279" lon="139.43737995810807">
        <ele>20.99</ele>
      </trkpt>
      <trkpt lat="36.09575799666345" lon="139.43731206469238">
        <ele>21.08</ele>
      </trkpt>
      <trkpt lat="36.095757661387324" lon="139.43731198087335">
        <ele>21.15</ele>
      </trkpt>
      <trkpt lat="36.095756236463785" lon="139.43731164559722">
        <ele>21.21</ele>
      </trkpt>
      <trkpt lat="36.09575992450118" lon="139.43730996921659">
        <ele>21.27</ele>
      </trkpt>
      <trkpt lat="36.0954999178648" lon="139.43725992925465">
        <ele>21.37</ele>
      </trkpt>
      <trkpt lat="36.09518475830555" lon="139.43724492564797">
        <ele>21.43</ele>
      </trkpt>
      <trkpt lat="36.095079984515905" lon="139.4372399803251">
        <ele>21.48</ele>
      </trkpt>
      <trkpt lat="36.09476993791759" lon="139.43727996200323">
        <ele>21.58</ele>
      </trkpt>
      <trkpt lat="36.094464836642146" lon="139.4373787008226">
        <ele>21.64</ele>
      </trkpt>
      <trkpt lat="36.09442996792495" lon="139.43738993257284">
        <ele>21.64</ele>
      </trkpt>
      <trkpt lat="36.09416996128857" lon="139.43755991756916">
        <ele>21.58</ele>
      </trkpt>
      <trkpt lat="36.09388028271496" lon="139.43771364167333">
        <ele>21.47</ele>
      </trkpt>
      <trkpt lat="36.09367995522916" lon="139.43781992420554">
        <ele>21.39</ele>
      </trkpt>
      <trkpt lat="36.09339455142617" lon="139.43798538297415">
        <ele>21.37</ele>
      </trkpt>
      <trkpt lat="36.09310906380415" lon="139.43815075792372">
        <ele>21.29</ele>
      </trkpt>
      <trkpt lat="36.09282366000116" lon="139.43831621669233">
        <ele>21.24</ele>
      </trkpt>
      <trkpt lat="36.09279993921518" lon="139.43832996301353">
        <ele>21.18</ele>
      </trkpt>
      <trkpt lat="36.09252769500017" lon="139.4385262671858">
        <ele>21.07</ele>
      </trkpt>
      <trkpt lat="36.09236994758248" lon="139.4386399257928">
        <ele>20.97</ele>
      </trkpt>
      <trkpt lat="36.09213491901755" lon="139.43889909423888">
        <ele>20.86</ele>
      </trkpt>
      <trkpt lat="36.09197993762791" lon="139.4390699174255">
        <ele>20.81</ele>
      </trkpt>
      <trkpt lat="36.09176276251674" lon="139.43935180082917">
        <ele>20.76</ele>
      </trkpt>
      <trkpt lat="36.09154558740556" lon="139.43963368423283">
        <ele>20.68</ele>
      </trkpt>
      <trkpt lat="36.09150996431708" lon="139.43967995233834">
        <ele>20.58</ele>
      </trkpt>
      <trkpt lat="36.0912795457989" lon="139.43994532339275">
        <ele>20.48</ele>
      </trkpt>
      <trkpt lat="36.09117996878922" lon="139.44005998782814">
        <ele>20.35</ele>
      </trkpt>
      <trkpt lat="36.09093504957855" lon="139.4403049070388">
        <ele>20.26</ele>
      </trkpt>
      <trkpt lat="36.09083999879658" lon="139.44039995782077">
        <ele>20.14</ele>
      </trkpt>
      <trkpt lat="36.090691052377224" lon="139.44056860171258">
        <ele>19.98</ele>
      </trkpt>
      <trkpt lat="36.09069088473916" lon="139.44056885316968">
        <ele>19.86</ele>
      </trkpt>
      <trkpt lat="36.09068996272981" lon="139.4405699428171">
        <ele>19.74</ele>
      </trkpt>
      <trkpt lat="36.09059994108975" lon="139.4406899716705">
        <ele>19.6</ele>
      </trkpt>
      <trkpt lat="36.09046993777156" lon="139.4408199749887">
        <ele>19.46</ele>
      </trkpt>
      <trkpt lat="36.09023675322533" lon="139.44108165800571">
        <ele>19.42</ele>
      </trkpt>
      <trkpt lat="36.09005997888744" lon="139.44127997383475">
        <ele>19.36</ele>
      </trkpt>
      <trkpt lat="36.08982008881867" lon="139.4410276785493">
        <ele>19.27</ele>
      </trkpt>
      <trkpt lat="36.08958011493087" lon="139.4407752994448">
        <ele>19.02</ele>
      </trkpt>
      <trkpt lat="36.08947995118797" lon="139.44066993892193">
        <ele>18.88</ele>
      </trkpt>
      <trkpt lat="36.08923570252955" lon="139.44042401388288">
        <ele>18.75</ele>
      </trkpt>
      <trkpt lat="36.08899145387113" lon="139.44017808884382">
        <ele>18.6</ele>
      </trkpt>
      <trkpt lat="36.088747289031744" lon="139.43993216380477">
        <ele>18.43</ele>
      </trkpt>
      <trkpt lat="36.088503040373325" lon="139.43968623876572">
        <ele>18.31</ele>
      </trkpt>
      <trkpt lat="36.08825879171491" lon="139.43944031372666">
        <ele>18.28</ele>
      </trkpt>
      <trkpt lat="36.0880399402231" lon="139.43921995349228">
        <ele>18.14</ele>
      </trkpt>
      <trkpt lat="36.0878034029156" lon="139.43896296434104">
        <ele>17.95</ele>
      </trkpt>
      <trkpt lat="36.087566781789064" lon="139.43870589137077">
        <ele>17.76</ele>
      </trkpt>
      <trkpt lat="36.087330244481564" lon="139.43844890221953">
        <ele>17.61</ele>
      </trkpt>
      <trkpt lat="36.08722999691963" lon="139.4383399374783">
        <ele>17.49</ele>
      </trkpt>
      <trkpt lat="36.08698767609894" lon="139.43809107877314">
        <ele>17.4</ele>
      </trkpt>
      <trkpt lat="36.086745439097285" lon="139.43784222006798">
        <ele>17.37</ele>
      </trkpt>
      <trkpt lat="36.08650320209563" lon="139.43759327754378">
        <ele>17.32</ele>
      </trkpt>
      <trkpt lat="36.08626096509397" lon="139.43734441883862">
        <ele>17.16</ele>
      </trkpt>
      <trkpt lat="36.08601872809231" lon="139.43709556013346">
        <ele>16.99</ele>
      </trkpt>
      <trkpt lat="36.085776491090655" lon="139.43684661760926">
        <ele>16.91</ele>
      </trkpt>
      <trkpt lat="36.08576995320618" lon="139.43683999590576">
        <ele>16.88</ele>
      </trkpt>
      <trkpt lat="36.0855445638299" lon="139.43656808696687">
        <ele>16.92</ele>
      </trkpt>
      <trkpt lat="36.085319174453616" lon="139.436296178028">
        <ele>17.03</ele>
      </trkpt>
      <trkpt lat="36.08513996936381" lon="139.43607992492616">
        <ele>17.15</ele>
      </trkpt>
      <trkpt lat="36.08489924110472" lon="139.43582880310714">
        <ele>17.18</ele>
      </trkpt>
      <trkpt lat="36.08465859666467" lon="139.43557768128812">
        <ele>17.12</ele>
      </trkpt>
      <trkpt lat="36.08444997109473" lon="139.43535991944373">
        <ele>17.19</ele>
      </trkpt>
      <trkpt lat="36.08421594835818" lon="139.43509940989316">
        <ele>17.3</ele>
      </trkpt>
      <trkpt lat="36.08398192562163" lon="139.43483881652355">
        <ele>17.4</ele>
      </trkpt>
      <trkpt lat="36.08374798670411" lon="139.43457822315395">
        <ele>17.46</ele>
      </trkpt>
      <trkpt lat="36.08356995508075" lon="139.43437999114394">
        <ele>17.52</ele>
      </trkpt>
      <trkpt lat="36.08333308249712" lon="139.43412333726883">
        <ele>17.61</ele>
      </trkpt>
      <trkpt lat="36.08320995233953" lon="139.43398998118937">
        <ele>17.71</ele>
      </trkpt>
      <trkpt lat="36.08309118077159" lon="139.43388110026717">
        <ele>17.84</ele>
      </trkpt>
      <trkpt lat="36.083091013133526" lon="139.4338809326291">
        <ele>17.95</ele>
      </trkpt>
      <trkpt lat="36.08308992348611" lon="139.43387992680073">
        <ele>18.06</ele>
      </trkpt>
      <trkpt lat="36.08307818882167" lon="139.43389694206417">
        <ele>18.18</ele>
      </trkpt>
      <trkpt lat="36.082985484972596" lon="139.43379878997803">
        <ele>18.3</ele>
      </trkpt>
      <trkpt lat="36.08296402730048" lon="139.43379878997803">
        <ele>18.43</ele>
      </trkpt>
      <trkpt lat="36.082942485809326" lon="139.43384170532227">
        <ele>18.57</ele>
      </trkpt>
      <trkpt lat="36.08282916247845" lon="139.43409081548452">
        <ele>18.71</ele>
      </trkpt>
      <trkpt lat="36.08271676115692" lon="139.43433799780905">
        <ele>18.89</ele>
      </trkpt>
      <trkpt lat="36.082716677337885" lon="139.43433824926615">
        <ele>19.02</ele>
      </trkpt>
      <trkpt lat="36.082716174423695" lon="139.43433959037066">
        <ele>19.14</ele>
      </trkpt>
      <trkpt lat="36.08262062072754" lon="139.4345498085022">
        <ele>19.28</ele>
      </trkpt>
      <trkpt lat="36.08262070454657" lon="139.4345498085022">
        <ele>19.4</ele>
      </trkpt>
      <trkpt lat="36.082448875531554" lon="139.4348342064768">
        <ele>19.54</ele>
      </trkpt>
      <trkpt lat="36.08227713033557" lon="139.43511860445142">
        <ele>19.64</ele>
      </trkpt>
      <trkpt lat="36.082105385139585" lon="139.43540308624506">
        <ele>19.68</ele>
      </trkpt>
      <trkpt lat="36.08193397521973" lon="139.4356870651245">
        <ele>19.77</ele>
      </trkpt>
      <trkpt lat="36.08180514536798" lon="139.43596626631916">
        <ele>19.85</ele>
      </trkpt>
      <trkpt lat="36.08167656697333" lon="139.4362449645996">
        <ele>19.92</ele>
      </trkpt>
      <trkpt lat="36.08165510930121" lon="139.43630933761597">
        <ele>20.03</ele>
      </trkpt>
      <trkpt lat="36.08169802464545" lon="139.4363307952881">
        <ele>20.11</ele>
      </trkpt>
      <trkpt lat="36.081940764561296" lon="139.43648787215352">
        <ele>20.21</ele>
      </trkpt>
      <trkpt lat="36.082183588296175" lon="139.436645032838">
        <ele>20.33</ele>
      </trkpt>
      <trkpt lat="36.08242750167847" lon="139.4368028640747">
        <ele>20.47</ele>
      </trkpt>
      <trkpt lat="36.082448959350586" lon="139.43682432174683">
        <ele>20.56</ele>
      </trkpt>
      <trkpt lat="36.08235231600702" lon="139.4370713364333">
        <ele>20.68</ele>
      </trkpt>
      <trkpt lat="36.082255924120545" lon="139.43731784820557">
        <ele>20.76</ele>
      </trkpt>
      <trkpt lat="36.082255840301514" lon="139.43731784820557">
        <ele>20.82</ele>
      </trkpt>
      <trkpt lat="36.08218057081103" lon="139.43758640438318">
        <ele>20.84</ele>
      </trkpt>
      <trkpt lat="36.08210563659668" lon="139.43785429000854">
        <ele>20.88</ele>
      </trkpt>
      <trkpt lat="36.08210563659668" lon="139.43806886672974">
        <ele>20.91</ele>
      </trkpt>
      <trkpt lat="36.082191467285156" lon="139.4381546974182">
        <ele>20.9</ele>
      </trkpt>
      <trkpt lat="36.08227729797363" lon="139.43821907043457">
        <ele>20.88</ele>
      </trkpt>
      <trkpt lat="36.08250034041703" lon="139.4382487423718">
        <ele>20.79</ele>
      </trkpt>
      <trkpt lat="36.082500675693154" lon="139.4382487423718">
        <ele>20.8</ele>
      </trkpt>
      <trkpt lat="36.08250235207379" lon="139.43824907764792">
        <ele>20.8</ele>
      </trkpt>
      <trkpt lat="36.08227729797363" lon="139.43821907043457">
        <ele>20.89</ele>
      </trkpt>
      <trkpt lat="36.082191467285156" lon="139.4381546974182">
        <ele>20.91</ele>
      </trkpt>
      <trkpt lat="36.08210563659668" lon="139.43806886672974">
        <ele>20.93</ele>
      </trkpt>
      <trkpt lat="36.08210563659668" lon="139.43785429000854">
        <ele>20.91</ele>
      </trkpt>
      <trkpt lat="36.08218082226813" lon="139.4375856500119">
        <ele>20.89</ele>
      </trkpt>
      <trkpt lat="36.082255840301514" lon="139.43731784820557">
        <ele>20.87</ele>
      </trkpt>
      <trkpt lat="36.082255924120545" lon="139.43731784820557">
        <ele>20.83</ele>
      </trkpt>
      <trkpt lat="36.08235248364508" lon="139.43707074970007">
        <ele>20.76</ele>
      </trkpt>
      <trkpt lat="36.082448959350586" lon="139.43682432174683">
        <ele>20.66</ele>
      </trkpt>
      <trkpt lat="36.08242750167847" lon="139.4368028640747">
        <ele>20.59</ele>
      </trkpt>
      <trkpt lat="36.08218467794359" lon="139.43664570339024">
        <ele>20.48</ele>
      </trkpt>
      <trkpt lat="36.08194185420871" lon="139.43648854270577">
        <ele>20.37</ele>
      </trkpt>
      <trkpt lat="36.08169802464545" lon="139.4363307952881">
        <ele>20.31</ele>
      </trkpt>
      <trkpt lat="36.08165510930121" lon="139.43630933761597">
        <ele>20.25</ele>
      </trkpt>
      <trkpt lat="36.08163365162909" lon="139.43626642227173">
        <ele>20.19</ele>
      </trkpt>
      <trkpt lat="36.08151094056666" lon="139.43653900176287">
        <ele>20.22</ele>
      </trkpt>
      <trkpt lat="36.08138822950423" lon="139.43681166507304">
        <ele>20.22</ele>
      </trkpt>
      <trkpt lat="36.081265518441796" lon="139.43708424456418">
        <ele>20.13</ele>
      </trkpt>
      <trkpt lat="36.08114398084581" lon="139.43735422566533">
        <ele>19.98</ele>
      </trkpt>
      <trkpt lat="36.08114389702678" lon="139.43735447712243">
        <ele>19.91</ele>
      </trkpt>
      <trkpt lat="36.081143310293555" lon="139.43735590204597">
        <ele>19.84</ele>
      </trkpt>
      <trkpt lat="36.081265937536955" lon="139.4370832387358">
        <ele>19.88</ele>
      </trkpt>
      <trkpt lat="36.081388648599386" lon="139.43681057542562">
        <ele>19.84</ele>
      </trkpt>
      <trkpt lat="36.08151135966182" lon="139.4365379959345">
        <ele>19.71</ele>
      </trkpt>
      <trkpt lat="36.08163356781006" lon="139.43626642227173">
        <ele>19.56</ele>
      </trkpt>
      <trkpt lat="36.08165510930121" lon="139.43630933761597">
        <ele>19.5</ele>
      </trkpt>
      <trkpt lat="36.081516137346625" lon="139.43663723766804">
        <ele>19.56</ele>
      </trkpt>
      <trkpt lat="36.08137724921107" lon="139.43696522153914">
        <ele>19.55</ele>
      </trkpt>
      <trkpt lat="36.08123836107552" lon="139.4372931215912">
        <ele>19.42</ele>
      </trkpt>
      <trkpt lat="36.08109947293997" lon="139.4376211054623">
        <ele>19.26</ele>
      </trkpt>
      <trkpt lat="36.080960500985384" lon="139.43794900551438">
        <ele>19.2</ele>
      </trkpt>
      <trkpt lat="36.08082161284983" lon="139.43827698938549">
        <ele>19.2</ele>
      </trkpt>
      <trkpt lat="36.08068272471428" lon="139.43860488943756">
        <ele>19.32</ele>
      </trkpt>
      <trkpt lat="36.08054383657873" lon="139.43893287330866">
        <ele>19.4</ele>
      </trkpt>
      <trkpt lat="36.08040486462414" lon="139.43926077336073">
        <ele>19.2</ele>
      </trkpt>
      <trkpt lat="36.08026597648859" lon="139.43958875723183">
        <ele>19.0</ele>
      </trkpt>
      <trkpt lat="36.08012708835304" lon="139.4399166572839">
        <ele>18.96</ele>
      </trkpt>
      <trkpt lat="36.079988200217485" lon="139.44024455733597">
        <ele>18.93</ele>
      </trkpt>
      <trkpt lat="36.07984931208193" lon="139.44057254120708">
        <ele>18.94</ele>
      </trkpt>
      <trkpt lat="36.07971034012735" lon="139.44090044125915">
        <ele>19.0</ele>
      </trkpt>
      <trkpt lat="36.07957363128662" lon="139.44122314453125">
        <ele>18.98</ele>
      </trkpt>
      <trkpt lat="36.079458463937044" lon="139.44155615754426">
        <ele>19.0</ele>
      </trkpt>
      <trkpt lat="36.0793433804065" lon="139.44188917055726">
        <ele>19.05</ele>
      </trkpt>
      <trkpt lat="36.079228296875954" lon="139.4422222673893">
        <ele>19.04</ele>
      </trkpt>
      <trkpt lat="36.07911321334541" lon="139.4425552804023">
        <ele>18.99</ele>
      </trkpt>
      <trkpt lat="36.07899812981486" lon="139.4428882934153">
        <ele>18.96</ele>
      </trkpt>
      <trkpt lat="36.078882962465286" lon="139.44322139024734">
        <ele>19.09</ele>
      </trkpt>
      <trkpt lat="36.07876787893474" lon="139.44355440326035">
        <ele>19.21</ele>
      </trkpt>
      <trkpt lat="36.078652795404196" lon="139.44388741627336">
        <ele>19.27</ele>
      </trkpt>
      <trkpt lat="36.07853771187365" lon="139.4442205131054">
        <ele>19.34</ele>
      </trkpt>
      <trkpt lat="36.078422628343105" lon="139.4445535261184">
        <ele>19.32</ele>
      </trkpt>
      <trkpt lat="36.07830746099353" lon="139.4448865391314">
        <ele>19.23</ele>
      </trkpt>
      <trkpt lat="36.07819237746298" lon="139.4452195521444">
        <ele>19.2</ele>
      </trkpt>
      <trkpt lat="36.07807729393244" lon="139.44555264897645">
        <ele>19.23</ele>
      </trkpt>
      <trkpt lat="36.077964305877686" lon="139.4458794593811">
        <ele>19.26</ele>
      </trkpt>
      <trkpt lat="36.07790001668036" lon="139.44594383239746">
        <ele>19.22</ele>
      </trkpt>
      <trkpt lat="36.07787855900824" lon="139.4459867477417">
        <ele>19.2</ele>
      </trkpt>
      <trkpt lat="36.07783555984497" lon="139.44624423980713">
        <ele>19.21</ele>
      </trkpt>
      <trkpt lat="36.07776917517185" lon="139.44642830640078">
        <ele>19.18</ele>
      </trkpt>
      <trkpt lat="36.07770362868905" lon="139.4466101936996">
        <ele>19.16</ele>
      </trkpt>
      <trkpt lat="36.07770354487002" lon="139.44661052897573">
        <ele>19.14</ele>
      </trkpt>
      <trkpt lat="36.07770304195583" lon="139.4466120377183">
        <ele>19.1</ele>
      </trkpt>
      <trkpt lat="36.077584186568856" lon="139.44694178178906">
        <ele>19.04</ele>
      </trkpt>
      <trkpt lat="36.077465415000916" lon="139.44727160967886">
        <ele>18.99</ele>
      </trkpt>
      <trkpt lat="36.077346643432975" lon="139.44760143756866">
        <ele>18.92</ele>
      </trkpt>
      <trkpt lat="36.077227788046" lon="139.44793126545846">
        <ele>18.9</ele>
      </trkpt>
      <trkpt lat="36.07710901647806" lon="139.44826109334826">
        <ele>18.84</ele>
      </trkpt>
      <trkpt lat="36.07699024491012" lon="139.44859092123806">
        <ele>18.67</ele>
      </trkpt>
      <trkpt lat="36.07687138952315" lon="139.44892074912786">
        <ele>18.54</ele>
      </trkpt>
      <trkpt lat="36.07675261795521" lon="139.44925057701766">
        <ele>18.53</ele>
      </trkpt>
      <trkpt lat="36.07663384638727" lon="139.44958040490746">
        <ele>18.57</ele>
      </trkpt>
      <trkpt lat="36.076514991000295" lon="139.44991014897823">
        <ele>18.62</ele>
      </trkpt>
      <trkpt lat="36.07639789581299" lon="139.4502353668213">
        <ele>18.53</ele>
      </trkpt>
      <trkpt lat="36.076375683769584" lon="139.45027601905167">
        <ele>18.45</ele>
      </trkpt>
      <trkpt lat="36.07637559995055" lon="139.45027627050877">
        <ele>18.36</ele>
      </trkpt>
      <trkpt lat="36.076374761760235" lon="139.4502779468894">
        <ele>18.28</ele>
      </trkpt>
      <trkpt lat="36.07620351947844" lon="139.4505929388106">
        <ele>18.11</ele>
      </trkpt>
      <trkpt lat="36.076032277196646" lon="139.45090793073177">
        <ele>18.0</ele>
      </trkpt>
      <trkpt lat="36.07586145401001" lon="139.45122241973877">
        <ele>17.85</ele>
      </trkpt>
      <trkpt lat="36.07568115927279" lon="139.45147127844393">
        <ele>17.76</ele>
      </trkpt>
      <trkpt lat="36.0755009483546" lon="139.45172022096813">
        <ele>17.69</ele>
      </trkpt>
      <trkpt lat="36.07532065361738" lon="139.45196916349232">
        <ele>17.61</ele>
      </trkpt>
      <trkpt lat="36.075140442699194" lon="139.45221810601652">
        <ele>17.47</ele>
      </trkpt>
      <trkpt lat="36.074960231781006" lon="139.45246696472168">
        <ele>17.3</ele>
      </trkpt>
      <trkpt lat="36.07496031560004" lon="139.45246696472168">
        <ele>17.21</ele>
      </trkpt>
      <trkpt lat="36.07485294342041" lon="139.45250988006592">
        <ele>17.1</ele>
      </trkpt>
      <trkpt lat="36.07467591762543" lon="139.452708279714">
        <ele>17.03</ele>
      </trkpt>
      <trkpt lat="36.074498975649476" lon="139.45290667936206">
        <ele>17.05</ele>
      </trkpt>
      <trkpt lat="36.074322033673525" lon="139.45310507901013">
        <ele>17.03</ele>
      </trkpt>
      <trkpt lat="36.07414484024048" lon="139.45330381393433">
        <ele>16.96</ele>
      </trkpt>
      <trkpt lat="36.07398399151862" lon="139.45344312116504">
        <ele>16.88</ele>
      </trkpt>
      <trkpt lat="36.07382297515869" lon="139.45358276367188">
        <ele>16.75</ele>
      </trkpt>
      <trkpt lat="36.07365139760077" lon="139.45364713668823">
        <ele>16.62</ele>
      </trkpt>
      <trkpt lat="36.07358694076538" lon="139.45366859436035">
        <ele>16.54</ele>
      </trkpt>
      <trkpt lat="36.073358533903956" lon="139.45366138592362">
        <ele>16.47</ele>
      </trkpt>
      <trkpt lat="36.073130210861564" lon="139.45365426130593">
        <ele>16.45</ele>
      </trkpt>
      <trkpt lat="36.07290029525757" lon="139.45364713668823">
        <ele>16.48</ele>
      </trkpt>
      <trkpt lat="36.0727050807327" lon="139.45374470204115">
        <ele>16.53</ele>
      </trkpt>
      <trkpt lat="36.07270332053304" lon="139.4537456240505">
        <ele>16.5</ele>
      </trkpt>
      <trkpt lat="36.072557056322694" lon="139.45381879806519">
        <ele>16.49</ele>
      </trkpt>
      <trkpt lat="36.07229948043823" lon="139.45377588272095">
        <ele>16.49</ele>
      </trkpt>
      <trkpt lat="36.072299564257264" lon="139.45377588272095">
        <ele>16.45</ele>
      </trkpt>
      <trkpt lat="36.072138883173466" lon="139.45375442504883">
        <ele>16.42</ele>
      </trkpt>
      <trkpt lat="36.071977615356445" lon="139.4537329673767">
        <ele>16.37</ele>
      </trkpt>
      <trkpt lat="36.07182766310871" lon="139.453797172755">
        <ele>16.31</ele>
      </trkpt>
      <trkpt lat="36.07167720794678" lon="139.45386171340942">
        <ele>16.25</ele>
      </trkpt>
      <trkpt lat="36.071473862975836" lon="139.45389381609857">
        <ele>16.17</ele>
      </trkpt>
      <trkpt lat="36.071269595995545" lon="139.45392608642578">
        <ele>16.08</ele>
      </trkpt>
      <trkpt lat="36.071172868832946" lon="139.45421610027552">
        <ele>15.95</ele>
      </trkpt>
      <trkpt lat="36.07107647694647" lon="139.454505443573">
        <ele>15.89</ele>
      </trkpt>
      <trkpt lat="36.070808758959174" lon="139.4546124804765">
        <ele>15.9</ele>
      </trkpt>
      <trkpt lat="36.070540035143495" lon="139.4547200202942">
        <ele>15.77</ele>
      </trkpt>
      <trkpt lat="36.07029905542731" lon="139.4548109639436">
        <ele>15.47</ele>
      </trkpt>
      <trkpt lat="36.07005815953016" lon="139.45490199141204">
        <ele>15.25</ele>
      </trkpt>
      <trkpt lat="36.06981726363301" lon="139.4549930188805">
        <ele>15.14</ele>
      </trkpt>
      <trkpt lat="36.06957443989813" lon="139.45508480072021">
        <ele>15.08</ele>
      </trkpt>
      <trkpt lat="36.069295993074775" lon="139.45518647320569">
        <ele>14.93</ele>
      </trkpt>
      <trkpt lat="36.06901763007045" lon="139.4552882295102">
        <ele>14.77</ele>
      </trkpt>
      <trkpt lat="36.06873918324709" lon="139.45538990199566">
        <ele>14.69</ele>
      </trkpt>
      <trkpt lat="36.0684606526047" lon="139.45549165830016">
        <ele>14.58</ele>
      </trkpt>
      <trkpt lat="36.06846031732857" lon="139.4554917421192">
        <ele>14.48</ele>
      </trkpt>
      <trkpt lat="36.068458557128906" lon="139.45549249649048">
        <ele>14.38</ele>
      </trkpt>
      <trkpt lat="36.06845864094794" lon="139.45549249649048">
        <ele>14.29</ele>
      </trkpt>
      <trkpt lat="36.06815882027149" lon="139.455604897812">
        <ele>14.11</ele>
      </trkpt>
      <trkpt lat="36.067858999595046" lon="139.45571729913354">
        <ele>14.01</ele>
      </trkpt>
      <trkpt lat="36.0675591789186" lon="139.45582970045507">
        <ele>14.0</ele>
      </trkpt>
      <trkpt lat="36.067257011309266" lon="139.45594310760498">
        <ele>13.96</ele>
      </trkpt>
      <trkpt lat="36.067247707396746" lon="139.45628399960697">
        <ele>13.92</ele>
      </trkpt>
      <trkpt lat="36.06723848730326" lon="139.45662497542799">
        <ele>13.83</ele>
      </trkpt>
      <trkpt lat="36.06722926720977" lon="139.45696586742997">
        <ele>13.8</ele>
      </trkpt>
      <trkpt lat="36.06722004711628" lon="139.457306843251">
        <ele>13.75</ele>
      </trkpt>
      <trkpt lat="36.06721082702279" lon="139.45764773525298">
        <ele>13.73</ele>
      </trkpt>
      <trkpt lat="36.0672016069293" lon="139.457988711074">
        <ele>13.79</ele>
      </trkpt>
      <trkpt lat="36.06719255447388" lon="139.4583249092102">
        <ele>13.82</ele>
      </trkpt>
      <trkpt lat="36.06690212152898" lon="139.45832029916346">
        <ele>13.69</ele>
      </trkpt>
      <trkpt lat="36.06661168858409" lon="139.45831577293575">
        <ele>13.69</ele>
      </trkpt>
      <trkpt lat="36.066321255639195" lon="139.45831124670804">
        <ele>13.77</ele>
      </trkpt>
      <trkpt lat="36.06603090651333" lon="139.45830672048032">
        <ele>13.83</ele>
      </trkpt>
      <trkpt lat="36.06574047356844" lon="139.4583021942526">
        <ele>13.83</ele>
      </trkpt>
      <trkpt lat="36.065450040623546" lon="139.4582976680249">
        <ele>13.84</ele>
      </trkpt>
      <trkpt lat="36.06515969149768" lon="139.45829314179718">
        <ele>13.79</ele>
      </trkpt>
      <trkpt lat="36.06486925855279" lon="139.45828861556947">
        <ele>13.81</ele>
      </trkpt>
      <trkpt lat="36.06457496993244" lon="139.45828400552273">
        <ele>13.85</ele>
      </trkpt>
      <trkpt lat="36.06457463465631" lon="139.4582839217037">
        <ele>13.89</ele>
      </trkpt>
      <trkpt lat="36.06457262299955" lon="139.45828400552273">
        <ele>13.93</ele>
      </trkpt>
      <trkpt lat="36.06444597244263" lon="139.45828199386597">
        <ele>13.99</ele>
      </trkpt>
      <trkpt lat="36.06426391750574" lon="139.45835692808032">
        <ele>14.05</ele>
      </trkpt>
      <trkpt lat="36.0640811920166" lon="139.4584321975708">
        <ele>14.1</ele>
      </trkpt>
      <trkpt lat="36.06393098831177" lon="139.45851802825928">
        <ele>14.17</ele>
      </trkpt>
      <trkpt lat="36.063716830685735" lon="139.45854652673006">
        <ele>14.2</ele>
      </trkpt>
      <trkpt lat="36.063502756878734" lon="139.45857510901988">
        <ele>14.21</ele>
      </trkpt>
      <trkpt lat="36.06328725814819" lon="139.45860385894775">
        <ele>14.28</ele>
      </trkpt>
      <trkpt lat="36.06315851211548" lon="139.4586682319641">
        <ele>14.36</ele>
      </trkpt>
      <trkpt lat="36.06305122375488" lon="139.45886135101318">
        <ele>14.47</ele>
      </trkpt>
      <trkpt lat="36.06290110386908" lon="139.4589900970459">
        <ele>14.56</ele>
      </trkpt>
      <trkpt lat="36.06286279857159" lon="139.45889077149332">
        <ele>14.59</ele>
      </trkpt>
      <trkpt lat="36.06286263093352" lon="139.45889035239816">
        <ele>14.61</ele>
      </trkpt>
      <trkpt lat="36.06286196038127" lon="139.4588885921985">
        <ele>14.64</ele>
      </trkpt>
      <trkpt lat="36.062774034217" lon="139.45866010151803">
        <ele>14.64</ele>
      </trkpt>
      <trkpt lat="36.06268644332886" lon="139.4584321975708">
        <ele>14.61</ele>
      </trkpt>
      <trkpt lat="36.062427777796984" lon="139.45853353478014">
        <ele>14.69</ele>
      </trkpt>
      <trkpt lat="36.06216919608414" lon="139.4586348719895">
        <ele>14.74</ele>
      </trkpt>
      <trkpt lat="36.0619106143713" lon="139.4587361253798">
        <ele>14.65</ele>
      </trkpt>
      <trkpt lat="36.06165203265846" lon="139.45883746258914">
        <ele>14.55</ele>
      </trkpt>
      <trkpt lat="36.06139303185046" lon="139.45893896743655">
        <ele>14.47</ele>
      </trkpt>
      <trkpt lat="36.061392864212394" lon="139.45893896743655">
        <ele>14.46</ele>
      </trkpt>
      <trkpt lat="36.06139085255563" lon="139.4589398894459">
        <ele>14.46</ele>
      </trkpt>
      <trkpt lat="36.06109865941107" lon="139.45905447006226">
        <ele>14.44</ele>
      </trkpt>
      <trkpt lat="36.06104484759271" lon="139.4588394742459">
        <ele>14.45</ele>
      </trkpt>
      <trkpt lat="36.060991287231445" lon="139.45862531661987">
        <ele>14.48</ele>
      </trkpt>
      <trkpt lat="36.06076103635132" lon="139.45870561525226">
        <ele>14.48</ele>
      </trkpt>
      <trkpt lat="36.06053086929023" lon="139.45878591388464">
        <ele>14.53</ele>
      </trkpt>
      <trkpt lat="36.06030070222914" lon="139.45886621251702">
        <ele>14.57</ele>
      </trkpt>
      <trkpt lat="36.06007078662515" lon="139.45894634351134">
        <ele>14.57</ele>
      </trkpt>
      <trkpt lat="36.06007061898708" lon="139.45894634351134">
        <ele>14.58</ele>
      </trkpt>
      <trkpt lat="36.06006860733032" lon="139.45894718170166">
        <ele>14.59</ele>
      </trkpt>
      <trkpt lat="36.05985444970429" lon="139.4590006582439">
        <ele>14.6</ele>
      </trkpt>
      <trkpt lat="36.05963945388794" lon="139.45905447006226">
        <ele>14.64</ele>
      </trkpt>
      <trkpt lat="36.059510707855225" lon="139.45914030075073">
        <ele>14.66</ele>
      </trkpt>
      <trkpt lat="36.059315325692296" lon="139.45944171398878">
        <ele>14.7</ele>
      </trkpt>
      <trkpt lat="36.05911994352937" lon="139.45974312722683">
        <ele>14.74</ele>
      </trkpt>
      <trkpt lat="36.05892607010901" lon="139.46004210971296">
        <ele>14.69</ele>
      </trkpt>
      <trkpt lat="36.058925818651915" lon="139.46004261262715">
        <ele>14.72</ele>
      </trkpt>
      <trkpt lat="36.058924812823534" lon="139.46004428900778">
        <ele>14.74</ele>
      </trkpt>
      <trkpt lat="36.058759689331055" lon="139.46029901504517">
        <ele>14.73</ele>
      </trkpt>
      <trkpt lat="36.058759689331055" lon="139.46057796478271">
        <ele>14.73</ele>
      </trkpt>
      <trkpt lat="36.058759689331055" lon="139.46081441827118">
        <ele>14.76</ele>
      </trkpt>
      <trkpt lat="36.058759689331055" lon="139.46105003356934">
        <ele>14.8</ele>
      </trkpt>
      <trkpt lat="36.058879466727376" lon="139.4612248800695">
        <ele>14.84</ele>
      </trkpt>
      <trkpt lat="36.05887971818447" lon="139.46122521534562">
        <ele>14.88</ele>
      </trkpt>
      <trkpt lat="36.05888097546995" lon="139.46122705936432">
        <ele>14.93</ele>
      </trkpt>
      <trkpt lat="36.05904911644757" lon="139.46147248148918">
        <ele>14.99</ele>
      </trkpt>
      <trkpt lat="36.05921734124422" lon="139.46171790361404">
        <ele>15.09</ele>
      </trkpt>
      <trkpt lat="36.05938548222184" lon="139.46196340955794">
        <ele>15.21</ele>
      </trkpt>
      <trkpt lat="36.05955362319946" lon="139.46220874786377">
        <ele>15.3</ele>
      </trkpt>
      <trkpt lat="36.059784963727" lon="139.46205443702638">
        <ele>15.37</ele>
      </trkpt>
      <trkpt lat="36.060016388073564" lon="139.461900126189">
        <ele>15.4</ele>
      </trkpt>
      <trkpt lat="36.06024781242013" lon="139.46174589917064">
        <ele>15.38</ele>
      </trkpt>
      <trkpt lat="36.060479236766696" lon="139.46159158833325">
        <ele>15.45</ele>
      </trkpt>
      <trkpt lat="36.0607123374939" lon="139.46143627166748">
        <ele>15.51</ele>
      </trkpt>
      <trkpt lat="36.06071242131293" lon="139.46143627166748">
        <ele>15.54</ele>
      </trkpt>
      <trkpt lat="36.06094812043011" lon="139.46127550676465">
        <ele>15.54</ele>
      </trkpt>
      <trkpt lat="36.061183819547296" lon="139.46111482568085">
        <ele>15.54</ele>
      </trkpt>
      <trkpt lat="36.06141951866448" lon="139.46095406077802">
        <ele>15.56</ele>
      </trkpt>
      <trkpt lat="36.06165655888617" lon="139.4607925415039">
        <ele>15.52</ele>
      </trkpt>
      <trkpt lat="36.06183526106179" lon="139.46101415902376">
        <ele>15.56</ele>
      </trkpt>
      <trkpt lat="36.06201404705644" lon="139.46123586036265">
        <ele>15.59</ele>
      </trkpt>
      <trkpt lat="36.06219291687012" lon="139.4614577293396">
        <ele>15.61</ele>
      </trkpt>
      <trkpt lat="36.06228595599532" lon="139.46169401519">
        <ele>15.62</ele>
      </trkpt>
      <trkpt lat="36.06237907893956" lon="139.4619303010404">
        <ele>15.67</ele>
      </trkpt>
      <trkpt lat="36.062471866607666" lon="139.46216583251953">
        <ele>15.75</ele>
      </trkpt>
      <trkpt lat="36.0624719504267" lon="139.46216583251953">
        <ele>15.77</ele>
      </trkpt>
      <trkpt lat="36.0625649895519" lon="139.4624451175332">
        <ele>15.84</ele>
      </trkpt>
      <trkpt lat="36.06265811249614" lon="139.46272448636591">
        <ele>15.86</ele>
      </trkpt>
      <trkpt lat="36.06275090016425" lon="139.46300268173218">
        <ele>15.86</ele>
      </trkpt>
      <trkpt lat="36.06280102394521" lon="139.46328205056489">
        <ele>15.9</ele>
      </trkpt>
      <trkpt lat="36.06285114772618" lon="139.46356150321662">
        <ele>15.96</ele>
      </trkpt>
      <trkpt lat="36.06290110386908" lon="139.46383953094482">
        <ele>15.98</ele>
      </trkpt>
      <trkpt lat="36.062976038083434" lon="139.46419643238187">
        <ele>15.95</ele>
      </trkpt>
      <trkpt lat="36.0629762057215" lon="139.46419693529606">
        <ele>15.99</ele>
      </trkpt>
      <trkpt lat="36.062976624816656" lon="139.46419869549572">
        <ele>16.03</ele>
      </trkpt>
      <trkpt lat="36.06304368004203" lon="139.4645171239972">
        <ele>16.06</ele>
      </trkpt>
      <trkpt lat="36.0631107352674" lon="139.4648355524987">
        <ele>16.13</ele>
      </trkpt>
      <trkpt lat="36.06317779049277" lon="139.46515398100019">
        <ele>16.21</ele>
      </trkpt>
      <trkpt lat="36.06324442662299" lon="139.46547031402588">
        <ele>16.27</ele>
      </trkpt>
      <trkpt lat="36.06353335082531" lon="139.46547023020685">
        <ele>16.32</ele>
      </trkpt>
      <trkpt lat="36.063823783770204" lon="139.46547031402588">
        <ele>16.36</ele>
      </trkpt>
      <trkpt lat="36.06408596970141" lon="139.46544349193573">
        <ele>16.39</ele>
      </trkpt>
      <trkpt lat="36.06434823945165" lon="139.4654167536646">
        <ele>16.55</ele>
      </trkpt>
      <trkpt lat="36.06461042538285" lon="139.4653900153935">
        <ele>16.7</ele>
      </trkpt>
      <trkpt lat="36.06487520970404" lon="139.46536302566528">
        <ele>16.73</ele>
      </trkpt>
      <trkpt lat="36.06505449861288" lon="139.46531348861754">
        <ele>16.76</ele>
      </trkpt>
      <trkpt lat="36.06505449861288" lon="139.4653134047985">
        <ele>16.84</ele>
      </trkpt>
      <trkpt lat="36.0650569293648" lon="139.46531290188432">
        <ele>16.93</ele>
      </trkpt>
      <trkpt lat="36.06487520970404" lon="139.46536302566528">
        <ele>17.06</ele>
      </trkpt>
      <trkpt lat="36.064612939953804" lon="139.4653897639364">
        <ele>17.2</ele>
      </trkpt>
      <trkpt lat="36.06435067020357" lon="139.46541650220752">
        <ele>17.2</ele>
      </trkpt>
      <trkpt lat="36.06408848427236" lon="139.46544324047863">
        <ele>17.21</ele>
      </trkpt>
      <trkpt lat="36.063823783770204" lon="139.46547031402588">
        <ele>17.32</ele>
      </trkpt>
      <trkpt lat="36.06353477574885" lon="139.46547023020685">
        <ele>17.44</ele>
      </trkpt>
      <trkpt lat="36.06324442662299" lon="139.46547031402588">
        <ele>17.53</ele>
      </trkpt>
      <trkpt lat="36.063308883458376" lon="139.46579268202186">
        <ele>17.63</ele>
      </trkpt>
      <trkpt lat="36.0633731726557" lon="139.46611404418945">
        <ele>17.77</ele>
      </trkpt>
      <trkpt lat="36.063427152112126" lon="139.46637639775872">
        <ele>17.89</ele>
      </trkpt>
      <trkpt lat="36.063480377197266" lon="139.46663539856672">
        <ele>17.96</ele>
      </trkpt>
      <trkpt lat="36.06348054483533" lon="139.4666359014809">
        <ele>18.02</ele>
      </trkpt>
      <trkpt lat="36.06348096393049" lon="139.46663791313767">
        <ele>18.07</ele>
      </trkpt>
      <trkpt lat="36.063523292541504" lon="139.4668436050415">
        <ele>18.11</ele>
      </trkpt>
      <trkpt lat="36.063523376360536" lon="139.4669508934021">
        <ele>18.13</ele>
      </trkpt>
      <trkpt lat="36.06325347907841" lon="139.46708366274834">
        <ele>18.16</ele>
      </trkpt>
      <trkpt lat="36.06298358179629" lon="139.46721643209457">
        <ele>18.21</ele>
      </trkpt>
      <trkpt lat="36.062713684514165" lon="139.46734928525984">
        <ele>18.25</ele>
      </trkpt>
      <trkpt lat="36.06244378723204" lon="139.46748205460608">
        <ele>18.25</ele>
      </trkpt>
      <trkpt lat="36.06217154301703" lon="139.4676160812378">
        <ele>18.25</ele>
      </trkpt>
      <trkpt lat="36.062171459198" lon="139.4676160812378">
        <ele>18.23</ele>
      </trkpt>
      <trkpt lat="36.06193567626178" lon="139.4677982199937">
        <ele>18.22</ele>
      </trkpt>
      <trkpt lat="36.06169939041138" lon="139.46798086166382">
        <ele>18.15</ele>
      </trkpt>
      <trkpt lat="36.06150669045746" lon="139.4680022355169">
        <ele>18.11</ele>
      </trkpt>
      <trkpt lat="36.06131315231323" lon="139.46802377700806">
        <ele>18.11</ele>
      </trkpt>
      <trkpt lat="36.061270236968994" lon="139.4680881500244">
        <ele>18.05</ele>
      </trkpt>
      <trkpt lat="36.061307871714234" lon="139.46838906034827">
        <ele>17.85</ele>
      </trkpt>
      <trkpt lat="36.061345506459475" lon="139.46869005449116">
        <ele>17.77</ele>
      </trkpt>
      <trkpt lat="36.061383141204715" lon="139.46899104863405">
        <ele>17.69</ele>
      </trkpt>
      <trkpt lat="36.06142052449286" lon="139.4692897796631">
        <ele>17.65</ele>
      </trkpt>
      <trkpt lat="36.06144198216498" lon="139.46966595947742">
        <ele>17.66</ele>
      </trkpt>
      <trkpt lat="36.061463356018066" lon="139.47004079818726">
        <ele>17.55</ele>
      </trkpt>
      <trkpt lat="36.06127057224512" lon="139.4701371062547">
        <ele>17.48</ele>
      </trkpt>
      <trkpt lat="36.06107711791992" lon="139.47023391723633">
        <ele>17.35</ele>
      </trkpt>
      <trkpt lat="36.06091618537903" lon="139.47040541097522">
        <ele>17.22</ele>
      </trkpt>
      <trkpt lat="36.060755252838135" lon="139.47057723999023">
        <ele>17.14</ele>
      </trkpt>
      <trkpt lat="36.06064804829657" lon="139.4707703590393">
        <ele>17.09</ele>
      </trkpt>
      <trkpt lat="36.060540759935975" lon="139.4711136817932">
        <ele>17.02</ele>
      </trkpt>
      <trkpt lat="36.06041201390326" lon="139.47145700454712">
        <ele>16.83</ele>
      </trkpt>
      <trkpt lat="36.06026893481612" lon="139.4716572482139">
        <ele>16.68</ele>
      </trkpt>
      <trkpt lat="36.060125855728984" lon="139.4718575756997">
        <ele>16.58</ele>
      </trkpt>
      <trkpt lat="36.05998286046088" lon="139.47205781936646">
        <ele>16.49</ele>
      </trkpt>
      <trkpt lat="36.05998286046088" lon="139.47207927703857">
        <ele>16.41</ele>
      </trkpt>
      <trkpt lat="36.05983257293701" lon="139.47230994701385">
        <ele>16.38</ele>
      </trkpt>
      <trkpt lat="36.05968236923218" lon="139.47254070080817">
        <ele>16.41</ele>
      </trkpt>
      <trkpt lat="36.05953208170831" lon="139.47277145460248">
        <ele>16.39</ele>
      </trkpt>
      <trkpt lat="36.05938204564154" lon="139.4730019569397">
        <ele>16.28</ele>
      </trkpt>
      <trkpt lat="36.059296214953065" lon="139.47319507598877">
        <ele>16.15</ele>
      </trkpt>
      <trkpt lat="36.05926704593003" lon="139.4734665658325">
        <ele>16.0</ele>
      </trkpt>
      <trkpt lat="36.05923821218312" lon="139.4737345352769">
        <ele>15.91</ele>
      </trkpt>
      <trkpt lat="36.05923821218312" lon="139.47373503819108">
        <ele>15.86</ele>
      </trkpt>
      <trkpt lat="36.059238044545054" lon="139.47373713366687">
        <ele>15.82</ele>
      </trkpt>
      <trkpt lat="36.05923184193671" lon="139.4737958908081">
        <ele>15.79</ele>
      </trkpt>
      <trkpt lat="36.05923184193671" lon="139.474096884951">
        <ele>15.77</ele>
      </trkpt>
      <trkpt lat="36.05923184193671" lon="139.47439787909389">
        <ele>15.79</ele>
      </trkpt>
      <trkpt lat="36.05923184193671" lon="139.4746971130371">
        <ele>15.75</ele>
      </trkpt>
      <trkpt lat="36.0591995716095" lon="139.4748905673623">
        <ele>15.71</ele>
      </trkpt>
      <trkpt lat="36.05916746892035" lon="139.47508335113525">
        <ele>15.75</ele>
      </trkpt>
      <trkpt lat="36.05907426215708" lon="139.47542717680335">
        <ele>15.89</ele>
      </trkpt>
      <trkpt lat="36.05898113921285" lon="139.47577100247145">
        <ele>15.98</ele>
      </trkpt>
      <trkpt lat="36.0588885191828" lon="139.47611331939697">
        <ele>16.01</ele>
      </trkpt>
      <trkpt lat="36.05880788527429" lon="139.47645178064704">
        <ele>16.09</ele>
      </trkpt>
      <trkpt lat="36.05872725136578" lon="139.47679032571614">
        <ele>16.12</ele>
      </trkpt>
      <trkpt lat="36.0586467012763" lon="139.47712887078524">
        <ele>16.09</ele>
      </trkpt>
      <trkpt lat="36.058566654101014" lon="139.47746515274048">
        <ele>16.14</ele>
      </trkpt>
      <trkpt lat="36.058480655774474" lon="139.47778752073646">
        <ele>16.17</ele>
      </trkpt>
      <trkpt lat="36.058394657447934" lon="139.47810988873243">
        <ele>16.19</ele>
      </trkpt>
      <trkpt lat="36.058308742940426" lon="139.4784322567284">
        <ele>16.31</ele>
      </trkpt>
      <trkpt lat="36.058222744613886" lon="139.4787546247244">
        <ele>16.45</ele>
      </trkpt>
      <trkpt lat="36.05813750065863" lon="139.4790744781494">
        <ele>16.56</ele>
      </trkpt>
      <trkpt lat="36.05803859420121" lon="139.47942257858813">
        <ele>16.62</ele>
      </trkpt>
      <trkpt lat="36.05793968774378" lon="139.47977076284587">
        <ele>16.62</ele>
      </trkpt>
      <trkpt lat="36.05784086510539" lon="139.4801188632846">
        <ele>16.71</ele>
      </trkpt>
      <trkpt lat="36.057741958647966" lon="139.48046704754233">
        <ele>16.85</ele>
      </trkpt>
      <trkpt lat="36.05764389038086" lon="139.48081254959106">
        <ele>16.98</ele>
      </trkpt>
      <trkpt lat="36.05740148574114" lon="139.48079561814666">
        <ele>17.05</ele>
      </trkpt>
      <trkpt lat="36.057160841301084" lon="139.48077885434031">
        <ele>17.18</ele>
      </trkpt>
      <trkpt lat="36.05716067366302" lon="139.48077877052128">
        <ele>17.25</ele>
      </trkpt>
      <trkpt lat="36.05715807527304" lon="139.48077868670225">
        <ele>17.31</ele>
      </trkpt>
      <trkpt lat="36.057400396093726" lon="139.48079553432763">
        <ele>17.3</ele>
      </trkpt>
      <trkpt lat="36.05764397419989" lon="139.48081254959106">
        <ele>17.34</ele>
      </trkpt>
      <trkpt lat="36.05755789205432" lon="139.4811456464231">
        <ele>17.36</ele>
      </trkpt>
      <trkpt lat="36.057472229003906" lon="139.48147773742676">
        <ele>17.37</ele>
      </trkpt>
      <trkpt lat="36.05737550184131" lon="139.48177311569452">
        <ele>17.39</ele>
      </trkpt>
      <trkpt lat="36.05727885849774" lon="139.48206857778132">
        <ele>17.41</ele>
      </trkpt>
      <trkpt lat="36.05718221515417" lon="139.48236403986812">
        <ele>17.48</ele>
      </trkpt>
      <trkpt lat="36.05708607472479" lon="139.4826579093933">
        <ele>17.5</ele>
      </trkpt>
      <trkpt lat="36.05700007639825" lon="139.482937194407">
        <ele>17.45</ele>
      </trkpt>
      <trkpt lat="36.05691407807171" lon="139.4832165632397">
        <ele>17.42</ele>
      </trkpt>
      <trkpt lat="36.05682925321162" lon="139.48349207639694">
        <ele>17.43</ele>
      </trkpt>
      <trkpt lat="36.056829169392586" lon="139.4834924954921">
        <ele>17.42</ele>
      </trkpt>
      <trkpt lat="36.05682849884033" lon="139.48349475860596">
        <ele>17.39</ele>
      </trkpt>
      <trkpt lat="36.056828582659364" lon="139.48349475860596">
        <ele>17.37</ele>
      </trkpt>
      <trkpt lat="36.056785667315125" lon="139.48370933532715">
        <ele>17.36</ele>
      </trkpt>
      <trkpt lat="36.056764209643006" lon="139.4837522506714">
        <ele>17.33</ele>
      </trkpt>
      <trkpt lat="36.056764125823975" lon="139.4837522506714">
        <ele>17.28</ele>
      </trkpt>
      <trkpt lat="36.05662909336388" lon="139.48406824842095">
        <ele>17.32</ele>
      </trkpt>
      <trkpt lat="36.05649406090379" lon="139.48438432998955">
        <ele>17.21</ele>
      </trkpt>
      <trkpt lat="36.056359112262726" lon="139.48470041155815">
        <ele>17.07</ele>
      </trkpt>
      <trkpt lat="36.05622407980263" lon="139.48501649312675">
        <ele>17.0</ele>
      </trkpt>
      <trkpt lat="36.05608904734254" lon="139.48533257469535">
        <ele>16.93</ele>
      </trkpt>
      <trkpt lat="36.05595409870148" lon="139.48564857244492">
        <ele>16.79</ele>
      </trkpt>
      <trkpt lat="36.055820072069764" lon="139.48596239089966">
        <ele>16.77</ele>
      </trkpt>
      <trkpt lat="36.055691158398986" lon="139.48624695651233">
        <ele>16.71</ele>
      </trkpt>
      <trkpt lat="36.05556232854724" lon="139.486531522125">
        <ele>16.57</ele>
      </trkpt>
      <trkpt lat="36.05543341487646" lon="139.48681608773768">
        <ele>16.41</ele>
      </trkpt>
      <trkpt lat="36.055305087938905" lon="139.48709964752197">
        <ele>16.21</ele>
      </trkpt>
      <trkpt lat="36.05516544543207" lon="139.4873626716435">
        <ele>16.13</ele>
      </trkpt>
      <trkpt lat="36.05502588674426" lon="139.48762569576502">
        <ele>16.11</ele>
      </trkpt>
      <trkpt lat="36.054886328056455" lon="139.48788871988654">
        <ele>16.02</ele>
      </trkpt>
      <trkpt lat="36.05474718846381" lon="139.4881510734558">
        <ele>15.84</ele>
      </trkpt>
      <trkpt lat="36.05470427311957" lon="139.4882369041443">
        <ele>15.7</ele>
      </trkpt>
      <trkpt lat="36.05451819486916" lon="139.48854451999068">
        <ele>15.5</ele>
      </trkpt>
      <trkpt lat="36.05433211661875" lon="139.4888522196561">
        <ele>15.44</ele>
      </trkpt>
      <trkpt lat="36.05414637364447" lon="139.4891595840454">
        <ele>15.49</ele>
      </trkpt>
      <trkpt lat="36.054006814956665" lon="139.48940106667578">
        <ele>15.49</ele>
      </trkpt>
      <trkpt lat="36.05386725626886" lon="139.4896426331252">
        <ele>15.47</ele>
      </trkpt>
      <trkpt lat="36.05372769758105" lon="139.48988411575556">
        <ele>15.45</ele>
      </trkpt>
      <trkpt lat="36.05358847416937" lon="139.49012517929077">
        <ele>15.36</ele>
      </trkpt>
      <trkpt lat="36.05344891548157" lon="139.4903612975031">
        <ele>15.21</ele>
      </trkpt>
      <trkpt lat="36.053309524431825" lon="139.4905972480774">
        <ele>15.05</ele>
      </trkpt>
      <trkpt lat="36.053124871104956" lon="139.49087192304432">
        <ele>14.96</ele>
      </trkpt>
      <trkpt lat="36.05294030159712" lon="139.4911466818303">
        <ele>14.95</ele>
      </trkpt>
      <trkpt lat="36.05275573208928" lon="139.49142135679722">
        <ele>14.85</ele>
      </trkpt>
      <trkpt lat="36.052571162581444" lon="139.49169611558318">
        <ele>14.76</ele>
      </trkpt>
      <trkpt lat="36.0523868445307" lon="139.49197053909302">
        <ele>14.71</ele>
      </trkpt>
      <trkpt lat="36.0521936416626" lon="139.49224228039384">
        <ele>14.52</ele>
      </trkpt>
      <trkpt lat="36.052000522613525" lon="139.4925141055137">
        <ele>14.41</ele>
      </trkpt>
      <trkpt lat="36.051807487383485" lon="139.49278593063354">
        <ele>14.4</ele>
      </trkpt>
      <trkpt lat="36.05180740356445" lon="139.49278593063354">
        <ele>14.35</ele>
      </trkpt>
      <trkpt lat="36.051622834056616" lon="139.49302188120782">
        <ele>14.28</ele>
      </trkpt>
      <trkpt lat="36.05143834836781" lon="139.49325791560113">
        <ele>14.19</ele>
      </trkpt>
      <trkpt lat="36.051253862679005" lon="139.49349394999444">
        <ele>14.15</ele>
      </trkpt>
      <trkpt lat="36.05106929317117" lon="139.49372990056872">
        <ele>14.22</ele>
      </trkpt>
      <trkpt lat="36.05088472366333" lon="139.4939661026001">
        <ele>14.23</ele>
      </trkpt>
      <trkpt lat="36.0506774391979" lon="139.4942184817046">
        <ele>14.17</ele>
      </trkpt>
      <trkpt lat="36.050472082570195" lon="139.49446859769523">
        <ele>14.07</ele>
      </trkpt>
      <trkpt lat="36.0504718311131" lon="139.4944690167904">
        <ele>14.05</ele>
      </trkpt>
      <trkpt lat="36.050470154732466" lon="139.49447111226618">
        <ele>14.05</ele>
      </trkpt>
      <trkpt lat="36.05027879588306" lon="139.49470421299338">
        <ele>14.01</ele>
      </trkpt>
      <trkpt lat="36.05008743703365" lon="139.49493731372058">
        <ele>14.0</ele>
      </trkpt>
      <trkpt lat="36.04989607818425" lon="139.49517041444778">
        <ele>14.12</ele>
      </trkpt>
      <trkpt lat="36.04970463551581" lon="139.49540376663208">
        <ele>14.2</ele>
      </trkpt>
      <trkpt lat="36.04970455169678" lon="139.49540376663208">
        <ele>14.22</ele>
      </trkpt>
      <trkpt lat="36.04964026249945" lon="139.49546813964844">
        <ele>14.24</ele>
      </trkpt>
      <trkpt lat="36.04959726333618" lon="139.4955325126648">
        <ele>14.26</ele>
      </trkpt>
      <trkpt lat="36.049375645816326" lon="139.49576837942004">
        <ele>14.21</ele>
      </trkpt>
      <trkpt lat="36.04915402829647" lon="139.49600432999432">
        <ele>14.17</ele>
      </trkpt>
      <trkpt lat="36.04893215931952" lon="139.49624061584473">
        <ele>14.25</ele>
      </trkpt>
      <trkpt lat="36.048710541799664" lon="139.49644781649113">
        <ele>14.35</ele>
      </trkpt>
      <trkpt lat="36.04848900809884" lon="139.49665510095656">
        <ele>14.46</ele>
      </trkpt>
      <trkpt lat="36.04826697148383" lon="139.49686288833618">
        <ele>14.51</ele>
      </trkpt>
      <trkpt lat="36.048039654269814" lon="139.49706438928843">
        <ele>14.52</ele>
      </trkpt>
      <trkpt lat="36.047812420874834" lon="139.49726589024067">
        <ele>14.55</ele>
      </trkpt>
      <trkpt lat="36.047585187479854" lon="139.4974673911929">
        <ele>14.58</ele>
      </trkpt>
      <trkpt lat="36.04735795408487" lon="139.4976689759642">
        <ele>14.65</ele>
      </trkpt>
      <trkpt lat="36.04712971486151" lon="139.49787139892578">
        <ele>14.74</ele>
      </trkpt>
      <trkpt lat="36.04690474458039" lon="139.49801062233746">
        <ele>14.77</ele>
      </trkpt>
      <trkpt lat="36.04667910374701" lon="139.49815034866333">
        <ele>14.8</ele>
      </trkpt>
      <trkpt lat="36.0464290715754" lon="139.49831455014646">
        <ele>14.92</ele>
      </trkpt>
      <trkpt lat="36.046179039403796" lon="139.49847883544862">
        <ele>15.05</ele>
      </trkpt>
      <trkpt lat="36.04592800140381" lon="139.49864387512207">
        <ele>15.16</ele>
      </trkpt>
      <trkpt lat="36.04568928480148" lon="139.49877111241221">
        <ele>15.29</ele>
      </trkpt>
      <trkpt lat="36.045452412217855" lon="139.49889751151204">
        <ele>15.36</ele>
      </trkpt>
      <trkpt lat="36.045452328398824" lon="139.49889751151204">
        <ele>15.43</ele>
      </trkpt>
      <trkpt lat="36.04544981382787" lon="139.49889893643558">
        <ele>15.5</ele>
      </trkpt>
      <trkpt lat="36.0452064871788" lon="139.49902860447764">
        <ele>15.64</ele>
      </trkpt>
      <trkpt lat="36.04496248997748" lon="139.49915885925293">
        <ele>15.84</ele>
      </trkpt>
      <trkpt lat="36.044692592695355" lon="139.49929162859917">
        <ele>15.83</ele>
      </trkpt>
      <trkpt lat="36.04442269541323" lon="139.4994243979454">
        <ele>15.79</ele>
      </trkpt>
      <trkpt lat="36.04415279813111" lon="139.49955725111067">
        <ele>15.72</ele>
      </trkpt>
      <trkpt lat="36.043882900848985" lon="139.4996900204569">
        <ele>15.6</ele>
      </trkpt>
      <trkpt lat="36.04361065663397" lon="139.49982404708862">
        <ele>15.6</ele>
      </trkpt>
      <trkpt lat="36.04338040575385" lon="139.49991499073803">
        <ele>15.63</ele>
      </trkpt>
      <trkpt lat="36.04315015487373" lon="139.50000601820648">
        <ele>15.67</ele>
      </trkpt>
      <trkpt lat="36.04291990399361" lon="139.50009704567492">
        <ele>15.7</ele>
      </trkpt>
      <trkpt lat="36.04268789291382" lon="139.50018882751465">
        <ele>15.79</ele>
      </trkpt>
      <trkpt lat="36.04244699701667" lon="139.500263761729">
        <ele>15.77</ele>
      </trkpt>
      <trkpt lat="36.04220610111952" lon="139.50033869594336">
        <ele>15.74</ele>
      </trkpt>
      <trkpt lat="36.0419652890414" lon="139.5004136301577">
        <ele>15.73</ele>
      </trkpt>
      <trkpt lat="36.04172238148749" lon="139.50048923492432">
        <ele>15.69</ele>
      </trkpt>
      <trkpt lat="36.04163487441838" lon="139.50012177228928">
        <ele>15.7</ele>
      </trkpt>
      <trkpt lat="36.04154736734927" lon="139.49975430965424">
        <ele>15.58</ele>
      </trkpt>
      <trkpt lat="36.041459860280156" lon="139.4993868470192">
        <ele>15.4</ele>
      </trkpt>
      <trkpt lat="36.04137352667749" lon="139.49902466498315">
        <ele>15.29</ele>
      </trkpt>
      <trkpt lat="36.04137344285846" lon="139.49902416206896">
        <ele>15.23</ele>
      </trkpt>
      <trkpt lat="36.04137293994427" lon="139.4990218989551">
        <ele>15.17</ele>
      </trkpt>
      <trkpt lat="36.041293144226074" lon="139.4986867904663">
        <ele>15.14</ele>
      </trkpt>
      <trkpt lat="36.04114813730121" lon="139.4983645901084">
        <ele>15.09</ele>
      </trkpt>
      <trkpt lat="36.04100313037634" lon="139.49804238975048">
        <ele>15.09</ele>
      </trkpt>
      <trkpt lat="36.0408582072705" lon="139.49772018939257">
        <ele>15.01</ele>
      </trkpt>
      <trkpt lat="36.04071378707886" lon="139.49739933013916">
        <ele>14.94</ele>
      </trkpt>
      <trkpt lat="36.04071387089789" lon="139.49739933013916">
        <ele>14.87</ele>
      </trkpt>
      <trkpt lat="36.0406010504812" lon="139.49710386805236">
        <ele>14.76</ele>
      </trkpt>
      <trkpt lat="36.04048823006451" lon="139.4968084897846">
        <ele>14.68</ele>
      </trkpt>
      <trkpt lat="36.040375493466854" lon="139.49651311151683">
        <ele>14.61</ele>
      </trkpt>
      <trkpt lat="36.04026325978339" lon="139.4962191581726">
        <ele>14.59</ele>
      </trkpt>
      <trkpt lat="36.04015580378473" lon="139.49593987315893">
        <ele>14.56</ele>
      </trkpt>
      <trkpt lat="36.04004834778607" lon="139.49566058814526">
        <ele>14.49</ele>
      </trkpt>
      <trkpt lat="36.03994097560644" lon="139.49538130313158">
        <ele>14.42</ele>
      </trkpt>
      <trkpt lat="36.039834106341004" lon="139.4951033592224">
        <ele>14.36</ele>
      </trkpt>
      <trkpt lat="36.03971952572465" lon="139.494867073372">
        <ele>14.3</ele>
      </trkpt>
      <trkpt lat="36.039605028927326" lon="139.49463087134063">
        <ele>14.23</ele>
      </trkpt>
      <trkpt lat="36.0394907835871" lon="139.49439525604248">
        <ele>14.18</ele>
      </trkpt>
      <trkpt lat="36.039407048374414" lon="139.49422200210392">
        <ele>14.16</ele>
      </trkpt>
      <trkpt lat="36.03932490572333" lon="139.4940520171076">
        <ele>14.17</ele>
      </trkpt>
      <trkpt lat="36.03932473808527" lon="139.49405159801245">
        <ele>14.16</ele>
      </trkpt>
      <trkpt lat="36.039323564618826" lon="139.4940490834415">
        <ele>14.16</ele>
      </trkpt>
      <trkpt lat="36.03917880915105" lon="139.49374934658408">
        <ele>14.21</ele>
      </trkpt>
      <trkpt lat="36.03903413750231" lon="139.49344960972667">
        <ele>14.23</ele>
      </trkpt>
      <trkpt lat="36.03888988494873" lon="139.49315071105957">
        <ele>14.25</ele>
      </trkpt>
      <trkpt lat="36.038617389276624" lon="139.49322061613202">
        <ele>14.25</ele>
      </trkpt>
      <trkpt lat="36.03834497742355" lon="139.4932906050235">
        <ele>14.27</ele>
      </trkpt>
      <trkpt lat="36.038072565570474" lon="139.49336051009595">
        <ele>14.3</ele>
      </trkpt>
      <trkpt lat="36.03780082426965" lon="139.49343033134937">
        <ele>14.32</ele>
      </trkpt>
      <trkpt lat="36.03780065663159" lon="139.49343033134937">
        <ele>14.38</ele>
      </trkpt>
      <trkpt lat="36.03779772296548" lon="139.4934311695397">
        <ele>14.45</ele>
      </trkpt>
      <trkpt lat="36.03755037300289" lon="139.4934946205467">
        <ele>14.51</ele>
      </trkpt>
      <trkpt lat="36.037302017211914" lon="139.49355840682983">
        <ele>14.58</ele>
      </trkpt>
      <trkpt lat="36.0370662342757" lon="139.4937298167497">
        <ele>14.65</ele>
      </trkpt>
      <trkpt lat="36.036830535158515" lon="139.49390122666955">
        <ele>14.76</ele>
      </trkpt>
      <trkpt lat="36.0365947522223" lon="139.49407272040844">
        <ele>14.92</ele>
      </trkpt>
      <trkpt lat="36.03635787963867" lon="139.49424505233765">
        <ele>15.12</ele>
      </trkpt>
      <trkpt lat="36.03614338673651" lon="139.49428796768188">
        <ele>15.3</ele>
      </trkpt>
      <trkpt lat="36.03588614612818" lon="139.49448083527386">
        <ele>15.4</ele>
      </trkpt>
      <trkpt lat="36.03562831878662" lon="139.49467420578003">
        <ele>15.54</ele>
      </trkpt>
      <trkpt lat="36.03561758995056" lon="139.49442693963647">
        <ele>15.72</ele>
      </trkpt>
      <trkpt lat="36.035606944933534" lon="139.4941806793213">
        <ele>15.89</ele>
      </trkpt>
      <trkpt lat="36.03567140176892" lon="139.49387113563716">
        <ele>16.0</ele>
      </trkpt>
      <trkpt lat="36.03573585860431" lon="139.49356159195304">
        <ele>16.1</ele>
      </trkpt>
      <trkpt lat="36.0358003154397" lon="139.49325204826891">
        <ele>16.3</ele>
      </trkpt>
      <trkpt lat="36.03586477227509" lon="139.49294258840382">
        <ele>16.53</ele>
      </trkpt>
      <trkpt lat="36.03592872619629" lon="139.4926357269287">
        <ele>16.71</ele>
      </trkpt>
      <trkpt lat="36.03590726852417" lon="139.492506980896">
        <ele>16.86</ele>
      </trkpt>
      <trkpt lat="36.035735523328185" lon="139.49278601445258">
        <ele>16.97</ele>
      </trkpt>
      <trkpt lat="36.0355637781322" lon="139.49306504800916">
        <ele>17.1</ele>
      </trkpt>
      <trkpt lat="36.03539228439331" lon="139.49334383010864">
        <ele>17.25</ele>
      </trkpt>
      <trkpt lat="36.03521240875125" lon="139.49348171241581">
        <ele>17.42</ele>
      </trkpt>
      <trkpt lat="36.03503253310919" lon="139.493619594723">
        <ele>17.54</ele>
      </trkpt>
      <trkpt lat="36.03485475294292" lon="139.4937557168305">
        <ele>17.66</ele>
      </trkpt>
      <trkpt lat="36.03485441766679" lon="139.49375605210662">
        <ele>17.76</ele>
      </trkpt>
      <trkpt lat="36.034852070733905" lon="139.49375797994435">
        <ele>17.84</ele>
      </trkpt>
      <trkpt lat="36.034748554229736" lon="139.49383735656738">
        <ele>17.9</ele>
      </trkpt>
      <trkpt lat="36.0344950016588" lon="139.49399443343282">
        <ele>17.89</ele>
      </trkpt>
      <trkpt lat="36.03424144908786" lon="139.49415159411728">
        <ele>17.92</ele>
      </trkpt>
      <trkpt lat="36.03398789651692" lon="139.49430867098272">
        <ele>17.98</ele>
      </trkpt>
      <trkpt lat="36.03373442776501" lon="139.49446583166718">
        <ele>18.07</ele>
      </trkpt>
      <trkpt lat="36.03348087519407" lon="139.49462290853262">
        <ele>18.06</ele>
      </trkpt>
      <trkpt lat="36.03322505950928" lon="139.49478149414062">
        <ele>18.06</ele>
      </trkpt>
      <trkpt lat="36.033003525808454" lon="139.4949672371149">
        <ele>18.11</ele>
      </trkpt>
      <trkpt lat="36.03278199210763" lon="139.4951529800892">
        <ele>18.14</ele>
      </trkpt>
      <trkpt lat="36.032559871673584" lon="139.49533939361572">
        <ele>18.07</ele>
      </trkpt>
      <trkpt lat="36.03235384449363" lon="139.49561834335327">
        <ele>17.98</ele>
      </trkpt>
      <trkpt lat="36.0321479011327" lon="139.49589729309082">
        <ele>18.01</ele>
      </trkpt>
      <trkpt lat="36.031941873952746" lon="139.49617624282837">
        <ele>18.0</ele>
      </trkpt>
      <trkpt lat="36.03173593059182" lon="139.49645519256592">
        <ele>17.93</ele>
      </trkpt>
      <trkpt lat="36.0315299872309" lon="139.49673414230347">
        <ele>17.73</ele>
      </trkpt>
      <trkpt lat="36.03135438635945" lon="139.49698492884636">
        <ele>17.54</ele>
      </trkpt>
      <trkpt lat="36.03117878548801" lon="139.49723571538925">
        <ele>17.43</ele>
      </trkpt>
      <trkpt lat="36.0310032684356" lon="139.49748650193214">
        <ele>17.35</ele>
      </trkpt>
      <trkpt lat="36.030827667564154" lon="139.49773728847504">
        <ele>17.26</ele>
      </trkpt>
      <trkpt lat="36.03065407834947" lon="139.4979850575328">
        <ele>17.18</ele>
      </trkpt>
      <trkpt lat="36.03065391071141" lon="139.49798547662795">
        <ele>17.05</ele>
      </trkpt>
      <trkpt lat="36.03065223433077" lon="139.4979879911989">
        <ele>16.92</ele>
      </trkpt>
      <trkpt lat="36.03065223433077" lon="139.49798790737987">
        <ele>16.78</ele>
      </trkpt>
      <trkpt lat="36.03062876500189" lon="139.49802160263062">
        <ele>16.64</ele>
      </trkpt>
      <trkpt lat="36.03043028153479" lon="139.49826828204095">
        <ele>16.48</ele>
      </trkpt>
      <trkpt lat="36.03023179806769" lon="139.4985149614513">
        <ele>16.33</ele>
      </trkpt>
      <trkpt lat="36.03003331460059" lon="139.49876172468066">
        <ele>16.17</ele>
      </trkpt>
      <trkpt lat="36.02983474731445" lon="139.4990086555481">
        <ele>16.01</ele>
      </trkpt>
      <trkpt lat="36.02964900434017" lon="139.49913715012372">
        <ele>15.79</ele>
      </trkpt>
      <trkpt lat="36.02946326136589" lon="139.49926572851837">
        <ele>15.57</ele>
      </trkpt>
      <trkpt lat="36.029276847839355" lon="139.49939489364624">
        <ele>15.44</ele>
      </trkpt>
      <trkpt lat="36.0291054379195" lon="139.49948055669665">
        <ele>15.33</ele>
      </trkpt>
      <trkpt lat="36.02893352508545" lon="139.4995665550232">
        <ele>15.27</ele>
      </trkpt>
      <trkpt lat="36.02872649207711" lon="139.49964500963688">
        <ele>15.2</ele>
      </trkpt>
      <trkpt lat="36.028519459068775" lon="139.4997235480696">
        <ele>15.13</ele>
      </trkpt>
      <trkpt lat="36.028311252593994" lon="139.4998025894165">
        <ele>15.06</ele>
      </trkpt>
      <trkpt lat="36.028054263442755" lon="139.49985606595874">
        <ele>14.94</ele>
      </trkpt>
      <trkpt lat="36.027796268463135" lon="139.4999098777771">
        <ele>14.83</ele>
      </trkpt>
      <trkpt lat="36.02749653160572" lon="139.4999098777771">
        <ele>14.72</ele>
      </trkpt>
      <trkpt lat="36.02719687856734" lon="139.4999098777771">
        <ele>14.6</ele>
      </trkpt>
      <trkpt lat="36.026897141709924" lon="139.4999098777771">
        <ele>14.45</ele>
      </trkpt>
      <trkpt lat="36.02659463882446" lon="139.4999098777771">
        <ele>14.35</ele>
      </trkpt>
      <trkpt lat="36.026350473985076" lon="139.4998633582145">
        <ele>14.35</ele>
      </trkpt>
      <trkpt lat="36.026108488440514" lon="139.49981725774705">
        <ele>14.33</ele>
      </trkpt>
      <trkpt lat="36.02610832080245" lon="139.49981717392802">
        <ele>14.27</ele>
      </trkpt>
      <trkpt lat="36.02610530331731" lon="139.49981667101383">
        <ele>14.21</ele>
      </trkpt>
      <trkpt lat="36.02581847459078" lon="139.49976202100515">
        <ele>14.07</ele>
      </trkpt>
      <trkpt lat="36.02553164586425" lon="139.49970737099648">
        <ele>13.97</ele>
      </trkpt>
      <trkpt lat="36.02524288929999" lon="139.49965238571167">
        <ele>13.95</ele>
      </trkpt>
      <trkpt lat="36.02498590014875" lon="139.4995988253504">
        <ele>13.95</ele>
      </trkpt>
      <trkpt lat="36.02472790516913" lon="139.49954509735107">
        <ele>13.91</ele>
      </trkpt>
      <trkpt lat="36.02450301870704" lon="139.49950226582587">
        <ele>13.87</ele>
      </trkpt>
      <trkpt lat="36.024277210235596" lon="139.4994592666626">
        <ele>13.87</ele>
      </trkpt>
      <trkpt lat="36.024003122001886" lon="139.49940788559616">
        <ele>13.98</ele>
      </trkpt>
      <trkpt lat="36.02372911758721" lon="139.49935650452971">
        <ele>13.97</ele>
      </trkpt>
      <trkpt lat="36.02345511317253" lon="139.49930512346327">
        <ele>13.96</ele>
      </trkpt>
      <trkpt lat="36.02318110875785" lon="139.49925374239683">
        <ele>13.93</ele>
      </trkpt>
      <trkpt lat="36.022904003039" lon="139.49920177459717">
        <ele>13.84</ele>
      </trkpt>
      <trkpt lat="36.02260418236256" lon="139.49913748539984">
        <ele>13.77</ele>
      </trkpt>
      <trkpt lat="36.02230444550514" lon="139.49907328002155">
        <ele>13.75</ele>
      </trkpt>
      <trkpt lat="36.02200470864773" lon="139.49900907464325">
        <ele>13.81</ele>
      </trkpt>
      <trkpt lat="36.021704971790314" lon="139.49894478544593">
        <ele>13.84</ele>
      </trkpt>
      <trkpt lat="36.02140188217163" lon="139.49887990951538">
        <ele>13.87</ele>
      </trkpt>
      <trkpt lat="36.02135896682739" lon="139.49877262115479">
        <ele>13.85</ele>
      </trkpt>
      <trkpt lat="36.0210994631052" lon="139.49868444353342">
        <ele>13.89</ele>
      </trkpt>
      <trkpt lat="36.02084004320204" lon="139.4985963497311">
        <ele>13.93</ele>
      </trkpt>
      <trkpt lat="36.02058062329888" lon="139.49850825592875">
        <ele>13.95</ele>
      </trkpt>
      <trkpt lat="36.020322209224105" lon="139.49842049740255">
        <ele>13.95</ele>
      </trkpt>
      <trkpt lat="36.02032204158604" lon="139.49842041358352">
        <ele>13.95</ele>
      </trkpt>
      <trkpt lat="36.02031910791993" lon="139.49841949157417">
        <ele>13.95</ele>
      </trkpt>
      <trkpt lat="36.02022171020508" lon="139.49838638305664">
        <ele>13.95</ele>
      </trkpt>
      <trkpt lat="36.02023243904114" lon="139.4981605745852">
        <ele>13.92</ele>
      </trkpt>
      <trkpt lat="36.020243000239134" lon="139.49793895706534">
        <ele>13.86</ele>
      </trkpt>
      <trkpt lat="36.020243084058166" lon="139.49793845415115">
        <ele>13.85</ele>
      </trkpt>
      <trkpt lat="36.02024325169623" lon="139.49793577194214">
        <ele>13.85</ele>
      </trkpt>
      <trkpt lat="36.0202431678772" lon="139.49793577194214">
        <ele>13.84</ele>
      </trkpt>
      <trkpt lat="36.02024325169623" lon="139.49793577194214">
        <ele>13.83</ele>
      </trkpt>
      <trkpt lat="36.020271917805076" lon="139.49763477779925">
        <ele>13.78</ele>
      </trkpt>
      <trkpt lat="36.02030058391392" lon="139.49733378365636">
        <ele>13.78</ele>
      </trkpt>
      <trkpt lat="36.020329082384706" lon="139.49703454971313">
        <ele>13.81</ele>
      </trkpt>
      <trkpt lat="36.020350540056825" lon="139.49669047258794">
        <ele>13.82</ele>
      </trkpt>
      <trkpt lat="36.02037191390991" lon="139.49634790420532">
        <ele>13.82</ele>
      </trkpt>
      <trkpt lat="36.02045774459839" lon="139.4961977005005">
        <ele>13.8</ele>
      </trkpt>
      <trkpt lat="36.02047928608954" lon="139.49600458145142">
        <ele>13.8</ele>
      </trkpt>
      <trkpt lat="36.020328998565674" lon="139.49606895446777">
        <ele>13.82</ele>
      </trkpt>
      <trkpt lat="36.0201358795166" lon="139.49615478515625">
        <ele>13.84</ele>
      </trkpt>
      <trkpt lat="36.02024325169623" lon="139.4963264465332">
        <ele>13.89</ele>
      </trkpt>
      <trkpt lat="36.02020016871393" lon="139.496616628021">
        <ele>13.92</ele>
      </trkpt>
      <trkpt lat="36.02015716955066" lon="139.4969068095088">
        <ele>13.95</ele>
      </trkpt>
      <trkpt lat="36.02011417038739" lon="139.49719707481563">
        <ele>13.95</ele>
      </trkpt>
      <trkpt lat="36.020071506500244" lon="139.49748516082764">
        <ele>13.95</ele>
      </trkpt>
      <trkpt lat="36.01998726837337" lon="139.4977834727615">
        <ele>14.04</ele>
      </trkpt>
      <trkpt lat="36.01990428753197" lon="139.49807776138186">
        <ele>14.14</ele>
      </trkpt>
      <trkpt lat="36.01990420371294" lon="139.49807818047702">
        <ele>14.19</ele>
      </trkpt>
      <trkpt lat="36.019903449341655" lon="139.49808094650507">
        <ele>14.24</ele>
      </trkpt>
      <trkpt lat="36.019835555925965" lon="139.49832201004028">
        <ele>14.33</ele>
      </trkpt>
      <trkpt lat="36.01956322789192" lon="139.49822628870606">
        <ele>14.36</ele>
      </trkpt>
      <trkpt lat="36.01929098367691" lon="139.49813065119088">
        <ele>14.38</ele>
      </trkpt>
      <trkpt lat="36.0190187394619" lon="139.4980350136757">
        <ele>14.41</ele>
      </trkpt>
      <trkpt lat="36.018746411427855" lon="139.4979393761605">
        <ele>14.44</ele>
      </trkpt>
      <trkpt lat="36.01847450248897" lon="139.49784382246435">
        <ele>14.52</ele>
      </trkpt>
      <trkpt lat="36.01847433485091" lon="139.49784373864532">
        <ele>14.58</ele>
      </trkpt>
      <trkpt lat="36.0184714011848" lon="139.49784273281693">
        <ele>14.65</ele>
      </trkpt>
      <trkpt lat="36.01824768818915" lon="139.49776411056519">
        <ele>14.73</ele>
      </trkpt>
      <trkpt lat="36.017976365983486" lon="139.49766411446035">
        <ele>14.82</ele>
      </trkpt>
      <trkpt lat="36.017705127596855" lon="139.49756420217454">
        <ele>14.95</ele>
      </trkpt>
      <trkpt lat="36.01743229664862" lon="139.49746370315552">
        <ele>14.96</ele>
      </trkpt>
      <trkpt lat="36.017325008288026" lon="139.49739933013916">
        <ele>15.01</ele>
      </trkpt>
      <trkpt lat="36.017131889238954" lon="139.49729204177856">
        <ele>15.05</ele>
      </trkpt>
      <trkpt lat="36.01686048321426" lon="139.4971420057118">
        <ele>15.14</ele>
      </trkpt>
      <trkpt lat="36.016589161008596" lon="139.49699205346406">
        <ele>15.22</ele>
      </trkpt>
      <trkpt lat="36.016316497698426" lon="139.49684143066406">
        <ele>15.26</ele>
      </trkpt>
      <trkpt lat="36.01613779552281" lon="139.49668418616056">
        <ele>15.37</ele>
      </trkpt>
      <trkpt lat="36.01595909334719" lon="139.49652694165707">
        <ele>15.46</ele>
      </trkpt>
      <trkpt lat="36.015779972076416" lon="139.49636936187744">
        <ele>15.54</ele>
      </trkpt>
      <trkpt lat="36.01557260379195" lon="139.49615486897528">
        <ele>15.6</ele>
      </trkpt>
      <trkpt lat="36.01536531932652" lon="139.49594037607312">
        <ele>15.62</ele>
      </trkpt>
      <trkpt lat="36.01515769958496" lon="139.49572563171387">
        <ele>15.63</ele>
      </trkpt>
      <trkpt lat="36.01515778340399" lon="139.49572563171387">
        <ele>15.66</ele>
      </trkpt>
      <trkpt lat="36.01501822471619" lon="139.49553242884576">
        <ele>15.69</ele>
      </trkpt>
      <trkpt lat="36.014878833666444" lon="139.49533939361572">
        <ele>15.74</ele>
      </trkpt>
      <trkpt lat="36.01479300297797" lon="139.495210647583">
        <ele>15.73</ele>
      </trkpt>
      <trkpt lat="36.01466266438365" lon="139.49499137699604">
        <ele>15.7</ele>
      </trkpt>
      <trkpt lat="36.014662412926555" lon="139.49499095790088">
        <ele>15.68</ele>
      </trkpt>
      <trkpt lat="36.014660904183984" lon="139.4949883595109">
        <ele>15.66</ele>
      </trkpt>
      <trkpt lat="36.01479300297797" lon="139.495210647583">
        <ele>15.65</ele>
      </trkpt>
      <trkpt lat="36.014878833666444" lon="139.49533939361572">
        <ele>15.61</ele>
      </trkpt>
      <trkpt lat="36.01501830853522" lon="139.4955325126648">
        <ele>15.52</ele>
      </trkpt>
      <trkpt lat="36.01515778340399" lon="139.49572563171387">
        <ele>15.45</ele>
      </trkpt>
      <trkpt lat="36.01515769958496" lon="139.49572563171387">
        <ele>15.38</ele>
      </trkpt>
      <trkpt lat="36.01536498405039" lon="139.495940040797">
        <ele>15.32</ele>
      </trkpt>
      <trkpt lat="36.015572268515825" lon="139.49615444988012">
        <ele>15.26</ele>
      </trkpt>
      <trkpt lat="36.015779972076416" lon="139.49636936187744">
        <ele>15.16</ele>
      </trkpt>
      <trkpt lat="36.015958590433" lon="139.4965265225619">
        <ele>15.04</ele>
      </trkpt>
      <trkpt lat="36.01613729260862" lon="139.4966837670654">
        <ele>14.9</ele>
      </trkpt>
      <trkpt lat="36.016316497698426" lon="139.49684143066406">
        <ele>14.75</ele>
      </trkpt>
      <trkpt lat="36.01658781990409" lon="139.49699129909277">
        <ele>14.66</ele>
      </trkpt>
      <trkpt lat="36.01685914210975" lon="139.49714133515954">
        <ele>14.55</ele>
      </trkpt>
      <trkpt lat="36.017131889238954" lon="139.49729204177856">
        <ele>14.42</ele>
      </trkpt>
      <trkpt lat="36.017325008288026" lon="139.49739933013916">
        <ele>14.33</ele>
      </trkpt>
      <trkpt lat="36.01743221282959" lon="139.49746370315552">
        <ele>14.25</ele>
      </trkpt>
      <trkpt lat="36.01766246370971" lon="139.49734585359693">
        <ele>14.15</ele>
      </trkpt>
      <trkpt lat="36.017892714589834" lon="139.49722800403833">
        <ele>13.98</ele>
      </trkpt>
      <trkpt lat="36.01812304928899" lon="139.49711023829877">
        <ele>13.83</ele>
      </trkpt>
      <trkpt lat="36.018354976549745" lon="139.4969916343689">
        <ele>13.79</ele>
      </trkpt>
      <trkpt lat="36.018611965700984" lon="139.4968716893345">
        <ele>13.73</ele>
      </trkpt>
      <trkpt lat="36.01886895485222" lon="139.49675174430013">
        <ele>13.65</ele>
      </trkpt>
      <trkpt lat="36.01912594400346" lon="139.49663179926574">
        <ele>13.62</ele>
      </trkpt>
      <trkpt lat="36.019383016973734" lon="139.49651185423136">
        <ele>13.54</ele>
      </trkpt>
      <trkpt lat="36.01964243687689" lon="139.49639081954956">
        <ele>13.41</ele>
      </trkpt>
      <trkpt lat="36.01988869719207" lon="139.49627296999097">
        <ele>13.29</ele>
      </trkpt>
      <trkpt lat="36.02013596333563" lon="139.49615478515625">
        <ele>13.21</ele>
      </trkpt>
      <trkpt lat="36.020329082384706" lon="139.49606895446777">
        <ele>13.15</ele>
      </trkpt>
      <trkpt lat="36.02028298191726" lon="139.49642518535256">
        <ele>13.14</ele>
      </trkpt>
      <trkpt lat="36.02023688144982" lon="139.49678141623735">
        <ele>13.1</ele>
      </trkpt>
      <trkpt lat="36.02019086480141" lon="139.49713764712214">
        <ele>13.05</ele>
      </trkpt>
      <trkpt lat="36.02014476433396" lon="139.49749396182597">
        <ele>12.98</ele>
      </trkpt>
      <trkpt lat="36.02009874768555" lon="139.49785019271076">
        <ele>13.04</ele>
      </trkpt>
      <trkpt lat="36.02005264721811" lon="139.49820642359555">
        <ele>13.12</ele>
      </trkpt>
      <trkpt lat="36.02000721730292" lon="139.4985580444336">
        <ele>13.15</ele>
      </trkpt>
      <trkpt lat="36.0199857596308" lon="139.49862241744995">
        <ele>13.17</ele>
      </trkpt>
      <trkpt lat="36.01994317956269" lon="139.49891184456646">
        <ele>13.19</ele>
      </trkpt>
      <trkpt lat="36.01990068331361" lon="139.499201355502">
        <ele>13.26</ele>
      </trkpt>
      <trkpt lat="36.01985818706453" lon="139.49949078261852">
        <ele>13.36</ele>
      </trkpt>
      <trkpt lat="36.0198163613677" lon="139.499774845317">
        <ele>13.45</ele>
      </trkpt>
      <trkpt lat="36.0198163613677" lon="139.4997753482312">
        <ele>13.55</ele>
      </trkpt>
      <trkpt lat="36.019816026091576" lon="139.49977819807827">
        <ele>13.66</ele>
      </trkpt>
      <trkpt lat="36.01976213045418" lon="139.50014515779912">
        <ele>13.73</ele>
      </trkpt>
      <trkpt lat="36.01970823481679" lon="139.50051211751997">
        <ele>13.69</ele>
      </trkpt>
      <trkpt lat="36.01965442299843" lon="139.50087916105986">
        <ele>13.58</ele>
      </trkpt>
      <trkpt lat="36.019600527361035" lon="139.5012461207807">
        <ele>13.75</ele>
      </trkpt>
      <trkpt lat="36.019546715542674" lon="139.50161308050156">
        <ele>14.14</ele>
      </trkpt>
      <trkpt lat="36.01949281990528" lon="139.50198012404144">
        <ele>14.48</ele>
      </trkpt>
      <trkpt lat="36.01943900808692" lon="139.5023470837623">
        <ele>14.92</ele>
      </trkpt>
      <trkpt lat="36.01938511244953" lon="139.50271404348314">
        <ele>15.23</ele>
      </trkpt>
      <trkpt lat="36.019331300631166" lon="139.50308108702302">
        <ele>15.33</ele>
      </trkpt>
      <trkpt lat="36.01927740499377" lon="139.50344804674387">
        <ele>15.53</ele>
      </trkpt>
      <trkpt lat="36.01922359317541" lon="139.50381500646472">
        <ele>15.85</ele>
      </trkpt>
      <trkpt lat="36.01916969753802" lon="139.5041820500046">
        <ele>16.24</ele>
      </trkpt>
      <trkpt lat="36.01911588571966" lon="139.50454900972545">
        <ele>16.59</ele>
      </trkpt>
      <trkpt lat="36.019061990082264" lon="139.5049159694463">
        <ele>16.92</ele>
      </trkpt>
      <trkpt lat="36.0190081782639" lon="139.50528301298618">
        <ele>17.2</ele>
      </trkpt>
      <trkpt lat="36.01895579136908" lon="139.5056390762329">
        <ele>17.51</ele>
      </trkpt>
      <trkpt lat="36.01895570755005" lon="139.5056390762329">
        <ele>17.79</ele>
      </trkpt>
      <trkpt lat="36.018919833004475" lon="139.50592565350235">
        <ele>18.17</ele>
      </trkpt>
      <trkpt lat="36.01888404227793" lon="139.5062123145908">
        <ele>18.59</ele>
      </trkpt>
      <trkpt lat="36.018848503008485" lon="139.50649738311768">
        <ele>18.94</ele>
      </trkpt>
      <trkpt lat="36.01899862289429" lon="139.50643301010132">
        <ele>19.17</ele>
      </trkpt>
      <trkpt lat="36.019082106649876" lon="139.50628666207194">
        <ele>19.32</ele>
      </trkpt>
      <trkpt lat="36.01908235810697" lon="139.50628632679582">
        <ele>19.49</ele>
      </trkpt>
      <trkpt lat="36.019084034487605" lon="139.50628347694874">
        <ele>19.64</ele>
      </trkpt>
      <trkpt lat="36.01917028427124" lon="139.50613260269165">
        <ele>19.69</ele>
      </trkpt>
      <trkpt lat="36.01920255459845" lon="139.50576706789434">
        <ele>19.58</ele>
      </trkpt>
      <trkpt lat="36.01923474110663" lon="139.5054030418396">
        <ele>19.59</ele>
      </trkpt>
      <trkpt lat="36.019149497151375" lon="139.50540765188634">
        <ele>19.65</ele>
      </trkpt>
      <trkpt lat="36.019149078056216" lon="139.50540773570538">
        <ele>19.71</ele>
      </trkpt>
      <trkpt lat="36.01914597675204" lon="139.50540798716247">
        <ele>19.76</ele>
      </trkpt>
      <trkpt lat="36.018848503008485" lon="139.50542449951172">
        <ele>19.78</ele>
      </trkpt>
      <trkpt lat="36.01868899539113" lon="139.50542449951172">
        <ele>19.82</ele>
      </trkpt>
      <trkpt lat="36.018532421439886" lon="139.50542449951172">
        <ele>19.88</ele>
      </trkpt>
      <trkpt lat="36.01853200234473" lon="139.50542449951172">
        <ele>19.9</ele>
      </trkpt>
      <trkpt lat="36.01852873340249" lon="139.50542449951172">
        <ele>19.91</ele>
      </trkpt>
      <trkpt lat="36.01832429878414" lon="139.50542449951172">
        <ele>19.95</ele>
      </trkpt>
      <trkpt lat="36.018118942156434" lon="139.50542449951172">
        <ele>19.98</ele>
      </trkpt>
      <trkpt lat="36.018076026812196" lon="139.5054030418396">
        <ele>19.96</ele>
      </trkpt>
      <trkpt lat="36.01781912147999" lon="139.5054083224386">
        <ele>19.92</ele>
      </trkpt>
      <trkpt lat="36.01756221614778" lon="139.50541368685663">
        <ele>19.83</ele>
      </trkpt>
      <trkpt lat="36.01730531081557" lon="139.50541905127466">
        <ele>19.79</ele>
      </trkpt>
      <trkpt lat="36.017045974731445" lon="139.50542449951172">
        <ele>19.79</ele>
      </trkpt>
      <trkpt lat="36.01678906939924" lon="139.50539231300354">
        <ele>19.82</ele>
      </trkpt>
      <trkpt lat="36.01653216406703" lon="139.5053602103144">
        <ele>19.83</ele>
      </trkpt>
      <trkpt lat="36.016275342553854" lon="139.50532810762525">
        <ele>19.86</ele>
      </trkpt>
      <trkpt lat="36.01601609028876" lon="139.505295753479">
        <ele>19.85</ele>
      </trkpt>
      <trkpt lat="36.015758933499455" lon="139.50513498857617">
        <ele>19.76</ele>
      </trkpt>
      <trkpt lat="36.0155011061579" lon="139.50497388839722">
        <ele>19.75</ele>
      </trkpt>
      <trkpt lat="36.01526549085975" lon="139.50487749651074">
        <ele>19.85</ele>
      </trkpt>
      <trkpt lat="36.015028953552246" lon="139.50478076934814">
        <ele>19.95</ele>
      </trkpt>
      <trkpt lat="36.014814376831055" lon="139.50475931167603">
        <ele>20.01</ele>
      </trkpt>
      <trkpt lat="36.01457172073424" lon="139.50476643629372">
        <ele>20.03</ele>
      </trkpt>
      <trkpt lat="36.014329148456454" lon="139.50477356091142">
        <ele>20.04</ele>
      </trkpt>
      <trkpt lat="36.014084815979004" lon="139.50478076934814">
        <ele>20.04</ele>
      </trkpt>
      <trkpt lat="36.01378507912159" lon="139.50482351705432">
        <ele>19.99</ele>
      </trkpt>
      <trkpt lat="36.0134840849787" lon="139.50486660003662">
        <ele>19.87</ele>
      </trkpt>
      <trkpt lat="36.01323246024549" lon="139.50489333830774">
        <ele>19.85</ele>
      </trkpt>
      <trkpt lat="36.01298091933131" lon="139.50492007657886">
        <ele>19.88</ele>
      </trkpt>
      <trkpt lat="36.012729378417134" lon="139.50494681484997">
        <ele>19.91</ele>
      </trkpt>
      <trkpt lat="36.01247549057007" lon="139.50497388839722">
        <ele>19.91</ele>
      </trkpt>
      <trkpt lat="36.01223945617676" lon="139.5051670074463">
        <ele>19.89</ele>
      </trkpt>
      <trkpt lat="36.012110793963075" lon="139.50538158416748">
        <ele>19.83</ele>
      </trkpt>
      <trkpt lat="36.01193904876709" lon="139.50531721115112">
        <ele>19.65</ele>
      </trkpt>
      <trkpt lat="36.0118177626282" lon="139.5053292810917">
        <ele>19.52</ele>
      </trkpt>
      <trkpt lat="36.01181734353304" lon="139.50532936491072">
        <ele>19.4</ele>
      </trkpt>
      <trkpt lat="36.011814158409834" lon="139.50532970018685">
        <ele>19.28</ele>
      </trkpt>
      <trkpt lat="36.0117244720459" lon="139.50533866882324">
        <ele>19.12</ele>
      </trkpt>
      <trkpt lat="36.01150989532471" lon="139.50548887252808">
        <ele>19.0</ele>
      </trkpt>
      <trkpt lat="36.0114670637995" lon="139.50559616088867">
        <ele>18.88</ele>
      </trkpt>
      <trkpt lat="36.01138114929199" lon="139.5056176185608">
        <ele>18.7</ele>
      </trkpt>
      <trkpt lat="36.01131686009467" lon="139.5056176185608">
        <ele>18.49</ele>
      </trkpt>
      <trkpt lat="36.01123094558716" lon="139.5056176185608">
        <ele>18.27</ele>
      </trkpt>
      <trkpt lat="36.01109163835645" lon="139.5055211428553">
        <ele>18.01</ele>
      </trkpt>
      <trkpt lat="36.01095199584961" lon="139.50542449951172">
        <ele>17.74</ele>
      </trkpt>
      <trkpt lat="36.01070573553443" lon="139.50537630356848">
        <ele>17.45</ele>
      </trkpt>
      <trkpt lat="36.01045955903828" lon="139.50532810762525">
        <ele>17.2</ele>
      </trkpt>
      <trkpt lat="36.01021338254213" lon="139.505279911682">
        <ele>16.97</ele>
      </trkpt>
      <trkpt lat="36.00996494293213" lon="139.50523138046265">
        <ele>16.71</ele>
      </trkpt>
      <trkpt lat="36.00978875532746" lon="139.50520422309637">
        <ele>16.47</ele>
      </trkpt>
      <trkpt lat="36.009788336232305" lon="139.50520422309637">
        <ele>16.22</ele>
      </trkpt>
      <trkpt lat="36.009784983471036" lon="139.50520372018218">
        <ele>15.97</ele>
      </trkpt>
      <trkpt lat="36.00968599319458" lon="139.5051884651184">
        <ele>15.74</ele>
      </trkpt>
      <trkpt lat="36.00962162017822" lon="139.50510263442993">
        <ele>15.47</ele>
      </trkpt>
      <trkpt lat="36.0095570795238" lon="139.50490918010473">
        <ele>15.16</ele>
      </trkpt>
      <trkpt lat="36.00949287414551" lon="139.5047163963318">
        <ele>14.85</ele>
      </trkpt>
      <trkpt lat="36.00931056775153" lon="139.5045340899378">
        <ele>14.59</ele>
      </trkpt>
      <trkpt lat="36.00912809371948" lon="139.50435161590576">
        <ele>14.28</ele>
      </trkpt>
      <trkpt lat="36.00893497467041" lon="139.50424432754517">
        <ele>14.05</ele>
      </trkpt>
      <trkpt lat="36.0088596213609" lon="139.50422027148306">
        <ele>13.85</ele>
      </trkpt>
      <trkpt lat="36.00885920226574" lon="139.50422018766403">
        <ele>13.66</ele>
      </trkpt>
      <trkpt lat="36.008856100961566" lon="139.50421926565468">
        <ele>13.49</ele>
      </trkpt>
      <trkpt lat="36.00865988060832" lon="139.50415682047606">
        <ele>13.31</ele>
      </trkpt>
      <trkpt lat="36.00846290588379" lon="139.50409412384033">
        <ele>13.15</ele>
      </trkpt>
      <trkpt lat="36.008163169026375" lon="139.50416369363666">
        <ele>13.07</ele>
      </trkpt>
      <trkpt lat="36.00786343216896" lon="139.50423326343298">
        <ele>13.03</ele>
      </trkpt>
      <trkpt lat="36.007563695311546" lon="139.5043028332293">
        <ele>12.97</ele>
      </trkpt>
      <trkpt lat="36.00726127624512" lon="139.50437307357788">
        <ele>12.85</ele>
      </trkpt>
      <trkpt lat="36.00702289491892" lon="139.5044796075672">
        <ele>12.71</ele>
      </trkpt>
      <trkpt lat="36.00678459741175" lon="139.50458622537553">
        <ele>12.6</ele>
      </trkpt>
      <trkpt lat="36.006548311561346" lon="139.50469192117453">
        <ele>12.5</ele>
      </trkpt>
      <trkpt lat="36.006548227742314" lon="139.50469192117453">
        <ele>12.42</ele>
      </trkpt>
      <trkpt lat="36.00654495880008" lon="139.50469351373613">
        <ele>12.35</ele>
      </trkpt>
      <trkpt lat="36.00644588470459" lon="139.5047378540039">
        <ele>12.29</ele>
      </trkpt>
      <trkpt lat="36.00622108206153" lon="139.50472712516785">
        <ele>12.22</ele>
      </trkpt>
      <trkpt lat="36.00599527359009" lon="139.5047163963318">
        <ele>12.15</ele>
      </trkpt>
      <trkpt lat="36.00575253367424" lon="139.50460927560925">
        <ele>12.12</ele>
      </trkpt>
      <trkpt lat="36.00550979375839" lon="139.50450215488672">
        <ele>12.08</ele>
      </trkpt>
      <trkpt lat="36.00526571273804" lon="139.50439453125">
        <ele>11.99</ele>
      </trkpt>
      <trkpt lat="36.005065804347396" lon="139.5044944435358">
        <ele>11.98</ele>
      </trkpt>
      <trkpt lat="36.004865895956755" lon="139.50459443964064">
        <ele>11.95</ele>
      </trkpt>
      <trkpt lat="36.00466498173773" lon="139.50469493865967">
        <ele>11.87</ele>
      </trkpt>
      <trkpt lat="36.00468643940985" lon="139.50475931167603">
        <ele>11.85</ele>
      </trkpt>
      <trkpt lat="36.004408076405525" lon="139.50472712516785">
        <ele>11.7</ele>
      </trkpt>
      <trkpt lat="36.00412845611572" lon="139.50469493865967">
        <ele>11.63</ele>
      </trkpt>
      <trkpt lat="36.00382159464061" lon="139.50471631251276">
        <ele>11.61</ele>
      </trkpt>
      <trkpt lat="36.003514816984534" lon="139.50473768636584">
        <ele>11.48</ele>
      </trkpt>
      <trkpt lat="36.00320586003363" lon="139.50475931167603">
        <ele>11.28</ele>
      </trkpt>
      <trkpt lat="36.00292682647705" lon="139.50478076934814">
        <ele>11.17</ele>
      </trkpt>
      <trkpt lat="36.002653827890754" lon="139.5048557035625">
        <ele>11.1</ele>
      </trkpt>
      <trkpt lat="36.00238082930446" lon="139.50493063777685">
        <ele>11.04</ele>
      </trkpt>
      <trkpt lat="36.00210791453719" lon="139.5050055719912">
        <ele>10.91</ele>
      </trkpt>
      <trkpt lat="36.001832569018006" lon="139.5050811767578">
        <ele>10.87</ele>
      </trkpt>
      <trkpt lat="36.00172519683838" lon="139.50512409210205">
        <ele>10.83</ele>
      </trkpt>
      <trkpt lat="36.00146669894457" lon="139.50524286367">
        <ele>10.81</ele>
      </trkpt>
      <trkpt lat="36.00146661512554" lon="139.50524286367">
        <ele>10.78</ele>
      </trkpt>
      <trkpt lat="36.00146326236427" lon="139.5052444562316">
        <ele>10.75</ele>
      </trkpt>
      <trkpt lat="36.001197723671794" lon="139.50536641292274">
        <ele>10.81</ele>
      </trkpt>
      <trkpt lat="36.000931346789" lon="139.50548887252808">
        <ele>10.81</ele>
      </trkpt>
      <trkpt lat="36.000645691528916" lon="139.5056316163391">
        <ele>10.78</ele>
      </trkpt>
      <trkpt lat="36.00036003626883" lon="139.50577444396913">
        <ele>10.75</ele>
      </trkpt>
      <trkpt lat="36.000072956085205" lon="139.50591802597046">
        <ele>10.81</ele>
      </trkpt>
      <trkpt lat="36.00007303990424" lon="139.50591802597046">
        <ele>10.81</ele>
      </trkpt>
      <trkpt lat="35.99984144791961" lon="139.50612380169332">
        <ele>10.88</ele>
      </trkpt>
      <trkpt lat="35.99960993975401" lon="139.50632957741618">
        <ele>10.86</ele>
      </trkpt>
      <trkpt lat="35.99937843158841" lon="139.50653543695807">
        <ele>10.83</ele>
      </trkpt>
      <trkpt lat="35.99914683960378" lon="139.50674121268094">
        <ele>10.84</ele>
      </trkpt>
      <trkpt lat="35.9989143256098" lon="139.50694799423218">
        <ele>10.93</ele>
      </trkpt>
      <trkpt lat="35.99878549575806" lon="139.50711965560913">
        <ele>10.93</ele>
      </trkpt>
      <trkpt lat="35.998579636216164" lon="139.50732115656137">
        <ele>10.92</ele>
      </trkpt>
      <trkpt lat="35.99837377667427" lon="139.50752274133265">
        <ele>10.94</ele>
      </trkpt>
      <trkpt lat="35.99816800095141" lon="139.50772432610393">
        <ele>10.99</ele>
      </trkpt>
      <trkpt lat="35.997962141409516" lon="139.50792582705617">
        <ele>11.01</ele>
      </trkpt>
      <trkpt lat="35.99775561131537" lon="139.50812816619873">
        <ele>11.07</ele>
      </trkpt>
      <trkpt lat="35.997570203617215" lon="139.50831525027752">
        <ele>11.18</ele>
      </trkpt>
      <trkpt lat="35.99756995216012" lon="139.50831558555365">
        <ele>11.26</ele>
      </trkpt>
      <trkpt lat="35.99756743758917" lon="139.50831826776266">
        <ele>11.34</ele>
      </trkpt>
      <trkpt lat="35.99734699353576" lon="139.50854105874896">
        <ele>11.5</ele>
      </trkpt>
      <trkpt lat="35.997126549482346" lon="139.5087639335543">
        <ele>11.6</ele>
      </trkpt>
      <trkpt lat="35.996906105428934" lon="139.50898680835962">
        <ele>11.67</ele>
      </trkpt>
      <trkpt lat="35.99668566137552" lon="139.50920968316495">
        <ele>11.78</ele>
      </trkpt>
      <trkpt lat="35.99646521732211" lon="139.50943255797029">
        <ele>11.93</ele>
      </trkpt>
      <trkpt lat="35.99624485708773" lon="139.50965543277562">
        <ele>12.06</ele>
      </trkpt>
      <trkpt lat="35.99602441303432" lon="139.50987822376192">
        <ele>12.15</ele>
      </trkpt>
      <trkpt lat="35.995802879333496" lon="139.5101022720337">
        <ele>12.25</ele>
      </trkpt>
      <trkpt lat="35.99580296315253" lon="139.5101022720337">
        <ele>12.4</ele>
      </trkpt>
      <trkpt lat="35.99556709639728" lon="139.5103165972978">
        <ele>12.56</ele>
      </trkpt>
      <trkpt lat="35.995331229642034" lon="139.51053100638092">
        <ele>12.79</ele>
      </trkpt>
      <trkpt lat="35.995094859972596" lon="139.51074600219727">
        <ele>12.94</ele>
      </trkpt>
      <trkpt lat="35.99486435763538" lon="139.5109495986253">
        <ele>13.15</ele>
      </trkpt>
      <trkpt lat="35.99463385529816" lon="139.51115327887237">
        <ele>13.46</ele>
      </trkpt>
      <trkpt lat="35.994403352960944" lon="139.51135695911944">
        <ele>13.64</ele>
      </trkpt>
      <trkpt lat="35.99417209625244" lon="139.5115613937378">
        <ele>13.77</ele>
      </trkpt>
      <trkpt lat="35.99395760335028" lon="139.51177597045898">
        <ele>13.88</ele>
      </trkpt>
      <trkpt lat="35.99395751953125" lon="139.51177597045898">
        <ele>14.06</ele>
      </trkpt>
      <trkpt lat="35.99400831386447" lon="139.5118650700897">
        <ele>14.26</ele>
      </trkpt>
      <trkpt lat="35.994008649140596" lon="139.5118655730039">
        <ele>14.44</ele>
      </trkpt>
      <trkpt lat="35.994010493159294" lon="139.5118687581271">
        <ele>14.62</ele>
      </trkpt>
      <trkpt lat="35.994010576978326" lon="139.5118687581271">
        <ele>14.79</ele>
      </trkpt>
      <trkpt lat="35.9941291809082" lon="139.51207637786865">
        <ele>15.01</ele>
      </trkpt>
      <trkpt lat="35.99404335021973" lon="139.5123553276062">
        <ele>15.24</ele>
      </trkpt>
      <trkpt lat="35.99389314651489" lon="139.5123553276062">
        <ele>15.37</ele>
      </trkpt>
      <trkpt lat="35.99360288120806" lon="139.5124589279294">
        <ele>15.63</ele>
      </trkpt>
      <trkpt lat="35.99360279738903" lon="139.5124589279294">
        <ele>15.77</ele>
      </trkpt>
      <trkpt lat="35.99359919317067" lon="139.51246035285294">
        <ele>15.89</ele>
      </trkpt>
      <trkpt lat="35.9933971054852" lon="139.51253243722022">
        <ele>16.07</ele>
      </trkpt>
      <trkpt lat="35.99319510161877" lon="139.51260460540652">
        <ele>16.19</ele>
      </trkpt>
      <trkpt lat="35.99299192428589" lon="139.512677192688">
        <ele>16.2</ele>
      </trkpt>
      <trkpt lat="35.99294900894165" lon="139.51289176940918">
        <ele>16.25</ele>
      </trkpt>
      <trkpt lat="35.992724038660526" lon="139.51300953514874">
        <ele>16.26</ele>
      </trkpt>
      <trkpt lat="35.99249839782715" lon="139.5131278038025">
        <ele>16.31</ele>
      </trkpt>
      <trkpt lat="35.99232690408826" lon="139.5132671110332">
        <ele>16.33</ele>
      </trkpt>
      <trkpt lat="35.992155158892274" lon="139.51340675354004">
        <ele>16.34</ele>
      </trkpt>
      <trkpt lat="35.99204778671265" lon="139.51317071914673">
        <ele>16.3</ele>
      </trkpt>
      <trkpt lat="35.99184419028461" lon="139.51333140023053">
        <ele>16.31</ele>
      </trkpt>
      <trkpt lat="35.991640174761415" lon="139.51349258422852">
        <ele>16.26</ele>
      </trkpt>
      <trkpt lat="35.99164009094238" lon="139.51349258422852">
        <ele>16.27</ele>
      </trkpt>
      <trkpt lat="35.99146851338446" lon="139.51355695724487">
        <ele>16.23</ele>
      </trkpt>
      <trkpt lat="35.99146842956543" lon="139.51355695724487">
        <ele>16.22</ele>
      </trkpt>
      <trkpt lat="35.99121102131903" lon="139.51372861862183">
        <ele>16.26</ele>
      </trkpt>
      <trkpt lat="35.9912109375" lon="139.51372861862183">
        <ele>16.25</ele>
      </trkpt>
      <trkpt lat="35.9909656830132" lon="139.51392022892833">
        <ele>16.23</ele>
      </trkpt>
      <trkpt lat="35.99072051234543" lon="139.51411183923483">
        <ele>16.2</ele>
      </trkpt>
      <trkpt lat="35.990475341677666" lon="139.51430353336036">
        <ele>16.16</ele>
      </trkpt>
      <trkpt lat="35.9902301710099" lon="139.51449514366686">
        <ele>16.11</ele>
      </trkpt>
      <trkpt lat="35.98998500034213" lon="139.5146868377924">
        <ele>16.12</ele>
      </trkpt>
      <trkpt lat="35.98974158987403" lon="139.51487693935633">
        <ele>16.21</ele>
      </trkpt>
      <trkpt lat="35.98974117077887" lon="139.51487735845149">
        <ele>16.16</ele>
      </trkpt>
      <trkpt lat="35.98973815329373" lon="139.5148797892034">
        <ele>16.1</ele>
      </trkpt>
      <trkpt lat="35.98954134620726" lon="139.51503351330757">
        <ele>16.12</ele>
      </trkpt>
      <trkpt lat="35.98934420384467" lon="139.51518774032593">
        <ele>16.11</ele>
      </trkpt>
      <trkpt lat="35.989344120025635" lon="139.51518774032593">
        <ele>16.01</ele>
      </trkpt>
      <trkpt lat="35.989080760627985" lon="139.5153959468007">
        <ele>15.97</ele>
      </trkpt>
      <trkpt lat="35.98881748504937" lon="139.5156041532755">
        <ele>15.89</ele>
      </trkpt>
      <trkpt lat="35.98855412565172" lon="139.51581235975027">
        <ele>15.66</ele>
      </trkpt>
      <trkpt lat="35.9882908500731" lon="139.51602056622505">
        <ele>15.4</ele>
      </trkpt>
      <trkpt lat="35.98802749067545" lon="139.51622877269983">
        <ele>15.21</ele>
      </trkpt>
      <trkpt lat="35.98776421509683" lon="139.5164369791746">
        <ele>15.03</ele>
      </trkpt>
      <trkpt lat="35.98749884404242" lon="139.51664686203003">
        <ele>14.85</ele>
      </trkpt>
      <trkpt lat="35.98749876022339" lon="139.51658248901367">
        <ele>14.66</ele>
      </trkpt>
      <trkpt lat="35.9872841835022" lon="139.51668977737427">
        <ele>14.46</ele>
      </trkpt>
      <trkpt lat="35.987112605944276" lon="139.51687199994922">
        <ele>14.23</ele>
      </trkpt>
      <trkpt lat="35.98694086074829" lon="139.5170545578003">
        <ele>13.93</ele>
      </trkpt>
      <trkpt lat="35.98673366010189" lon="139.51721884310246">
        <ele>13.67</ele>
      </trkpt>
      <trkpt lat="35.98652645945549" lon="139.51738312840462">
        <ele>13.53</ele>
      </trkpt>
      <trkpt lat="35.986318588256836" lon="139.51754808425903">
        <ele>13.42</ele>
      </trkpt>
      <trkpt lat="35.986111387610435" lon="139.5177123695612">
        <ele>13.26</ele>
      </trkpt>
      <trkpt lat="35.985904186964035" lon="139.51787665486336">
        <ele>13.08</ele>
      </trkpt>
      <trkpt lat="35.98569631576538" lon="139.51804161071777">
        <ele>12.96</ele>
      </trkpt>
      <trkpt lat="35.98546581342816" lon="139.51826138421893">
        <ele>12.82</ele>
      </trkpt>
      <trkpt lat="35.985235311090946" lon="139.5184811577201">
        <ele>12.71</ele>
      </trkpt>
      <trkpt lat="35.98500480875373" lon="139.51870093122125">
        <ele>12.58</ele>
      </trkpt>
      <trkpt lat="35.98477363586426" lon="139.51892137527466">
        <ele>12.45</ele>
      </trkpt>
      <trkpt lat="35.98461144603789" lon="139.5190964732319">
        <ele>12.27</ele>
      </trkpt>
      <trkpt lat="35.984452022239566" lon="139.51926855370402">
        <ele>12.08</ele>
      </trkpt>
      <trkpt lat="35.98445168696344" lon="139.5192690566182">
        <ele>11.96</ele>
      </trkpt>
      <trkpt lat="35.98444917239249" lon="139.51927182264626">
        <ele>11.84</ele>
      </trkpt>
      <trkpt lat="35.98423719406128" lon="139.51950073242188">
        <ele>11.64</ele>
      </trkpt>
      <trkpt lat="35.98423727788031" lon="139.51950073242188">
        <ele>11.54</ele>
      </trkpt>
      <trkpt lat="35.98402270115912" lon="139.51975814066827">
        <ele>11.44</ele>
      </trkpt>
      <trkpt lat="35.98380812443793" lon="139.52001554891467">
        <ele>11.44</ele>
      </trkpt>
      <trkpt lat="35.98359363153577" lon="139.52027295716107">
        <ele>11.46</ele>
      </trkpt>
      <trkpt lat="35.983378887176514" lon="139.5205307006836">
        <ele>11.38</ele>
      </trkpt>
      <trkpt lat="35.98317503929138" lon="139.52081317082047">
        <ele>11.17</ele>
      </trkpt>
      <trkpt lat="35.98297119140625" lon="139.5210957247764">
        <ele>11.14</ele>
      </trkpt>
      <trkpt lat="35.98276734352112" lon="139.5213782787323">
        <ele>11.16</ele>
      </trkpt>
      <trkpt lat="35.982563495635986" lon="139.5216608326882">
        <ele>11.24</ele>
      </trkpt>
      <trkpt lat="35.982359647750854" lon="139.52194338664412">
        <ele>11.36</ele>
      </trkpt>
      <trkpt lat="35.982155883684754" lon="139.522225856781">
        <ele>11.41</ele>
      </trkpt>
      <trkpt lat="35.982112884521484" lon="139.52224731445312">
        <ele>11.44</ele>
      </trkpt>
      <trkpt lat="35.981887662783265" lon="139.5220220927149">
        <ele>11.28</ele>
      </trkpt>
      <trkpt lat="35.98166227340698" lon="139.52179670333862">
        <ele>11.17</ele>
      </trkpt>
      <trkpt lat="35.98148130811751" lon="139.52207875438035">
        <ele>11.31</ele>
      </trkpt>
      <trkpt lat="35.98130042664707" lon="139.5223608892411">
        <ele>11.48</ele>
      </trkpt>
      <trkpt lat="35.98111946135759" lon="139.52264294028282">
        <ele>11.54</ele>
      </trkpt>
      <trkpt lat="35.98093857988715" lon="139.52292507514358">
        <ele>11.65</ele>
      </trkpt>
      <trkpt lat="35.98075769841671" lon="139.52320721000433">
        <ele>11.85</ele>
      </trkpt>
      <trkpt lat="35.980576733127236" lon="139.52348926104605">
        <ele>11.97</ele>
      </trkpt>
      <trkpt lat="35.98039627075195" lon="139.52377080917358">
        <ele>12.07</ele>
      </trkpt>
      <trkpt lat="35.980589305981994" lon="139.52400675974786">
        <ele>12.32</ele>
      </trkpt>
      <trkpt lat="35.9807825088501" lon="139.5242428779602">
        <ele>12.63</ele>
      </trkpt>
      <trkpt lat="35.98099708557129" lon="139.52437162399292">
        <ele>12.89</ele>
      </trkpt>
      <trkpt lat="35.98121174611151" lon="139.52426433563232">
        <ele>13.05</ele>
      </trkpt>
      <trkpt lat="35.98110429011285" lon="139.5244682673365">
        <ele>13.15</ele>
      </trkpt>
      <trkpt lat="35.98099708557129" lon="139.5246720314026">
        <ele>13.13</ele>
      </trkpt>
      <trkpt lat="35.98095417022705" lon="139.52486515045166">
        <ele>13.16</ele>
      </trkpt>
      <trkpt lat="35.98083456046879" lon="139.5250256638974">
        <ele>13.15</ele>
      </trkpt>
      <trkpt lat="35.98071754910052" lon="139.52518274076283">
        <ele>13.17</ele>
      </trkpt>
      <trkpt lat="35.98071721382439" lon="139.52518324367702">
        <ele>13.23</ele>
      </trkpt>
      <trkpt lat="35.98071503452957" lon="139.5251863449812">
        <ele>13.29</ele>
      </trkpt>
      <trkpt lat="35.98050557076931" lon="139.52546772547066">
        <ele>13.29</ele>
      </trkpt>
      <trkpt lat="35.98029610700905" lon="139.52574910596013">
        <ele>13.31</ele>
      </trkpt>
      <trkpt lat="35.9800866432488" lon="139.52603057026863">
        <ele>13.36</ele>
      </trkpt>
      <trkpt lat="35.97987717948854" lon="139.5263119507581">
        <ele>13.39</ele>
      </trkpt>
      <trkpt lat="35.97966771572828" lon="139.52659333124757">
        <ele>13.37</ele>
      </trkpt>
      <trkpt lat="35.979458251968026" lon="139.52687479555607">
        <ele>13.36</ele>
      </trkpt>
      <trkpt lat="35.97924878820777" lon="139.52715617604554">
        <ele>13.39</ele>
      </trkpt>
      <trkpt lat="35.97903932444751" lon="139.527437556535">
        <ele>13.35</ele>
      </trkpt>
      <trkpt lat="35.978829860687256" lon="139.5277190208435">
        <ele>13.19</ele>
      </trkpt>
      <trkpt lat="35.97869021818042" lon="139.52801967971027">
        <ele>13.18</ele>
      </trkpt>
      <trkpt lat="35.97855091094971" lon="139.52831983566284">
        <ele>13.23</ele>
      </trkpt>
      <trkpt lat="35.97852945327759" lon="139.52857732772827">
        <ele>13.26</ele>
      </trkpt>
      <trkpt lat="35.97844353877008" lon="139.52875980176032">
        <ele>13.26</ele>
      </trkpt>
      <trkpt lat="35.97835787571967" lon="139.5289421081543">
        <ele>13.21</ele>
      </trkpt>
      <trkpt lat="35.978357791900635" lon="139.5289421081543">
        <ele>13.12</ele>
      </trkpt>
      <trkpt lat="35.97834697924554" lon="139.52867330051959">
        <ele>12.98</ele>
      </trkpt>
      <trkpt lat="35.978336334228516" lon="139.52840566635132">
        <ele>12.81</ele>
      </trkpt>
      <trkpt lat="35.978143298998475" lon="139.52836275100708">
        <ele>12.69</ele>
      </trkpt>
      <trkpt lat="35.977885723114014" lon="139.52842712402344">
        <ele>12.55</ele>
      </trkpt>
      <trkpt lat="35.977671230211854" lon="139.5285987854004">
        <ele>12.42</ele>
      </trkpt>
      <trkpt lat="35.97767114639282" lon="139.5285987854004">
        <ele>12.25</ele>
      </trkpt>
      <trkpt lat="35.977561762556434" lon="139.52870800159872">
        <ele>12.06</ele>
      </trkpt>
      <trkpt lat="35.977561343461275" lon="139.5287085045129">
        <ele>11.87</ele>
      </trkpt>
      <trkpt lat="35.97755874507129" lon="139.52871118672192">
        <ele>11.67</ele>
      </trkpt>
      <trkpt lat="35.97743259742856" lon="139.52883725054562">
        <ele>11.47</ele>
      </trkpt>
      <trkpt lat="35.9773063659668" lon="139.52896356582642">
        <ele>11.27</ele>
      </trkpt>
      <trkpt lat="35.97717761993408" lon="139.52878109179437">
        <ele>10.94</ele>
      </trkpt>
      <trkpt lat="35.9770489577204" lon="139.5285987854004">
        <ele>10.6</ele>
      </trkpt>
      <trkpt lat="35.97704887390137" lon="139.5285987854004">
        <ele>10.37</ele>
      </trkpt>
      <trkpt lat="35.97698458470404" lon="139.5285987854004">
        <ele>10.12</ele>
      </trkpt>
      <trkpt lat="35.97698450088501" lon="139.5285987854004">
        <ele>9.88</ele>
      </trkpt>
      <trkpt lat="35.97675575874746" lon="139.52883104793727">
        <ele>9.67</ele>
      </trkpt>
      <trkpt lat="35.97652701660991" lon="139.5290633942932">
        <ele>9.38</ele>
      </trkpt>
      <trkpt lat="35.976298274472356" lon="139.52929565683007">
        <ele>9.1</ele>
      </trkpt>
      <trkpt lat="35.976069532334805" lon="139.529528003186">
        <ele>8.87</ele>
      </trkpt>
      <trkpt lat="35.975840874016285" lon="139.5297603495419">
        <ele>8.66</ele>
      </trkpt>
      <trkpt lat="35.97561129368842" lon="139.52999353408813">
        <ele>8.49</ele>
      </trkpt>
      <trkpt lat="35.97538967616856" lon="139.53020794317126">
        <ele>8.35</ele>
      </trkpt>
      <trkpt lat="35.97516814246774" lon="139.5304223522544">
        <ele>8.17</ele>
      </trkpt>
      <trkpt lat="35.97494610585272" lon="139.5306372642517">
        <ele>7.91</ele>
      </trkpt>
      <trkpt lat="35.97488047555089" lon="139.53069384209812">
        <ele>7.71</ele>
      </trkpt>
      <trkpt lat="35.97488005645573" lon="139.53069426119328">
        <ele>7.54</ele>
      </trkpt>
      <trkpt lat="35.974877290427685" lon="139.53069677576423">
        <ele>7.37</ele>
      </trkpt>
      <trkpt lat="35.974877290427685" lon="139.53069685958326">
        <ele>7.21</ele>
      </trkpt>
      <trkpt lat="35.974624156951904" lon="139.53091621398926">
        <ele>7.07</ele>
      </trkpt>
      <trkpt lat="35.97447395324707" lon="139.53070163726807">
        <ele>6.92</ele>
      </trkpt>
      <trkpt lat="35.97427563741803" lon="139.53088922426105">
        <ele>6.82</ele>
      </trkpt>
      <trkpt lat="35.97407732158899" lon="139.53107681125402">
        <ele>6.74</ele>
      </trkpt>
      <trkpt lat="35.973879005759954" lon="139.531264398247">
        <ele>6.59</ele>
      </trkpt>
      <trkpt lat="35.973680103197694" lon="139.53145265579224">
        <ele>6.39</ele>
      </trkpt>
      <trkpt lat="35.97368001937866" lon="139.53145265579224">
        <ele>6.28</ele>
      </trkpt>
      <trkpt lat="35.97341665998101" lon="139.53165776096284">
        <ele>6.11</ele>
      </trkpt>
      <trkpt lat="35.973153384402394" lon="139.53186294995248">
        <ele>6.1</ele>
      </trkpt>
      <trkpt lat="35.972890025004745" lon="139.5320680551231">
        <ele>6.07</ele>
      </trkpt>
      <trkpt lat="35.97262674942613" lon="139.53227324411273">
        <ele>6.06</ele>
      </trkpt>
      <trkpt lat="35.97236347384751" lon="139.53247834928334">
        <ele>5.95</ele>
      </trkpt>
      <trkpt lat="35.97210011444986" lon="139.53268345445395">
        <ele>5.81</ele>
      </trkpt>
      <trkpt lat="35.97183474339545" lon="139.53289031982422">
        <ele>5.71</ele>
      </trkpt>
      <trkpt lat="35.971834659576416" lon="139.53289031982422">
        <ele>5.67</ele>
      </trkpt>
      <trkpt lat="35.971573144197464" lon="139.5330831874162">
        <ele>5.51</ele>
      </trkpt>
      <trkpt lat="35.971311712637544" lon="139.53327605500817">
        <ele>5.54</ele>
      </trkpt>
      <trkpt lat="35.97105028107762" lon="139.53346892260015">
        <ele>5.55</ele>
      </trkpt>
      <trkpt lat="35.97078876569867" lon="139.53366179019213">
        <ele>5.41</ele>
      </trkpt>
      <trkpt lat="35.97052574157715" lon="139.53385591506958">
        <ele>5.33</ele>
      </trkpt>
      <trkpt lat="35.97052574157715" lon="139.53396320343018">
        <ele>5.38</ele>
      </trkpt>
      <trkpt lat="35.97059573046863" lon="139.53411608934402">
        <ele>5.5</ele>
      </trkpt>
      <trkpt lat="35.97059606574476" lon="139.53411667607725">
        <ele>5.54</ele>
      </trkpt>
      <trkpt lat="35.97059774212539" lon="139.5341202802956">
        <ele>5.57</ele>
      </trkpt>
      <trkpt lat="35.97067980095744" lon="139.53429931774735">
        <ele>5.75</ele>
      </trkpt>
      <trkpt lat="35.97076185978949" lon="139.53447818756104">
        <ele>5.94</ele>
      </trkpt>
      <trkpt lat="35.97053303383291" lon="139.53471405431628">
        <ele>5.94</ele>
      </trkpt>
      <trkpt lat="35.970304291695356" lon="139.53494992107153">
        <ele>5.92</ele>
      </trkpt>
      <trkpt lat="35.97007513046265" lon="139.53518629074097">
        <ele>5.92</ele>
      </trkpt>
      <trkpt lat="35.96987119875848" lon="139.53547596931458">
        <ele>6.0</ele>
      </trkpt>
      <trkpt lat="35.96966743469238" lon="139.53576564788818">
        <ele>6.12</ele>
      </trkpt>
      <trkpt lat="35.969538604840636" lon="139.53601609915495">
        <ele>6.25</ele>
      </trkpt>
      <trkpt lat="35.96940977498889" lon="139.53626663424075">
        <ele>6.27</ele>
      </trkpt>
      <trkpt lat="35.96928128041327" lon="139.53651666641235">
        <ele>6.19</ele>
      </trkpt>
      <trkpt lat="35.96919536590576" lon="139.53638792037964">
        <ele>6.18</ele>
      </trkpt>
      <trkpt lat="35.96900241449475" lon="139.53624861314893">
        <ele>6.07</ele>
      </trkpt>
      <trkpt lat="35.96880912780762" lon="139.5361089706421">
        <ele>5.98</ele>
      </trkpt>
      <trkpt lat="35.968584241345525" lon="139.53601257875562">
        <ele>5.93</ele>
      </trkpt>
      <trkpt lat="35.968358516693115" lon="139.53591585159302">
        <ele>5.92</ele>
      </trkpt>
      <trkpt lat="35.96813346259296" lon="139.53576581552625">
        <ele>5.87</ele>
      </trkpt>
      <trkpt lat="35.96790790557861" lon="139.53561544418335">
        <ele>5.73</ele>
      </trkpt>
      <trkpt lat="35.96775770187378" lon="139.5355725288391">
        <ele>5.58</ele>
      </trkpt>
      <trkpt lat="35.967586040496826" lon="139.53563690185547">
        <ele>5.49</ele>
      </trkpt>
      <trkpt lat="35.96738236024976" lon="139.5358029473573">
        <ele>5.51</ele>
      </trkpt>
      <trkpt lat="35.96717876382172" lon="139.53596907667816">
        <ele>5.5</ele>
      </trkpt>
      <trkpt lat="35.96697508357465" lon="139.53613520599902">
        <ele>5.4</ele>
      </trkpt>
      <trkpt lat="35.9667706489563" lon="139.53630208969116">
        <ele>5.36</ele>
      </trkpt>
      <trkpt lat="35.96677073277533" lon="139.53630208969116">
        <ele>5.32</ele>
      </trkpt>
      <trkpt lat="35.966728487983346" lon="139.5363328512758">
        <ele>5.32</ele>
      </trkpt>
      <trkpt lat="35.966727985069156" lon="139.53633327037096">
        <ele>5.3</ele>
      </trkpt>
      <trkpt lat="35.966725051403046" lon="139.53633553348482">
        <ele>5.29</ele>
      </trkpt>
      <trkpt lat="35.96652589738369" lon="139.53648154623806">
        <ele>5.37</ele>
      </trkpt>
      <trkpt lat="35.966326743364334" lon="139.5366275589913">
        <ele>5.36</ele>
      </trkpt>
      <trkpt lat="35.966126918792725" lon="139.53677415847778">
        <ele>5.34</ele>
      </trkpt>
      <trkpt lat="35.96588585525751" lon="139.5369026530534">
        <ele>5.23</ele>
      </trkpt>
      <trkpt lat="35.96564487554133" lon="139.53703114762902">
        <ele>5.28</ele>
      </trkpt>
      <trkpt lat="35.96540389582515" lon="139.53715972602367">
        <ele>5.36</ele>
      </trkpt>
      <trkpt lat="35.96516132354736" lon="139.53728914260864">
        <ele>5.45</ele>
      </trkpt>
      <trkpt lat="35.964925456792116" lon="139.5375070720911">
        <ele>5.59</ele>
      </trkpt>
      <trkpt lat="35.96468959003687" lon="139.5377250853926">
        <ele>5.74</ele>
      </trkpt>
      <trkpt lat="35.96445372328162" lon="139.53794301487505">
        <ele>5.81</ele>
      </trkpt>
      <trkpt lat="35.96421794034541" lon="139.53816102817655">
        <ele>5.84</ele>
      </trkpt>
      <trkpt lat="35.96398207359016" lon="139.538378957659">
        <ele>5.92</ele>
      </trkpt>
      <trkpt lat="35.9637451171875" lon="139.5385980606079">
        <ele>6.18</ele>
      </trkpt>
      <trkpt lat="35.963521990925074" lon="139.53883820213377">
        <ele>6.4</ele>
      </trkpt>
      <trkpt lat="35.96329894848168" lon="139.53907842747867">
        <ele>6.62</ele>
      </trkpt>
      <trkpt lat="35.963075906038284" lon="139.53931865282357">
        <ele>6.85</ele>
      </trkpt>
      <trkpt lat="35.96285286359489" lon="139.53955887816846">
        <ele>7.17</ele>
      </trkpt>
      <trkpt lat="35.962629318237305" lon="139.53979969024658">
        <ele>7.43</ele>
      </trkpt>
      <trkpt lat="35.96239345148206" lon="139.54000328667462">
        <ele>7.49</ele>
      </trkpt>
      <trkpt lat="35.962157249450684" lon="139.54020738601685">
        <ele>7.64</ele>
      </trkpt>
      <trkpt lat="35.96230041235685" lon="139.54047217033803">
        <ele>7.96</ele>
      </trkpt>
      <trkpt lat="35.96244357526302" lon="139.54073695465922">
        <ele>8.3</ele>
      </trkpt>
      <trkpt lat="35.9625864867121" lon="139.54100131988525">
        <ele>8.59</ele>
      </trkpt>
      <trkpt lat="35.9626729041338" lon="139.54100785776973">
        <ele>8.88</ele>
      </trkpt>
      <trkpt lat="35.96267349086702" lon="139.54100794158876">
        <ele>9.15</ele>
      </trkpt>
      <trkpt lat="35.962677178904414" lon="139.5410082768649">
        <ele>9.42</ele>
      </trkpt>
      <trkpt lat="35.962865352630615" lon="139.54102277755737">
        <ele>9.73</ele>
      </trkpt>
      <trkpt lat="35.96316576004028" lon="139.54095840454102">
        <ele>10.07</ele>
      </trkpt>
      <trkpt lat="35.963380336761475" lon="139.54085111618042">
        <ele>10.37</ele>
      </trkpt>
      <trkpt lat="35.96344470977783" lon="139.54089403152466">
        <ele>10.65</ele>
      </trkpt>
      <trkpt lat="35.963444793596864" lon="139.54102277755737">
        <ele>10.9</ele>
      </trkpt>
      <trkpt lat="35.9633444622159" lon="139.54135227017105">
        <ele>11.12</ele>
      </trkpt>
      <trkpt lat="35.96324413083494" lon="139.54168176278472">
        <ele>11.36</ele>
      </trkpt>
      <trkpt lat="35.963144302368164" lon="139.54200983047485">
        <ele>11.62</ele>
      </trkpt>
      <trkpt lat="35.96316576004028" lon="139.5422892831266">
        <ele>11.94</ele>
      </trkpt>
      <trkpt lat="35.9631872177124" lon="139.54256772994995">
        <ele>12.34</ele>
      </trkpt>
      <trkpt lat="35.963187301531434" lon="139.54256772994995">
        <ele>12.64</ele>
      </trkpt>
      <trkpt lat="35.963187301531434" lon="139.5428471826017">
        <ele>12.97</ele>
      </trkpt>
      <trkpt lat="35.963187301531434" lon="139.54312562942505">
        <ele>13.3</ele>
      </trkpt>
      <trkpt lat="35.96320875920355" lon="139.54336166381836">
        <ele>13.61</ele>
      </trkpt>
      <trkpt lat="35.96327321603894" lon="139.54366257414222">
        <ele>13.92</ele>
      </trkpt>
      <trkpt lat="35.96333750523627" lon="139.5439624786377">
        <ele>14.22</ele>
      </trkpt>
      <trkpt lat="35.963380420580506" lon="139.54425626434386">
        <ele>14.53</ele>
      </trkpt>
      <trkpt lat="35.963423419743776" lon="139.54455005005002">
        <ele>14.79</ele>
      </trkpt>
      <trkpt lat="35.96346625126898" lon="139.54484224319458">
        <ele>15.07</ele>
      </trkpt>
      <trkpt lat="35.963523499667645" lon="139.54509294591844">
        <ele>15.31</ele>
      </trkpt>
      <trkpt lat="35.96358083188534" lon="139.54534373246133">
        <ele>15.52</ele>
      </trkpt>
      <trkpt lat="35.963637912645936" lon="139.54559326171875">
        <ele>15.71</ele>
      </trkpt>
      <trkpt lat="35.96372860483825" lon="139.5458914898336">
        <ele>15.93</ele>
      </trkpt>
      <trkpt lat="35.963817704468966" lon="139.5461846049875">
        <ele>16.14</ele>
      </trkpt>
      <trkpt lat="35.96381795592606" lon="139.54618527553976">
        <ele>16.33</ele>
      </trkpt>
      <trkpt lat="35.963819129392505" lon="139.54618887975812">
        <ele>16.52</ele>
      </trkpt>
      <trkpt lat="35.963878808543086" lon="139.54638484865427">
        <ele>16.69</ele>
      </trkpt>
      <trkpt lat="35.963938320055604" lon="139.54658031463623">
        <ele>16.84</ele>
      </trkpt>
      <trkpt lat="35.96370253711939" lon="139.54675884917378">
        <ele>17.06</ele>
      </trkpt>
      <trkpt lat="35.96346675418317" lon="139.54693746753037">
        <ele>17.21</ele>
      </trkpt>
      <trkpt lat="35.96323013305664" lon="139.5471167564392">
        <ele>17.28</ele>
      </trkpt>
      <trkpt lat="35.96329458989203" lon="139.54720258712769">
        <ele>17.43</ele>
      </trkpt>
      <trkpt lat="35.96357278525829" lon="139.54718112945557">
        <ele>17.6</ele>
      </trkpt>
      <trkpt lat="35.963852405548096" lon="139.54715967178345">
        <ele>17.72</ele>
      </trkpt>
      <trkpt lat="35.96402406692505" lon="139.54720258712769">
        <ele>17.81</ele>
      </trkpt>
      <trkpt lat="35.96420637331903" lon="139.54743853770196">
        <ele>17.95</ele>
      </trkpt>
      <trkpt lat="35.964388847351074" lon="139.5476746559143">
        <ele>18.07</ele>
      </trkpt>
      <trkpt lat="35.96449613571167" lon="139.5480179786682">
        <ele>18.16</ele>
      </trkpt>
      <trkpt lat="35.964669305831194" lon="139.54793130978942">
        <ele>18.23</ele>
      </trkpt>
      <trkpt lat="35.964669892564416" lon="139.54793105833232">
        <ele>18.31</ele>
      </trkpt>
      <trkpt lat="35.96467349678278" lon="139.54792929813266">
        <ele>18.38</ele>
      </trkpt>
      <trkpt lat="35.9644962195307" lon="139.5480179786682">
        <ele>18.47</ele>
      </trkpt>
      <trkpt lat="35.964388847351074" lon="139.5476746559143">
        <ele>18.53</ele>
      </trkpt>
      <trkpt lat="35.96420645713806" lon="139.547438621521">
        <ele>18.56</ele>
      </trkpt>
      <trkpt lat="35.96402406692505" lon="139.54720258712769">
        <ele>18.58</ele>
      </trkpt>
      <trkpt lat="35.963852405548096" lon="139.54715967178345">
        <ele>18.64</ele>
      </trkpt>
      <trkpt lat="35.9635741263628" lon="139.54718104563653">
        <ele>18.68</ele>
      </trkpt>
      <trkpt lat="35.96329458989203" lon="139.54720258712769">
        <ele>18.66</ele>
      </trkpt>
      <trkpt lat="35.96323013305664" lon="139.5471167564392">
        <ele>18.67</ele>
      </trkpt>
      <trkpt lat="35.9630370978266" lon="139.5469129923731">
        <ele>18.69</ele>
      </trkpt>
      <trkpt lat="35.96284397877753" lon="139.54670906066895">
        <ele>18.71</ele>
      </trkpt>
      <trkpt lat="35.96262521110475" lon="139.54648601822555">
        <ele>18.68</ele>
      </trkpt>
      <trkpt lat="35.96240644343197" lon="139.54626297578216">
        <ele>18.69</ele>
      </trkpt>
      <trkpt lat="35.96218775957823" lon="139.54603993333876">
        <ele>18.68</ele>
      </trkpt>
      <trkpt lat="35.96196899190545" lon="139.54581689089537">
        <ele>18.66</ele>
      </trkpt>
      <trkpt lat="35.96174963749945" lon="139.54559326171875">
        <ele>18.61</ele>
      </trkpt>
      <trkpt lat="35.96161016263068" lon="139.54544305801392">
        <ele>18.54</ele>
      </trkpt>
      <trkpt lat="35.96147060394287" lon="139.54529285430908">
        <ele>18.48</ele>
      </trkpt>
      <trkpt lat="35.9612669236958" lon="139.54509981907904">
        <ele>18.44</ele>
      </trkpt>
      <trkpt lat="35.96106634475291" lon="139.54490980133414">
        <ele>18.34</ele>
      </trkpt>
      <trkpt lat="35.96106592565775" lon="139.54490938223898">
        <ele>18.21</ele>
      </trkpt>
      <trkpt lat="35.96106299199164" lon="139.54490661621094">
        <ele>18.06</ele>
      </trkpt>
      <trkpt lat="35.96106290817261" lon="139.54490661621094">
        <ele>17.89</ele>
      </trkpt>
      <trkpt lat="35.96106299199164" lon="139.54490661621094">
        <ele>17.69</ele>
      </trkpt>
      <trkpt lat="35.960934329777956" lon="139.54477795399725">
        <ele>17.48</ele>
      </trkpt>
      <trkpt lat="35.96080549992621" lon="139.5446491241455">
        <ele>17.25</ele>
      </trkpt>
      <trkpt lat="35.96067667007446" lon="139.54458475112915">
        <ele>17.0</ele>
      </trkpt>
      <trkpt lat="35.960605004802346" lon="139.54433396458626">
        <ele>16.72</ele>
      </trkpt>
      <trkpt lat="35.96053342334926" lon="139.5440832618624">
        <ele>16.44</ele>
      </trkpt>
      <trkpt lat="35.9604621771723" lon="139.54383373260498">
        <ele>16.13</ele>
      </trkpt>
      <trkpt lat="35.96046209335327" lon="139.54383373260498">
        <ele>15.8</ele>
      </trkpt>
      <trkpt lat="35.96037609502673" lon="139.5435274578631">
        <ele>15.43</ele>
      </trkpt>
      <trkpt lat="35.96029009670019" lon="139.5432211831212">
        <ele>15.02</ele>
      </trkpt>
      <trkpt lat="35.96020418219268" lon="139.54291499219835">
        <ele>14.61</ele>
      </trkpt>
      <trkpt lat="35.960118770599365" lon="139.5426106452942">
        <ele>14.22</ele>
      </trkpt>
      <trkpt lat="35.960011314600706" lon="139.5423313602805">
        <ele>13.81</ele>
      </trkpt>
      <trkpt lat="35.959904193878174" lon="139.5420527458191">
        <ele>13.32</ele>
      </trkpt>
      <trkpt lat="35.95992565155029" lon="139.5417660009116">
        <ele>12.84</ele>
      </trkpt>
      <trkpt lat="35.959947193041444" lon="139.54147933982313">
        <ele>12.38</ele>
      </trkpt>
      <trkpt lat="35.95996856689453" lon="139.54119443893433">
        <ele>11.96</ele>
      </trkpt>
      <trkpt lat="35.95968592911959" lon="139.54127146862447">
        <ele>11.55</ele>
      </trkpt>
      <trkpt lat="35.95940329134464" lon="139.54134858213365">
        <ele>11.22</ele>
      </trkpt>
      <trkpt lat="35.9591206535697" lon="139.5414256118238">
        <ele>10.94</ele>
      </trkpt>
      <trkpt lat="35.958838099613786" lon="139.54150272533298">
        <ele>10.6</ele>
      </trkpt>
      <trkpt lat="35.95855236053467" lon="139.54158067703247">
        <ele>10.25</ele>
      </trkpt>
      <trkpt lat="35.95857381820679" lon="139.54164505004883">
        <ele>9.96</ele>
      </trkpt>
      <trkpt lat="35.95833116210997" lon="139.541687797755">
        <ele>9.65</ele>
      </trkpt>
      <trkpt lat="35.95808858983219" lon="139.5417306292802">
        <ele>9.35</ele>
      </trkpt>
      <trkpt lat="35.95784434117377" lon="139.54177379608154">
        <ele>9.02</ele>
      </trkpt>
      <trkpt lat="35.95763026736677" lon="139.54179315827787">
        <ele>8.68</ele>
      </trkpt>
      <trkpt lat="35.957629680633545" lon="139.5417932420969">
        <ele>8.44</ele>
      </trkpt>
      <trkpt lat="35.95762557350099" lon="139.54179366119206">
        <ele>8.22</ele>
      </trkpt>
      <trkpt lat="35.957608222961426" lon="139.54179525375366">
        <ele>8.02</ele>
      </trkpt>
      <trkpt lat="35.957356514409184" lon="139.54189692623913">
        <ele>7.77</ele>
      </trkpt>
      <trkpt lat="35.957104889675975" lon="139.54199868254364">
        <ele>7.54</ele>
      </trkpt>
      <trkpt lat="35.956853264942765" lon="139.5421003550291">
        <ele>7.46</ele>
      </trkpt>
      <trkpt lat="35.956599712371826" lon="139.54220294952393">
        <ele>7.49</ele>
      </trkpt>
      <trkpt lat="35.95633543096483" lon="139.54236715100706">
        <ele>7.56</ele>
      </trkpt>
      <trkpt lat="35.95607114955783" lon="139.54253143630922">
        <ele>7.4</ele>
      </trkpt>
      <trkpt lat="35.95580577850342" lon="139.54269647598267">
        <ele>7.2</ele>
      </trkpt>
      <trkpt lat="35.9556770324707" lon="139.5428466796875">
        <ele>7.17</ele>
      </trkpt>
      <trkpt lat="35.955612659454346" lon="139.54299688339233">
        <ele>7.23</ele>
      </trkpt>
      <trkpt lat="35.95561274327338" lon="139.54299688339233">
        <ele>7.3</ele>
      </trkpt>
      <trkpt lat="35.95538911409676" lon="139.5431897509843">
        <ele>7.41</ele>
      </trkpt>
      <trkpt lat="35.955165568739176" lon="139.54338270239532">
        <ele>7.48</ele>
      </trkpt>
      <trkpt lat="35.95494202338159" lon="139.54357565380633">
        <ele>7.62</ele>
      </trkpt>
      <trkpt lat="35.954718394204974" lon="139.54376860521734">
        <ele>7.84</ele>
      </trkpt>
      <trkpt lat="35.95449484884739" lon="139.54396155662835">
        <ele>8.04</ele>
      </trkpt>
      <trkpt lat="35.954271303489804" lon="139.54415442422032">
        <ele>8.25</ele>
      </trkpt>
      <trkpt lat="35.95404624938965" lon="139.54434871673584">
        <ele>8.52</ele>
      </trkpt>
      <trkpt lat="35.953917503356934" lon="139.54458475112915">
        <ele>8.91</ele>
      </trkpt>
      <trkpt lat="35.95373167656362" lon="139.54475624486804">
        <ele>9.2</ele>
      </trkpt>
      <trkpt lat="35.95354584977031" lon="139.54492773860693">
        <ele>9.34</ele>
      </trkpt>
      <trkpt lat="35.953359603881836" lon="139.54509973526">
        <ele>9.44</ele>
      </trkpt>
      <trkpt lat="35.9533166885376" lon="139.5453143119812">
        <ele>9.62</ele>
      </trkpt>
      <trkpt lat="35.95347720198333" lon="139.54536778852344">
        <ele>9.91</ele>
      </trkpt>
      <trkpt lat="35.953638553619385" lon="139.5454216003418">
        <ele>10.24</ele>
      </trkpt>
      <trkpt lat="35.953681552782655" lon="139.54559326171875">
        <ele>10.44</ele>
      </trkpt>
      <trkpt lat="35.95359563827515" lon="139.5457649230957">
        <ele>10.52</ele>
      </trkpt>
      <trkpt lat="35.953361531719565" lon="139.54592627473176">
        <ele>10.6</ele>
      </trkpt>
      <trkpt lat="35.953130861744285" lon="139.54608527943492">
        <ele>10.75</ele>
      </trkpt>
      <trkpt lat="35.953130442649126" lon="139.54608569853008">
        <ele>10.87</ele>
      </trkpt>
      <trkpt lat="35.95297344960272" lon="139.5461940765381">
        <ele>11.0</ele>
      </trkpt>
      <trkpt lat="35.95272911712527" lon="139.54636976122856">
        <ele>11.07</ele>
      </trkpt>
      <trkpt lat="35.95248478464782" lon="139.54654552973807">
        <ele>11.19</ele>
      </trkpt>
      <trkpt lat="35.95224045217037" lon="139.54672121442854">
        <ele>11.3</ele>
      </trkpt>
      <trkpt lat="35.95199611969292" lon="139.54689698293805">
        <ele>11.4</ele>
      </trkpt>
      <trkpt lat="35.9517502784729" lon="139.54707384109497">
        <ele>11.4</ele>
      </trkpt>
      <trkpt lat="35.951707446947694" lon="139.54718112945557">
        <ele>11.33</ele>
      </trkpt>
      <trkpt lat="35.951664531603456" lon="139.54718112945557">
        <ele>11.25</ele>
      </trkpt>
      <trkpt lat="35.95147132873535" lon="139.5473313331604">
        <ele>11.14</ele>
      </trkpt>
      <trkpt lat="35.95143905840814" lon="139.54707333818078">
        <ele>11.04</ele>
      </trkpt>
      <trkpt lat="35.951406955718994" lon="139.54681634902954">
        <ele>10.92</ele>
      </trkpt>
      <trkpt lat="35.95134241506457" lon="139.5465368963778">
        <ele>10.74</ele>
      </trkpt>
      <trkpt lat="35.95127820968628" lon="139.54625844955444">
        <ele>10.49</ele>
      </trkpt>
      <trkpt lat="35.951170921325684" lon="139.54606533050537">
        <ele>10.19</ele>
      </trkpt>
      <trkpt lat="35.95099925994873" lon="139.54604387283325">
        <ele>9.9</ele>
      </trkpt>
      <trkpt lat="35.95074939541519" lon="139.54595820978284">
        <ele>9.54</ele>
      </trkpt>
      <trkpt lat="35.950499614700675" lon="139.54587254673243">
        <ele>9.2</ele>
      </trkpt>
      <trkpt lat="35.95024824142456" lon="139.54578638076782">
        <ele>8.88</ele>
      </trkpt>
      <trkpt lat="35.950130643323064" lon="139.54576157033443">
        <ele>8.56</ele>
      </trkpt>
      <trkpt lat="35.950130224227905" lon="139.5457614865154">
        <ele>8.27</ele>
      </trkpt>
      <trkpt lat="35.949849765747786" lon="139.54570222645998">
        <ele>7.93</ele>
      </trkpt>
      <trkpt lat="35.949569307267666" lon="139.54564296640456">
        <ele>7.54</ele>
      </trkpt>
      <trkpt lat="35.949288848787546" lon="139.54558370634913">
        <ele>7.16</ele>
      </trkpt>
      <trkpt lat="35.94900839030743" lon="139.5455244462937">
        <ele>6.83</ele>
      </trkpt>
      <trkpt lat="35.9487247467041" lon="139.54546451568604">
        <ele>6.59</ele>
      </trkpt>
      <trkpt lat="35.948553420603275" lon="139.5454002264887">
        <ele>6.38</ele>
      </trkpt>
      <trkpt lat="35.94838150776923" lon="139.54533576965332">
        <ele>6.16</ele>
      </trkpt>
      <trkpt lat="35.94833859242499" lon="139.54527139663696">
        <ele>6.03</ele>
      </trkpt>
      <trkpt lat="35.948145892471075" lon="139.545282041654">
        <ele>5.85</ele>
      </trkpt>
      <trkpt lat="35.94795227050781" lon="139.54529285430908">
        <ele>5.89</ele>
      </trkpt>
      <trkpt lat="35.947745237499475" lon="139.54535705968738">
        <ele>6.14</ele>
      </trkpt>
      <trkpt lat="35.94753828831017" lon="139.54542126506567">
        <ele>6.39</ele>
      </trkpt>
      <trkpt lat="35.94732999801636" lon="139.54548597335815">
        <ele>6.69</ele>
      </trkpt>
      <trkpt lat="35.94708734191954" lon="139.54551447182894">
        <ele>6.96</ele>
      </trkpt>
      <trkpt lat="35.94684476964176" lon="139.54554305411875">
        <ele>7.02</ele>
      </trkpt>
      <trkpt lat="35.94660052098334" lon="139.54557180404663">
        <ele>7.15</ele>
      </trkpt>
      <trkpt lat="35.94637571834028" lon="139.54560390673578">
        <ele>7.33</ele>
      </trkpt>
      <trkpt lat="35.946149909868836" lon="139.545636177063">
        <ele>7.58</ele>
      </trkpt>
      <trkpt lat="35.94606407918036" lon="139.545636177063">
        <ele>7.85</ele>
      </trkpt>
      <trkpt lat="35.94597824849188" lon="139.5456576347351">
        <ele>8.15</ele>
      </trkpt>
      <trkpt lat="35.94574221409857" lon="139.54570055007935">
        <ele>8.48</ele>
      </trkpt>
      <trkpt lat="35.94549058936536" lon="139.54576475545764">
        <ele>8.9</ele>
      </trkpt>
      <trkpt lat="35.94523896463215" lon="139.54582896083593">
        <ele>9.28</ele>
      </trkpt>
      <trkpt lat="35.944987423717976" lon="139.54589316621423">
        <ele>9.65</ele>
      </trkpt>
      <trkpt lat="35.94473361968994" lon="139.54595804214478">
        <ele>10.05</ele>
      </trkpt>
      <trkpt lat="35.94482447952032" lon="139.54621771350503">
        <ele>10.6</ele>
      </trkpt>
      <trkpt lat="35.944883823394775" lon="139.54638719558716">
        <ele>11.47</ele>
      </trkpt>
      <trkpt lat="35.944905281066895" lon="139.5465588569641">
        <ele>11.88</ele>
      </trkpt>
      <trkpt lat="35.94519428908825" lon="139.54655877314508">
        <ele>12.33</ele>
      </trkpt>
      <trkpt lat="35.94548472203314" lon="139.5465588569641">
        <ele>12.79</ele>
      </trkpt>
      <trkpt lat="35.94548463821411" lon="139.5465588569641">
        <ele>13.21</ele>
      </trkpt>
      <trkpt lat="35.94550617970526" lon="139.54673051834106">
        <ele>13.64</ele>
      </trkpt>
      <trkpt lat="35.94552763737738" lon="139.5469880104065">
        <ele>14.07</ele>
      </trkpt>
      <trkpt lat="35.94553358852863" lon="139.5470363739878">
        <ele>14.46</ele>
      </trkpt>
      <trkpt lat="35.945533672347665" lon="139.54703679308295">
        <ele>14.83</ele>
      </trkpt>
      <trkpt lat="35.94557055272162" lon="139.5473313331604">
        <ele>15.23</ele>
      </trkpt>
      <trkpt lat="35.94557055272162" lon="139.54735279083252">
        <ele>15.56</ele>
      </trkpt>
      <trkpt lat="35.94559201039374" lon="139.5476531982422">
        <ele>15.91</ele>
      </trkpt>
      <trkpt lat="35.94531364738941" lon="139.54767457209527">
        <ele>16.24</ele>
      </trkpt>
      <trkpt lat="35.94503402709961" lon="139.54769611358643">
        <ele>16.54</ele>
      </trkpt>
      <trkpt lat="35.945027992129326" lon="139.54789468087256">
        <ele>16.79</ele>
      </trkpt>
      <trkpt lat="35.945027992129326" lon="139.5478947646916">
        <ele>17.0</ele>
      </trkpt>
      <trkpt lat="35.945027992129326" lon="139.54789468087256">
        <ele>17.18</ele>
      </trkpt>
      <trkpt lat="35.94502028077841" lon="139.54814990982413">
        <ele>17.34</ele>
      </trkpt>
      <trkpt lat="35.94501265324652" lon="139.54840421676636">
        <ele>17.43</ele>
      </trkpt>
      <trkpt lat="35.94501256942749" lon="139.54870521090925">
        <ele>17.51</ele>
      </trkpt>
      <trkpt lat="35.94501256942749" lon="139.5490050315857">
        <ele>17.56</ele>
      </trkpt>
      <trkpt lat="35.94512002542615" lon="139.54928423278034">
        <ele>17.57</ele>
      </trkpt>
      <trkpt lat="35.94522722996771" lon="139.5495629310608">
        <ele>17.54</ele>
      </trkpt>
      <trkpt lat="35.94527039676905" lon="139.54954432323575">
        <ele>17.54</ele>
      </trkpt>
      <trkpt lat="35.94527089968324" lon="139.5495441555977">
        <ele>17.52</ele>
      </trkpt>
      <trkpt lat="35.945377349853516" lon="139.54949855804443">
        <ele>17.46</ele>
      </trkpt>
      <trkpt lat="35.94542244449258" lon="139.54971539787948">
        <ele>17.4</ele>
      </trkpt>
      <trkpt lat="35.94546745531261" lon="139.54993131570518">
        <ele>17.37</ele>
      </trkpt>
      <trkpt lat="35.94546753913164" lon="139.54993156716228">
        <ele>17.28</ele>
      </trkpt>
      <trkpt lat="35.94548463821411" lon="139.5500135421753">
        <ele>17.2</ele>
      </trkpt>
      <trkpt lat="35.945329405367374" lon="139.5500510931015">
        <ele>17.09</ele>
      </trkpt>
      <trkpt lat="35.94517442397773" lon="139.55008872784674">
        <ele>17.0</ele>
      </trkpt>
      <trkpt lat="35.945173585787416" lon="139.55008897930384">
        <ele>16.86</ele>
      </trkpt>
      <trkpt lat="35.94497552141547" lon="139.55013692378998">
        <ele>16.71</ele>
      </trkpt>
      <trkpt lat="35.94477661885321" lon="139.55018520355225">
        <ele>16.56</ele>
      </trkpt>
      <trkpt lat="35.94481945037842" lon="139.5503568649292">
        <ele>16.39</ele>
      </trkpt>
      <trkpt lat="35.94486244954169" lon="139.55050706863403">
        <ele>16.2</ele>
      </trkpt>
      <trkpt lat="35.944862365722656" lon="139.55050706863403">
        <ele>16.01</ele>
      </trkpt>
      <trkpt lat="35.944948280230165" lon="139.55076456069946">
        <ele>15.8</ele>
      </trkpt>
      <trkpt lat="35.94505028799176" lon="139.5510545745492">
        <ele>15.6</ele>
      </trkpt>
      <trkpt lat="35.94515237957239" lon="139.55134458839893">
        <ele>15.42</ele>
      </trkpt>
      <trkpt lat="35.94525438733399" lon="139.5516346860677">
        <ele>15.2</ele>
      </trkpt>
      <trkpt lat="35.94535597600043" lon="139.5519232749939">
        <ele>14.99</ele>
      </trkpt>
      <trkpt lat="35.945441806688905" lon="139.5521378517151">
        <ele>14.79</ele>
      </trkpt>
      <trkpt lat="35.945239048451185" lon="139.5523035619408">
        <ele>14.59</ele>
      </trkpt>
      <trkpt lat="35.94523846171796" lon="139.552304148674">
        <ele>14.4</ele>
      </trkpt>
      <trkpt lat="35.94520568847656" lon="139.55233097076416">
        <ele>14.22</ele>
      </trkpt>
      <trkpt lat="35.94514139927924" lon="139.55245971679688">
        <ele>14.02</ele>
      </trkpt>
      <trkpt lat="35.9450554009527" lon="139.5527605433017">
        <ele>13.79</ele>
      </trkpt>
      <trkpt lat="35.944969737902284" lon="139.5530605316162">
        <ele>13.63</ele>
      </trkpt>
      <trkpt lat="35.944926738739014" lon="139.55312490463257">
        <ele>13.48</ele>
      </trkpt>
      <trkpt lat="35.944680478423834" lon="139.55316765233874">
        <ele>13.34</ele>
      </trkpt>
      <trkpt lat="35.94443321228027" lon="139.55321073532104">
        <ele>13.24</ele>
      </trkpt>
      <trkpt lat="35.94417848624289" lon="139.55330620519817">
        <ele>13.21</ele>
      </trkpt>
      <trkpt lat="35.94417748041451" lon="139.55330662429333">
        <ele>13.13</ele>
      </trkpt>
      <trkpt lat="35.9440899733454" lon="139.55333948135376">
        <ele>13.08</ele>
      </trkpt>
      <trkpt lat="35.943961227312684" lon="139.55310344696045">
        <ele>13.0</ele>
      </trkpt>
      <trkpt lat="35.94385385513306" lon="139.55288861878216">
        <ele>12.89</ele>
      </trkpt>
      <trkpt lat="35.94374665059149" lon="139.55267429351807">
        <ele>12.79</ele>
      </trkpt>
      <trkpt lat="35.943703735247254" lon="139.552481174469">
        <ele>12.75</ele>
      </trkpt>
      <trkpt lat="35.943918228149414" lon="139.55233097076416">
        <ele>12.79</ele>
      </trkpt>
      <trkpt lat="35.94376810826361" lon="139.55220222473145">
        <ele>12.81</ele>
      </trkpt>
      <trkpt lat="35.94364330172539" lon="139.55215880647302">
        <ele>12.9</ele>
      </trkpt>
      <trkpt lat="35.9436425473541" lon="139.55215855501592">
        <ele>12.98</ele>
      </trkpt>
      <trkpt lat="35.943458899855614" lon="139.55209468491375">
        <ele>13.11</ele>
      </trkpt>
      <trkpt lat="35.94327449798584" lon="139.5520305633545">
        <ele>13.29</ele>
      </trkpt>
      <trkpt lat="35.9432315826416" lon="139.55196619033813">
        <ele>13.44</ele>
      </trkpt>
      <trkpt lat="35.94319931231439" lon="139.55176192335784">
        <ele>13.59</ele>
      </trkpt>
      <trkpt lat="35.943167293444276" lon="139.55155849456787">
        <ele>13.75</ele>
      </trkpt>
      <trkpt lat="35.942909717559814" lon="139.55155849456787">
        <ele>13.88</ele>
      </trkpt>
      <trkpt lat="35.942759681493044" lon="139.5514512900263">
        <ele>14.06</ele>
      </trkpt>
      <trkpt lat="35.94260931015015" lon="139.55134391784668">
        <ele>14.24</ele>
      </trkpt>
      <trkpt lat="35.942473355680704" lon="139.55111492425203">
        <ele>14.4</ele>
      </trkpt>
      <trkpt lat="35.94233740121126" lon="139.5508859306574">
        <ele>14.63</ele>
      </trkpt>
      <trkpt lat="35.942201698198915" lon="139.55065727233887">
        <ele>14.83</ele>
      </trkpt>
      <trkpt lat="35.94203028827906" lon="139.55074293538928">
        <ele>14.95</ele>
      </trkpt>
      <trkpt lat="35.94185837544501" lon="139.55082893371582">
        <ele>15.08</ele>
      </trkpt>
      <trkpt lat="35.94178310595453" lon="139.5506462920457">
        <ele>15.27</ele>
      </trkpt>
      <trkpt lat="35.94170808792114" lon="139.5504641532898">
        <ele>15.44</ele>
      </trkpt>
      <trkpt lat="35.941708171740174" lon="139.5504641532898">
        <ele>15.57</ele>
      </trkpt>
      <trkpt lat="35.94164379872382" lon="139.55027103424072">
        <ele>15.7</ele>
      </trkpt>
      <trkpt lat="35.94156417064369" lon="139.5500722154975">
        <ele>15.8</ele>
      </trkpt>
      <trkpt lat="35.941564003005624" lon="139.55007179640234">
        <ele>15.9</ele>
      </trkpt>
      <trkpt lat="35.94147205352783" lon="139.54984188079834">
        <ele>15.95</ele>
      </trkpt>
      <trkpt lat="35.941279185935855" lon="139.54994891770184">
        <ele>15.99</ele>
      </trkpt>
      <trkpt lat="35.94108640216291" lon="139.55005603842437">
        <ele>16.04</ele>
      </trkpt>
      <trkpt lat="35.940892696380615" lon="139.55016374588013">
        <ele>16.1</ele>
      </trkpt>
      <trkpt lat="35.9407639503479" lon="139.55016374588013">
        <ele>16.17</ele>
      </trkpt>
      <trkpt lat="35.9405065421015" lon="139.54997062683105">
        <ele>16.18</ele>
      </trkpt>
      <trkpt lat="35.94029188156128" lon="139.5499062538147">
        <ele>16.19</ele>
      </trkpt>
      <trkpt lat="35.940061211586" lon="139.5499062538147">
        <ele>16.17</ele>
      </trkpt>
      <trkpt lat="35.940060038119555" lon="139.5499062538147">
        <ele>16.18</ele>
      </trkpt>
      <trkpt lat="35.93990572728217" lon="139.5499062538147">
        <ele>16.16</ele>
      </trkpt>
      <trkpt lat="35.939905643463135" lon="139.5499062538147">
        <ele>16.15</ele>
      </trkpt>
      <trkpt lat="35.939648151397705" lon="139.54986333847046">
        <ele>16.04</ele>
      </trkpt>
      <trkpt lat="35.9394980315119" lon="139.54999208450317">
        <ele>16.02</ele>
      </trkpt>
      <trkpt lat="35.93928353860974" lon="139.55022795125842">
        <ele>16.0</ele>
      </trkpt>
      <trkpt lat="35.93906904570758" lon="139.5504639018327">
        <ele>15.97</ele>
      </trkpt>
      <trkpt lat="35.938854552805424" lon="139.55069985240698">
        <ele>15.9</ele>
      </trkpt>
      <trkpt lat="35.938640059903264" lon="139.55093571916223">
        <ele>15.84</ele>
      </trkpt>
      <trkpt lat="35.938425147905946" lon="139.55117225646973">
        <ele>15.8</ele>
      </trkpt>
      <trkpt lat="35.938232112675905" lon="139.55137233249843">
        <ele>15.78</ele>
      </trkpt>
      <trkpt lat="35.938039077445865" lon="139.55157249234617">
        <ele>15.78</ele>
      </trkpt>
      <trkpt lat="35.93784579075873" lon="139.55177307128906">
        <ele>15.75</ele>
      </trkpt>
      <trkpt lat="35.937659880146384" lon="139.5519732311368">
        <ele>15.7</ele>
      </trkpt>
      <trkpt lat="35.93747396953404" lon="139.55217339098454">
        <ele>15.58</ele>
      </trkpt>
      <trkpt lat="35.9372878074646" lon="139.5523738861084">
        <ele>15.39</ele>
      </trkpt>
      <trkpt lat="35.937180519104004" lon="139.55252408981323">
        <ele>15.17</ele>
      </trkpt>
      <trkpt lat="35.93707331456244" lon="139.55267429351807">
        <ele>14.98</ele>
      </trkpt>
      <trkpt lat="35.936923110857606" lon="139.55282432958484">
        <ele>14.75</ele>
      </trkpt>
      <trkpt lat="35.93677282333374" lon="139.55297470092773">
        <ele>14.46</ele>
      </trkpt>
      <trkpt lat="35.936687076464295" lon="139.55297470092773">
        <ele>14.2</ele>
      </trkpt>
      <trkpt lat="35.93660778366029" lon="139.55287830904126">
        <ele>13.92</ele>
      </trkpt>
      <trkpt lat="35.9366072807461" lon="139.55287772230804">
        <ele>13.65</ele>
      </trkpt>
      <trkpt lat="35.93640041537583" lon="139.55262584611773">
        <ele>13.4</ele>
      </trkpt>
      <trkpt lat="35.936193550005555" lon="139.5523738861084">
        <ele>13.19</ele>
      </trkpt>
      <trkpt lat="35.93597201630473" lon="139.55218805931509">
        <ele>12.92</ele>
      </trkpt>
      <trkpt lat="35.93575048260391" lon="139.5520023163408">
        <ele>12.54</ele>
      </trkpt>
      <trkpt lat="35.93552827835083" lon="139.5518159866333">
        <ele>12.12</ele>
      </trkpt>
      <trkpt lat="35.935356952250004" lon="139.55176242627203">
        <ele>11.78</ele>
      </trkpt>
      <trkpt lat="35.935184955596924" lon="139.5517086982727">
        <ele>11.43</ele>
      </trkpt>
      <trkpt lat="35.93499225564301" lon="139.55167651176453">
        <ele>11.04</ele>
      </trkpt>
      <trkpt lat="35.93479871749878" lon="139.55164432525635">
        <ele>10.67</ele>
      </trkpt>
      <trkpt lat="35.93451431952417" lon="139.55164122395217">
        <ele>10.45</ele>
      </trkpt>
      <trkpt lat="35.93422992154956" lon="139.55163820646703">
        <ele>10.19</ele>
      </trkpt>
      <trkpt lat="35.93394552357495" lon="139.55163510516286">
        <ele>9.91</ele>
      </trkpt>
      <trkpt lat="35.93366112560034" lon="139.55163208767772">
        <ele>9.62</ele>
      </trkpt>
      <trkpt lat="35.93337672762573" lon="139.55162898637354">
        <ele>9.27</ele>
      </trkpt>
      <trkpt lat="35.93309232965112" lon="139.5516259688884">
        <ele>8.81</ele>
      </trkpt>
      <trkpt lat="35.9328031539917" lon="139.55162286758423">
        <ele>8.4</ele>
      </trkpt>
      <trkpt lat="35.93255697749555" lon="139.55165497027338">
        <ele>8.15</ele>
      </trkpt>
      <trkpt lat="35.93230971135199" lon="139.5516872406006">
        <ele>7.84</ele>
      </trkpt>
      <trkpt lat="35.93204207718372" lon="139.55174071714282">
        <ele>7.55</ele>
      </trkpt>
      <trkpt lat="35.931774443015456" lon="139.5517942775041">
        <ele>7.24</ele>
      </trkpt>
      <trkpt lat="35.93150689266622" lon="139.55184775404632">
        <ele>6.97</ele>
      </trkpt>
      <trkpt lat="35.931236827746034" lon="139.55190181732178">
        <ele>6.72</ele>
      </trkpt>
      <trkpt lat="35.930929044261575" lon="139.55198203213513">
        <ele>6.49</ele>
      </trkpt>
      <trkpt lat="35.930621260777116" lon="139.5520623307675">
        <ele>6.26</ele>
      </trkpt>
      <trkpt lat="35.93031347729266" lon="139.5521426293999">
        <ele>6.04</ele>
      </trkpt>
      <trkpt lat="35.9300056938082" lon="139.55222292803228">
        <ele>5.91</ele>
      </trkpt>
      <trkpt lat="35.92969791032374" lon="139.55230322666466">
        <ele>5.93</ele>
      </trkpt>
      <trkpt lat="35.92939021065831" lon="139.55238352529705">
        <ele>5.88</ele>
      </trkpt>
      <trkpt lat="35.92908242717385" lon="139.55246382392943">
        <ele>5.95</ele>
      </trkpt>
      <trkpt lat="35.92876919545233" lon="139.55254554748535">
        <ele>5.97</ele>
      </trkpt>
      <trkpt lat="35.92850801534951" lon="139.55259684473276">
        <ele>5.9</ele>
      </trkpt>
      <trkpt lat="35.92824683524668" lon="139.5526482257992">
        <ele>5.91</ele>
      </trkpt>
      <trkpt lat="35.92798565514386" lon="139.55269960686564">
        <ele>5.98</ele>
      </trkpt>
      <trkpt lat="35.92772447504103" lon="139.5527509879321">
        <ele>6.16</ele>
      </trkpt>
      <trkpt lat="35.927460277453065" lon="139.55280303955078">
        <ele>6.39</ele>
      </trkpt>
      <trkpt lat="35.92737444676459" lon="139.55269575119019">
        <ele>6.55</ele>
      </trkpt>
      <trkpt lat="35.927074709907174" lon="139.55275140702724">
        <ele>6.69</ele>
      </trkpt>
      <trkpt lat="35.92677497304976" lon="139.5528070628643">
        <ele>6.9</ele>
      </trkpt>
      <trkpt lat="35.926475236192346" lon="139.55286271870136">
        <ele>7.12</ele>
      </trkpt>
      <trkpt lat="35.92617549933493" lon="139.55291837453842">
        <ele>7.26</ele>
      </trkpt>
      <trkpt lat="35.92587232589722" lon="139.55297470092773">
        <ele>7.46</ele>
      </trkpt>
      <trkpt lat="35.92558809556067" lon="139.55290261656046">
        <ele>7.61</ele>
      </trkpt>
      <trkpt lat="35.925303949043155" lon="139.55283061601222">
        <ele>7.8</ele>
      </trkpt>
      <trkpt lat="35.92501980252564" lon="139.55275861546397">
        <ele>8.04</ele>
      </trkpt>
      <trkpt lat="35.924735656008124" lon="139.55268661491573">
        <ele>8.25</ele>
      </trkpt>
      <trkpt lat="35.92445142567158" lon="139.55261461436749">
        <ele>8.41</ele>
      </trkpt>
      <trkpt lat="35.92416727915406" lon="139.5525425300002">
        <ele>8.59</ele>
      </trkpt>
      <trkpt lat="35.92388313263655" lon="139.55247052945197">
        <ele>8.83</ele>
      </trkpt>
      <trkpt lat="35.92359898611903" lon="139.55239852890372">
        <ele>9.05</ele>
      </trkpt>
      <trkpt lat="35.92331483960152" lon="139.55232652835548">
        <ele>9.26</ele>
      </trkpt>
      <trkpt lat="35.92303060926497" lon="139.55225452780724">
        <ele>9.45</ele>
      </trkpt>
      <trkpt lat="35.92273950576782" lon="139.55218076705933">
        <ele>9.59</ele>
      </trkpt>
      <trkpt lat="35.92252543196082" lon="139.55221286974847">
        <ele>9.78</ele>
      </trkpt>
      <trkpt lat="35.92231035232544" lon="139.55224514007568">
        <ele>9.98</ele>
      </trkpt>
      <trkpt lat="35.92211723327637" lon="139.55239534378052">
        <ele>10.16</ele>
      </trkpt>
      <trkpt lat="35.9221173170954" lon="139.55239534378052">
        <ele>10.31</ele>
      </trkpt>
      <trkpt lat="35.92203148640692" lon="139.552481174469">
        <ele>10.48</ele>
      </trkpt>
      <trkpt lat="35.92183845117688" lon="139.55266339704394">
        <ele>10.65</ele>
      </trkpt>
      <trkpt lat="35.92164549976587" lon="139.5528456196189">
        <ele>10.73</ele>
      </trkpt>
      <trkpt lat="35.92145246453583" lon="139.55302784219384">
        <ele>10.79</ele>
      </trkpt>
      <trkpt lat="35.9212589263916" lon="139.55321073532104">
        <ele>10.91</ele>
      </trkpt>
      <trkpt lat="35.92103395611048" lon="139.55333922989666">
        <ele>11.02</ele>
      </trkpt>
      <trkpt lat="35.92080898582935" lon="139.55346772447228">
        <ele>11.11</ele>
      </trkpt>
      <trkpt lat="35.92058409936726" lon="139.55359630286694">
        <ele>11.22</ele>
      </trkpt>
      <trkpt lat="35.9203577041626" lon="139.5537257194519">
        <ele>11.33</ele>
      </trkpt>
      <trkpt lat="35.92014321126044" lon="139.5539723150432">
        <ele>11.51</ele>
      </trkpt>
      <trkpt lat="35.91992863453925" lon="139.55421924591064">
        <ele>11.62</ele>
      </trkpt>
      <trkpt lat="35.91970006003976" lon="139.55437632277608">
        <ele>11.71</ele>
      </trkpt>
      <trkpt lat="35.91947148554027" lon="139.55453348346055">
        <ele>11.78</ele>
      </trkpt>
      <trkpt lat="35.919241989031434" lon="139.55469131469727">
        <ele>11.82</ele>
      </trkpt>
      <trkpt lat="35.91903889551759" lon="139.55486800521612">
        <ele>11.82</ele>
      </trkpt>
      <trkpt lat="35.9190381411463" lon="139.5548687595874">
        <ele>11.92</ele>
      </trkpt>
      <trkpt lat="35.918807638809085" lon="139.55506950616837">
        <ele>12.03</ele>
      </trkpt>
      <trkpt lat="35.91857680119574" lon="139.55527067184448">
        <ele>12.29</ele>
      </trkpt>
      <trkpt lat="35.918447971343994" lon="139.55557107925415">
        <ele>12.66</ele>
      </trkpt>
      <trkpt lat="35.91836214065552" lon="139.55567836761475">
        <ele>12.81</ele>
      </trkpt>
      <trkpt lat="35.91815862804651" lon="139.55578540451825">
        <ele>12.94</ele>
      </trkpt>
      <trkpt lat="35.917954444885254" lon="139.55589294433594">
        <ele>12.96</ele>
      </trkpt>
      <trkpt lat="35.91782578267157" lon="139.5559787750244">
        <ele>13.0</ele>
      </trkpt>
      <trkpt lat="35.91767557896674" lon="139.556086063385">
        <ele>13.05</ele>
      </trkpt>
      <trkpt lat="35.917440885677934" lon="139.55624842084944">
        <ele>13.09</ele>
      </trkpt>
      <trkpt lat="35.91720661148429" lon="139.55641052685678">
        <ele>13.22</ele>
      </trkpt>
      <trkpt lat="35.91720568947494" lon="139.55641128122807">
        <ele>13.27</ele>
      </trkpt>
      <trkpt lat="35.91711759567261" lon="139.55647230148315">
        <ele>13.31</ele>
      </trkpt>
      <trkpt lat="35.91690863482654" lon="139.5566222537309">
        <ele>13.33</ele>
      </trkpt>
      <trkpt lat="35.916699673980474" lon="139.55677228979766">
        <ele>13.25</ele>
      </trkpt>
      <trkpt lat="35.91649071313441" lon="139.55692232586443">
        <ele>13.22</ele>
      </trkpt>
      <trkpt lat="35.91628074645996" lon="139.5570731163025">
        <ele>13.33</ele>
      </trkpt>
      <trkpt lat="35.91608762741089" lon="139.55726623535156">
        <ele>13.38</ele>
      </trkpt>
      <trkpt lat="35.915851928293705" lon="139.55742691643536">
        <ele>13.38</ele>
      </trkpt>
      <trkpt lat="35.9156156424433" lon="139.55758810043335">
        <ele>13.39</ele>
      </trkpt>
      <trkpt lat="35.915609607473016" lon="139.55771818757057">
        <ele>13.4</ele>
      </trkpt>
      <trkpt lat="35.915609607473016" lon="139.5577190257609">
        <ele>13.36</ele>
      </trkpt>
      <trkpt lat="35.91559418477118" lon="139.55806016921997">
        <ele>13.32</ele>
      </trkpt>
      <trkpt lat="35.91555126942694" lon="139.5581030845642">
        <ele>13.27</ele>
      </trkpt>
      <trkpt lat="35.915443981066346" lon="139.55836057662964">
        <ele>13.12</ele>
      </trkpt>
      <trkpt lat="35.915400981903076" lon="139.55857515335083">
        <ele>12.98</ele>
      </trkpt>
      <trkpt lat="35.915508354082704" lon="139.55861806869507">
        <ele>12.89</ele>
      </trkpt>
      <trkpt lat="35.91542252339423" lon="139.55896139144897">
        <ele>12.74</ele>
      </trkpt>
      <trkpt lat="35.91537952423096" lon="139.55926230177283">
        <ele>12.64</ele>
      </trkpt>
      <trkpt lat="35.91533669270575" lon="139.5595622062683">
        <ele>12.54</ele>
      </trkpt>
      <trkpt lat="35.91527231968939" lon="139.55984115600586">
        <ele>12.44</ele>
      </trkpt>
      <trkpt lat="35.91525077819824" lon="139.56003461033106">
        <ele>12.35</ele>
      </trkpt>
      <trkpt lat="35.915229404345155" lon="139.560227394104">
        <ele>12.25</ele>
      </trkpt>
      <trkpt lat="35.91518389061093" lon="139.56053249537945">
        <ele>12.1</ele>
      </trkpt>
      <trkpt lat="35.91513862833381" lon="139.5608360040933">
        <ele>11.96</ele>
      </trkpt>
      <trkpt lat="35.91513862833381" lon="139.56083650700748">
        <ele>11.84</ele>
      </trkpt>
      <trkpt lat="35.915108788758516" lon="139.56103649921715">
        <ele>11.71</ele>
      </trkpt>
      <trkpt lat="35.91507911682129" lon="139.5612359046936">
        <ele>11.57</ele>
      </trkpt>
      <trkpt lat="35.91507920064032" lon="139.5612359046936">
        <ele>11.45</ele>
      </trkpt>
      <trkpt lat="35.91504684649408" lon="139.5615260861814">
        <ele>11.29</ele>
      </trkpt>
      <trkpt lat="35.91501474380493" lon="139.56181526184082">
        <ele>11.15</ele>
      </trkpt>
      <trkpt lat="35.914757335558534" lon="139.56177234649658">
        <ele>11.03</ele>
      </trkpt>
      <trkpt lat="35.91462850570679" lon="139.56149339675903">
        <ele>10.95</ele>
      </trkpt>
      <trkpt lat="35.91441501863301" lon="139.5615136809647">
        <ele>10.85</ele>
      </trkpt>
      <trkpt lat="35.914201866835356" lon="139.56153396517038">
        <ele>10.76</ele>
      </trkpt>
      <trkpt lat="35.91420052573085" lon="139.56153413280845">
        <ele>10.65</ele>
      </trkpt>
      <trkpt lat="35.914177894592285" lon="139.56153631210327">
        <ele>10.54</ele>
      </trkpt>
      <trkpt lat="35.914006317034364" lon="139.56160068511963">
        <ele>10.45</ele>
      </trkpt>
      <trkpt lat="35.91375988908112" lon="139.5617399085313">
        <ele>10.31</ele>
      </trkpt>
      <trkpt lat="35.91351279057562" lon="139.56187963485718">
        <ele>10.21</ele>
      </trkpt>
      <trkpt lat="35.91342695988715" lon="139.5619010925293">
        <ele>10.11</ele>
      </trkpt>
      <trkpt lat="35.91314859688282" lon="139.56195456907153">
        <ele>10.01</ele>
      </trkpt>
      <trkpt lat="35.91286906041205" lon="139.5620083808899">
        <ele>9.95</ele>
      </trkpt>
      <trkpt lat="35.912665631622076" lon="139.56204048357904">
        <ele>9.88</ele>
      </trkpt>
      <trkpt lat="35.912461364641786" lon="139.56207275390625">
        <ele>9.77</ele>
      </trkpt>
      <trkpt lat="35.912246787920594" lon="139.56209421157837">
        <ele>9.69</ele>
      </trkpt>
      <trkpt lat="35.91199700720608" lon="139.56212271004915">
        <ele>9.58</ele>
      </trkpt>
      <trkpt lat="35.91174722649157" lon="139.56215129233897">
        <ele>9.47</ele>
      </trkpt>
      <trkpt lat="35.911495769396424" lon="139.56218004226685">
        <ele>9.37</ele>
      </trkpt>
      <trkpt lat="35.91140993870795" lon="139.56218004226685">
        <ele>9.27</ele>
      </trkpt>
      <trkpt lat="35.91113090515137" lon="139.56222295761108">
        <ele>9.16</ele>
      </trkpt>
      <trkpt lat="35.91091641224921" lon="139.56218004226685">
        <ele>9.04</ele>
      </trkpt>
      <trkpt lat="35.91061600483954" lon="139.56209421157837">
        <ele>8.91</ele>
      </trkpt>
      <trkpt lat="35.91044467873871" lon="139.5620620250702">
        <ele>8.85</ele>
      </trkpt>
      <trkpt lat="35.9102725982666" lon="139.562029838562">
        <ele>8.79</ele>
      </trkpt>
      <trkpt lat="35.91014393605292" lon="139.56207275390625">
        <ele>8.71</ele>
      </trkpt>
      <trkpt lat="35.91007947921753" lon="139.5621156692505">
        <ele>8.62</ele>
      </trkpt>
      <trkpt lat="35.9099964145571" lon="139.56236452795565">
        <ele>8.52</ele>
      </trkpt>
      <trkpt lat="35.909996246919036" lon="139.56236528232694">
        <ele>8.46</ele>
      </trkpt>
      <trkpt lat="35.909907817840576" lon="139.56263065338135">
        <ele>8.39</ele>
      </trkpt>
      <trkpt lat="35.90968276374042" lon="139.56281279213727">
        <ele>8.39</ele>
      </trkpt>
      <trkpt lat="35.909457290545106" lon="139.56299543380737">
        <ele>8.39</ele>
      </trkpt>
      <trkpt lat="35.9092643391341" lon="139.5631561987102">
        <ele>8.33</ele>
      </trkpt>
      <trkpt lat="35.90907105244696" lon="139.56331729888916">
        <ele>8.26</ele>
      </trkpt>
      <trkpt lat="35.90907096862793" lon="139.56331729888916">
        <ele>8.25</ele>
      </trkpt>
      <trkpt lat="35.90885664336383" lon="139.56348870880902">
        <ele>8.21</ele>
      </trkpt>
      <trkpt lat="35.90864231809974" lon="139.5636602025479">
        <ele>8.25</ele>
      </trkpt>
      <trkpt lat="35.90842732228339" lon="139.56383228302002">
        <ele>8.32</ele>
      </trkpt>
      <trkpt lat="35.908255660906434" lon="139.56396102905273">
        <ele>8.35</ele>
      </trkpt>
      <trkpt lat="35.90799833647907" lon="139.56417535431683">
        <ele>8.33</ele>
      </trkpt>
      <trkpt lat="35.90774109587073" lon="139.56438967958093">
        <ele>8.35</ele>
      </trkpt>
      <trkpt lat="35.90748310089111" lon="139.5646047592163">
        <ele>8.41</ele>
      </trkpt>
      <trkpt lat="35.90722586028278" lon="139.5648190844804">
        <ele>8.58</ele>
      </trkpt>
      <trkpt lat="35.906968703493476" lon="139.5650334097445">
        <ele>8.74</ele>
      </trkpt>
      <trkpt lat="35.906710708513856" lon="139.56524848937988">
        <ele>8.74</ele>
      </trkpt>
      <trkpt lat="35.90651775710285" lon="139.56539844162762">
        <ele>8.78</ele>
      </trkpt>
      <trkpt lat="35.90632438659668" lon="139.56554889678955">
        <ele>8.88</ele>
      </trkpt>
      <trkpt lat="35.90610989369452" lon="139.56576347351074">
        <ele>8.96</ele>
      </trkpt>
      <trkpt lat="35.90592389926314" lon="139.56599942408502">
        <ele>9.03</ele>
      </trkpt>
      <trkpt lat="35.90573790483177" lon="139.56623545847833">
        <ele>9.08</ele>
      </trkpt>
      <trkpt lat="35.90555191040039" lon="139.56647157669067">
        <ele>9.15</ele>
      </trkpt>
      <trkpt lat="35.905433809384704" lon="139.56674004904926">
        <ele>9.2</ele>
      </trkpt>
      <trkpt lat="35.90531595982611" lon="139.56700801849365">
        <ele>9.29</ele>
      </trkpt>
      <trkpt lat="35.905108926817775" lon="139.56694372929633">
        <ele>9.42</ele>
      </trkpt>
      <trkpt lat="35.90490197762847" lon="139.56687952391803">
        <ele>9.6</ele>
      </trkpt>
      <trkpt lat="35.90469368733466" lon="139.56681489944458">
        <ele>9.76</ele>
      </trkpt>
      <trkpt lat="35.904693603515625" lon="139.56681489944458">
        <ele>9.86</ele>
      </trkpt>
      <trkpt lat="35.90439319610596" lon="139.56677198410034">
        <ele>10.02</ele>
      </trkpt>
      <trkpt lat="35.90430736541748" lon="139.56685781478882">
        <ele>10.13</ele>
      </trkpt>
      <trkpt lat="35.90425757691264" lon="139.5670319069177">
        <ele>10.25</ele>
      </trkpt>
      <trkpt lat="35.904257325455546" lon="139.56703291274607">
        <ele>10.33</ele>
      </trkpt>
      <trkpt lat="35.904221618548036" lon="139.5671582221985">
        <ele>10.42</ele>
      </trkpt>
      <trkpt lat="35.90410351753235" lon="139.5673728827387">
        <ele>10.42</ele>
      </trkpt>
      <trkpt lat="35.903985584154725" lon="139.56758737564087">
        <ele>10.42</ele>
      </trkpt>
      <trkpt lat="35.90390671044588" lon="139.56792407669127">
        <ele>10.43</ele>
      </trkpt>
      <trkpt lat="35.90382792055607" lon="139.56826077774167">
        <ele>10.5</ele>
      </trkpt>
      <trkpt lat="35.903749130666256" lon="139.5685975626111">
        <ele>10.53</ele>
      </trkpt>
      <trkpt lat="35.90367034077644" lon="139.5689342636615">
        <ele>10.58</ele>
      </trkpt>
      <trkpt lat="35.90359155088663" lon="139.5692709647119">
        <ele>10.7</ele>
      </trkpt>
      <trkpt lat="35.90351267717779" lon="139.5696076657623">
        <ele>10.88</ele>
      </trkpt>
      <trkpt lat="35.903433887287974" lon="139.56994445063174">
        <ele>10.9</ele>
      </trkpt>
      <trkpt lat="35.90335509739816" lon="139.57028115168214">
        <ele>10.81</ele>
      </trkpt>
      <trkpt lat="35.90327748097479" lon="139.57061290740967">
        <ele>10.77</ele>
      </trkpt>
      <trkpt lat="35.9031165484339" lon="139.57079521380365">
        <ele>10.77</ele>
      </trkpt>
      <trkpt lat="35.902955532073975" lon="139.5709776878357">
        <ele>10.83</ele>
      </trkpt>
      <trkpt lat="35.9027055837214" lon="139.5711204316467">
        <ele>10.85</ele>
      </trkpt>
      <trkpt lat="35.902455719187856" lon="139.57126325927675">
        <ele>10.88</ele>
      </trkpt>
      <trkpt lat="35.902204597368836" lon="139.57140684127808">
        <ele>10.92</ele>
      </trkpt>
      <trkpt lat="35.9019560739398" lon="139.57154388539493">
        <ele>10.92</ele>
      </trkpt>
      <trkpt lat="35.901707550510764" lon="139.57168101333082">
        <ele>10.86</ele>
      </trkpt>
      <trkpt lat="35.90145911090076" lon="139.57181805744767">
        <ele>10.82</ele>
      </trkpt>
      <trkpt lat="35.901210587471724" lon="139.57195518538356">
        <ele>10.82</ele>
      </trkpt>
      <trkpt lat="35.900960052385926" lon="139.5720934867859">
        <ele>10.77</ele>
      </trkpt>
      <trkpt lat="35.900959968566895" lon="139.5720934867859">
        <ele>10.74</ele>
      </trkpt>
      <trkpt lat="35.90071203187108" lon="139.57223421894014">
        <ele>10.71</ele>
      </trkpt>
      <trkpt lat="35.9004641789943" lon="139.57237503491342">
        <ele>10.75</ele>
      </trkpt>
      <trkpt lat="35.900216242298484" lon="139.57251576706767">
        <ele>10.75</ele>
      </trkpt>
      <trkpt lat="35.8999683894217" lon="139.57265658304095">
        <ele>10.63</ele>
      </trkpt>
      <trkpt lat="35.89972045272589" lon="139.5727973151952">
        <ele>10.47</ele>
      </trkpt>
      <trkpt lat="35.899472599849105" lon="139.57293813116848">
        <ele>10.33</ele>
      </trkpt>
      <trkpt lat="35.899221897125244" lon="139.57308053970337">
        <ele>10.34</ele>
      </trkpt>
      <trkpt lat="35.89897337369621" lon="139.57321758382022">
        <ele>10.39</ele>
      </trkpt>
      <trkpt lat="35.898724934086204" lon="139.5733547117561">
        <ele>10.42</ele>
      </trkpt>
      <trkpt lat="35.89847641065717" lon="139.57349175587296">
        <ele>10.29</ele>
      </trkpt>
      <trkpt lat="35.89822797104716" lon="139.57362888380885">
        <ele>10.21</ele>
      </trkpt>
      <trkpt lat="35.897977435961366" lon="139.57376718521118">
        <ele>10.1</ele>
      </trkpt>
      <trkpt lat="35.897770235314965" lon="139.5738956797868">
        <ele>9.99</ele>
      </trkpt>
      <trkpt lat="35.8975631184876" lon="139.57402425818145">
        <ele>9.91</ele>
      </trkpt>
      <trkpt lat="35.89735507965088" lon="139.57415342330933">
        <ele>9.89</ele>
      </trkpt>
      <trkpt lat="35.897119380533695" lon="139.57427655346692">
        <ele>9.94</ele>
      </trkpt>
      <trkpt lat="35.89688376523554" lon="139.5743996836245">
        <ele>9.97</ele>
      </trkpt>
      <trkpt lat="35.89664814993739" lon="139.57452289760113">
        <ele>9.96</ele>
      </trkpt>
      <trkpt lat="35.89641094207764" lon="139.57464694976807">
        <ele>9.93</ele>
      </trkpt>
      <trkpt lat="35.896153785288334" lon="139.57482908852398">
        <ele>10.01</ele>
      </trkpt>
      <trkpt lat="35.89589604176581" lon="139.5750117301941">
        <ele>10.01</ele>
      </trkpt>
      <trkpt lat="35.89589595794678" lon="139.5750117301941">
        <ele>9.99</ele>
      </trkpt>
      <trkpt lat="35.89563963934779" lon="139.57514659501612">
        <ele>9.9</ele>
      </trkpt>
      <trkpt lat="35.89538340456784" lon="139.57528145983815">
        <ele>9.83</ele>
      </trkpt>
      <trkpt lat="35.895127253606915" lon="139.57541624084115">
        <ele>9.82</ele>
      </trkpt>
      <trkpt lat="35.895125828683376" lon="139.57541707903147">
        <ele>9.81</ele>
      </trkpt>
      <trkpt lat="35.89489968493581" lon="139.57553601823747">
        <ele>9.82</ele>
      </trkpt>
      <trkpt lat="35.894672870635986" lon="139.57565546035767">
        <ele>9.82</ele>
      </trkpt>
      <trkpt lat="35.89448000304401" lon="139.57576249726117">
        <ele>9.82</ele>
      </trkpt>
      <trkpt lat="35.894287219271064" lon="139.5758696179837">
        <ele>9.81</ele>
      </trkpt>
      <trkpt lat="35.89409351348877" lon="139.57597732543945">
        <ele>9.78</ele>
      </trkpt>
      <trkpt lat="35.8938258793205" lon="139.5760736335069">
        <ele>9.72</ele>
      </trkpt>
      <trkpt lat="35.89355715550482" lon="139.57617044448853">
        <ele>9.7</ele>
      </trkpt>
      <trkpt lat="35.8932872582227" lon="139.57630530931056">
        <ele>9.65</ele>
      </trkpt>
      <trkpt lat="35.893017360940576" lon="139.57644025795162">
        <ele>9.68</ele>
      </trkpt>
      <trkpt lat="35.89274746365845" lon="139.57657520659268">
        <ele>9.77</ele>
      </trkpt>
      <trkpt lat="35.89247756637633" lon="139.57671015523374">
        <ele>9.81</ele>
      </trkpt>
      <trkpt lat="35.892207669094205" lon="139.5768451038748">
        <ele>9.77</ele>
      </trkpt>
      <trkpt lat="35.89193777181208" lon="139.57698005251586">
        <ele>9.71</ele>
      </trkpt>
      <trkpt lat="35.89166787452996" lon="139.57711500115693">
        <ele>9.68</ele>
      </trkpt>
      <trkpt lat="35.891397977247834" lon="139.577249949798">
        <ele>9.7</ele>
      </trkpt>
      <trkpt lat="35.89112807996571" lon="139.57738489843905">
        <ele>9.59</ele>
      </trkpt>
      <trkpt lat="35.89085340499878" lon="139.57752227783203">
        <ele>9.53</ele>
      </trkpt>
      <trkpt lat="35.89061074890196" lon="139.57758648321033">
        <ele>9.45</ele>
      </trkpt>
      <trkpt lat="35.89036809280515" lon="139.57765068858862">
        <ele>9.38</ele>
      </trkpt>
      <trkpt lat="35.89012392796576" lon="139.5777153968811">
        <ele>9.33</ele>
      </trkpt>
      <trkpt lat="35.88988831266761" lon="139.5778353419155">
        <ele>9.34</ele>
      </trkpt>
      <trkpt lat="35.889652697369456" lon="139.57795528694987">
        <ele>9.25</ele>
      </trkpt>
      <trkpt lat="35.889417082071304" lon="139.57807523198426">
        <ele>9.22</ele>
      </trkpt>
      <trkpt lat="35.88918146677315" lon="139.57819517701864">
        <ele>9.21</ele>
      </trkpt>
      <trkpt lat="35.88894375599921" lon="139.57831621170044">
        <ele>9.12</ele>
      </trkpt>
      <trkpt lat="35.888686683028936" lon="139.57843397744">
        <ele>8.96</ele>
      </trkpt>
      <trkpt lat="35.88842877186835" lon="139.57855224609375">
        <ele>8.86</ele>
      </trkpt>
      <trkpt lat="35.8881498221308" lon="139.57868099212646">
        <ele>8.81</ele>
      </trkpt>
      <trkpt lat="35.88787849992514" lon="139.57880948670208">
        <ele>8.85</ele>
      </trkpt>
      <trkpt lat="35.887607177719474" lon="139.5789379812777">
        <ele>8.76</ele>
      </trkpt>
      <trkpt lat="35.88733443059027" lon="139.5790672302246">
        <ele>8.54</ele>
      </trkpt>
      <trkpt lat="35.88708163239062" lon="139.5791914500296">
        <ele>8.4</ele>
      </trkpt>
      <trkpt lat="35.886828918009996" lon="139.5793156698346">
        <ele>8.31</ele>
      </trkpt>
      <trkpt lat="35.886576203629375" lon="139.57943988963962">
        <ele>8.22</ele>
      </trkpt>
      <trkpt lat="35.88632340542972" lon="139.57956410944462">
        <ele>8.12</ele>
      </trkpt>
      <trkpt lat="35.88606842793524" lon="139.57968950271606">
        <ele>7.96</ele>
      </trkpt>
      <trkpt lat="35.885793501511216" lon="139.57982512190938">
        <ele>7.8</ele>
      </trkpt>
      <trkpt lat="35.88551857508719" lon="139.5799607411027">
        <ele>7.67</ele>
      </trkpt>
      <trkpt lat="35.885243732482195" lon="139.58009644411504">
        <ele>7.53</ele>
      </trkpt>
      <trkpt lat="35.88496880605817" lon="139.58023206330836">
        <ele>7.41</ele>
      </trkpt>
      <trkpt lat="35.884693963453174" lon="139.5803677663207">
        <ele>7.32</ele>
      </trkpt>
      <trkpt lat="35.88441610336304" lon="139.5805048942566">
        <ele>7.23</ele>
      </trkpt>
      <trkpt lat="35.88441618718207" lon="139.5805048942566">
        <ele>7.14</ele>
      </trkpt>
      <trkpt lat="35.88413120247424" lon="139.5806579478085">
        <ele>7.08</ele>
      </trkpt>
      <trkpt lat="35.883846217766404" lon="139.58081100136042">
        <ele>7.03</ele>
      </trkpt>
      <trkpt lat="35.8835613168776" lon="139.58096405491233">
        <ele>7.01</ele>
      </trkpt>
      <trkpt lat="35.88355980813503" lon="139.58096489310265">
        <ele>6.92</ele>
      </trkpt>
      <trkpt lat="35.8832713868469" lon="139.58111979067326">
        <ele>6.82</ele>
      </trkpt>
      <trkpt lat="35.88298296555877" lon="139.5812747720629">
        <ele>6.72</ele>
      </trkpt>
      <trkpt lat="35.882694628089666" lon="139.5814296696335">
        <ele>6.62</ele>
      </trkpt>
      <trkpt lat="35.882406206801534" lon="139.58158465102315">
        <ele>6.5</ele>
      </trkpt>
      <trkpt lat="35.8821177855134" lon="139.58173954859376">
        <ele>6.42</ele>
      </trkpt>
      <trkpt lat="35.8818294480443" lon="139.5818945299834">
        <ele>6.31</ele>
      </trkpt>
      <trkpt lat="35.88154102675617" lon="139.582049427554">
        <ele>6.24</ele>
      </trkpt>
      <trkpt lat="35.88125268928707" lon="139.58220440894365">
        <ele>6.14</ele>
      </trkpt>
      <trkpt lat="35.880964267998934" lon="139.58235930651426">
        <ele>6.05</ele>
      </trkpt>
      <trkpt lat="35.8806758467108" lon="139.58251420408487">
        <ele>5.98</ele>
      </trkpt>
      <trkpt lat="35.88038206100464" lon="139.58267211914062">
        <ele>5.95</ele>
      </trkpt>
      <trkpt lat="35.880242669954896" lon="139.58278996869922">
        <ele>5.95</ele>
      </trkpt>
      <trkpt lat="35.88010311126709" lon="139.58290815353394">
        <ele>5.94</ele>
      </trkpt>
      <trkpt lat="35.8798816613853" lon="139.58303664810956">
        <ele>5.87</ele>
      </trkpt>
      <trkpt lat="35.87966029532254" lon="139.5831652265042">
        <ele>5.73</ele>
      </trkpt>
      <trkpt lat="35.8794379234314" lon="139.58329439163208">
        <ele>5.61</ele>
      </trkpt>
      <trkpt lat="35.87917028926313" lon="139.58336932584643">
        <ele>5.45</ele>
      </trkpt>
      <trkpt lat="35.87890148162842" lon="139.5834445953369">
        <ele>5.33</ele>
      </trkpt>
      <trkpt lat="35.87890156544745" lon="139.5834445953369">
        <ele>5.29</ele>
      </trkpt>
      <trkpt lat="35.878625800833106" lon="139.5835677254945">
        <ele>5.29</ele>
      </trkpt>
      <trkpt lat="35.87835003621876" lon="139.5836908556521">
        <ele>5.35</ele>
      </trkpt>
      <trkpt lat="35.87807427160442" lon="139.58381398580968">
        <ele>5.3</ele>
      </trkpt>
      <trkpt lat="35.877798506990075" lon="139.58393711596727">
        <ele>5.13</ele>
      </trkpt>
      <trkpt lat="35.87752274237573" lon="139.5840603299439">
        <ele>5.08</ele>
      </trkpt>
      <trkpt lat="35.87724706158042" lon="139.58418346010149">
        <ele>5.11</ele>
      </trkpt>
      <trkpt lat="35.876971296966076" lon="139.58430659025908">
        <ele>5.25</ele>
      </trkpt>
      <trkpt lat="35.87669134140015" lon="139.5844316482544">
        <ele>5.51</ele>
      </trkpt>
      <trkpt lat="35.87641457095742" lon="139.58459408953786">
        <ele>5.71</ele>
      </trkpt>
      <trkpt lat="35.87613788433373" lon="139.58475653082132">
        <ele>5.75</ele>
      </trkpt>
      <trkpt lat="35.87586119771004" lon="139.5849189721048">
        <ele>5.73</ele>
      </trkpt>
      <trkpt lat="35.87558442726731" lon="139.58508149720728">
        <ele>5.7</ele>
      </trkpt>
      <trkpt lat="35.87530774064362" lon="139.58524393849075">
        <ele>5.6</ele>
      </trkpt>
      <trkpt lat="35.87503105401993" lon="139.5854063797742">
        <ele>5.69</ele>
      </trkpt>
      <trkpt lat="35.874754367396235" lon="139.58556882105768">
        <ele>5.7</ele>
      </trkpt>
      <trkpt lat="35.87447759695351" lon="139.58573134616017">
        <ele>5.61</ele>
      </trkpt>
      <trkpt lat="35.87420091032982" lon="139.58589378744364">
        <ele>5.69</ele>
      </trkpt>
      <trkpt lat="35.873924223706126" lon="139.5860562287271">
        <ele>5.78</ele>
      </trkpt>
      <trkpt lat="35.873647537082434" lon="139.58621867001057">
        <ele>5.82</ele>
      </trkpt>
      <trkpt lat="35.87336548604071" lon="139.58638429641724">
        <ele>5.96</ele>
      </trkpt>
      <trkpt lat="35.873088547959924" lon="139.58652963861823">
        <ele>6.06</ele>
      </trkpt>
      <trkpt lat="35.872811609879136" lon="139.58667498081923">
        <ele>6.16</ele>
      </trkpt>
      <trkpt lat="35.87253467179835" lon="139.58682032302022">
        <ele>6.21</ele>
      </trkpt>
      <trkpt lat="35.87225773371756" lon="139.58696566522121">
        <ele>6.22</ele>
      </trkpt>
      <trkpt lat="35.87198079563677" lon="139.5871110074222">
        <ele>6.24</ele>
      </trkpt>
      <trkpt lat="35.871703857555985" lon="139.58725643344223">
        <ele>6.29</ele>
      </trkpt>
      <trkpt lat="35.8714269194752" lon="139.58740177564323">
        <ele>6.37</ele>
      </trkpt>
      <trkpt lat="35.87114998139441" lon="139.58754711784422">
        <ele>6.43</ele>
      </trkpt>
      <trkpt lat="35.87087304331362" lon="139.58769246004522">
        <ele>6.48</ele>
      </trkpt>
      <trkpt lat="35.870596105232835" lon="139.5878378022462">
        <ele>6.52</ele>
      </trkpt>
      <trkpt lat="35.87031916715205" lon="139.5879831444472">
        <ele>6.51</ele>
      </trkpt>
      <trkpt lat="35.87004222907126" lon="139.5881284866482">
        <ele>6.5</ele>
      </trkpt>
      <trkpt lat="35.86976529099047" lon="139.58827391266823">
        <ele>6.6</ele>
      </trkpt>
      <trkpt lat="35.869481563568115" lon="139.58842277526855">
        <ele>6.67</ele>
      </trkpt>
      <trkpt lat="35.86948164738715" lon="139.58842277526855">
        <ele>6.69</ele>
      </trkpt>
      <trkpt lat="35.86923161521554" lon="139.58856551907957">
        <ele>6.65</ele>
      </trkpt>
      <trkpt lat="35.868981666862965" lon="139.5887083467096">
        <ele>6.63</ele>
      </trkpt>
      <trkpt lat="35.868730545043945" lon="139.58885192871094">
        <ele>6.66</ele>
      </trkpt>
      <trkpt lat="35.86846802383661" lon="139.58903406746686">
        <ele>6.67</ele>
      </trkpt>
      <trkpt lat="35.86820550262928" lon="139.58921620622277">
        <ele>6.68</ele>
      </trkpt>
      <trkpt lat="35.86794298142195" lon="139.5893983449787">
        <ele>6.72</ele>
      </trkpt>
      <trkpt lat="35.86767911911011" lon="139.589581489563">
        <ele>6.68</ele>
      </trkpt>
      <trkpt lat="35.86767920292914" lon="139.589581489563">
        <ele>6.67</ele>
      </trkpt>
      <trkpt lat="35.867493376135826" lon="139.58974577486515">
        <ele>6.66</ele>
      </trkpt>
      <trkpt lat="35.86730754934251" lon="139.58991014398634">
        <ele>6.67</ele>
      </trkpt>
      <trkpt lat="35.86712121963501" lon="139.59007501602173">
        <ele>6.63</ele>
      </trkpt>
      <trkpt lat="35.8669005241245" lon="139.59033242426813">
        <ele>6.63</ele>
      </trkpt>
      <trkpt lat="35.86667991243303" lon="139.59058983251452">
        <ele>6.63</ele>
      </trkpt>
      <trkpt lat="35.86645930074155" lon="139.59084724076092">
        <ele>6.69</ele>
      </trkpt>
      <trkpt lat="35.86623868905008" lon="139.59110464900732">
        <ele>6.65</ele>
      </trkpt>
      <trkpt lat="35.86601799353957" lon="139.59136205725372">
        <ele>6.6</ele>
      </trkpt>
      <trkpt lat="35.8657973818481" lon="139.59161946550012">
        <ele>6.51</ele>
      </trkpt>
      <trkpt lat="35.86557626724243" lon="139.59187746047974">
        <ele>6.51</ele>
      </trkpt>
      <trkpt lat="35.86537250317633" lon="139.59207577630877">
        <ele>6.48</ele>
      </trkpt>
      <trkpt lat="35.86516882292926" lon="139.5922740921378">
        <ele>6.48</ele>
      </trkpt>
      <trkpt lat="35.864965142682195" lon="139.59247240796685">
        <ele>6.48</ele>
      </trkpt>
      <trkpt lat="35.864760875701904" lon="139.59267139434814">
        <ele>6.51</ele>
      </trkpt>
      <trkpt lat="35.8645108435303" lon="139.5928570535034">
        <ele>6.57</ele>
      </trkpt>
      <trkpt lat="35.86426081135869" lon="139.59304279647768">
        <ele>6.63</ele>
      </trkpt>
      <trkpt lat="35.864009857177734" lon="139.59322929382324">
        <ele>6.65</ele>
      </trkpt>
      <trkpt lat="35.863755382597446" lon="139.59338192828">
        <ele>6.72</ele>
      </trkpt>
      <trkpt lat="35.86350099183619" lon="139.59353456273675">
        <ele>6.79</ele>
      </trkpt>
      <trkpt lat="35.863246601074934" lon="139.5936871971935">
        <ele>6.85</ele>
      </trkpt>
      <trkpt lat="35.86299221031368" lon="139.59383983165026">
        <ele>6.9</ele>
      </trkpt>
      <trkpt lat="35.86273781955242" lon="139.593992466107">
        <ele>7.09</ele>
      </trkpt>
      <trkpt lat="35.862483344972134" lon="139.59414510056376">
        <ele>7.27</ele>
      </trkpt>
      <trkpt lat="35.86222895421088" lon="139.59429781883955">
        <ele>7.39</ele>
      </trkpt>
      <trkpt lat="35.861971378326416" lon="139.59445238113403">
        <ele>7.6</ele>
      </trkpt>
      <trkpt lat="35.86197146214545" lon="139.59445238113403">
        <ele>7.74</ele>
      </trkpt>
      <trkpt lat="35.861714305356145" lon="139.59461842663586">
        <ele>7.94</ele>
      </trkpt>
      <trkpt lat="35.86145714856684" lon="139.5947844721377">
        <ele>8.02</ele>
      </trkpt>
      <trkpt lat="35.86119999177754" lon="139.59495051763952">
        <ele>8.1</ele>
      </trkpt>
      <trkpt lat="35.8609414100647" lon="139.59511756896973">
        <ele>8.15</ele>
      </trkpt>
      <trkpt lat="35.86074133403599" lon="139.5952747296542">
        <ele>8.31</ele>
      </trkpt>
      <trkpt lat="35.86054125800729" lon="139.59543189033866">
        <ele>8.52</ele>
      </trkpt>
      <trkpt lat="35.86034059524536" lon="139.59558963775635">
        <ele>8.71</ele>
      </trkpt>
      <trkpt lat="35.860233223065734" lon="139.5957612991333">
        <ele>8.86</ele>
      </trkpt>
      <trkpt lat="35.86012601852417" lon="139.59593296051025">
        <ele>9.02</ele>
      </trkpt>
      <trkpt lat="35.86009777151048" lon="139.59600504487753">
        <ele>9.18</ele>
      </trkpt>
      <trkpt lat="35.86009735241532" lon="139.59600621834397">
        <ele>9.32</ele>
      </trkpt>
      <trkpt lat="35.86001504212618" lon="139.59621652029455">
        <ele>9.51</ele>
      </trkpt>
      <trkpt lat="35.85993298329413" lon="139.596426486969">
        <ele>9.66</ele>
      </trkpt>
      <trkpt lat="35.86012559942901" lon="139.5964906923473">
        <ele>9.74</ele>
      </trkpt>
      <trkpt lat="35.86031913757324" lon="139.5965552330017">
        <ele>9.79</ele>
      </trkpt>
      <trkpt lat="35.86039432324469" lon="139.5967592485249">
        <ele>9.9</ele>
      </trkpt>
      <trkpt lat="35.860469341278076" lon="139.59696292877197">
        <ele>10.03</ele>
      </trkpt>
      <trkpt lat="35.86034151725471" lon="139.5970906689763">
        <ele>10.18</ele>
      </trkpt>
      <trkpt lat="35.86034059524536" lon="139.5970916748047">
        <ele>10.27</ele>
      </trkpt>
      <trkpt lat="35.86019047535956" lon="139.59722025319934">
        <ele>10.37</ele>
      </trkpt>
      <trkpt lat="35.86004018783569" lon="139.59734916687012">
        <ele>10.43</ele>
      </trkpt>
      <trkpt lat="35.85999735631049" lon="139.59739208221436">
        <ele>10.5</ele>
      </trkpt>
      <trkpt lat="35.8601261023432" lon="139.59758520126343">
        <ele>10.52</ele>
      </trkpt>
      <trkpt lat="35.86025484837592" lon="139.5977783203125">
        <ele>10.56</ele>
      </trkpt>
      <trkpt lat="35.860331961885095" lon="139.59789893589914">
        <ele>10.58</ele>
      </trkpt>
      <trkpt lat="35.86033271625638" lon="139.59790010936558">
        <ele>10.6</ele>
      </trkpt>
      <trkpt lat="35.86025484837592" lon="139.5977783203125">
        <ele>10.62</ele>
      </trkpt>
      <trkpt lat="35.86012601852417" lon="139.5975851174444">
        <ele>10.62</ele>
      </trkpt>
      <trkpt lat="35.859997272491455" lon="139.59739208221436">
        <ele>10.63</ele>
      </trkpt>
      <trkpt lat="35.86004018783569" lon="139.59734916687012">
        <ele>10.6</ele>
      </trkpt>
      <trkpt lat="35.860190223902464" lon="139.59722050465643">
        <ele>10.56</ele>
      </trkpt>
      <trkpt lat="35.86034059524536" lon="139.5970916748047">
        <ele>10.49</ele>
      </trkpt>
      <trkpt lat="35.86046942509711" lon="139.59696292877197">
        <ele>10.37</ele>
      </trkpt>
      <trkpt lat="35.860469341278076" lon="139.59696292877197">
        <ele>10.28</ele>
      </trkpt>
      <trkpt lat="35.860576797276735" lon="139.59729594178498">
        <ele>10.23</ele>
      </trkpt>
      <trkpt lat="35.8606840018183" lon="139.59762811660767">
        <ele>10.12</ele>
      </trkpt>
      <trkpt lat="35.860769832506776" lon="139.59779986180365">
        <ele>9.96</ele>
      </trkpt>
      <trkpt lat="35.86085557937622" lon="139.59797143936157">
        <ele>9.78</ele>
      </trkpt>
      <trkpt lat="35.860984325408936" lon="139.59827184677124">
        <ele>9.56</ele>
      </trkpt>
      <trkpt lat="35.861220359802246" lon="139.59820747375488">
        <ele>9.41</ele>
      </trkpt>
      <trkpt lat="35.861295545473695" lon="139.5984760299325">
        <ele>9.16</ele>
      </trkpt>
      <trkpt lat="35.86137064732611" lon="139.59874391555786">
        <ele>8.95</ele>
      </trkpt>
      <trkpt lat="35.86143502034247" lon="139.59891557693481">
        <ele>8.74</ele>
      </trkpt>
      <trkpt lat="35.86145639419556" lon="139.59908723831177">
        <ele>8.49</ele>
      </trkpt>
      <trkpt lat="35.86137064732611" lon="139.59919452667236">
        <ele>8.24</ele>
      </trkpt>
      <trkpt lat="35.86141356267035" lon="139.59928035736084">
        <ele>7.95</ele>
      </trkpt>
      <trkpt lat="35.86154951713979" lon="139.59952360019088">
        <ele>7.62</ele>
      </trkpt>
      <trkpt lat="35.861685471609235" lon="139.59976692683995">
        <ele>7.31</ele>
      </trkpt>
      <trkpt lat="35.861821258440614" lon="139.6000099182129">
        <ele>7.0</ele>
      </trkpt>
      <trkpt lat="35.86195000447333" lon="139.60022449493408">
        <ele>6.67</ele>
      </trkpt>
      <trkpt lat="35.86205720901489" lon="139.60054636001587">
        <ele>6.31</ele>
      </trkpt>
      <trkpt lat="35.8618997130543" lon="139.60086847655475">
        <ele>5.96</ele>
      </trkpt>
      <trkpt lat="35.861742217093706" lon="139.60119059309363">
        <ele>5.57</ele>
      </trkpt>
      <trkpt lat="35.86158514022827" lon="139.60151195526123">
        <ele>5.25</ele>
      </trkpt>
      <trkpt lat="35.86147793568671" lon="139.60144758224487">
        <ele>4.91</ele>
      </trkpt>
      <trkpt lat="35.86137064732611" lon="139.6014904975891">
        <ele>4.58</ele>
      </trkpt>
      <trkpt lat="35.86132261902094" lon="139.60171370767057">
        <ele>4.24</ele>
      </trkpt>
      <trkpt lat="35.861322451382875" lon="139.601714881137">
        <ele>3.56</ele>
      </trkpt>
      <trkpt lat="35.86130619049072" lon="139.60179090499878">
        <ele>3.21</ele>
      </trkpt>
      <trkpt lat="35.861177276819944" lon="139.60208083502948">
        <ele>2.87</ele>
      </trkpt>
      <trkpt lat="35.86104869842529" lon="139.602370262146">
        <ele>2.54</ele>
      </trkpt>
      <trkpt lat="35.860984325408936" lon="139.6024775505066">
        <ele>2.22</ele>
      </trkpt>
      <trkpt lat="35.860748291015625" lon="139.60267066955566">
        <ele>1.92</ele>
      </trkpt>
      <trkpt lat="35.860474118962884" lon="139.60279480554163">
        <ele>1.62</ele>
      </trkpt>
      <trkpt lat="35.86019994691014" lon="139.60291902534664">
        <ele>1.34</ele>
      </trkpt>
      <trkpt lat="35.859925858676434" lon="139.60304324515164">
        <ele>1.08</ele>
      </trkpt>
      <trkpt lat="35.85965168662369" lon="139.60316746495664">
        <ele>0.83</ele>
      </trkpt>
      <trkpt lat="35.859375" lon="139.60329294204712">
        <ele>0.59</ele>
      </trkpt>
      <trkpt lat="35.859205853194" lon="139.60339369252324">
        <ele>0.38</ele>
      </trkpt>
      <trkpt lat="35.859037628397346" lon="139.60349394008517">
        <ele>0.17</ele>
      </trkpt>
      <trkpt lat="35.859036203473806" lon="139.60349486209452">
        <ele>0.0</ele>
      </trkpt>
      <trkpt lat="35.859036203473806" lon="139.60349494591355">
        <ele>-0.17</ele>
      </trkpt>
      <trkpt lat="35.85877753794193" lon="139.60364908911288">
        <ele>-0.33</ele>
      </trkpt>
      <trkpt lat="35.85851895622909" lon="139.6038032323122">
        <ele>-0.47</ele>
      </trkpt>
      <trkpt lat="35.858259201049805" lon="139.6039581298828">
        <ele>-0.59</ele>
      </trkpt>
      <trkpt lat="35.85800196044147" lon="139.6037651784718">
        <ele>-0.7</ele>
      </trkpt>
      <trkpt lat="35.85774480365217" lon="139.60357231087983">
        <ele>-0.79</ele>
      </trkpt>
      <trkpt lat="35.857487646862864" lon="139.60337944328785">
        <ele>-0.87</ele>
      </trkpt>
      <trkpt lat="35.857229232788086" lon="139.60318565368652">
        <ele>-0.94</ele>
      </trkpt>
      <trkpt lat="35.85722931660712" lon="139.60318565368652">
        <ele>-1.0</ele>
      </trkpt>
      <trkpt lat="35.85714340209961" lon="139.60314273834229">
        <ele>-1.04</ele>
      </trkpt>
      <trkpt lat="35.8569073677063" lon="139.60318565368652">
        <ele>-1.08</ele>
      </trkpt>
      <trkpt lat="35.856735706329346" lon="139.60344314575195">
        <ele>-1.1</ele>
      </trkpt>
      <trkpt lat="35.856564212590456" lon="139.60358245298266">
        <ele>-1.11</ele>
      </trkpt>
      <trkpt lat="35.85639238357544" lon="139.6037220954895">
        <ele>-1.12</ele>
      </trkpt>
      <trkpt lat="35.856263637542725" lon="139.6040022186935">
        <ele>-1.12</ele>
      </trkpt>
      <trkpt lat="35.85613489151001" lon="139.6042823418975">
        <ele>-1.11</ele>
      </trkpt>
      <trkpt lat="35.85600622929633" lon="139.60456246510148">
        <ele>-1.09</ele>
      </trkpt>
      <trkpt lat="35.85587748326361" lon="139.60484258830547">
        <ele>-1.07</ele>
      </trkpt>
      <trkpt lat="35.85574991069734" lon="139.60512011311948">
        <ele>-1.04</ele>
      </trkpt>
      <trkpt lat="35.85574940778315" lon="139.605121454224">
        <ele>-1.0</ele>
      </trkpt>
      <trkpt lat="35.85559878498316" lon="139.605449186638">
        <ele>-0.97</ele>
      </trkpt>
      <trkpt lat="35.855448162183166" lon="139.60577700287104">
        <ele>-0.93</ele>
      </trkpt>
      <trkpt lat="35.85529804229736" lon="139.60610389709473">
        <ele>-0.88</ele>
      </trkpt>
      <trkpt lat="35.85512629710138" lon="139.60639365948737">
        <ele>-0.84</ele>
      </trkpt>
      <trkpt lat="35.854954551905394" lon="139.60668350569904">
        <ele>-0.79</ele>
      </trkpt>
      <trkpt lat="35.85478280670941" lon="139.60697326809168">
        <ele>-0.74</ele>
      </trkpt>
      <trkpt lat="35.85461148060858" lon="139.60726261138916">
        <ele>-0.69</ele>
      </trkpt>
      <trkpt lat="35.85446831770241" lon="139.60747718811035">
        <ele>-0.64</ele>
      </trkpt>
      <trkpt lat="35.854325238615274" lon="139.60769184865057">
        <ele>-0.59</ele>
      </trkpt>
      <trkpt lat="35.8541823271662" lon="139.60790634155273">
        <ele>-0.54</ele>
      </trkpt>
      <trkpt lat="35.85401066578925" lon="139.60809937678277">
        <ele>-0.49</ele>
      </trkpt>
      <trkpt lat="35.853839088231325" lon="139.60829241201282">
        <ele>-0.44</ele>
      </trkpt>
      <trkpt lat="35.85366725921631" lon="139.60848569869995">
        <ele>-0.4</ele>
      </trkpt>
      <trkpt lat="35.85350649431348" lon="139.60860354825854">
        <ele>-0.35</ele>
      </trkpt>
      <trkpt lat="35.85334539413452" lon="139.60872173309326">
        <ele>-0.31</ele>
      </trkpt>
      <trkpt lat="35.85334547795355" lon="139.60872173309326">
        <ele>-0.26</ele>
      </trkpt>
      <trkpt lat="35.853184377774596" lon="139.60899003781378">
        <ele>-0.22</ele>
      </trkpt>
      <trkpt lat="35.853023529052734" lon="139.60925817489624">
        <ele>-0.18</ele>
      </trkpt>
      <trkpt lat="35.852844743058085" lon="139.60945112630725">
        <ele>-0.15</ele>
      </trkpt>
      <trkpt lat="35.85266604088247" lon="139.6096441615373">
        <ele>-0.11</ele>
      </trkpt>
      <trkpt lat="35.852487087249756" lon="139.60983753204346">
        <ele>-0.08</ele>
      </trkpt>
      <trkpt lat="35.85226655937731" lon="139.61003660224378">
        <ele>-0.05</ele>
      </trkpt>
      <trkpt lat="35.85204603150487" lon="139.6102356724441">
        <ele>-0.02</ele>
      </trkpt>
      <trkpt lat="35.851825503632426" lon="139.61043474264443">
        <ele>0.0</ele>
      </trkpt>
      <trkpt lat="35.85160497575998" lon="139.61063381284475">
        <ele>0.02</ele>
      </trkpt>
      <trkpt lat="35.85138444788754" lon="139.61083288304508">
        <ele>0.04</ele>
      </trkpt>
      <trkpt lat="35.85116400383413" lon="139.6110319532454">
        <ele>0.06</ele>
      </trkpt>
      <trkpt lat="35.85094213485718" lon="139.6112322807312">
        <ele>0.08</ele>
      </trkpt>
      <trkpt lat="35.85068489424884" lon="139.6114278305322">
        <ele>0.09</ele>
      </trkpt>
      <trkpt lat="35.85042773745954" lon="139.61162338033319">
        <ele>0.11</ele>
      </trkpt>
      <trkpt lat="35.85017058067024" lon="139.61181893013418">
        <ele>0.12</ele>
      </trkpt>
      <trkpt lat="35.8499133400619" lon="139.61201447993517">
        <ele>0.13</ele>
      </trkpt>
      <trkpt lat="35.8496561832726" lon="139.6122101135552">
        <ele>0.14</ele>
      </trkpt>
      <trkpt lat="35.8493990264833" lon="139.61240566335618">
        <ele>0.14</ele>
      </trkpt>
      <trkpt lat="35.849141869693995" lon="139.61260121315718">
        <ele>0.15</ele>
      </trkpt>
      <trkpt lat="35.84888219833374" lon="139.6127986907959">
        <ele>0.15</ele>
      </trkpt>
      <trkpt lat="35.848616156727076" lon="139.61297010071576">
        <ele>0.15</ele>
      </trkpt>
      <trkpt lat="35.84835011512041" lon="139.61314151063561">
        <ele>0.15</ele>
      </trkpt>
      <trkpt lat="35.848084073513746" lon="139.61331292055547">
        <ele>0.15</ele>
      </trkpt>
      <trkpt lat="35.84781803190708" lon="139.61348433047533">
        <ele>0.15</ele>
      </trkpt>
      <trkpt lat="35.84755199030042" lon="139.6136557403952">
        <ele>0.15</ele>
      </trkpt>
      <trkpt lat="35.84728594869375" lon="139.61382715031505">
        <ele>0.14</ele>
      </trkpt>
      <trkpt lat="35.84701990708709" lon="139.6139985602349">
        <ele>0.14</ele>
      </trkpt>
      <trkpt lat="35.846753949299455" lon="139.61416997015476">
        <ele>0.14</ele>
      </trkpt>
      <trkpt lat="35.84648790769279" lon="139.61434138007462">
        <ele>0.13</ele>
      </trkpt>
      <trkpt lat="35.846221866086125" lon="139.61451278999448">
        <ele>0.13</ele>
      </trkpt>
      <trkpt lat="35.84595582447946" lon="139.61468419991434">
        <ele>0.12</ele>
      </trkpt>
      <trkpt lat="35.84568508900702" lon="139.61485862731934">
        <ele>0.11</ele>
      </trkpt>
      <trkpt lat="35.845481576398015" lon="139.61496566422284">
        <ele>0.11</ele>
      </trkpt>
      <trkpt lat="35.845277393236756" lon="139.61507320404053">
        <ele>0.1</ele>
      </trkpt>
      <trkpt lat="35.84508469328284" lon="139.6151159517467">
        <ele>0.09</ele>
      </trkpt>
      <trkpt lat="35.84489115513861" lon="139.615159034729">
        <ele>0.09</ele>
      </trkpt>
      <trkpt lat="35.84462687373161" lon="139.61531368084252">
        <ele>0.08</ele>
      </trkpt>
      <trkpt lat="35.844362676143646" lon="139.61546841077507">
        <ele>0.07</ele>
      </trkpt>
      <trkpt lat="35.84409839473665" lon="139.6156231407076">
        <ele>0.07</ele>
      </trkpt>
      <trkpt lat="35.84383419714868" lon="139.61577787064016">
        <ele>0.06</ele>
      </trkpt>
      <trkpt lat="35.843569999560714" lon="139.6159326005727">
        <ele>0.05</ele>
      </trkpt>
      <trkpt lat="35.843305718153715" lon="139.61608733050525">
        <ele>0.05</ele>
      </trkpt>
      <trkpt lat="35.84304152056575" lon="139.6162420604378">
        <ele>0.04</ele>
      </trkpt>
      <trkpt lat="35.84277732297778" lon="139.61639679037035">
        <ele>0.03</ele>
      </trkpt>
      <trkpt lat="35.842509269714355" lon="139.61655378341675">
        <ele>0.03</ele>
      </trkpt>
      <trkpt lat="35.84224666468799" lon="139.61675201542675">
        <ele>0.02</ele>
      </trkpt>
      <trkpt lat="35.84198414348066" lon="139.61695024743676">
        <ele>0.02</ele>
      </trkpt>
      <trkpt lat="35.841721622273326" lon="139.61714847944677">
        <ele>0.01</ele>
      </trkpt>
      <trkpt lat="35.84145784378052" lon="139.61734771728516">
        <ele>0.01</ele>
      </trkpt>
      <trkpt lat="35.84141492843628" lon="139.6172833442688">
        <ele>0.0</ele>
      </trkpt>
      <trkpt lat="35.841286182403564" lon="139.61715459823608">
        <ele>0.0</ele>
      </trkpt>
      <trkpt lat="35.84105626679957" lon="139.6173269301653">
        <ele>0.0</ele>
      </trkpt>
      <trkpt lat="35.84105484187603" lon="139.61732810363173">
        <ele>0.0</ele>
      </trkpt>
      <trkpt lat="35.84085702896118" lon="139.61747646331787">
        <ele>0.0</ele>
      </trkpt>
      <trkpt lat="35.84072828292847" lon="139.61747646331787">
        <ele>0.0</ele>
      </trkpt>
      <trkpt lat="35.84064245223999" lon="139.6174120903015">
        <ele>0.0</ele>
      </trkpt>
      <trkpt lat="35.840449249371886" lon="139.61712232790887">
        <ele>-0.01</ele>
      </trkpt>
      <trkpt lat="35.840256214141846" lon="139.6168327331543">
        <ele>-0.01</ele>
      </trkpt>
      <trkpt lat="35.84012017585337" lon="139.61654632352293">
        <ele>-0.01</ele>
      </trkpt>
      <trkpt lat="35.8399841375649" lon="139.61625999771059">
        <ele>-0.01</ele>
      </trkpt>
      <trkpt lat="35.83984851837158" lon="139.61597442626953">
        <ele>-0.01</ele>
      </trkpt>
      <trkpt lat="35.83975179120898" lon="139.61570042185485">
        <ele>-0.01</ele>
      </trkpt>
      <trkpt lat="35.839655147865415" lon="139.6154265012592">
        <ele>-0.01</ele>
      </trkpt>
      <trkpt lat="35.83955850452185" lon="139.61515258066356">
        <ele>-0.01</ele>
      </trkpt>
      <trkpt lat="35.83946236409247" lon="139.61488008499146">
        <ele>-0.01</ele>
      </trkpt>
      <trkpt lat="35.8393691573292" lon="139.61459350772202">
        <ele>-0.02</ele>
      </trkpt>
      <trkpt lat="35.839276034384966" lon="139.61430701427162">
        <ele>-0.02</ele>
      </trkpt>
      <trkpt lat="35.83918333053589" lon="139.6140217781067">
        <ele>-0.02</ele>
      </trkpt>
      <trkpt lat="35.839076125994325" lon="139.61385011672974">
        <ele>-0.02</ele>
      </trkpt>
      <trkpt lat="35.83888292312622" lon="139.6136999130249">
        <ele>-0.02</ele>
      </trkpt>
      <trkpt lat="35.83873967640102" lon="139.61337410844862">
        <ele>-0.02</ele>
      </trkpt>
      <trkpt lat="35.83859651349485" lon="139.61304830387235">
        <ele>-0.02</ele>
      </trkpt>
      <trkpt lat="35.83845335058868" lon="139.6127225831151">
        <ele>-0.02</ele>
      </trkpt>
      <trkpt lat="35.83831018768251" lon="139.61239677853882">
        <ele>-0.02</ele>
      </trkpt>
      <trkpt lat="35.83816702477634" lon="139.61207105778158">
        <ele>-0.02</ele>
      </trkpt>
      <trkpt lat="35.83802470006049" lon="139.61174726486206">
        <ele>-0.01</ele>
      </trkpt>
      <trkpt lat="35.83800324238837" lon="139.61172580718994">
        <ele>-0.01</ele>
      </trkpt>
      <trkpt lat="35.83791741169989" lon="139.6114683151245">
        <ele>-0.01</ele>
      </trkpt>
      <trkpt lat="35.83783141337335" lon="139.61115307174623">
        <ele>-0.01</ele>
      </trkpt>
      <trkpt lat="35.83774541504681" lon="139.61083791218698">
        <ele>-0.01</ele>
      </trkpt>
      <trkpt lat="35.83765991963446" lon="139.61052417755127">
        <ele>-0.01</ele>
      </trkpt>
      <trkpt lat="35.83763837814331" lon="139.61039543151855">
        <ele>-0.01</ele>
      </trkpt>
      <trkpt lat="35.837377198040485" lon="139.6105845272541">
        <ele>-0.01</ele>
      </trkpt>
      <trkpt lat="35.83711693994701" lon="139.6107729524374">
        <ele>-0.01</ele>
      </trkpt>
      <trkpt lat="35.83711543120444" lon="139.61077412590384">
        <ele>-0.01</ele>
      </trkpt>
      <trkpt lat="35.837016105651855" lon="139.61084604263306">
        <ele>-0.01</ele>
      </trkpt>
      <trkpt lat="35.83690873347223" lon="139.61060975678265">
        <ele>-0.01</ele>
      </trkpt>
      <trkpt lat="35.836801612749696" lon="139.61037397384644">
        <ele>-0.01</ele>
      </trkpt>
      <trkpt lat="35.83673723973334" lon="139.61020231246948">
        <ele>-0.01</ele>
      </trkpt>
      <trkpt lat="35.836538253352046" lon="139.61037749424577">
        <ele>-0.01</ele>
      </trkpt>
      <trkpt lat="35.83653691224754" lon="139.61037875153124">
        <ele>-0.01</ele>
      </trkpt>
      <trkpt lat="35.83630339242518" lon="139.61058435961604">
        <ele>-0.02</ele>
      </trkpt>
      <trkpt lat="35.83606995642185" lon="139.61078996770084">
        <ele>-0.02</ele>
      </trkpt>
      <trkpt lat="35.8358359336853" lon="139.6109962463379">
        <ele>-0.02</ele>
      </trkpt>
      <trkpt lat="35.8356321696192" lon="139.611205291003">
        <ele>-0.02</ele>
      </trkpt>
      <trkpt lat="35.835428489372134" lon="139.6114143356681">
        <ele>-0.02</ele>
      </trkpt>
      <trkpt lat="35.835224809125066" lon="139.61162346415222">
        <ele>-0.02</ele>
      </trkpt>
      <trkpt lat="35.83502062596381" lon="139.61183309555054">
        <ele>-0.02</ele>
      </trkpt>
      <trkpt lat="35.83484888076782" lon="139.6120262145996">
        <ele>-0.02</ele>
      </trkpt>
      <trkpt lat="35.83456993103027" lon="139.61217641830444">
        <ele>-0.02</ele>
      </trkpt>
      <trkpt lat="35.83440908230841" lon="139.61231572553515">
        <ele>-0.01</ele>
      </trkpt>
      <trkpt lat="35.834248065948486" lon="139.612455368042">
        <ele>-0.01</ele>
      </trkpt>
      <trkpt lat="35.83407665602863" lon="139.61256248876452">
        <ele>-0.01</ele>
      </trkpt>
      <trkpt lat="35.83390474319458" lon="139.61266994476318">
        <ele>-0.01</ele>
      </trkpt>
      <trkpt lat="35.833704583346844" lon="139.6128700207919">
        <ele>-0.01</ele>
      </trkpt>
      <trkpt lat="35.83350450731814" lon="139.61307018063962">
        <ele>-0.01</ele>
      </trkpt>
      <trkpt lat="35.833304012194276" lon="139.61327075958252">
        <ele>-0.01</ele>
      </trkpt>
      <trkpt lat="35.8332181815058" lon="139.61337804794312">
        <ele>-0.01</ele>
      </trkpt>
      <trkpt lat="35.833067893981934" lon="139.61360335350037">
        <ele>-0.01</ele>
      </trkpt>
      <trkpt lat="35.83291777409613" lon="139.61382865905762">
        <ele>0.0</ele>
      </trkpt>
      <trkpt lat="35.832810401916504" lon="139.61406469345093">
        <ele>0.0</ele>
      </trkpt>
      <trkpt lat="35.83282113075256" lon="139.6144086867571">
        <ele>0.0</ele>
      </trkpt>
      <trkpt lat="35.83283185958862" lon="139.61475133895874">
        <ele>0.0</ele>
      </trkpt>
      <trkpt lat="35.83269062452018" lon="139.61508577689528">
        <ele>0.0</ele>
      </trkpt>
      <trkpt lat="35.83255022764206" lon="139.6154182869941">
        <ele>0.0</ele>
      </trkpt>
      <trkpt lat="35.83254972472787" lon="139.6154196280986">
        <ele>0.0</ele>
      </trkpt>
      <trkpt lat="35.83242424763739" lon="139.6157169342041">
        <ele>0.01</ele>
      </trkpt>
      <trkpt lat="35.83228996954858" lon="139.6160552278161">
        <ele>0.01</ele>
      </trkpt>
      <trkpt lat="35.832155691459775" lon="139.61639360524714">
        <ele>0.02</ele>
      </trkpt>
      <trkpt lat="35.83202141337097" lon="139.61673189885914">
        <ele>0.02</ele>
      </trkpt>
      <trkpt lat="35.83188780583441" lon="139.6170687675476">
        <ele>0.03</ele>
      </trkpt>
      <trkpt lat="35.83188772201538" lon="139.6170687675476">
        <ele>0.03</ele>
      </trkpt>
      <trkpt lat="35.83177490159869" lon="139.61733187548816">
        <ele>0.04</ele>
      </trkpt>
      <trkpt lat="35.831662165001035" lon="139.61759498342872">
        <ele>0.04</ele>
      </trkpt>
      <trkpt lat="35.831549344584346" lon="139.61785809136927">
        <ele>0.05</ele>
      </trkpt>
      <trkpt lat="35.83143711090088" lon="139.61812019348145">
        <ele>0.06</ele>
      </trkpt>
      <trkpt lat="35.83152302540839" lon="139.6181845664978">
        <ele>0.06</ele>
      </trkpt>
      <trkpt lat="35.831453539431095" lon="139.6183864865452">
        <ele>0.07</ele>
      </trkpt>
      <trkpt lat="35.83138480782509" lon="139.61858639493585">
        <ele>0.08</ele>
      </trkpt>
      <trkpt lat="35.8313843049109" lon="139.61858790367842">
        <ele>0.08</ele>
      </trkpt>
      <trkpt lat="35.831286907196045" lon="139.61887121200562">
        <ele>0.09</ele>
      </trkpt>
      <trkpt lat="35.831265449523926" lon="139.6191930770874">
        <ele>0.1</ele>
      </trkpt>
      <trkpt lat="35.831286907196045" lon="139.619450988248">
        <ele>0.1</ele>
      </trkpt>
      <trkpt lat="35.831308364868164" lon="139.61970806121826">
        <ele>0.11</ele>
      </trkpt>
      <trkpt lat="35.831308448687196" lon="139.61970806121826">
        <ele>0.12</ele>
      </trkpt>
      <trkpt lat="35.83124399185181" lon="139.62005138397217">
        <ele>0.12</ele>
      </trkpt>
      <trkpt lat="35.83113670349121" lon="139.6203088760376">
        <ele>0.13</ele>
      </trkpt>
      <trkpt lat="35.83094350062311" lon="139.62058782577515">
        <ele>0.13</ele>
      </trkpt>
      <trkpt lat="35.830750381574035" lon="139.6208667755127">
        <ele>0.14</ele>
      </trkpt>
      <trkpt lat="35.830557346343994" lon="139.62114572525024">
        <ele>0.14</ele>
      </trkpt>
      <trkpt lat="35.83040714263916" lon="139.62131730280817">
        <ele>0.15</ele>
      </trkpt>
      <trkpt lat="35.830256938934326" lon="139.62148904800415">
        <ele>0.15</ele>
      </trkpt>
      <trkpt lat="35.83001051098108" lon="139.62164972908795">
        <ele>0.15</ele>
      </trkpt>
      <trkpt lat="35.829763412475586" lon="139.62181091308594">
        <ele>0.15</ele>
      </trkpt>
      <trkpt lat="35.82963458262384" lon="139.62204703129828">
        <ele>0.15</ele>
      </trkpt>
      <trkpt lat="35.829505920410156" lon="139.62228298187256">
        <ele>0.15</ele>
      </trkpt>
      <trkpt lat="35.82937717437744" lon="139.6224223729223">
        <ele>0.15</ele>
      </trkpt>
      <trkpt lat="35.82924842834473" lon="139.6225619316101">
        <ele>0.14</ele>
      </trkpt>
      <trkpt lat="35.829041227698326" lon="139.62271188385785">
        <ele>0.14</ele>
      </trkpt>
      <trkpt lat="35.82883411087096" lon="139.62286191992462">
        <ele>0.13</ele>
      </trkpt>
      <trkpt lat="35.82862615585327" lon="139.6230125427246">
        <ele>0.12</ele>
      </trkpt>
      <trkpt lat="35.828454829752445" lon="139.62306601926684">
        <ele>0.11</ele>
      </trkpt>
      <trkpt lat="35.828282833099365" lon="139.6231198310852">
        <ele>0.1</ele>
      </trkpt>
      <trkpt lat="35.82802592776716" lon="139.6231340803206">
        <ele>0.08</ele>
      </trkpt>
      <trkpt lat="35.82776902243495" lon="139.623148329556">
        <ele>0.07</ele>
      </trkpt>
      <trkpt lat="35.827510356903076" lon="139.62316274642944">
        <ele>0.05</ele>
      </trkpt>
      <trkpt lat="35.8272604085505" lon="139.62329124100506">
        <ele>0.03</ele>
      </trkpt>
      <trkpt lat="35.82701054401696" lon="139.62341973558068">
        <ele>0.0</ele>
      </trkpt>
      <trkpt lat="35.826759338378906" lon="139.6235489845276">
        <ele>-0.01</ele>
      </trkpt>
      <trkpt lat="35.82658784464002" lon="139.62367756292224">
        <ele>-0.04</ele>
      </trkpt>
      <trkpt lat="35.826416015625" lon="139.62380647659302">
        <ele>-0.07</ele>
      </trkpt>
      <trkpt lat="35.82628718577325" lon="139.6240139286965">
        <ele>-0.1</ele>
      </trkpt>
      <trkpt lat="35.82615835592151" lon="139.62422146461904">
        <ele>-0.14</ele>
      </trkpt>
      <trkpt lat="35.826029777526855" lon="139.62442874908447">
        <ele>-0.17</ele>
      </trkpt>
      <trkpt lat="35.825879741460085" lon="139.62454659864306">
        <ele>-0.21</ele>
      </trkpt>
      <trkpt lat="35.82572937011719" lon="139.62466478347778">
        <ele>-0.25</ele>
      </trkpt>
      <trkpt lat="35.8254852052778" lon="139.62474181316793">
        <ele>-0.29</ele>
      </trkpt>
      <trkpt lat="35.825241124257445" lon="139.6248189266771">
        <ele>-0.34</ele>
      </trkpt>
      <trkpt lat="35.82499704323709" lon="139.62489595636725">
        <ele>-0.38</ele>
      </trkpt>
      <trkpt lat="35.824752962216735" lon="139.62497306987643">
        <ele>-0.43</ele>
      </trkpt>
      <trkpt lat="35.8245062828064" lon="139.62505102157593">
        <ele>-0.48</ele>
      </trkpt>
      <trkpt lat="35.82433495670557" lon="139.62507239542902">
        <ele>-0.53</ele>
      </trkpt>
      <trkpt lat="35.82416296005249" lon="139.62509393692017">
        <ele>-0.58</ele>
      </trkpt>
      <trkpt lat="35.82394888624549" lon="139.625061750412">
        <ele>-0.63</ele>
      </trkpt>
      <trkpt lat="35.82373380661011" lon="139.6250295639038">
        <ele>-0.68</ele>
      </trkpt>
      <trkpt lat="35.823533898219466" lon="139.62512235157192">
        <ele>-0.73</ele>
      </trkpt>
      <trkpt lat="35.823333989828825" lon="139.62521513924003">
        <ele>-0.77</ele>
      </trkpt>
      <trkpt lat="35.82313299179077" lon="139.62530851364136">
        <ele>-0.82</ele>
      </trkpt>
      <trkpt lat="35.82288321107626" lon="139.62534413672984">
        <ele>-0.87</ele>
      </trkpt>
      <trkpt lat="35.82263343036175" lon="139.62537984363735">
        <ele>-0.91</ele>
      </trkpt>
      <trkpt lat="35.8223819732666" lon="139.62541580200195">
        <ele>-0.95</ele>
      </trkpt>
      <trkpt lat="35.82208936102688" lon="139.62543357163668">
        <ele>-0.99</ele>
      </trkpt>
      <trkpt lat="35.821796832606196" lon="139.62545142509043">
        <ele>-1.02</ele>
      </trkpt>
      <trkpt lat="35.82150430418551" lon="139.6254692785442">
        <ele>-1.05</ele>
      </trkpt>
      <trkpt lat="35.82121177576482" lon="139.62548713199794">
        <ele>-1.08</ele>
      </trkpt>
      <trkpt lat="35.820919247344136" lon="139.6255049854517">
        <ele>-1.1</ele>
      </trkpt>
      <trkpt lat="35.82062244415283" lon="139.62552309036255">
        <ele>-1.11</ele>
      </trkpt>
      <trkpt lat="35.820329831913114" lon="139.62546592578292">
        <ele>-1.11</ele>
      </trkpt>
      <trkpt lat="35.82003730349243" lon="139.62540884502232">
        <ele>-1.11</ele>
      </trkpt>
      <trkpt lat="35.81974276341498" lon="139.6253514289856">
        <ele>-1.1</ele>
      </trkpt>
      <trkpt lat="35.8197642210871" lon="139.6256947517395">
        <ele>-1.08</ele>
      </trkpt>
      <trkpt lat="35.81977888941765" lon="139.62605450302362">
        <ele>-1.05</ele>
      </trkpt>
      <trkpt lat="35.81979364156723" lon="139.62641433812678">
        <ele>-1.01</ele>
      </trkpt>
      <trkpt lat="35.81980839371681" lon="139.62677417322993">
        <ele>-0.95</ele>
      </trkpt>
      <trkpt lat="35.819823145866394" lon="139.6271340083331">
        <ele>-0.89</ele>
      </trkpt>
      <trkpt lat="35.819837898015976" lon="139.6274937596172">
        <ele>-0.81</ele>
      </trkpt>
      <trkpt lat="35.81985239870846" lon="139.62784806266427">
        <ele>-0.72</ele>
      </trkpt>
      <trkpt lat="35.819852482527494" lon="139.62784940376878">
        <ele>-0.62</ele>
      </trkpt>
      <trkpt lat="35.81986195407808" lon="139.62808141484857">
        <ele>-0.5</ele>
      </trkpt>
      <trkpt lat="35.819871509447694" lon="139.62831258773804">
        <ele>-0.36</ele>
      </trkpt>
      <trkpt lat="35.819871509447694" lon="139.62841987609863">
        <ele>-0.14</ele>
      </trkpt>
      <trkpt lat="35.81987142562866" lon="139.62841987609863">
        <ele>0.01</ele>
      </trkpt>
      <trkpt lat="35.819850051775575" lon="139.62841987609863">
        <ele>0.19</ele>
      </trkpt>
      <trkpt lat="35.819700099527836" lon="139.62848408147693">
        <ele>0.33</ele>
      </trkpt>
      <trkpt lat="35.819549560546875" lon="139.62854862213135">
        <ele>0.43</ele>
      </trkpt>
      <trkpt lat="35.81944227218628" lon="139.62863445281982">
        <ele>0.63</ele>
      </trkpt>
      <trkpt lat="35.819292068481445" lon="139.62887048721313">
        <ele>0.83</ele>
      </trkpt>
      <trkpt lat="35.819189976900816" lon="139.62919277139008">
        <ele>1.1</ele>
      </trkpt>
      <trkpt lat="35.81908788532019" lon="139.62951505556703">
        <ele>1.39</ele>
      </trkpt>
      <trkpt lat="35.81898579373956" lon="139.629837423563">
        <ele>1.78</ele>
      </trkpt>
      <trkpt lat="35.81888437271118" lon="139.63015794754028">
        <ele>2.3</ele>
      </trkpt>
      <trkpt lat="35.818834165111184" lon="139.63042298331857">
        <ele>2.65</ele>
      </trkpt>
      <trkpt lat="35.81878404133022" lon="139.63068810291588">
        <ele>3.05</ele>
      </trkpt>
      <trkpt lat="35.81873416900635" lon="139.6309518814087">
        <ele>3.4</ele>
      </trkpt>
      <trkpt lat="35.818605506792665" lon="139.6312952041626">
        <ele>3.74</ele>
      </trkpt>
      <trkpt lat="35.81848740577698" lon="139.6314775943756">
        <ele>4.04</ele>
      </trkpt>
      <trkpt lat="35.81836938858032" lon="139.63165998458862">
        <ele>4.31</ele>
      </trkpt>
      <trkpt lat="35.81821926869452" lon="139.63179929181933">
        <ele>4.67</ele>
      </trkpt>
      <trkpt lat="35.818068981170654" lon="139.63193893432617">
        <ele>5.05</ele>
      </trkpt>
      <trkpt lat="35.817919028922915" lon="139.63201386854053">
        <ele>5.44</ele>
      </trkpt>
      <trkpt lat="35.817768573760986" lon="139.632089138031">
        <ele>5.88</ele>
      </trkpt>
      <trkpt lat="35.81751870922744" lon="139.632160468027">
        <ele>6.18</ele>
      </trkpt>
      <trkpt lat="35.81726892851293" lon="139.63223179802299">
        <ele>6.31</ele>
      </trkpt>
      <trkpt lat="35.817017555236816" lon="139.6323037147522">
        <ele>6.6</ele>
      </trkpt>
      <trkpt lat="35.81686760298908" lon="139.63237864896655">
        <ele>6.93</ele>
      </trkpt>
      <trkpt lat="35.81671714782715" lon="139.63245391845703">
        <ele>7.25</ele>
      </trkpt>
      <trkpt lat="35.81652411259711" lon="139.6326470375061">
        <ele>7.59</ele>
      </trkpt>
      <trkpt lat="35.81635261885822" lon="139.63275415822864">
        <ele>7.87</ele>
      </trkpt>
      <trkpt lat="35.81618070602417" lon="139.6328616142273">
        <ele>8.16</ele>
      </trkpt>
      <trkpt lat="35.81600904464722" lon="139.63310837745667">
        <ele>8.59</ele>
      </trkpt>
      <trkpt lat="35.815837467089295" lon="139.63335514068604">
        <ele>8.95</ele>
      </trkpt>
      <trkpt lat="35.81568717956543" lon="139.63355890475214">
        <ele>9.12</ele>
      </trkpt>
      <trkpt lat="35.815536975860596" lon="139.6337628364563">
        <ele>9.21</ele>
      </trkpt>
      <trkpt lat="35.815322399139404" lon="139.63395595550537">
        <ele>9.42</ele>
      </trkpt>
      <trkpt lat="35.81521511077881" lon="139.63412761688232">
        <ele>9.67</ele>
      </trkpt>
      <trkpt lat="35.81521511077881" lon="139.63436365127563">
        <ele>9.79</ele>
      </trkpt>
      <trkpt lat="35.81525802612305" lon="139.6345567703247">
        <ele>9.78</ele>
      </trkpt>
      <trkpt lat="35.81538677215576" lon="139.63472843170166">
        <ele>9.68</ele>
      </trkpt>
      <trkpt lat="35.81551551818848" lon="139.63479280471802">
        <ele>9.75</ele>
      </trkpt>
      <trkpt lat="35.815300941467285" lon="139.6350073814392">
        <ele>9.69</ele>
      </trkpt>
      <trkpt lat="35.815210500732064" lon="139.63507384993136">
        <ele>9.66</ele>
      </trkpt>
      <trkpt lat="35.81520899198949" lon="139.6350750233978">
        <ele>9.61</ele>
      </trkpt>
      <trkpt lat="35.81494797952473" lon="139.63526705279946">
        <ele>9.5</ele>
      </trkpt>
      <trkpt lat="35.81468696705997" lon="139.63545908220112">
        <ele>9.42</ele>
      </trkpt>
      <trkpt lat="35.81442595459521" lon="139.63565119542181">
        <ele>9.35</ele>
      </trkpt>
      <trkpt lat="35.81416368484497" lon="139.63584423065186">
        <ele>9.27</ele>
      </trkpt>
      <trkpt lat="35.81395992077887" lon="139.63604791089892">
        <ele>9.23</ele>
      </trkpt>
      <trkpt lat="35.81375598907471" lon="139.63625192642212">
        <ele>9.02</ele>
      </trkpt>
      <trkpt lat="35.81354862079024" lon="139.63648066855967">
        <ele>8.75</ele>
      </trkpt>
      <trkpt lat="35.81334125250578" lon="139.63670941069722">
        <ele>8.51</ele>
      </trkpt>
      <trkpt lat="35.81313396804035" lon="139.6369382366538">
        <ele>8.22</ele>
      </trkpt>
      <trkpt lat="35.81292659975588" lon="139.63716697879136">
        <ele>7.91</ele>
      </trkpt>
      <trkpt lat="35.81271931529045" lon="139.63739580474794">
        <ele>7.69</ele>
      </trkpt>
      <trkpt lat="35.8125114440918" lon="139.63762521743774">
        <ele>7.44</ele>
      </trkpt>
      <trkpt lat="35.81231480464339" lon="139.6378539595753">
        <ele>7.23</ele>
      </trkpt>
      <trkpt lat="35.81211816519499" lon="139.63808278553188">
        <ele>6.87</ele>
      </trkpt>
      <trkpt lat="35.811921525746584" lon="139.63831161148846">
        <ele>6.53</ele>
      </trkpt>
      <trkpt lat="35.81172488629818" lon="139.638540353626">
        <ele>6.15</ele>
      </trkpt>
      <trkpt lat="35.811528246849775" lon="139.6387691795826">
        <ele>5.72</ele>
      </trkpt>
      <trkpt lat="35.811331272125244" lon="139.63899850845337">
        <ele>5.47</ele>
      </trkpt>
      <trkpt lat="35.811116779223084" lon="139.63920931331813">
        <ele>5.32</ele>
      </trkpt>
      <trkpt lat="35.81090237013996" lon="139.63942020200193">
        <ele>5.07</ele>
      </trkpt>
      <trkpt lat="35.81068796105683" lon="139.6396310068667">
        <ele>4.71</ele>
      </trkpt>
      <trkpt lat="35.8104735519737" lon="139.6398418955505">
        <ele>4.56</ele>
      </trkpt>
      <trkpt lat="35.81025914289057" lon="139.64005270041525">
        <ele>4.38</ele>
      </trkpt>
      <trkpt lat="35.810043811798096" lon="139.6402645111084">
        <ele>4.11</ele>
      </trkpt>
      <trkpt lat="35.80982227809727" lon="139.64043592102826">
        <ele>3.73</ele>
      </trkpt>
      <trkpt lat="35.80960082821548" lon="139.64060741476715">
        <ele>3.37</ele>
      </trkpt>
      <trkpt lat="35.8093786239624" lon="139.64077949523926">
        <ele>3.32</ele>
      </trkpt>
      <trkpt lat="35.8091386500746" lon="139.64090371504426">
        <ele>3.19</ele>
      </trkpt>
      <trkpt lat="35.80889876000583" lon="139.64102793484926">
        <ele>2.95</ele>
      </trkpt>
      <trkpt lat="35.80865886993706" lon="139.64115215465426">
        <ele>2.7</ele>
      </trkpt>
      <trkpt lat="35.80841897986829" lon="139.64127637445927">
        <ele>2.53</ele>
      </trkpt>
      <trkpt lat="35.80817699432373" lon="139.6414017677307">
        <ele>2.51</ele>
      </trkpt>
      <trkpt lat="35.80789494328201" lon="139.64153738692403">
        <ele>2.54</ele>
      </trkpt>
      <trkpt lat="35.80761297605932" lon="139.64167300611734">
        <ele>2.59</ele>
      </trkpt>
      <trkpt lat="35.807330925017595" lon="139.6418087091297">
        <ele>2.52</ele>
      </trkpt>
      <trkpt lat="35.807048957794905" lon="139.641944328323">
        <ele>2.48</ele>
      </trkpt>
      <trkpt lat="35.80676690675318" lon="139.64207994751632">
        <ele>2.5</ele>
      </trkpt>
      <trkpt lat="35.80648183822632" lon="139.64221715927124">
        <ele>2.6</ele>
      </trkpt>
      <trkpt lat="35.806246139109135" lon="139.6423542033881">
        <ele>2.76</ele>
      </trkpt>
      <trkpt lat="35.80601052381098" lon="139.64249133132398">
        <ele>2.85</ele>
      </trkpt>
      <trkpt lat="35.80577490851283" lon="139.64262845925987">
        <ele>2.85</ele>
      </trkpt>
      <trkpt lat="35.80553929321468" lon="139.64276550337672">
        <ele>2.96</ele>
      </trkpt>
      <trkpt lat="35.8053017500788" lon="139.64290380477905">
        <ele>3.31</ele>
      </trkpt>
      <trkpt lat="35.80523737706244" lon="139.6429681777954">
        <ele>3.52</ele>
      </trkpt>
      <trkpt lat="35.804980052635074" lon="139.6431825030595">
        <ele>3.61</ele>
      </trkpt>
      <trkpt lat="35.80472281202674" lon="139.6433968283236">
        <ele>3.71</ele>
      </trkpt>
      <trkpt lat="35.804465571418405" lon="139.64361123740673">
        <ele>4.0</ele>
      </trkpt>
      <trkpt lat="35.80420732498169" lon="139.64382648468018">
        <ele>4.17</ele>
      </trkpt>
      <trkpt lat="35.80399283207953" lon="139.6440408937633">
        <ele>4.31</ele>
      </trkpt>
      <trkpt lat="35.80377817153931" lon="139.64425563812256">
        <ele>4.42</ele>
      </trkpt>
      <trkpt lat="35.80359569750726" lon="139.6445345878601">
        <ele>4.44</ele>
      </trkpt>
      <trkpt lat="35.80341322347522" lon="139.6448136214167">
        <ele>4.56</ele>
      </trkpt>
      <trkpt lat="35.803230833262205" lon="139.64509265497327">
        <ele>4.76</ele>
      </trkpt>
      <trkpt lat="35.80304835923016" lon="139.64537168852985">
        <ele>4.86</ele>
      </trkpt>
      <trkpt lat="35.80286596901715" lon="139.64565072208643">
        <ele>4.95</ele>
      </trkpt>
      <trkpt lat="35.802683494985104" lon="139.645929755643">
        <ele>4.89</ele>
      </trkpt>
      <trkpt lat="35.80250110477209" lon="139.6462087891996">
        <ele>4.85</ele>
      </trkpt>
      <trkpt lat="35.802319049835205" lon="139.64648723602295">
        <ele>5.06</ele>
      </trkpt>
      <trkpt lat="35.8022331353277" lon="139.64668052271008">
        <ele>5.22</ele>
      </trkpt>
      <trkpt lat="35.80214738845825" lon="139.6468734741211">
        <ele>5.31</ele>
      </trkpt>
      <trkpt lat="35.80214085057378" lon="139.64690448716283">
        <ele>5.39</ele>
      </trkpt>
      <trkpt lat="35.80214051529765" lon="139.64690641500056">
        <ele>5.47</ele>
      </trkpt>
      <trkpt lat="35.80209014005959" lon="139.6471478138119">
        <ele>5.59</ele>
      </trkpt>
      <trkpt lat="35.802040100097656" lon="139.64738845825195">
        <ele>5.77</ele>
      </trkpt>
      <trkpt lat="35.80201864242554" lon="139.64749574661255">
        <ele>5.88</ele>
      </trkpt>
      <trkpt lat="35.80194697715342" lon="139.64773924089968">
        <ele>5.98</ele>
      </trkpt>
      <trkpt lat="35.801875311881304" lon="139.64798281900585">
        <ele>5.98</ele>
      </trkpt>
      <trkpt lat="35.801804065704346" lon="139.6482253074646">
        <ele>5.95</ele>
      </trkpt>
      <trkpt lat="35.80176115036011" lon="139.64841842651367">
        <ele>5.97</ele>
      </trkpt>
      <trkpt lat="35.80167531967163" lon="139.6485686302185">
        <ele>5.95</ele>
      </trkpt>
      <trkpt lat="35.80158932134509" lon="139.64885872788727">
        <ele>5.93</ele>
      </trkpt>
      <trkpt lat="35.80150365829468" lon="139.64914798736572">
        <ele>5.94</ele>
      </trkpt>
      <trkpt lat="35.80144657753408" lon="139.6494259312749">
        <ele>5.96</ele>
      </trkpt>
      <trkpt lat="35.8013900835067" lon="139.64970144443214">
        <ele>5.82</ele>
      </trkpt>
      <trkpt lat="35.80138983204961" lon="139.64970303699374">
        <ele>5.79</ele>
      </trkpt>
      <trkpt lat="35.801331996917725" lon="139.64998483657837">
        <ele>5.68</ele>
      </trkpt>
      <trkpt lat="35.801299726590514" lon="139.65025356039405">
        <ele>5.59</ele>
      </trkpt>
      <trkpt lat="35.80126762390137" lon="139.65052127838135">
        <ele>5.45</ele>
      </trkpt>
      <trkpt lat="35.80122479237616" lon="139.65060710906982">
        <ele>5.36</ele>
      </trkpt>
      <trkpt lat="35.80122470855713" lon="139.65095110237598">
        <ele>5.33</ele>
      </trkpt>
      <trkpt lat="35.80122470855713" lon="139.65129375457764">
        <ele>5.47</ele>
      </trkpt>
      <trkpt lat="35.80124616622925" lon="139.651619810611">
        <ele>5.55</ele>
      </trkpt>
      <trkpt lat="35.8012677077204" lon="139.65194586664438">
        <ele>5.47</ele>
      </trkpt>
      <trkpt lat="35.80128924921155" lon="139.65227192267776">
        <ele>5.41</ele>
      </trkpt>
      <trkpt lat="35.80131070688367" lon="139.65259806253016">
        <ele>5.44</ele>
      </trkpt>
      <trkpt lat="35.80133224837482" lon="139.65292411856353">
        <ele>5.5</ele>
      </trkpt>
      <trkpt lat="35.801353538408875" lon="139.65324640274048">
        <ele>5.57</ele>
      </trkpt>
      <trkpt lat="35.801396453753114" lon="139.6535186469555">
        <ele>5.62</ele>
      </trkpt>
      <trkpt lat="35.801439452916384" lon="139.65379097498953">
        <ele>5.61</ele>
      </trkpt>
      <trkpt lat="35.80148220062256" lon="139.654061794281">
        <ele>5.62</ele>
      </trkpt>
      <trkpt lat="35.80150365829468" lon="139.65426597744226">
        <ele>5.69</ele>
      </trkpt>
      <trkpt lat="35.8015251159668" lon="139.65446949005127">
        <ele>5.78</ele>
      </trkpt>
      <trkpt lat="35.801589572802186" lon="139.65481281280518">
        <ele>5.94</ele>
      </trkpt>
      <trkpt lat="35.80163064412773" lon="139.65502546168864">
        <ele>6.05</ele>
      </trkpt>
      <trkpt lat="35.80167138017714" lon="139.6552357636392">
        <ele>6.15</ele>
      </trkpt>
      <trkpt lat="35.80167171545327" lon="139.65523752383888">
        <ele>6.21</ele>
      </trkpt>
      <trkpt lat="35.80171823501587" lon="139.65547800064087">
        <ele>6.22</ele>
      </trkpt>
      <trkpt lat="35.8017183188349" lon="139.65547800064087">
        <ele>6.28</ele>
      </trkpt>
      <trkpt lat="35.80178277567029" lon="139.65580757707357">
        <ele>6.13</ele>
      </trkpt>
      <trkpt lat="35.80184723250568" lon="139.65613715350628">
        <ele>6.1</ele>
      </trkpt>
      <trkpt lat="35.80191168934107" lon="139.65646672993898">
        <ele>6.26</ele>
      </trkpt>
      <trkpt lat="35.80197614617646" lon="139.6567963063717">
        <ele>6.32</ele>
      </trkpt>
      <trkpt lat="35.80204060301185" lon="139.6571258828044">
        <ele>6.35</ele>
      </trkpt>
      <trkpt lat="35.802104473114014" lon="139.65745210647583">
        <ele>6.55</ele>
      </trkpt>
      <trkpt lat="35.80215602181852" lon="139.6577873826027">
        <ele>6.79</ele>
      </trkpt>
      <trkpt lat="35.802207654342055" lon="139.65812274254858">
        <ele>6.83</ele>
      </trkpt>
      <trkpt lat="35.80225920304656" lon="139.65845810249448">
        <ele>6.78</ele>
      </trkpt>
      <trkpt lat="35.8023108355701" lon="139.65879346244037">
        <ele>6.75</ele>
      </trkpt>
      <trkpt lat="35.80236196517944" lon="139.65912580490112">
        <ele>6.5</ele>
      </trkpt>
      <trkpt lat="35.80230597406626" lon="139.65941414237022">
        <ele>6.08</ele>
      </trkpt>
      <trkpt lat="35.80224998295307" lon="139.65970256365836">
        <ele>5.72</ele>
      </trkpt>
      <trkpt lat="35.80219407565892" lon="139.65999090112746">
        <ele>5.73</ele>
      </trkpt>
      <trkpt lat="35.802138755097985" lon="139.66027571819723">
        <ele>5.7</ele>
      </trkpt>
      <trkpt lat="35.802083099260926" lon="139.6605634689331">
        <ele>5.48</ele>
      </trkpt>
      <trkpt lat="35.802083015441895" lon="139.6605634689331">
        <ele>5.29</ele>
      </trkpt>
      <trkpt lat="35.80210874788463" lon="139.66094182804227">
        <ele>5.04</ele>
      </trkpt>
      <trkpt lat="35.8021345641464" lon="139.66132018715143">
        <ele>4.83</ele>
      </trkpt>
      <trkpt lat="35.80216038040817" lon="139.66169863007963">
        <ele>4.51</ele>
      </trkpt>
      <trkpt lat="35.802186196669936" lon="139.6620769891888">
        <ele>4.22</ele>
      </trkpt>
      <trkpt lat="35.80221176147461" lon="139.6624517440796">
        <ele>3.91</ele>
      </trkpt>
      <trkpt lat="35.802208660170436" lon="139.6627987548709">
        <ele>3.58</ele>
      </trkpt>
      <trkpt lat="35.80220555886626" lon="139.66314584948123">
        <ele>3.4</ele>
      </trkpt>
      <trkpt lat="35.80220254138112" lon="139.66349294409156">
        <ele>3.2</ele>
      </trkpt>
      <trkpt lat="35.80219944007695" lon="139.6638400387019">
        <ele>3.01</ele>
      </trkpt>
      <trkpt lat="35.802196338772774" lon="139.6641870494932">
        <ele>2.79</ele>
      </trkpt>
      <trkpt lat="35.80219332128763" lon="139.66453414410353">
        <ele>2.64</ele>
      </trkpt>
      <trkpt lat="35.80219030380249" lon="139.66487646102905">
        <ele>2.26</ele>
      </trkpt>
      <trkpt lat="35.8021570276469" lon="139.66524777933955">
        <ele>1.9</ele>
      </trkpt>
      <trkpt lat="35.80212383531034" lon="139.66561909765005">
        <ele>1.61</ele>
      </trkpt>
      <trkpt lat="35.80209055915475" lon="139.66599049977958">
        <ele>1.39</ele>
      </trkpt>
      <trkpt lat="35.80205736681819" lon="139.66636181809008">
        <ele>1.08</ele>
      </trkpt>
      <trkpt lat="35.80202417448163" lon="139.66673313640058">
        <ele>0.82</ele>
      </trkpt>
      <trkpt lat="35.80199089832604" lon="139.6671045385301">
        <ele>0.84</ele>
      </trkpt>
      <trkpt lat="35.80195770598948" lon="139.6674758568406">
        <ele>0.79</ele>
      </trkpt>
      <trkpt lat="35.80192451365292" lon="139.66784725897014">
        <ele>0.41</ele>
      </trkpt>
      <trkpt lat="35.80189123749733" lon="139.66821857728064">
        <ele>-0.08</ele>
      </trkpt>
      <trkpt lat="35.80185804516077" lon="139.66858989559114">
        <ele>-0.35</ele>
      </trkpt>
      <trkpt lat="35.801825523376465" lon="139.6689534187317">
        <ele>-0.44</ele>
      </trkpt>
      <trkpt lat="35.801766347140074" lon="139.66933228075504">
        <ele>-0.64</ele>
      </trkpt>
      <trkpt lat="35.801707254722714" lon="139.6697111427784">
        <ele>-0.9</ele>
      </trkpt>
      <trkpt lat="35.801648162305355" lon="139.67009000480175">
        <ele>-1.09</ele>
      </trkpt>
      <trkpt lat="35.801589069887996" lon="139.67046895064414">
        <ele>-1.02</ele>
      </trkpt>
      <trkpt lat="35.801529977470636" lon="139.6708478126675">
        <ele>-0.63</ele>
      </trkpt>
      <trkpt lat="35.80147088505328" lon="139.67122667469084">
        <ele>-0.28</ele>
      </trkpt>
      <trkpt lat="35.80141179263592" lon="139.6716055367142">
        <ele>-0.45</ele>
      </trkpt>
      <trkpt lat="35.801353538408875" lon="139.6719789505005">
        <ele>-0.69</ele>
      </trkpt>
      <trkpt lat="35.801353454589844" lon="139.6719789505005">
        <ele>-0.62</ele>
      </trkpt>
      <trkpt lat="35.80129612237215" lon="139.67233719304204">
        <ele>-0.55</ele>
      </trkpt>
      <trkpt lat="35.80123879015446" lon="139.6726954355836">
        <ele>-0.11</ele>
      </trkpt>
      <trkpt lat="35.801181457936764" lon="139.67305376194417">
        <ele>0.17</ele>
      </trkpt>
      <trkpt lat="35.80112412571907" lon="139.67341200448573">
        <ele>0.1</ele>
      </trkpt>
      <trkpt lat="35.80106679350138" lon="139.6737703308463">
        <ele>0.04</ele>
      </trkpt>
      <trkpt lat="35.801009461283684" lon="139.67412857338786">
        <ele>0.02</ele>
      </trkpt>
      <trkpt lat="35.80095221288502" lon="139.67448689974844">
        <ele>0.05</ele>
      </trkpt>
      <trkpt lat="35.80089488066733" lon="139.67484514229">
        <ele>0.42</ele>
      </trkpt>
      <trkpt lat="35.800837548449636" lon="139.67520346865058">
        <ele>0.8</ele>
      </trkpt>
      <trkpt lat="35.80078021623194" lon="139.67556171119213">
        <ele>1.14</ele>
      </trkpt>
      <trkpt lat="35.80072288401425" lon="139.67592003755271">
        <ele>1.66</ele>
      </trkpt>
      <trkpt lat="35.80066680908203" lon="139.67627048492432">
        <ele>2.09</ele>
      </trkpt>
      <trkpt lat="35.800617607310414" lon="139.67662361450493">
        <ele>2.39</ele>
      </trkpt>
      <trkpt lat="35.80056848935783" lon="139.67697682790458">
        <ele>2.74</ele>
      </trkpt>
      <trkpt lat="35.800519371405244" lon="139.6773299574852">
        <ele>3.22</ele>
      </trkpt>
      <trkpt lat="35.80047025345266" lon="139.67768317088485">
        <ele>3.69</ele>
      </trkpt>
      <trkpt lat="35.80042113550007" lon="139.67803630046546">
        <ele>4.11</ele>
      </trkpt>
      <trkpt lat="35.80037193372846" lon="139.6783895138651">
        <ele>4.42</ele>
      </trkpt>
      <trkpt lat="35.800323486328125" lon="139.67873811721802">
        <ele>4.71</ele>
      </trkpt>
      <trkpt lat="35.80031057819724" lon="139.6790692023933">
        <ele>5.17</ele>
      </trkpt>
      <trkpt lat="35.80029767006636" lon="139.67940028756857">
        <ele>5.82</ele>
      </trkpt>
      <trkpt lat="35.80028476193547" lon="139.67973137274384">
        <ele>6.48</ele>
      </trkpt>
      <trkpt lat="35.80027185380459" lon="139.68006245791912">
        <ele>6.8</ele>
      </trkpt>
      <trkpt lat="35.80025911331177" lon="139.6803903579712">
        <ele>6.84</ele>
      </trkpt>
      <trkpt lat="35.8002644777298" lon="139.68069135211408">
        <ele>6.78</ele>
      </trkpt>
      <trkpt lat="35.80026984214783" lon="139.68099234625697">
        <ele>6.85</ele>
      </trkpt>
      <trkpt lat="35.80027529038489" lon="139.68129334039986">
        <ele>7.14</ele>
      </trkpt>
      <trkpt lat="35.80028065480292" lon="139.68159198760986">
        <ele>7.61</ele>
      </trkpt>
      <trkpt lat="35.80032357014716" lon="139.68194310553372">
        <ele>8.0</ele>
      </trkpt>
      <trkpt lat="35.80036656931043" lon="139.68229422345757">
        <ele>8.16</ele>
      </trkpt>
      <trkpt lat="35.80040940083563" lon="139.6826434135437">
        <ele>8.28</ele>
      </trkpt>
      <trkpt lat="35.80046849325299" lon="139.68295505270362">
        <ele>8.42</ele>
      </trkpt>
      <trkpt lat="35.80052758567035" lon="139.68326677568257">
        <ele>8.49</ele>
      </trkpt>
      <trkpt lat="35.80058667808771" lon="139.6835784148425">
        <ele>8.53</ele>
      </trkpt>
      <trkpt lat="35.800645435228944" lon="139.6838879585266">
        <ele>8.45</ele>
      </trkpt>
      <trkpt lat="35.80064535140991" lon="139.6838879585266">
        <ele>8.52</ele>
      </trkpt>
      <trkpt lat="35.80070503056049" lon="139.68424620106816">
        <ele>8.54</ele>
      </trkpt>
      <trkpt lat="35.80076479353011" lon="139.68460444360971">
        <ele>8.82</ele>
      </trkpt>
      <trkpt lat="35.80082447268069" lon="139.6849627699703">
        <ele>8.97</ele>
      </trkpt>
      <trkpt lat="35.8008842356503" lon="139.68532101251185">
        <ele>9.04</ele>
      </trkpt>
      <trkpt lat="35.80094391480088" lon="139.6856792550534">
        <ele>9.0</ele>
      </trkpt>
      <trkpt lat="35.801003677770495" lon="139.68603758141398">
        <ele>8.87</ele>
      </trkpt>
      <trkpt lat="35.80106335692108" lon="139.68639582395554">
        <ele>8.73</ele>
      </trkpt>
      <trkpt lat="35.80112311989069" lon="139.6867540664971">
        <ele>8.55</ele>
      </trkpt>
      <trkpt lat="35.80118187703192" lon="139.68710660934448">
        <ele>8.52</ele>
      </trkpt>
      <trkpt lat="35.80122051760554" lon="139.68744196929038">
        <ele>8.86</ele>
      </trkpt>
      <trkpt lat="35.801259158179164" lon="139.68777732923627">
        <ele>9.03</ele>
      </trkpt>
      <trkpt lat="35.801297882571816" lon="139.68811268918216">
        <ele>8.72</ele>
      </trkpt>
      <trkpt lat="35.80133652314544" lon="139.68844804912806">
        <ele>8.19</ele>
      </trkpt>
      <trkpt lat="35.80137491226196" lon="139.68878030776978">
        <ele>7.3</ele>
      </trkpt>
      <trkpt lat="35.80137918703258" lon="139.68913285061717">
        <ele>6.67</ele>
      </trkpt>
      <trkpt lat="35.8013834618032" lon="139.6894854772836">
        <ele>6.28</ele>
      </trkpt>
      <trkpt lat="35.801387736573815" lon="139.68983810395002">
        <ele>6.02</ele>
      </trkpt>
      <trkpt lat="35.801392095163465" lon="139.69019064679742">
        <ele>5.72</ele>
      </trkpt>
      <trkpt lat="35.80139636993408" lon="139.69053983688354">
        <ele>5.59</ele>
      </trkpt>
      <trkpt lat="35.801370553672314" lon="139.6909181959927">
        <ele>5.37</ele>
      </trkpt>
      <trkpt lat="35.801344737410545" lon="139.69129655510187">
        <ele>4.91</ele>
      </trkpt>
      <trkpt lat="35.80131892114878" lon="139.69167499803007">
        <ele>4.63</ele>
      </trkpt>
      <trkpt lat="35.80129310488701" lon="139.69205335713923">
        <ele>4.41</ele>
      </trkpt>
      <trkpt lat="35.80126762390137" lon="139.69242811203003">
        <ele>4.17</ele>
      </trkpt>
      <trkpt lat="35.801216159015894" lon="139.6927977539599">
        <ele>3.91</ele>
      </trkpt>
      <trkpt lat="35.801164945587516" lon="139.69316605478525">
        <ele>3.66</ele>
      </trkpt>
      <trkpt lat="35.801164945587516" lon="139.69316613860428">
        <ele>3.44</ele>
      </trkpt>
      <trkpt lat="35.80111666582525" lon="139.6935126464814">
        <ele>3.24</ele>
      </trkpt>
      <trkpt lat="35.80106846988201" lon="139.69385923817754">
        <ele>3.09</ele>
      </trkpt>
      <trkpt lat="35.801020273938775" lon="139.69420582987368">
        <ele>2.93</ele>
      </trkpt>
      <trkpt lat="35.80097207799554" lon="139.6945523377508">
        <ele>2.76</ele>
      </trkpt>
      <trkpt lat="35.80092430114746" lon="139.69489574432373">
        <ele>2.72</ele>
      </trkpt>
      <trkpt lat="35.80085984431207" lon="139.69518944621086">
        <ele>2.66</ele>
      </trkpt>
      <trkpt lat="35.80079538747668" lon="139.69548323191702">
        <ele>2.55</ele>
      </trkpt>
      <trkpt lat="35.80073126591742" lon="139.69577550888062">
        <ele>2.35</ele>
      </trkpt>
      <trkpt lat="35.80073118209839" lon="139.69577550888062">
        <ele>2.31</ele>
      </trkpt>
      <trkpt lat="35.8007203694433" lon="139.69603350386024">
        <ele>2.21</ele>
      </trkpt>
      <trkpt lat="35.80070972442627" lon="139.69629049301147">
        <ele>2.23</ele>
      </trkpt>
      <trkpt lat="35.80064518377185" lon="139.69666122458875">
        <ele>2.3</ele>
      </trkpt>
      <trkpt lat="35.80058072693646" lon="139.69703203998506">
        <ele>2.17</ele>
      </trkpt>
      <trkpt lat="35.80051627010107" lon="139.69740285538137">
        <ele>2.12</ele>
      </trkpt>
      <trkpt lat="35.80045231617987" lon="139.6977710723877">
        <ele>2.4</ele>
      </trkpt>
      <trkpt lat="35.80049523152411" lon="139.69807198271155">
        <ele>2.75</ele>
      </trkpt>
      <trkpt lat="35.80053823068738" lon="139.69837297685444">
        <ele>3.01</ele>
      </trkpt>
      <trkpt lat="35.80058122985065" lon="139.6986738871783">
        <ele>3.05</ele>
      </trkpt>
      <trkpt lat="35.800623977556825" lon="139.69897270202637">
        <ele>3.01</ele>
      </trkpt>
      <trkpt lat="35.800555581226945" lon="139.6993401646614">
        <ele>3.13</ele>
      </trkpt>
      <trkpt lat="35.800487184897065" lon="139.69970771111548">
        <ele>3.32</ele>
      </trkpt>
      <trkpt lat="35.800418788567185" lon="139.70007517375052">
        <ele>3.55</ele>
      </trkpt>
      <trkpt lat="35.800350392237306" lon="139.7004427202046">
        <ele>3.45</ele>
      </trkpt>
      <trkpt lat="35.80028266645968" lon="139.70080699771643">
        <ele>3.4</ele>
      </trkpt>
      <trkpt lat="35.80022466368973" lon="139.70111872069538">
        <ele>3.47</ele>
      </trkpt>
      <trkpt lat="35.800166660919785" lon="139.70143052749336">
        <ele>3.57</ele>
      </trkpt>
      <trkpt lat="35.800108993425965" lon="139.70174074172974">
        <ele>3.76</ele>
      </trkpt>
      <trkpt lat="35.800044452771544" lon="139.70201290212572">
        <ele>3.98</ele>
      </trkpt>
      <trkpt lat="35.799979912117124" lon="139.70228514634073">
        <ele>4.11</ele>
      </trkpt>
      <trkpt lat="35.79991579055786" lon="139.70255613327026">
        <ele>4.2</ele>
      </trkpt>
      <trkpt lat="35.79974412918091" lon="139.70287799835205">
        <ele>4.13</ele>
      </trkpt>
      <trkpt lat="35.799540281295776" lon="139.7031461354345">
        <ele>4.14</ele>
      </trkpt>
      <trkpt lat="35.799336517229676" lon="139.70341444015503">
        <ele>4.48</ele>
      </trkpt>
      <trkpt lat="35.79920768737793" lon="139.70345735549927">
        <ele>4.47</ele>
      </trkpt>
      <trkpt lat="35.799052119255066" lon="139.70357394777238">
        <ele>4.29</ele>
      </trkpt>
      <trkpt lat="35.79889629967511" lon="139.70369087532163">
        <ele>4.2</ele>
      </trkpt>
      <trkpt lat="35.79905178397894" lon="139.70357419922948">
        <ele>4.22</ele>
      </trkpt>
      <trkpt lat="35.79920768737793" lon="139.70345735549927">
        <ele>4.32</ele>
      </trkpt>
      <trkpt lat="35.799336517229676" lon="139.70341444015503">
        <ele>4.26</ele>
      </trkpt>
      <trkpt lat="35.7991005666554" lon="139.70366103574634">
        <ele>4.16</ele>
      </trkpt>
      <trkpt lat="35.798864448443055" lon="139.70390796661377">
        <ele>3.89</ele>
      </trkpt>
      <trkpt lat="35.79866060055792" lon="139.70414383336902">
        <ele>3.67</ele>
      </trkpt>
      <trkpt lat="35.79845666885376" lon="139.7043800354004">
        <ele>3.5</ele>
      </trkpt>
      <trkpt lat="35.79822080209851" lon="139.70462017692626">
        <ele>3.25</ele>
      </trkpt>
      <trkpt lat="35.797984935343266" lon="139.70486031845212">
        <ele>3.02</ele>
      </trkpt>
      <trkpt lat="35.79774906858802" lon="139.70510054379702">
        <ele>2.78</ele>
      </trkpt>
      <trkpt lat="35.79751320183277" lon="139.70534068532288">
        <ele>2.6</ele>
      </trkpt>
      <trkpt lat="35.79727658070624" lon="139.70558166503906">
        <ele>2.25</ele>
      </trkpt>
      <trkpt lat="35.797140542417765" lon="139.70581057481468">
        <ele>2.1</ele>
      </trkpt>
      <trkpt lat="35.79700458794832" lon="139.70603956840932">
        <ele>1.92</ele>
      </trkpt>
      <trkpt lat="35.79686880111694" lon="139.70626831054688">
        <ele>1.9</ele>
      </trkpt>
      <trkpt lat="35.796761345118284" lon="139.70659771934152">
        <ele>2.04</ele>
      </trkpt>
      <trkpt lat="35.79665397293866" lon="139.7069272119552">
        <ele>2.15</ele>
      </trkpt>
      <trkpt lat="35.79654701985419" lon="139.70725536346436">
        <ele>1.99</ele>
      </trkpt>
      <trkpt lat="35.79652547836304" lon="139.7073197364807">
        <ele>1.85</ele>
      </trkpt>
      <trkpt lat="35.79646110534668" lon="139.7073197364807">
        <ele>1.73</ele>
      </trkpt>
      <trkpt lat="35.796289360150695" lon="139.70757722854614">
        <ele>1.67</ele>
      </trkpt>
      <trkpt lat="35.79611769877374" lon="139.7078348044306">
        <ele>1.73</ele>
      </trkpt>
      <trkpt lat="35.79594603739679" lon="139.70809229649603">
        <ele>1.75</ele>
      </trkpt>
      <trkpt lat="35.7957745436579" lon="139.70834970474243">
        <ele>1.48</ele>
      </trkpt>
      <trkpt lat="35.79571017064154" lon="139.70858573913574">
        <ele>1.3</ele>
      </trkpt>
      <trkpt lat="35.7956312969327" lon="139.70890810713172">
        <ele>0.97</ele>
      </trkpt>
      <trkpt lat="35.795552507042885" lon="139.7092304751277">
        <ele>0.73</ele>
      </trkpt>
      <trkpt lat="35.79547413624823" lon="139.7095513343811">
        <ele>0.68</ele>
      </trkpt>
      <trkpt lat="35.7954740524292" lon="139.7095513343811">
        <ele>0.52</ele>
      </trkpt>
      <trkpt lat="35.79540951177478" lon="139.7099059727043">
        <ele>0.4</ele>
      </trkpt>
      <trkpt lat="35.795345306396484" lon="139.71025943756104">
        <ele>0.23</ele>
      </trkpt>
      <trkpt lat="35.79527364112437" lon="139.7105172649026">
        <ele>0.08</ele>
      </trkpt>
      <trkpt lat="35.79520205967128" lon="139.71077517606318">
        <ele>-0.01</ele>
      </trkpt>
      <trkpt lat="35.795130813494325" lon="139.71103191375732">
        <ele>-0.3</ele>
      </trkpt>
      <trkpt lat="35.79503760673106" lon="139.71139719709754">
        <ele>-0.76</ele>
      </trkpt>
      <trkpt lat="35.79494448378682" lon="139.7117625642568">
        <ele>-0.87</ele>
      </trkpt>
      <trkpt lat="35.794851863756776" lon="139.7121262550354">
        <ele>-0.99</ele>
      </trkpt>
      <trkpt lat="35.794851779937744" lon="139.7121262550354">
        <ele>-1.17</ele>
      </trkpt>
      <trkpt lat="35.794765781611204" lon="139.71247728914022">
        <ele>-1.42</ele>
      </trkpt>
      <trkpt lat="35.794679867103696" lon="139.71282832324505">
        <ele>-1.45</ele>
      </trkpt>
      <trkpt lat="35.794593868777156" lon="139.71317935734987">
        <ele>-1.36</ele>
      </trkpt>
      <trkpt lat="35.79450795426965" lon="139.7135303914547">
        <ele>-1.73</ele>
      </trkpt>
      <trkpt lat="35.79442195594311" lon="139.71388142555952">
        <ele>-2.2</ele>
      </trkpt>
      <trkpt lat="35.79433687962592" lon="139.71422910690308">
        <ele>-2.57</ele>
      </trkpt>
      <trkpt lat="35.794336795806885" lon="139.71422910690308">
        <ele>-2.72</ele>
      </trkpt>
      <trkpt lat="35.79425792209804" lon="139.71455147489905">
        <ele>-2.69</ele>
      </trkpt>
      <trkpt lat="35.79417913220823" lon="139.71487384289503">
        <ele>-2.72</ele>
      </trkpt>
      <trkpt lat="35.794100761413574" lon="139.71519470214844">
        <ele>-2.68</ele>
      </trkpt>
      <trkpt lat="35.79398266039789" lon="139.71542009152472">
        <ele>-2.66</ele>
      </trkpt>
      <trkpt lat="35.793864727020264" lon="139.71564531326294">
        <ele>-2.81</ele>
      </trkpt>
      <trkpt lat="35.79378300346434" lon="139.71599349752069">
        <ele>-3.27</ele>
      </trkpt>
      <trkpt lat="35.79370136372745" lon="139.71634168177843">
        <ele>-3.38</ele>
      </trkpt>
      <trkpt lat="35.79361964017153" lon="139.71668986603618">
        <ele>-3.31</ele>
      </trkpt>
      <trkpt lat="35.79353800043464" lon="139.71703805029392">
        <ele>-3.32</ele>
      </trkpt>
      <trkpt lat="35.79345703125" lon="139.7173833847046">
        <ele>-3.36</ele>
      </trkpt>
      <trkpt lat="35.79341403208673" lon="139.71765202470124">
        <ele>-3.32</ele>
      </trkpt>
      <trkpt lat="35.79337120056152" lon="139.71791982650757">
        <ele>-3.21</ele>
      </trkpt>
      <trkpt lat="35.79339265823364" lon="139.71819877624512">
        <ele>-3.16</ele>
      </trkpt>
      <trkpt lat="35.79333532601595" lon="139.71856414340436">
        <ele>-3.25</ele>
      </trkpt>
      <trkpt lat="35.793277993798256" lon="139.71892959438264">
        <ele>-3.49</ele>
      </trkpt>
      <trkpt lat="35.79322099685669" lon="139.7192931175232">
        <ele>-3.75</ele>
      </trkpt>
      <trkpt lat="35.79313508234918" lon="139.71947559155524">
        <ele>-3.75</ele>
      </trkpt>
      <trkpt lat="35.793049335479736" lon="139.71965789794922">
        <ele>-3.67</ele>
      </trkpt>
      <trkpt lat="35.792856216430664" lon="139.71993684768677">
        <ele>-3.48</ele>
      </trkpt>
      <trkpt lat="35.79273442737758" lon="139.7202733810991">
        <ele>-3.23</ele>
      </trkpt>
      <trkpt lat="35.79261272214353" lon="139.72060999833047">
        <ele>-3.02</ele>
      </trkpt>
      <trkpt lat="35.79249143600464" lon="139.72094535827637">
        <ele>-3.0</ele>
      </trkpt>
      <trkpt lat="35.79237861558795" lon="139.72120846621692">
        <ele>-2.89</ele>
      </trkpt>
      <trkpt lat="35.79226587899029" lon="139.72147157415748">
        <ele>-2.81</ele>
      </trkpt>
      <trkpt lat="35.792153058573604" lon="139.72173468209803">
        <ele>-2.84</ele>
      </trkpt>
      <trkpt lat="35.79204082489014" lon="139.7219967842102">
        <ele>-2.87</ele>
      </trkpt>
      <trkpt lat="35.79189523123205" lon="139.72228419966996">
        <ele>-2.61</ele>
      </trkpt>
      <trkpt lat="35.79174988903105" lon="139.72257119603455">
        <ele>-2.32</ele>
      </trkpt>
      <trkpt lat="35.79161326400936" lon="139.72284084185958">
        <ele>-2.08</ele>
      </trkpt>
      <trkpt lat="35.79147672280669" lon="139.7231104876846">
        <ele>-1.9</ele>
      </trkpt>
      <trkpt lat="35.791340097784996" lon="139.72338013350964">
        <ele>-1.84</ele>
      </trkpt>
      <trkpt lat="35.79120397567749" lon="139.72364902496338">
        <ele>-1.54</ele>
      </trkpt>
      <trkpt lat="35.791053688153625" lon="139.72387433052063">
        <ele>-1.01</ele>
      </trkpt>
      <trkpt lat="35.79090356826782" lon="139.72409963607788">
        <ele>-0.62</ele>
      </trkpt>
      <trkpt lat="35.790860736742616" lon="139.72431421279907">
        <ele>-0.3</ele>
      </trkpt>
      <trkpt lat="35.790817737579346" lon="139.7245717048645">
        <ele>-0.03</ele>
      </trkpt>
      <trkpt lat="35.7908821105957" lon="139.7246789932251">
        <ele>0.31</ele>
      </trkpt>
      <trkpt lat="35.79113549552858" lon="139.72478963434696">
        <ele>0.73</ele>
      </trkpt>
      <trkpt lat="35.791388880461454" lon="139.72490027546883">
        <ele>1.12</ele>
      </trkpt>
      <trkpt lat="35.79164234921336" lon="139.7250109165907">
        <ele>1.39</ele>
      </trkpt>
      <trkpt lat="35.79189573414624" lon="139.72512155771255">
        <ele>1.7</ele>
      </trkpt>
      <trkpt lat="35.792149202898145" lon="139.72523219883442">
        <ele>2.14</ele>
      </trkpt>
      <trkpt lat="35.79240560531616" lon="139.7253441810608">
        <ele>2.56</ele>
      </trkpt>
      <trkpt lat="35.79251297749579" lon="139.7254514694214">
        <ele>2.9</ele>
      </trkpt>
      <trkpt lat="35.79257735051215" lon="139.72566629759967">
        <ele>3.25</ele>
      </trkpt>
      <trkpt lat="35.79264163970947" lon="139.72588062286377">
        <ele>3.48</ele>
      </trkpt>
      <trkpt lat="35.79267382621765" lon="139.72613853402436">
        <ele>3.59</ele>
      </trkpt>
      <trkpt lat="35.79270601272583" lon="139.72639560699463">
        <ele>3.74</ele>
      </trkpt>
      <trkpt lat="35.792813301086426" lon="139.72665309906006">
        <ele>3.95</ele>
      </trkpt>
      <trkpt lat="35.79292058944702" lon="139.72673892974854">
        <ele>4.16</ele>
      </trkpt>
      <trkpt lat="35.79314178787172" lon="139.72681025974452">
        <ele>4.38</ele>
      </trkpt>
      <trkpt lat="35.79336307011545" lon="139.72688158974051">
        <ele>4.62</ele>
      </trkpt>
      <trkpt lat="35.79358586110175" lon="139.72695350646973">
        <ele>4.81</ele>
      </trkpt>
      <trkpt lat="35.793585777282715" lon="139.72695350646973">
        <ele>4.94</ele>
      </trkpt>
      <trkpt lat="35.79365015029907" lon="139.72706079483032">
        <ele>5.07</ele>
      </trkpt>
      <trkpt lat="35.79365015029907" lon="139.72733974456787">
        <ele>5.15</ele>
      </trkpt>
      <trkpt lat="35.79356415197253" lon="139.72762623801827">
        <ele>5.17</ele>
      </trkpt>
      <trkpt lat="35.793478237465024" lon="139.72791273146868">
        <ele>5.16</ele>
      </trkpt>
      <trkpt lat="35.793392742052674" lon="139.72819805145264">
        <ele>5.19</ele>
      </trkpt>
      <trkpt lat="35.79330456443131" lon="139.72844548523426">
        <ele>5.25</ele>
      </trkpt>
      <trkpt lat="35.793216386809945" lon="139.72869291901588">
        <ele>5.34</ele>
      </trkpt>
      <trkpt lat="35.79312862828374" lon="139.72893943078816">
        <ele>5.44</ele>
      </trkpt>
      <trkpt lat="35.79303056001663" lon="139.72921477630734">
        <ele>5.49</ele>
      </trkpt>
      <trkpt lat="35.792932491749525" lon="139.72949012182653">
        <ele>5.47</ele>
      </trkpt>
      <trkpt lat="35.79283484257758" lon="139.72976446151733">
        <ele>5.42</ele>
      </trkpt>
      <trkpt lat="35.792834758758545" lon="139.72976446151733">
        <ele>5.4</ele>
      </trkpt>
      <trkpt lat="35.79270802438259" lon="139.7300884220749">
        <ele>5.36</ele>
      </trkpt>
      <trkpt lat="35.79258129000664" lon="139.7304123826325">
        <ele>5.21</ele>
      </trkpt>
      <trkpt lat="35.792454555630684" lon="139.73073634319007">
        <ele>5.16</ele>
      </trkpt>
      <trkpt lat="35.79232782125473" lon="139.73106030374765">
        <ele>5.15</ele>
      </trkpt>
      <trkpt lat="35.79220108687878" lon="139.73138434812427">
        <ele>5.02</ele>
      </trkpt>
      <trkpt lat="35.792074436321855" lon="139.73170830868185">
        <ele>4.97</ele>
      </trkpt>
      <trkpt lat="35.7919477019459" lon="139.73203226923943">
        <ele>5.06</ele>
      </trkpt>
      <trkpt lat="35.79182096756995" lon="139.732356229797">
        <ele>5.19</ele>
      </trkpt>
      <trkpt lat="35.791694233193994" lon="139.73268019035459">
        <ele>5.09</ele>
      </trkpt>
      <trkpt lat="35.79156900756061" lon="139.73300046287477">
        <ele>4.98</ele>
      </trkpt>
      <trkpt lat="35.79143523238599" lon="139.73334219306707">
        <ele>4.73</ele>
      </trkpt>
      <trkpt lat="35.79130154103041" lon="139.7336840070784">
        <ele>4.43</ele>
      </trkpt>
      <trkpt lat="35.79116784967482" lon="139.73402582108974">
        <ele>4.31</ele>
      </trkpt>
      <trkpt lat="35.791034158319235" lon="139.73436763510108">
        <ele>4.37</ele>
      </trkpt>
      <trkpt lat="35.79090046696365" lon="139.73470936529338">
        <ele>4.44</ele>
      </trkpt>
      <trkpt lat="35.79076677560806" lon="139.73505117930472">
        <ele>4.62</ele>
      </trkpt>
      <trkpt lat="35.79063308425248" lon="139.73539299331605">
        <ele>4.79</ele>
      </trkpt>
      <trkpt lat="35.79049939289689" lon="139.73573472350836">
        <ele>4.81</ele>
      </trkpt>
      <trkpt lat="35.790367126464844" lon="139.73607301712036">
        <ele>4.83</ele>
      </trkpt>
      <trkpt lat="35.79023108817637" lon="139.73633067682385">
        <ele>4.85</ele>
      </trkpt>
      <trkpt lat="35.79009513370693" lon="139.73658833652735">
        <ele>4.9</ele>
      </trkpt>
      <trkpt lat="35.78995943069458" lon="139.73684549331665">
        <ele>4.79</ele>
      </trkpt>
      <trkpt lat="35.789782321080565" lon="139.7371352557093">
        <ele>4.8</ele>
      </trkpt>
      <trkpt lat="35.78960521146655" lon="139.73742501810193">
        <ele>4.84</ele>
      </trkpt>
      <trkpt lat="35.789428101852536" lon="139.7377148643136">
        <ele>4.73</ele>
      </trkpt>
      <trkpt lat="35.78925132751465" lon="139.73800420761108">
        <ele>4.55</ele>
      </trkpt>
      <trkpt lat="35.78909953124821" lon="139.7381964046508">
        <ele>4.48</ele>
      </trkpt>
      <trkpt lat="35.788947734981775" lon="139.73838860169053">
        <ele>4.52</ele>
      </trkpt>
      <trkpt lat="35.78879593871534" lon="139.73858096636832">
        <ele>4.41</ele>
      </trkpt>
      <trkpt lat="35.788947651162744" lon="139.73838868550956">
        <ele>4.51</ele>
      </trkpt>
      <trkpt lat="35.78909944742918" lon="139.73819648846984">
        <ele>4.47</ele>
      </trkpt>
      <trkpt lat="35.78925132751465" lon="139.73800420761108">
        <ele>4.53</ele>
      </trkpt>
      <trkpt lat="35.78942835330963" lon="139.7377143613994">
        <ele>4.71</ele>
      </trkpt>
      <trkpt lat="35.789605462923646" lon="139.73742459900677">
        <ele>4.81</ele>
      </trkpt>
      <trkpt lat="35.78978257253766" lon="139.73713483661413">
        <ele>4.75</ele>
      </trkpt>
      <trkpt lat="35.78995943069458" lon="139.73684549331665">
        <ele>4.72</ele>
      </trkpt>
      <trkpt lat="35.79009538516402" lon="139.73658774979413">
        <ele>4.83</ele>
      </trkpt>
      <trkpt lat="35.790231339633465" lon="139.73633009009063">
        <ele>4.76</ele>
      </trkpt>
      <trkpt lat="35.790367126464844" lon="139.73607301712036">
        <ele>4.73</ele>
      </trkpt>
      <trkpt lat="35.790497129783034" lon="139.73574059084058">
        <ele>4.7</ele>
      </trkpt>
      <trkpt lat="35.790627133101225" lon="139.7354081645608">
        <ele>4.67</ele>
      </trkpt>
      <trkpt lat="35.79075722023845" lon="139.735075738281">
        <ele>4.51</ele>
      </trkpt>
      <trkpt lat="35.79088722355664" lon="139.73474339582026">
        <ele>4.33</ele>
      </trkpt>
      <trkpt lat="35.79101722687483" lon="139.73441096954048">
        <ele>4.26</ele>
      </trkpt>
      <trkpt lat="35.79114731401205" lon="139.7340785432607">
        <ele>4.23</ele>
      </trkpt>
      <trkpt lat="35.79127731733024" lon="139.73374620079994">
        <ele>4.31</ele>
      </trkpt>
      <trkpt lat="35.79140732064843" lon="139.73341377452016">
        <ele>4.6</ele>
      </trkpt>
      <trkpt lat="35.791537407785654" lon="139.73308134824038">
        <ele>4.85</ele>
      </trkpt>
      <trkpt lat="35.791667411103845" lon="139.73274900577962">
        <ele>5.0</ele>
      </trkpt>
      <trkpt lat="35.791797414422035" lon="139.73241657949984">
        <ele>5.1</ele>
      </trkpt>
      <trkpt lat="35.79192750155926" lon="139.73208415322006">
        <ele>5.0</ele>
      </trkpt>
      <trkpt lat="35.79205750487745" lon="139.73175172694027">
        <ele>4.9</ele>
      </trkpt>
      <trkpt lat="35.79218750819564" lon="139.73141938447952">
        <ele>4.94</ele>
      </trkpt>
      <trkpt lat="35.79231759533286" lon="139.73108695819974">
        <ele>5.09</ele>
      </trkpt>
      <trkpt lat="35.79244759865105" lon="139.73075453191996">
        <ele>5.12</ele>
      </trkpt>
      <trkpt lat="35.79257760196924" lon="139.73042210564017">
        <ele>5.17</ele>
      </trkpt>
      <trkpt lat="35.792707689106464" lon="139.73008976317942">
        <ele>5.32</ele>
      </trkpt>
      <trkpt lat="35.792834758758545" lon="139.72976446151733">
        <ele>5.37</ele>
      </trkpt>
      <trkpt lat="35.79283484257758" lon="139.72976446151733">
        <ele>5.39</ele>
      </trkpt>
      <trkpt lat="35.79294648952782" lon="139.72945072688162">
        <ele>5.45</ele>
      </trkpt>
      <trkpt lat="35.7930582202971" lon="139.72913707606494">
        <ele>5.46</ele>
      </trkpt>
      <trkpt lat="35.793169951066375" lon="139.72882342524827">
        <ele>5.37</ele>
      </trkpt>
      <trkpt lat="35.79328168183565" lon="139.72850969061255">
        <ele>5.27</ele>
      </trkpt>
      <trkpt lat="35.793392742052674" lon="139.72819805145264">
        <ele>5.21</ele>
      </trkpt>
      <trkpt lat="35.79347865656018" lon="139.7279114741832">
        <ele>5.2</ele>
      </trkpt>
      <trkpt lat="35.79356457106769" lon="139.7276249807328">
        <ele>5.22</ele>
      </trkpt>
      <trkpt lat="35.79365015029907" lon="139.72733974456787">
        <ele>5.21</ele>
      </trkpt>
      <trkpt lat="35.79365015029907" lon="139.72706079483032">
        <ele>5.14</ele>
      </trkpt>
      <trkpt lat="35.793585777282715" lon="139.72695350646973">
        <ele>5.01</ele>
      </trkpt>
      <trkpt lat="35.79358586110175" lon="139.72695350646973">
        <ele>4.88</ele>
      </trkpt>
      <trkpt lat="35.79336457885802" lon="139.7268820926547">
        <ele>4.69</ele>
      </trkpt>
      <trkpt lat="35.79314329661429" lon="139.72681076265872">
        <ele>4.46</ele>
      </trkpt>
      <trkpt lat="35.79292058944702" lon="139.72673892974854">
        <ele>4.25</ele>
      </trkpt>
      <trkpt lat="35.792813301086426" lon="139.72665309906006">
        <ele>4.03</ele>
      </trkpt>
      <trkpt lat="35.79270601272583" lon="139.72639560699463">
        <ele>3.83</ele>
      </trkpt>
      <trkpt lat="35.79267374239862" lon="139.726137612015">
        <ele>3.67</ele>
      </trkpt>
      <trkpt lat="35.79264163970947" lon="139.72588062286377">
        <ele>3.56</ele>
      </trkpt>
      <trkpt lat="35.79257718287408" lon="139.72566571086645">
        <ele>3.31</ele>
      </trkpt>
      <trkpt lat="35.79251297749579" lon="139.7254514694214">
        <ele>2.95</ele>
      </trkpt>
      <trkpt lat="35.79240560531616" lon="139.7253441810608">
        <ele>2.59</ele>
      </trkpt>
      <trkpt lat="35.792152136564255" lon="139.7252334561199">
        <ele>2.15</ele>
      </trkpt>
      <trkpt lat="35.79189875163138" lon="139.72512281499803">
        <ele>1.7</ele>
      </trkpt>
      <trkpt lat="35.79164528287947" lon="139.72501217387617">
        <ele>1.37</ele>
      </trkpt>
      <trkpt lat="35.791391897946596" lon="139.7249015327543">
        <ele>1.1</ele>
      </trkpt>
      <trkpt lat="35.79113842919469" lon="139.72479089163244">
        <ele>0.69</ele>
      </trkpt>
      <trkpt lat="35.7908821105957" lon="139.7246789932251">
        <ele>0.25</ele>
      </trkpt>
      <trkpt lat="35.790817737579346" lon="139.7245717048645">
        <ele>-0.09</ele>
      </trkpt>
      <trkpt lat="35.790860736742616" lon="139.72431421279907">
        <ele>-0.37</ele>
      </trkpt>
      <trkpt lat="35.79090356826782" lon="139.72409963607788">
        <ele>-0.71</ele>
      </trkpt>
      <trkpt lat="35.791053771972656" lon="139.7238742467016">
        <ele>-1.11</ele>
      </trkpt>
      <trkpt lat="35.79120397567749" lon="139.72364902496338">
        <ele>-1.65</ele>
      </trkpt>
      <trkpt lat="35.791343534365296" lon="139.7233734279871">
        <ele>-1.93</ele>
      </trkpt>
      <trkpt lat="35.7914830930531" lon="139.72309783101082">
        <ele>-2.0</ele>
      </trkpt>
      <trkpt lat="35.79162265174091" lon="139.72282223403454">
        <ele>-2.19</ele>
      </trkpt>
      <trkpt lat="35.79176229424775" lon="139.72254663705826">
        <ele>-2.42</ele>
      </trkpt>
      <trkpt lat="35.79190185293555" lon="139.722271123901">
        <ele>-2.72</ele>
      </trkpt>
      <trkpt lat="35.79204082489014" lon="139.7219967842102">
        <ele>-2.98</ele>
      </trkpt>
      <trkpt lat="35.792153561487794" lon="139.72173359245062">
        <ele>-2.95</ele>
      </trkpt>
      <trkpt lat="35.79226629808545" lon="139.72147048451006">
        <ele>-2.92</ele>
      </trkpt>
      <trkpt lat="35.79237911850214" lon="139.7212073765695">
        <ele>-3.02</ele>
      </trkpt>
      <trkpt lat="35.79249143600464" lon="139.72094535827637">
        <ele>-3.14</ele>
      </trkpt>
      <trkpt lat="35.79261314123869" lon="139.720608741045">
        <ele>-3.17</ele>
      </trkpt>
      <trkpt lat="35.79273484647274" lon="139.72027212381363">
        <ele>-3.4</ele>
      </trkpt>
      <trkpt lat="35.792856216430664" lon="139.71993684768677">
        <ele>-3.66</ele>
      </trkpt>
      <trkpt lat="35.793049335479736" lon="139.71965789794922">
        <ele>-3.85</ele>
      </trkpt>
      <trkpt lat="35.79313516616821" lon="139.71947534009814">
        <ele>-3.91</ele>
      </trkpt>
      <trkpt lat="35.79322099685669" lon="139.7192931175232">
        <ele>-3.89</ele>
      </trkpt>
      <trkpt lat="35.79327824525535" lon="139.71892766654491">
        <ele>-3.62</ele>
      </trkpt>
      <trkpt lat="35.793335577473044" lon="139.71856221556664">
        <ele>-3.37</ele>
      </trkpt>
      <trkpt lat="35.79339265823364" lon="139.71819877624512">
        <ele>-3.3</ele>
      </trkpt>
      <trkpt lat="35.79337120056152" lon="139.71791982650757">
        <ele>-3.35</ele>
      </trkpt>
      <trkpt lat="35.79341411590576" lon="139.7176511026919">
        <ele>-3.46</ele>
      </trkpt>
      <trkpt lat="35.79345703125" lon="139.7173833847046">
        <ele>-3.5</ele>
      </trkpt>
      <trkpt lat="35.79353867098689" lon="139.71703520044684">
        <ele>-3.43</ele>
      </trkpt>
      <trkpt lat="35.79362031072378" lon="139.7166870161891">
        <ele>-3.4</ele>
      </trkpt>
      <trkpt lat="35.793702034279704" lon="139.71633883193135">
        <ele>-3.45</ele>
      </trkpt>
      <trkpt lat="35.793783674016595" lon="139.71599056385458">
        <ele>-3.3</ele>
      </trkpt>
      <trkpt lat="35.793864727020264" lon="139.71564531326294">
        <ele>-2.79</ele>
      </trkpt>
      <trkpt lat="35.79398274421692" lon="139.71541984006763">
        <ele>-2.61</ele>
      </trkpt>
      <trkpt lat="35.794100761413574" lon="139.71519470214844">
        <ele>-2.6</ele>
      </trkpt>
      <trkpt lat="35.79417955130339" lon="139.71487225033343">
        <ele>-2.61</ele>
      </trkpt>
      <trkpt lat="35.7942583411932" lon="139.71454988233745">
        <ele>-2.52</ele>
      </trkpt>
      <trkpt lat="35.794336795806885" lon="139.71422910690308">
        <ele>-2.48</ele>
      </trkpt>
      <trkpt lat="35.79433687962592" lon="139.71422910690308">
        <ele>-2.25</ele>
      </trkpt>
      <trkpt lat="35.794422794133425" lon="139.71387798897922">
        <ele>-1.79</ele>
      </trkpt>
      <trkpt lat="35.794508792459965" lon="139.7135269548744">
        <ele>-1.24</ele>
      </trkpt>
      <trkpt lat="35.79459470696747" lon="139.71317592076957">
        <ele>-0.83</ele>
      </trkpt>
      <trkpt lat="35.79468070529401" lon="139.71282488666475">
        <ele>-0.87</ele>
      </trkpt>
      <trkpt lat="35.79476661980152" lon="139.71247385255992">
        <ele>-0.77</ele>
      </trkpt>
      <trkpt lat="35.794851779937744" lon="139.7121262550354">
        <ele>-0.45</ele>
      </trkpt>
      <trkpt lat="35.794851863756776" lon="139.7121262550354">
        <ele>-0.19</ele>
      </trkpt>
      <trkpt lat="35.79494498670101" lon="139.71176088787615">
        <ele>0.0</ele>
      </trkpt>
      <trkpt lat="35.79503810964525" lon="139.7113955207169">
        <ele>0.19</ele>
      </trkpt>
      <trkpt lat="35.795130813494325" lon="139.71103191375732">
        <ele>0.74</ele>
      </trkpt>
      <trkpt lat="35.79520239494741" lon="139.71077400259674">
        <ele>1.08</ele>
      </trkpt>
      <trkpt lat="35.795273976400495" lon="139.71051609143615">
        <ele>1.24</ele>
      </trkpt>
      <trkpt lat="35.795345306396484" lon="139.71025943756104">
        <ele>1.44</ele>
      </trkpt>
      <trkpt lat="35.79540976323187" lon="139.70990471541882">
        <ele>1.66</ele>
      </trkpt>
      <trkpt lat="35.7954740524292" lon="139.7095513343811">
        <ele>1.82</ele>
      </trkpt>
      <trkpt lat="35.79547413624823" lon="139.7095513343811">
        <ele>2.02</ele>
      </trkpt>
      <trkpt lat="35.79555292613804" lon="139.7092288825661">
        <ele>2.11</ele>
      </trkpt>
      <trkpt lat="35.795631716027856" lon="139.70890651457012">
        <ele>2.39</ele>
      </trkpt>
      <trkpt lat="35.79571017064154" lon="139.70858573913574">
        <ele>2.73</ele>
      </trkpt>
      <trkpt lat="35.7957745436579" lon="139.70834970474243">
        <ele>2.91</ele>
      </trkpt>
      <trkpt lat="35.79594620503485" lon="139.70809212885797">
        <ele>3.15</ele>
      </trkpt>
      <trkpt lat="35.796117866411805" lon="139.7078345529735">
        <ele>3.08</ele>
      </trkpt>
      <trkpt lat="35.79628952778876" lon="139.70757706090808">
        <ele>2.97</ele>
      </trkpt>
      <trkpt lat="35.79646110534668" lon="139.7073197364807">
        <ele>2.98</ele>
      </trkpt>
      <trkpt lat="35.79652556218207" lon="139.7073197364807">
        <ele>3.05</ele>
      </trkpt>
      <trkpt lat="35.7964341994375" lon="139.70762056298554">
        <ele>3.09</ele>
      </trkpt>
      <trkpt lat="35.79634283669293" lon="139.70792138949037">
        <ele>3.2</ele>
      </trkpt>
      <trkpt lat="35.79625155776739" lon="139.7082222159952">
        <ele>3.21</ele>
      </trkpt>
      <trkpt lat="35.79616078175604" lon="139.70852136611938">
        <ele>3.18</ele>
      </trkpt>
      <trkpt lat="35.796117866411805" lon="139.70862865447998">
        <ele>3.13</ele>
      </trkpt>
      <trkpt lat="35.79602465964854" lon="139.70897248014808">
        <ele>3.05</ele>
      </trkpt>
      <trkpt lat="35.7959315367043" lon="139.70931630581617">
        <ele>2.96</ele>
      </trkpt>
      <trkpt lat="35.795838916674256" lon="139.7096586227417">
        <ele>2.9</ele>
      </trkpt>
      <trkpt lat="35.795838832855225" lon="139.7096586227417">
        <ele>2.82</ele>
      </trkpt>
      <trkpt lat="35.795795833691955" lon="139.70992726273835">
        <ele>2.76</ele>
      </trkpt>
      <trkpt lat="35.79575300216675" lon="139.71019506454468">
        <ele>2.69</ele>
      </trkpt>
      <trkpt lat="35.79566700384021" lon="139.71052455715835">
        <ele>2.53</ele>
      </trkpt>
      <trkpt lat="35.7955810893327" lon="139.71085413359106">
        <ele>2.4</ele>
      </trkpt>
      <trkpt lat="35.79549559392035" lon="139.71118211746216">
        <ele>2.33</ele>
      </trkpt>
      <trkpt lat="35.79540238715708" lon="139.71154027618468">
        <ele>2.24</ele>
      </trkpt>
      <trkpt lat="35.79530926421285" lon="139.7118984349072">
        <ele>2.14</ele>
      </trkpt>
      <trkpt lat="35.7952166441828" lon="139.71225500106812">
        <ele>1.92</ele>
      </trkpt>
      <trkpt lat="35.79521656036377" lon="139.71225500106812">
        <ele>1.82</ele>
      </trkpt>
      <trkpt lat="35.79513592645526" lon="139.71259346231818">
        <ele>1.61</ele>
      </trkpt>
      <trkpt lat="35.79505537636578" lon="139.71293200738728">
        <ele>1.58</ele>
      </trkpt>
      <trkpt lat="35.7949748262763" lon="139.71327046863735">
        <ele>1.63</ele>
      </trkpt>
      <trkpt lat="35.794894779101014" lon="139.71360683441162">
        <ele>1.57</ele>
      </trkpt>
      <trkpt lat="35.79483744688332" lon="139.71385753713548">
        <ele>1.43</ele>
      </trkpt>
      <trkpt lat="35.79478011466563" lon="139.71410832367837">
        <ele>1.34</ele>
      </trkpt>
      <trkpt lat="35.79472311772406" lon="139.7143578529358">
        <ele>1.33</ele>
      </trkpt>
      <trkpt lat="35.79464139416814" lon="139.71470603719354">
        <ele>1.33</ele>
      </trkpt>
      <trkpt lat="35.79455975443125" lon="139.71505422145128">
        <ele>1.27</ele>
      </trkpt>
      <trkpt lat="35.794478030875325" lon="139.71540240570903">
        <ele>1.45</ele>
      </trkpt>
      <trkpt lat="35.794396391138434" lon="139.71575058996677">
        <ele>1.44</ele>
      </trkpt>
      <trkpt lat="35.7943154219538" lon="139.71609592437744">
        <ele>1.15</ele>
      </trkpt>
      <trkpt lat="35.794315338134766" lon="139.71609592437744">
        <ele>1.29</ele>
      </trkpt>
      <trkpt lat="35.794551372528076" lon="139.71622467041016">
        <ele>1.63</ele>
      </trkpt>
      <trkpt lat="35.794572830200195" lon="139.71658945083618">
        <ele>1.65</ele>
      </trkpt>
      <trkpt lat="35.79465866088867" lon="139.71678256988525">
        <ele>1.86</ele>
      </trkpt>
      <trkpt lat="35.79481917433441" lon="139.7168146725744">
        <ele>2.24</ele>
      </trkpt>
      <trkpt lat="35.79498052597046" lon="139.7168469429016">
        <ele>2.61</ele>
      </trkpt>
      <trkpt lat="35.795109272003174" lon="139.7169542312622">
        <ele>2.89</ele>
      </trkpt>
      <trkpt lat="35.79534471966326" lon="139.7169756051153">
        <ele>3.22</ele>
      </trkpt>
      <trkpt lat="35.79558142460883" lon="139.71699714660645">
        <ele>3.43</ele>
      </trkpt>
      <trkpt lat="35.79573162831366" lon="139.71701860427856">
        <ele>3.64</ele>
      </trkpt>
      <trkpt lat="35.795881832018495" lon="139.71704006195068">
        <ele>3.85</ele>
      </trkpt>
      <trkpt lat="35.79594620503485" lon="139.71704006195068">
        <ele>4.08</ele>
      </trkpt>
      <trkpt lat="35.7962251547724" lon="139.71708297729492">
        <ele>4.31</ele>
      </trkpt>
      <trkpt lat="35.79652547836304" lon="139.71708297729492">
        <ele>4.43</ele>
      </trkpt>
      <trkpt lat="35.79649320803583" lon="139.7173517011106">
        <ele>4.77</ele>
      </trkpt>
      <trkpt lat="35.79646118916571" lon="139.7176194190979">
        <ele>5.01</ele>
      </trkpt>
      <trkpt lat="35.79646118916571" lon="139.71776962280273">
        <ele>5.21</ele>
      </trkpt>
      <trkpt lat="35.7964289188385" lon="139.71802753396332">
        <ele>5.34</ele>
      </trkpt>
      <trkpt lat="35.796396816149354" lon="139.7182846069336">
        <ele>5.48</ele>
      </trkpt>
      <trkpt lat="35.79639673233032" lon="139.7182846069336">
        <ele>5.63</ele>
      </trkpt>
      <trkpt lat="35.796368066221476" lon="139.7185497265309">
        <ele>5.74</ele>
      </trkpt>
      <trkpt lat="35.79633940011263" lon="139.71881484612823">
        <ele>5.86</ele>
      </trkpt>
      <trkpt lat="35.79631098546088" lon="139.719078540802">
        <ele>6.02</ele>
      </trkpt>
      <trkpt lat="35.796332443133" lon="139.71914291381836">
        <ele>6.15</ele>
      </trkpt>
      <trkpt lat="35.7964254822582" lon="139.71945086494088">
        <ele>6.31</ele>
      </trkpt>
      <trkpt lat="35.796518605202436" lon="139.71975889988244">
        <ele>6.37</ele>
      </trkpt>
      <trkpt lat="35.796611309051514" lon="139.72006559371948">
        <ele>6.35</ele>
      </trkpt>
      <trkpt lat="35.79636127687991" lon="139.72025846131146">
        <ele>6.42</ele>
      </trkpt>
      <trkpt lat="35.7961112447083" lon="139.72045132890344">
        <ele>6.62</ele>
      </trkpt>
      <trkpt lat="35.795860374346375" lon="139.7206449508667">
        <ele>6.64</ele>
      </trkpt>
      <trkpt lat="35.79565334133804" lon="139.72073053009808">
        <ele>6.55</ele>
      </trkpt>
      <trkpt lat="35.7954463083297" lon="139.7208161931485">
        <ele>6.56</ele>
      </trkpt>
      <trkpt lat="35.79523810185492" lon="139.72090244293213">
        <ele>6.66</ele>
      </trkpt>
      <trkpt lat="35.79499175772071" lon="139.72099875099957">
        <ele>6.77</ele>
      </trkpt>
      <trkpt lat="35.79474457539618" lon="139.7210955619812">
        <ele>6.76</ele>
      </trkpt>
      <trkpt lat="35.79471590928733" lon="139.72143234685063">
        <ele>6.9</ele>
      </trkpt>
      <trkpt lat="35.79468724317849" lon="139.72176913172007">
        <ele>6.98</ele>
      </trkpt>
      <trkpt lat="35.794658744707704" lon="139.7221040725708">
        <ele>6.93</ele>
      </trkpt>
      <trkpt lat="35.79462639056146" lon="139.72238352522254">
        <ele>6.87</ele>
      </trkpt>
      <trkpt lat="35.794594287872314" lon="139.7226619720459">
        <ele>6.78</ele>
      </trkpt>
      <trkpt lat="35.794594371691346" lon="139.7226619720459">
        <ele>6.81</ele>
      </trkpt>
      <trkpt lat="35.794551372528076" lon="139.72299875691533">
        <ele>6.77</ele>
      </trkpt>
      <trkpt lat="35.794508373364806" lon="139.72333554178476">
        <ele>6.85</ele>
      </trkpt>
      <trkpt lat="35.794465374201536" lon="139.7236723266542">
        <ele>6.97</ele>
      </trkpt>
      <trkpt lat="35.794422375038266" lon="139.72400911152363">
        <ele>7.05</ele>
      </trkpt>
      <trkpt lat="35.794379375874996" lon="139.7243459802121">
        <ele>7.02</ele>
      </trkpt>
      <trkpt lat="35.79433687962592" lon="139.7246789932251">
        <ele>6.95</ele>
      </trkpt>
      <trkpt lat="35.794326066970825" lon="139.72488317638636">
        <ele>6.85</ele>
      </trkpt>
      <trkpt lat="35.794315338134766" lon="139.72508668899536">
        <ele>6.79</ele>
      </trkpt>
      <trkpt lat="35.79422221519053" lon="139.72538030706346">
        <ele>6.92</ele>
      </trkpt>
      <trkpt lat="35.794129092246294" lon="139.7256740089506">
        <ele>6.95</ele>
      </trkpt>
      <trkpt lat="35.79403647221625" lon="139.72596645355225">
        <ele>6.89</ele>
      </trkpt>
      <trkpt lat="35.79399347305298" lon="139.72605228424072">
        <ele>6.69</ele>
      </trkpt>
      <trkpt lat="35.79397201538086" lon="139.72618103027344">
        <ele>6.51</ele>
      </trkpt>
      <trkpt lat="35.79395064152777" lon="139.72630977630615">
        <ele>6.35</ele>
      </trkpt>
      <trkpt lat="35.79389682970941" lon="139.7265784163028">
        <ele>6.09</ele>
      </trkpt>
      <trkpt lat="35.793843269348145" lon="139.72684621810913">
        <ele>5.96</ele>
      </trkpt>
      <trkpt lat="35.793843353167176" lon="139.72684621810913">
        <ele>5.87</ele>
      </trkpt>
      <trkpt lat="35.793778812512755" lon="139.72717931494117">
        <ele>5.83</ele>
      </trkpt>
      <trkpt lat="35.79371452331543" lon="139.72751140594482">
        <ele>5.67</ele>
      </trkpt>
      <trkpt lat="35.79363573342562" lon="139.72779789939523">
        <ele>5.54</ele>
      </trkpt>
      <trkpt lat="35.793556943535805" lon="139.72808447666466">
        <ele>5.41</ele>
      </trkpt>
      <trkpt lat="35.79347857274115" lon="139.7283697128296">
        <ele>5.36</ele>
      </trkpt>
      <trkpt lat="35.79347848892212" lon="139.72851991653442">
        <ele>5.32</ele>
      </trkpt>
      <trkpt lat="35.79338176175952" lon="139.72886374220252">
        <ele>5.33</ele>
      </trkpt>
      <trkpt lat="35.79328545369208" lon="139.72920656204224">
        <ele>5.35</ele>
      </trkpt>
      <trkpt lat="35.793154360726476" lon="139.72954485565424">
        <ele>5.29</ele>
      </trkpt>
      <trkpt lat="35.793023351579905" lon="139.72988323308527">
        <ele>5.03</ele>
      </trkpt>
      <trkpt lat="35.7928922586143" lon="139.7302216105163">
        <ele>4.74</ele>
      </trkpt>
      <trkpt lat="35.79276124946773" lon="139.73055998794734">
        <ele>4.63</ele>
      </trkpt>
      <trkpt lat="35.79263024032116" lon="139.73089836537838">
        <ele>4.63</ele>
      </trkpt>
      <trkpt lat="35.79249914735556" lon="139.73123674280941">
        <ele>4.65</ele>
      </trkpt>
      <trkpt lat="35.792368138208985" lon="139.73157512024045">
        <ele>4.56</ele>
      </trkpt>
      <trkpt lat="35.792237129062414" lon="139.73191341385245">
        <ele>4.47</ele>
      </trkpt>
      <trkpt lat="35.79210603609681" lon="139.7322517912835">
        <ele>4.37</ele>
      </trkpt>
      <trkpt lat="35.79197502695024" lon="139.73259016871452">
        <ele>4.21</ele>
      </trkpt>
      <trkpt lat="35.79184401780367" lon="139.73292854614556">
        <ele>4.06</ele>
      </trkpt>
      <trkpt lat="35.791712924838066" lon="139.7332669235766">
        <ele>3.89</ele>
      </trkpt>
      <trkpt lat="35.791581915691495" lon="139.7336052171886">
        <ele>3.69</ele>
      </trkpt>
      <trkpt lat="35.791450906544924" lon="139.73394359461963">
        <ele>3.54</ele>
      </trkpt>
      <trkpt lat="35.79131981357932" lon="139.73428197205067">
        <ele>3.54</ele>
      </trkpt>
      <trkpt lat="35.79118880443275" lon="139.7346203494817">
        <ele>3.67</ele>
      </trkpt>
      <trkpt lat="35.79105779528618" lon="139.73495872691274">
        <ele>3.79</ele>
      </trkpt>
      <trkpt lat="35.790926702320576" lon="139.73529702052474">
        <ele>3.94</ele>
      </trkpt>
      <trkpt lat="35.790795693174005" lon="139.73563539795578">
        <ele>3.96</ele>
      </trkpt>
      <trkpt lat="35.79066761769354" lon="139.73596572875977">
        <ele>3.82</ele>
      </trkpt>
      <trkpt lat="35.790581703186035" lon="139.73613739013672">
        <ele>3.74</ele>
      </trkpt>
      <trkpt lat="35.79058178700507" lon="139.73613739013672">
        <ele>3.59</ele>
      </trkpt>
      <trkpt lat="35.79043501988053" lon="139.73642363213003">
        <ele>3.44</ele>
      </trkpt>
      <trkpt lat="35.790288252756" lon="139.73670995794237">
        <ele>3.21</ele>
      </trkpt>
      <trkpt lat="35.790141485631466" lon="139.7369962837547">
        <ele>3.02</ele>
      </trkpt>
      <trkpt lat="35.78999471850693" lon="139.73728260956705">
        <ele>2.88</ele>
      </trkpt>
      <trkpt lat="35.78984803520143" lon="139.7375689353794">
        <ele>2.66</ele>
      </trkpt>
      <trkpt lat="35.78970193862915" lon="139.73785400390625">
        <ele>2.3</ele>
      </trkpt>
      <trkpt lat="35.78950881958008" lon="139.7381006833166">
        <ele>2.0</ele>
      </trkpt>
      <trkpt lat="35.78931578435004" lon="139.73834744654596">
        <ele>1.79</ele>
      </trkpt>
      <trkpt lat="35.789122665300965" lon="139.7385941259563">
        <ele>1.61</ele>
      </trkpt>
      <trkpt lat="35.788929630070925" lon="139.73884088918567">
        <ele>1.36</ele>
      </trkpt>
      <trkpt lat="35.78873651102185" lon="139.73908765241504">
        <ele>1.04</ele>
      </trkpt>
      <trkpt lat="35.78854330815375" lon="139.73933458328247">
        <ele>0.78</ele>
      </trkpt>
      <trkpt lat="35.78833417966962" lon="139.7395328991115">
        <ele>0.69</ele>
      </trkpt>
      <trkpt lat="35.78812513500452" lon="139.73973121494055">
        <ele>0.81</ele>
      </trkpt>
      <trkpt lat="35.78791609033942" lon="139.7399295307696">
        <ele>0.92</ele>
      </trkpt>
      <trkpt lat="35.7877064589411" lon="139.74012851715088">
        <ele>0.97</ele>
      </trkpt>
      <trkpt lat="35.78749196603894" lon="139.74033219739795">
        <ele>1.0</ele>
      </trkpt>
      <trkpt lat="35.78727722167969" lon="139.74053621292114">
        <ele>1.04</ele>
      </trkpt>
      <trkpt lat="35.78700573183596" lon="139.7407289966941">
        <ele>1.24</ele>
      </trkpt>
      <trkpt lat="35.78673432581127" lon="139.74092186428607">
        <ele>1.45</ele>
      </trkpt>
      <trkpt lat="35.78646191395819" lon="139.74111557006836">
        <ele>1.41</ele>
      </trkpt>
      <trkpt lat="35.78623903915286" lon="139.74126979708672">
        <ele>1.34</ele>
      </trkpt>
      <trkpt lat="35.78601616434753" lon="139.7414241079241">
        <ele>1.52</ele>
      </trkpt>
      <trkpt lat="35.7857932895422" lon="139.7415784187615">
        <ele>1.64</ele>
      </trkpt>
      <trkpt lat="35.78557041473687" lon="139.74173264577985">
        <ele>1.83</ele>
      </trkpt>
      <trkpt lat="35.785346031188965" lon="139.74188804626465">
        <ele>2.14</ele>
      </trkpt>
      <trkpt lat="35.785078229382634" lon="139.74204864352942">
        <ele>2.51</ele>
      </trkpt>
      <trkpt lat="35.784809589385986" lon="139.74220991134644">
        <ele>2.88</ele>
      </trkpt>
      <trkpt lat="35.78460959717631" lon="139.74232415668666">
        <ele>3.18</ele>
      </trkpt>
      <trkpt lat="35.78440968878567" lon="139.7424384020269">
        <ele>3.61</ele>
      </trkpt>
      <trkpt lat="35.78420877456665" lon="139.74255323410034">
        <ele>4.19</ele>
      </trkpt>
      <trkpt lat="35.78406427055597" lon="139.74259262904525">
        <ele>4.85</ele>
      </trkpt>
      <trkpt lat="35.78376688063145" lon="139.74272179417312">
        <ele>5.4</ele>
      </trkpt>
      <trkpt lat="35.78346957452595" lon="139.74285104312003">
        <ele>5.94</ele>
      </trkpt>
      <trkpt lat="35.783247705549" lon="139.74294751882553">
        <ele>6.48</ele>
      </trkpt>
      <trkpt lat="35.78297143802047" lon="139.7430521249771">
        <ele>7.04</ele>
      </trkpt>
      <trkpt lat="35.78268729150295" lon="139.7432204335928">
        <ele>7.39</ele>
      </trkpt>
      <trkpt lat="35.78240322880447" lon="139.74338874220848">
        <ele>7.54</ele>
      </trkpt>
      <trkpt lat="35.782119166105986" lon="139.74355705082417">
        <ele>7.47</ele>
      </trkpt>
      <trkpt lat="35.7818351034075" lon="139.74372535943985">
        <ele>7.38</ele>
      </trkpt>
      <trkpt lat="35.781789841130376" lon="139.74375218153">
        <ele>7.56</ele>
      </trkpt>
    </trkseg>
  </trk>
</gpx>
