<?xml version="1.0" encoding="UTF-8"?>
<gpx creator="Garmin Connect" version="1.1"
  xsi:schemaLocation="http://www.topografix.com/GPX/1/1 http://www.topografix.com/GPX/11.xsd"
  xmlns:ns3="http://www.garmin.com/xmlschemas/TrackPointExtension/v1"
  xmlns="http://www.topografix.com/GPX/1/1"
  xmlns:xsi="http://www.w3.org/2001/XMLSchema-instance" xmlns:ns2="http://www.garmin.com/xmlschemas/GpxExtensions/v3">
  <metadata>
    <name>5月6日江戸川区東寄り【決定】</name>
    <link href="connect.garmin.com">
      <text>Garmin Connect</text>
    </link>
    <time>2026-05-07T15:13:13.000Z</time>
  </metadata>
  <trk>
    <name>5月6日江戸川区東寄り【決定】</name>
    <trkseg>
      <trkpt lat="35.78183988109231" lon="139.7437709569931">
        <ele>5.79</ele>
      </trkpt>
      <trkpt lat="35.78155850060284" lon="139.7439458873123">
        <ele>5.05</ele>
      </trkpt>
      <trkpt lat="35.78127712011337" lon="139.74412081763148">
        <ele>3.91</ele>
      </trkpt>
      <trkpt lat="35.780995739623904" lon="139.74429574795067">
        <ele>2.68</ele>
      </trkpt>
      <trkpt lat="35.780714359134436" lon="139.74447067826986">
        <ele>2.08</ele>
      </trkpt>
      <trkpt lat="35.78043297864497" lon="139.74464560858905">
        <ele>1.98</ele>
      </trkpt>
      <trkpt lat="35.780338598415256" lon="139.74470419809222">
        <ele>1.97</ele>
      </trkpt>
      <trkpt lat="35.780338514596224" lon="139.74470436573029">
        <ele>2.06</ele>
      </trkpt>
      <trkpt lat="35.78002327121794" lon="139.74471777677536">
        <ele>2.34</ele>
      </trkpt>
      <trkpt lat="35.77970802783966" lon="139.74473127163947">
        <ele>2.64</ele>
      </trkpt>
      <trkpt lat="35.77939278446138" lon="139.74474468268454">
        <ele>3.1</ele>
      </trkpt>
      <trkpt lat="35.77933335676789" lon="139.7447471972555">
        <ele>3.49</ele>
      </trkpt>
      <trkpt lat="35.77933318912983" lon="139.74474728107452">
        <ele>3.82</ele>
      </trkpt>
      <trkpt lat="35.77906840480864" lon="139.7449575830251">
        <ele>4.01</ele>
      </trkpt>
      <trkpt lat="35.77880362048745" lon="139.7451679687947">
        <ele>3.92</ele>
      </trkpt>
      <trkpt lat="35.77853875234723" lon="139.74537827074528">
        <ele>3.91</ele>
      </trkpt>
      <trkpt lat="35.77827396802604" lon="139.74558865651488">
        <ele>4.16</ele>
      </trkpt>
      <trkpt lat="35.778158297762275" lon="139.7456804383546">
        <ele>4.28</ele>
      </trkpt>
      <trkpt lat="35.77815813012421" lon="139.7456806898117">
        <ele>4.35</ele>
      </trkpt>
      <trkpt lat="35.77819014899433" lon="139.74572285078466">
        <ele>4.51</ele>
      </trkpt>
      <trkpt lat="35.77806668356061" lon="139.74586525931954">
        <ele>4.49</ele>
      </trkpt>
      <trkpt lat="35.77794321812689" lon="139.74600791931152">
        <ele>4.52</ele>
      </trkpt>
      <trkpt lat="35.77775437384844" lon="139.7462266869843">
        <ele>4.49</ele>
      </trkpt>
      <trkpt lat="35.777565613389015" lon="139.74644545465708">
        <ele>4.54</ele>
      </trkpt>
      <trkpt lat="35.77737685292959" lon="139.74666422232985">
        <ele>4.44</ele>
      </trkpt>
      <trkpt lat="35.77718809247017" lon="139.74688307382166">
        <ele>4.29</ele>
      </trkpt>
      <trkpt lat="35.77699899673462" lon="139.7471022605896">
        <ele>4.24</ele>
      </trkpt>
      <trkpt lat="35.776827251538634" lon="139.747354388237">
        <ele>4.18</ele>
      </trkpt>
      <trkpt lat="35.77665559016168" lon="139.74760659970343">
        <ele>3.92</ele>
      </trkpt>
      <trkpt lat="35.77648392878473" lon="139.74785872735083">
        <ele>3.58</ele>
      </trkpt>
      <trkpt lat="35.77631243504584" lon="139.7481107711792">
        <ele>3.4</ele>
      </trkpt>
      <trkpt lat="35.77631235122681" lon="139.7481107711792">
        <ele>3.19</ele>
      </trkpt>
      <trkpt lat="35.77613063156605" lon="139.74841461516917">
        <ele>3.27</ele>
      </trkpt>
      <trkpt lat="35.77594899572432" lon="139.74871845915914">
        <ele>3.25</ele>
      </trkpt>
      <trkpt lat="35.77576735988259" lon="139.7490223031491">
        <ele>3.02</ele>
      </trkpt>
      <trkpt lat="35.775585724040866" lon="139.74932614713907">
        <ele>2.85</ele>
      </trkpt>
      <trkpt lat="35.77540408819914" lon="139.74962999112904">
        <ele>2.86</ele>
      </trkpt>
      <trkpt lat="35.77522245235741" lon="139.749933835119">
        <ele>2.21</ele>
      </trkpt>
      <trkpt lat="35.775040816515684" lon="139.75023767910898">
        <ele>1.7</ele>
      </trkpt>
      <trkpt lat="35.77485918067396" lon="139.75054152309895">
        <ele>1.65</ele>
      </trkpt>
      <trkpt lat="35.77467754483223" lon="139.7508453670889">
        <ele>1.66</ele>
      </trkpt>
      <trkpt lat="35.7744959089905" lon="139.75114921107888">
        <ele>1.4</ele>
      </trkpt>
      <trkpt lat="35.774314273148775" lon="139.75145305506885">
        <ele>1.19</ele>
      </trkpt>
      <trkpt lat="35.77413263730705" lon="139.75175689905882">
        <ele>0.79</ele>
      </trkpt>
      <trkpt lat="35.7739520072937" lon="139.75205898284912">
        <ele>0.2</ele>
      </trkpt>
      <trkpt lat="35.77383382245898" lon="139.75232200697064">
        <ele>0.01</ele>
      </trkpt>
      <trkpt lat="35.773715721443295" lon="139.7525851149112">
        <ele>-0.11</ele>
      </trkpt>
      <trkpt lat="35.77359762042761" lon="139.75284822285175">
        <ele>-0.04</ele>
      </trkpt>
      <trkpt lat="35.77347993850708" lon="139.75311040878296">
        <ele>-0.27</ele>
      </trkpt>
      <trkpt lat="35.773362927138805" lon="139.7534445952624">
        <ele>-0.47</ele>
      </trkpt>
      <trkpt lat="35.77324591577053" lon="139.75377878174186">
        <ele>-0.32</ele>
      </trkpt>
      <trkpt lat="35.77312898822129" lon="139.75411305204034">
        <ele>-0.2</ele>
      </trkpt>
      <trkpt lat="35.77301197685301" lon="139.7544472385198">
        <ele>-0.17</ele>
      </trkpt>
      <trkpt lat="35.77289504930377" lon="139.75478150881827">
        <ele>-0.35</ele>
      </trkpt>
      <trkpt lat="35.772778037935495" lon="139.75511569529772">
        <ele>-0.68</ele>
      </trkpt>
      <trkpt lat="35.77266111038625" lon="139.75544988177717">
        <ele>-1.1</ele>
      </trkpt>
      <trkpt lat="35.77254409901798" lon="139.75578415207565">
        <ele>-1.32</ele>
      </trkpt>
      <trkpt lat="35.77242851257324" lon="139.75611448287964">
        <ele>-1.31</ele>
      </trkpt>
      <trkpt lat="35.772299598902464" lon="139.7564080171287">
        <ele>-1.4</ele>
      </trkpt>
      <trkpt lat="35.77217076905072" lon="139.75670155137777">
        <ele>-1.36</ele>
      </trkpt>
      <trkpt lat="35.77204185537994" lon="139.75699508562684">
        <ele>-1.36</ele>
      </trkpt>
      <trkpt lat="35.77191302552819" lon="139.7572886198759">
        <ele>-1.31</ele>
      </trkpt>
      <trkpt lat="35.771784111857414" lon="139.75758215412498">
        <ele>-1.09</ele>
      </trkpt>
      <trkpt lat="35.77165603637695" lon="139.7578740119934">
        <ele>-1.0</ele>
      </trkpt>
      <trkpt lat="35.77147356234491" lon="139.75813150405884">
        <ele>-0.79</ele>
      </trkpt>
      <trkpt lat="35.771291172131896" lon="139.75838899612427">
        <ele>-0.64</ele>
      </trkpt>
      <trkpt lat="35.77110878191888" lon="139.7586464881897">
        <ele>-0.64</ele>
      </trkpt>
      <trkpt lat="35.7709264755249" lon="139.75890398025513">
        <ele>-0.52</ele>
      </trkpt>
      <trkpt lat="35.77073335647583" lon="139.7591399308294">
        <ele>-0.16</ele>
      </trkpt>
      <trkpt lat="35.77054032124579" lon="139.75937588140368">
        <ele>0.0</ele>
      </trkpt>
      <trkpt lat="35.770347118377686" lon="139.75961208343506">
        <ele>0.14</ele>
      </trkpt>
      <trkpt lat="35.77018266543746" lon="139.75978357717395">
        <ele>0.43</ele>
      </trkpt>
      <trkpt lat="35.770018212497234" lon="139.75995515473187">
        <ele>0.75</ele>
      </trkpt>
      <trkpt lat="35.769853591918945" lon="139.76012706756592">
        <ele>1.06</ele>
      </trkpt>
      <trkpt lat="35.76963926665485" lon="139.76029135286808">
        <ele>1.4</ele>
      </trkpt>
      <trkpt lat="35.76942494139075" lon="139.76045563817024">
        <ele>1.85</ele>
      </trkpt>
      <trkpt lat="35.7692099455744" lon="139.76062059402466">
        <ele>2.41</ele>
      </trkpt>
      <trkpt lat="35.76920986175537" lon="139.76062059402466">
        <ele>2.8</ele>
      </trkpt>
      <trkpt lat="35.768995536491275" lon="139.76078127510846">
        <ele>3.23</ele>
      </trkpt>
      <trkpt lat="35.76878070831299" lon="139.76094245910645">
        <ele>3.36</ele>
      </trkpt>
      <trkpt lat="35.7685021776706" lon="139.76108520291746">
        <ele>3.52</ele>
      </trkpt>
      <trkpt lat="35.76822373084724" lon="139.7612280305475">
        <ele>4.03</ele>
      </trkpt>
      <trkpt lat="35.76794385910034" lon="139.76137161254883">
        <ele>4.54</ele>
      </trkpt>
      <trkpt lat="35.76769550330937" lon="139.76143581792712">
        <ele>4.95</ele>
      </trkpt>
      <trkpt lat="35.767447147518396" lon="139.76150002330542">
        <ele>5.34</ele>
      </trkpt>
      <trkpt lat="35.767198791727424" lon="139.7615642286837">
        <ele>5.61</ele>
      </trkpt>
      <trkpt lat="35.76695043593645" lon="139.76162851788104">
        <ele>5.77</ele>
      </trkpt>
      <trkpt lat="35.76669931411743" lon="139.76169347763062">
        <ele>6.14</ele>
      </trkpt>
      <trkpt lat="35.766415586695075" lon="139.76178978569806">
        <ele>6.59</ele>
      </trkpt>
      <trkpt lat="35.76613185927272" lon="139.76188617758453">
        <ele>6.75</ele>
      </trkpt>
      <trkpt lat="35.76584821566939" lon="139.76198248565197">
        <ele>6.9</ele>
      </trkpt>
      <trkpt lat="35.76556214131415" lon="139.76207971572876">
        <ele>7.06</ele>
      </trkpt>
      <trkpt lat="35.76526936143637" lon="139.76220821030438">
        <ele>7.04</ele>
      </trkpt>
      <trkpt lat="35.76497666537762" lon="139.76233670488">
        <ele>6.99</ele>
      </trkpt>
      <trkpt lat="35.76468229293823" lon="139.7624659538269">
        <ele>7.1</ele>
      </trkpt>
      <trkpt lat="35.76443578116596" lon="139.76264809258282">
        <ele>7.26</ele>
      </trkpt>
      <trkpt lat="35.764189353212714" lon="139.76283023133874">
        <ele>7.11</ele>
      </trkpt>
      <trkpt lat="35.76394292525947" lon="139.76301237009466">
        <ele>6.95</ele>
      </trkpt>
      <trkpt lat="35.763695323839784" lon="139.76319551467896">
        <ele>7.07</ele>
      </trkpt>
      <trkpt lat="35.76346800662577" lon="139.76338838227093">
        <ele>6.71</ele>
      </trkpt>
      <trkpt lat="35.76324077323079" lon="139.76358133368194">
        <ele>6.13</ele>
      </trkpt>
      <trkpt lat="35.76301353983581" lon="139.76377428509295">
        <ele>5.43</ele>
      </trkpt>
      <trkpt lat="35.76278630644083" lon="139.76396715268493">
        <ele>4.81</ele>
      </trkpt>
      <trkpt lat="35.76255798339844" lon="139.76416110992432">
        <ele>4.33</ele>
      </trkpt>
      <trkpt lat="35.76245077885687" lon="139.76431131362915">
        <ele>3.93</ele>
      </trkpt>
      <trkpt lat="35.76245069503784" lon="139.76431131362915">
        <ele>3.59</ele>
      </trkpt>
      <trkpt lat="35.76225749216974" lon="139.7645902633667">
        <ele>3.12</ele>
      </trkpt>
      <trkpt lat="35.762064373120666" lon="139.76486921310425">
        <ele>2.87</ele>
      </trkpt>
      <trkpt lat="35.76187125407159" lon="139.76514824666083">
        <ele>4.19</ele>
      </trkpt>
      <trkpt lat="35.76167821884155" lon="139.76542711257935">
        <ele>3.98</ele>
      </trkpt>
      <trkpt lat="35.76149926520884" lon="139.7657312080264">
        <ele>3.51</ele>
      </trkpt>
      <trkpt lat="35.76132039539516" lon="139.76603530347347">
        <ele>2.94</ele>
      </trkpt>
      <trkpt lat="35.76114152558148" lon="139.76633948273957">
        <ele>2.47</ele>
      </trkpt>
      <trkpt lat="35.7609626557678" lon="139.76664357818663">
        <ele>2.03</ele>
      </trkpt>
      <trkpt lat="35.76078378595412" lon="139.7669476736337">
        <ele>1.75</ele>
      </trkpt>
      <trkpt lat="35.76060541905463" lon="139.76725101470947">
        <ele>1.75</ele>
      </trkpt>
      <trkpt lat="35.760605335235596" lon="139.76725101470947">
        <ele>1.52</ele>
      </trkpt>
      <trkpt lat="35.76045513153076" lon="139.76752996444702">
        <ele>1.37</ele>
      </trkpt>
      <trkpt lat="35.760339042171836" lon="139.7678436152637">
        <ele>0.8</ele>
      </trkpt>
      <trkpt lat="35.76022303663194" lon="139.76815726608038">
        <ele>0.44</ele>
      </trkpt>
      <trkpt lat="35.76010703109205" lon="139.76847091689706">
        <ele>0.32</ele>
      </trkpt>
      <trkpt lat="35.759991025552154" lon="139.76878456771374">
        <ele>0.31</ele>
      </trkpt>
      <trkpt lat="35.759875774383545" lon="139.76909637451172">
        <ele>0.27</ele>
      </trkpt>
      <trkpt lat="35.759789776057005" lon="139.76938647218049">
        <ele>0.06</ele>
      </trkpt>
      <trkpt lat="35.75970411300659" lon="139.76967573165894">
        <ele>-0.02</ele>
      </trkpt>
      <trkpt lat="35.75967184267938" lon="139.7699013724923">
        <ele>0.21</ele>
      </trkpt>
      <trkpt lat="35.759639739990234" lon="139.77012634277344">
        <ele>0.51</ele>
      </trkpt>
      <trkpt lat="35.759521555155516" lon="139.7704700846225">
        <ele>0.63</ele>
      </trkpt>
      <trkpt lat="35.759403705596924" lon="139.77081298828125">
        <ele>0.73</ele>
      </trkpt>
      <trkpt lat="35.75932843610644" lon="139.77118908427656">
        <ele>1.18</ele>
      </trkpt>
      <trkpt lat="35.75925358571112" lon="139.77156400680542">
        <ele>1.35</ele>
      </trkpt>
      <trkpt lat="35.7591961696744" lon="139.7718792501837">
        <ele>1.19</ele>
      </trkpt>
      <trkpt lat="35.7591388374567" lon="139.77219449356198">
        <ele>1.19</ele>
      </trkpt>
      <trkpt lat="35.75908184051514" lon="139.77250814437866">
        <ele>1.7</ele>
      </trkpt>
      <trkpt lat="35.7590442057699" lon="139.7728359606117">
        <ele>2.34</ele>
      </trkpt>
      <trkpt lat="35.759006571024656" lon="139.77316377684474">
        <ele>2.6</ele>
      </trkpt>
      <trkpt lat="35.758968936279416" lon="139.7734916768968">
        <ele>2.65</ele>
      </trkpt>
      <trkpt lat="35.7589316368103" lon="139.77381706237793">
        <ele>2.64</ele>
      </trkpt>
      <trkpt lat="35.75894236564636" lon="139.77403205819428">
        <ele>2.8</ele>
      </trkpt>
      <trkpt lat="35.758953178301454" lon="139.7742462158203">
        <ele>2.98</ele>
      </trkpt>
      <trkpt lat="35.7589316368103" lon="139.77460093796253">
        <ele>3.14</ele>
      </trkpt>
      <trkpt lat="35.758910179138184" lon="139.77495566010475">
        <ele>3.18</ele>
      </trkpt>
      <trkpt lat="35.75888863764703" lon="139.77531038224697">
        <ele>3.21</ele>
      </trkpt>
      <trkpt lat="35.75886734761298" lon="139.77566242218018">
        <ele>3.51</ele>
      </trkpt>
      <trkpt lat="35.75886013917625" lon="139.77594187483191">
        <ele>3.76</ele>
      </trkpt>
      <trkpt lat="35.758853014558554" lon="139.77622141130269">
        <ele>3.95</ele>
      </trkpt>
      <trkpt lat="35.75884588994086" lon="139.77649927139282">
        <ele>4.23</ele>
      </trkpt>
      <trkpt lat="35.75885812751949" lon="139.77685248479247">
        <ele>4.79</ele>
      </trkpt>
      <trkpt lat="35.75887036509812" lon="139.77720569819212">
        <ele>5.49</ele>
      </trkpt>
      <trkpt lat="35.75888268649578" lon="139.77755891159177">
        <ele>6.16</ele>
      </trkpt>
      <trkpt lat="35.75889492407441" lon="139.77791212499142">
        <ele>6.47</ele>
      </trkpt>
      <trkpt lat="35.758907245472074" lon="139.77826533839107">
        <ele>6.53</ele>
      </trkpt>
      <trkpt lat="35.758919483050704" lon="139.77861855179071">
        <ele>6.9</ele>
      </trkpt>
      <trkpt lat="35.7589316368103" lon="139.77896690368652">
        <ele>7.19</ele>
      </trkpt>
      <trkpt lat="35.75896030291915" lon="139.7793394792825">
        <ele>7.09</ele>
      </trkpt>
      <trkpt lat="35.758988969027996" lon="139.7797121386975">
        <ele>7.03</ele>
      </trkpt>
      <trkpt lat="35.75901755131781" lon="139.78008270263672">
        <ele>7.17</ele>
      </trkpt>
      <trkpt lat="35.7590820081532" lon="139.7804050706327">
        <ele>7.36</ele>
      </trkpt>
      <trkpt lat="35.759146297350526" lon="139.7807264328003">
        <ele>7.55</ele>
      </trkpt>
      <trkpt lat="35.759146213531494" lon="139.7807264328003">
        <ele>7.62</ele>
      </trkpt>
      <trkpt lat="35.759189212694764" lon="139.78108467534184">
        <ele>7.85</ele>
      </trkpt>
      <trkpt lat="35.759232211858034" lon="139.78144300170243">
        <ele>7.96</ele>
      </trkpt>
      <trkpt lat="35.759275211021304" lon="139.781801328063">
        <ele>7.75</ele>
      </trkpt>
      <trkpt lat="35.759318210184574" lon="139.78215957060456">
        <ele>7.59</ele>
      </trkpt>
      <trkpt lat="35.759361209347844" lon="139.78251789696515">
        <ele>7.66</ele>
      </trkpt>
      <trkpt lat="35.759403789415956" lon="139.7828722000122">
        <ele>7.91</ele>
      </trkpt>
      <trkpt lat="35.75946397148073" lon="139.78325047530234">
        <ele>7.85</ele>
      </trkpt>
      <trkpt lat="35.7595241535455" lon="139.7836288344115">
        <ele>7.45</ele>
      </trkpt>
      <trkpt lat="35.75958433561027" lon="139.78400719352067">
        <ele>7.22</ele>
      </trkpt>
      <trkpt lat="35.75964451767504" lon="139.78438555262983">
        <ele>7.45</ele>
      </trkpt>
      <trkpt lat="35.75970419682562" lon="139.7847604751587">
        <ele>8.0</ele>
      </trkpt>
      <trkpt lat="35.75975574553013" lon="139.7851001098752">
        <ele>8.12</ele>
      </trkpt>
      <trkpt lat="35.759807378053665" lon="139.7854397445917">
        <ele>7.83</ele>
      </trkpt>
      <trkpt lat="35.75985892675817" lon="139.78577937930822">
        <ele>7.55</ele>
      </trkpt>
      <trkpt lat="35.75991055928171" lon="139.78611901402473">
        <ele>7.54</ele>
      </trkpt>
      <trkpt lat="35.75996168889105" lon="139.7864556312561">
        <ele>7.46</ele>
      </trkpt>
      <trkpt lat="35.76000468805432" lon="139.78682820685208">
        <ele>7.2</ele>
      </trkpt>
      <trkpt lat="35.76004768721759" lon="139.78720086626709">
        <ele>6.97</ele>
      </trkpt>
      <trkpt lat="35.76009068638086" lon="139.7875735256821">
        <ele>7.13</ele>
      </trkpt>
      <trkpt lat="35.76013368554413" lon="139.78794610127807">
        <ele>7.63</ele>
      </trkpt>
      <trkpt lat="35.7601766847074" lon="139.78831876069307">
        <ele>8.1</ele>
      </trkpt>
      <trkpt lat="35.76021918095648" lon="139.7886872291565">
        <ele>8.35</ele>
      </trkpt>
      <trkpt lat="35.76026209630072" lon="139.78891286998987">
        <ele>8.58</ele>
      </trkpt>
      <trkpt lat="35.76030501164496" lon="139.789137840271">
        <ele>8.83</ele>
      </trkpt>
      <trkpt lat="35.760373743250966" lon="139.78945593349636">
        <ele>9.35</ele>
      </trkpt>
      <trkpt lat="35.760442558676004" lon="139.78977402672172">
        <ele>9.79</ele>
      </trkpt>
      <trkpt lat="35.76051129028201" lon="139.79009211994708">
        <ele>9.85</ele>
      </trkpt>
      <trkpt lat="35.76058010570705" lon="139.79041021317244">
        <ele>9.99</ele>
      </trkpt>
      <trkpt lat="35.760648334398866" lon="139.7907257080078">
        <ele>10.47</ele>
      </trkpt>
      <trkpt lat="35.76069845817983" lon="139.79107682593167">
        <ele>10.23</ele>
      </trkpt>
      <trkpt lat="35.7607485819608" lon="139.79142794385552">
        <ele>9.63</ele>
      </trkpt>
      <trkpt lat="35.7607985381037" lon="139.79177713394165">
        <ele>9.55</ele>
      </trkpt>
      <trkpt lat="35.76084145344794" lon="139.7920565865934">
        <ele>9.64</ele>
      </trkpt>
      <trkpt lat="35.760884368792176" lon="139.79233503341675">
        <ele>9.54</ele>
      </trkpt>
      <trkpt lat="35.760884284973145" lon="139.79233503341675">
        <ele>9.37</ele>
      </trkpt>
      <trkpt lat="35.760938012972474" lon="139.79261440224946">
        <ele>9.14</ele>
      </trkpt>
      <trkpt lat="35.76099165715277" lon="139.79289293289185">
        <ele>8.65</ele>
      </trkpt>
      <trkpt lat="35.76098084449768" lon="139.79312938638031">
        <ele>8.17</ele>
      </trkpt>
      <trkpt lat="35.76097019948065" lon="139.79336500167847">
        <ele>7.79</ele>
      </trkpt>
      <trkpt lat="35.76101311482489" lon="139.79370832443237">
        <ele>7.49</ele>
      </trkpt>
      <trkpt lat="35.7610559463501" lon="139.79387998580933">
        <ele>7.32</ele>
      </trkpt>
      <trkpt lat="35.761184776201844" lon="139.79409456253052">
        <ele>7.27</ele>
      </trkpt>
      <trkpt lat="35.761223416775465" lon="139.79443419724703">
        <ele>7.3</ele>
      </trkpt>
      <trkpt lat="35.76126214116812" lon="139.79477383196354">
        <ele>7.06</ele>
      </trkpt>
      <trkpt lat="35.76130086556077" lon="139.79511355049908">
        <ele>6.59</ele>
      </trkpt>
      <trkpt lat="35.76133950613439" lon="139.7954531852156">
        <ele>6.09</ele>
      </trkpt>
      <trkpt lat="35.76137789525092" lon="139.79578971862793">
        <ele>5.75</ele>
      </trkpt>
      <trkpt lat="35.761377811431885" lon="139.79578971862793">
        <ele>5.45</ele>
      </trkpt>
      <trkpt lat="35.761399352923036" lon="139.79591846466064">
        <ele>5.17</ele>
      </trkpt>
      <trkpt lat="35.76141720637679" lon="139.79624091647565">
        <ele>4.96</ele>
      </trkpt>
      <trkpt lat="35.76143514364958" lon="139.7965634521097">
        <ele>4.77</ele>
      </trkpt>
      <trkpt lat="35.76145299710333" lon="139.7968859039247">
        <ele>4.51</ele>
      </trkpt>
      <trkpt lat="35.76147093437612" lon="139.79720843955874">
        <ele>4.21</ele>
      </trkpt>
      <trkpt lat="35.76148887164891" lon="139.79753089137375">
        <ele>3.88</ele>
      </trkpt>
      <trkpt lat="35.7615065574646" lon="139.79784965515137">
        <ele>3.58</ele>
      </trkpt>
      <trkpt lat="35.7615065574646" lon="139.79815064929426">
        <ele>3.34</ele>
      </trkpt>
      <trkpt lat="35.7615065574646" lon="139.79845164343715">
        <ele>3.06</ele>
      </trkpt>
      <trkpt lat="35.76150664128363" lon="139.79875087738037">
        <ele>2.74</ele>
      </trkpt>
      <trkpt lat="35.7615065574646" lon="139.79875087738037">
        <ele>2.52</ele>
      </trkpt>
      <trkpt lat="35.76148258522153" lon="139.79906159453094">
        <ele>2.23</ele>
      </trkpt>
      <trkpt lat="35.76148266904056" lon="139.79906134307384">
        <ele>2.05</ele>
      </trkpt>
      <trkpt lat="35.761462384834886" lon="139.79932503774762">
        <ele>1.85</ele>
      </trkpt>
      <trkpt lat="35.761442268267274" lon="139.79958772659302">
        <ele>1.52</ele>
      </trkpt>
      <trkpt lat="35.76144218444824" lon="139.79958772659302">
        <ele>1.43</ele>
      </trkpt>
      <trkpt lat="35.76142785139382" lon="139.7999531775713">
        <ele>1.12</ele>
      </trkpt>
      <trkpt lat="35.761413518339396" lon="139.8003187123686">
        <ele>1.27</ele>
      </trkpt>
      <trkpt lat="35.761399269104004" lon="139.8006820678711">
        <ele>1.63</ele>
      </trkpt>
      <trkpt lat="35.761356269940734" lon="139.80097761377692">
        <ele>1.77</ele>
      </trkpt>
      <trkpt lat="35.761313270777464" lon="139.80127324350178">
        <ele>1.87</ele>
      </trkpt>
      <trkpt lat="35.761270271614194" lon="139.8015687894076">
        <ele>1.91</ele>
      </trkpt>
      <trkpt lat="35.76122769154608" lon="139.80186223983765">
        <ele>1.93</ele>
      </trkpt>
      <trkpt lat="35.76122760772705" lon="139.80186223983765">
        <ele>2.08</ele>
      </trkpt>
      <trkpt lat="35.76118460856378" lon="139.80216851457953">
        <ele>2.1</ele>
      </trkpt>
      <trkpt lat="35.76114160940051" lon="139.80247487314045">
        <ele>2.04</ele>
      </trkpt>
      <trkpt lat="35.76109861023724" lon="139.80278123170137">
        <ele>2.3</ele>
      </trkpt>
      <trkpt lat="35.7610559463501" lon="139.80308532714844">
        <ele>2.65</ele>
      </trkpt>
      <trkpt lat="35.76096567325294" lon="139.80344206094742">
        <ele>3.05</ele>
      </trkpt>
      <trkpt lat="35.76087540015578" lon="139.8037987947464">
        <ele>3.6</ele>
      </trkpt>
      <trkpt lat="35.760785127058625" lon="139.8041556123644">
        <ele>4.11</ele>
      </trkpt>
      <trkpt lat="35.7606949377805" lon="139.8045123461634">
        <ele>4.62</ele>
      </trkpt>
      <trkpt lat="35.76060541905463" lon="139.80486631393433">
        <ele>4.76</ele>
      </trkpt>
      <trkpt lat="35.76054104603827" lon="139.80508089065552">
        <ele>4.98</ele>
      </trkpt>
      <trkpt lat="35.76042638160288" lon="139.805438965559">
        <ele>4.89</ele>
      </trkpt>
      <trkpt lat="35.7603117171675" lon="139.80579712428153">
        <ele>4.17</ele>
      </trkpt>
      <trkpt lat="35.76019763946533" lon="139.80615377426147">
        <ele>4.04</ele>
      </trkpt>
      <trkpt lat="35.760133350268006" lon="139.80645418167114">
        <ele>4.13</ele>
      </trkpt>
      <trkpt lat="35.76009043492377" lon="139.80664730072021">
        <ele>4.31</ele>
      </trkpt>
      <trkpt lat="35.759968645870686" lon="139.80697670951486">
        <ele>4.59</ele>
      </trkpt>
      <trkpt lat="35.759846940636635" lon="139.8073061183095">
        <ele>4.51</ele>
      </trkpt>
      <trkpt lat="35.75972565449774" lon="139.8076343536377">
        <ele>4.42</ele>
      </trkpt>
      <trkpt lat="35.759596740826964" lon="139.80793501250446">
        <ele>4.38</ele>
      </trkpt>
      <trkpt lat="35.759467827156186" lon="139.80823575519025">
        <ele>4.46</ele>
      </trkpt>
      <trkpt lat="35.7593394163996" lon="139.8085355758667">
        <ele>4.39</ele>
      </trkpt>
      <trkpt lat="35.759339332580566" lon="139.8085355758667">
        <ele>4.37</ele>
      </trkpt>
      <trkpt lat="35.759217627346516" lon="139.80880044400692">
        <ele>4.03</ele>
      </trkpt>
      <trkpt lat="35.759095922112465" lon="139.80906531214714">
        <ele>3.85</ele>
      </trkpt>
      <trkpt lat="35.75897455215454" lon="139.8093295097351">
        <ele>3.78</ele>
      </trkpt>
      <trkpt lat="35.758856534957886" lon="139.80950117111206">
        <ele>4.03</ele>
      </trkpt>
      <trkpt lat="35.75873860158026" lon="139.809672832489">
        <ele>4.35</ele>
      </trkpt>
      <trkpt lat="35.75871714390814" lon="139.80980157852173">
        <ele>4.51</ele>
      </trkpt>
      <trkpt lat="35.75871706008911" lon="139.80980157852173">
        <ele>4.56</ele>
      </trkpt>
      <trkpt lat="35.75859535485506" lon="139.8100377805531">
        <ele>4.72</ele>
      </trkpt>
      <trkpt lat="35.75847364962101" lon="139.81027398258448">
        <ele>4.74</ele>
      </trkpt>
      <trkpt lat="35.758352279663086" lon="139.81050968170166">
        <ele>4.68</ele>
      </trkpt>
      <trkpt lat="35.7581805344671" lon="139.81078511103988">
        <ele>4.61</ele>
      </trkpt>
      <trkpt lat="35.758008789271116" lon="139.81106062419713">
        <ele>4.65</ele>
      </trkpt>
      <trkpt lat="35.75783712789416" lon="139.81133605353534">
        <ele>4.74</ele>
      </trkpt>
      <trkpt lat="35.75766538269818" lon="139.81161148287356">
        <ele>4.83</ele>
      </trkpt>
      <trkpt lat="35.757493721321225" lon="139.8118869960308">
        <ele>4.89</ele>
      </trkpt>
      <trkpt lat="35.7573223952204" lon="139.81216192245483">
        <ele>4.96</ele>
      </trkpt>
      <trkpt lat="35.75732231140137" lon="139.81216192245483">
        <ele>4.91</ele>
      </trkpt>
      <trkpt lat="35.75712491758168" lon="139.81241505593061">
        <ele>4.94</ele>
      </trkpt>
      <trkpt lat="35.75692752376199" lon="139.8126681894064">
        <ele>4.86</ele>
      </trkpt>
      <trkpt lat="35.7567301299423" lon="139.8129214067012">
        <ele>4.66</ele>
      </trkpt>
      <trkpt lat="35.75653281994164" lon="139.813174540177">
        <ele>4.04</ele>
      </trkpt>
      <trkpt lat="35.75633534230292" lon="139.81342792510986">
        <ele>3.55</ele>
      </trkpt>
      <trkpt lat="35.75633525848389" lon="139.81342792510986">
        <ele>3.45</ele>
      </trkpt>
      <trkpt lat="35.75613358989358" lon="139.81365524232388">
        <ele>3.23</ele>
      </trkpt>
      <trkpt lat="35.755932005122304" lon="139.8138825595379">
        <ele>3.25</ele>
      </trkpt>
      <trkpt lat="35.755730336532" lon="139.81410996057093">
        <ele>3.39</ele>
      </trkpt>
      <trkpt lat="35.75552875176072" lon="139.81433727778494">
        <ele>3.56</ele>
      </trkpt>
      <trkpt lat="35.75532674789429" lon="139.81456518173218">
        <ele>3.72</ele>
      </trkpt>
      <trkpt lat="35.75511233881116" lon="139.8147753160447">
        <ele>3.9</ele>
      </trkpt>
      <trkpt lat="35.75489792972803" lon="139.8149854503572">
        <ele>3.85</ele>
      </trkpt>
      <trkpt lat="35.7546835206449" lon="139.8151955846697">
        <ele>3.68</ele>
      </trkpt>
      <trkpt lat="35.754469111561775" lon="139.81540571898222">
        <ele>3.75</ele>
      </trkpt>
      <trkpt lat="35.75425394810736" lon="139.81561660766602">
        <ele>3.72</ele>
      </trkpt>
      <trkpt lat="35.75425386428833" lon="139.81561660766602">
        <ele>3.57</ele>
      </trkpt>
      <trkpt lat="35.7540394552052" lon="139.815809475258">
        <ele>3.27</ele>
      </trkpt>
      <trkpt lat="35.753825046122074" lon="139.816002426669">
        <ele>2.9</ele>
      </trkpt>
      <trkpt lat="35.753610637038946" lon="139.81619537808">
        <ele>2.63</ele>
      </trkpt>
      <trkpt lat="35.75339631177485" lon="139.81638832949102">
        <ele>2.37</ele>
      </trkpt>
      <trkpt lat="35.75318098068237" lon="139.81658220291138">
        <ele>1.99</ele>
      </trkpt>
      <trkpt lat="35.75305223464966" lon="139.81656074523926">
        <ele>1.58</ele>
      </trkpt>
      <trkpt lat="35.75296648778021" lon="139.8166036605835">
        <ele>1.16</ele>
      </trkpt>
      <trkpt lat="35.75283782556653" lon="139.8167215101421">
        <ele>0.84</ele>
      </trkpt>
      <trkpt lat="35.752708995714784" lon="139.8168396949768">
        <ele>0.43</ele>
      </trkpt>
      <trkpt lat="35.752644622698426" lon="139.81690406799316">
        <ele>0.0</ele>
      </trkpt>
      <trkpt lat="35.75245167128742" lon="139.81706835329533">
        <ele>-0.48</ele>
      </trkpt>
      <trkpt lat="35.75225871987641" lon="139.81723272241652">
        <ele>-1.02</ele>
      </trkpt>
      <trkpt lat="35.75206526555121" lon="139.8173975944519">
        <ele>-1.55</ele>
      </trkpt>
      <trkpt lat="35.7518723141402" lon="139.81756187975407">
        <ele>-2.21</ele>
      </trkpt>
      <trkpt lat="35.75167936272919" lon="139.81772624887526">
        <ele>-2.87</ele>
      </trkpt>
      <trkpt lat="35.75148590840399" lon="139.81789112091064">
        <ele>-3.17</ele>
      </trkpt>
      <trkpt lat="35.75133570469916" lon="139.81801986694336">
        <ele>-3.33</ele>
      </trkpt>
      <trkpt lat="35.75124987401068" lon="139.81808423995972">
        <ele>-3.57</ele>
      </trkpt>
      <trkpt lat="35.75107829645276" lon="139.81822354719043">
        <ele>-3.8</ele>
      </trkpt>
      <trkpt lat="35.750906467437744" lon="139.81836318969727">
        <ele>-3.99</ele>
      </trkpt>
      <trkpt lat="35.75071359984577" lon="139.818513141945">
        <ele>-4.27</ele>
      </trkpt>
      <trkpt lat="35.75052031315863" lon="139.81866359710693">
        <ele>-4.66</ele>
      </trkpt>
      <trkpt lat="35.75026315636933" lon="139.8188350070268">
        <ele>-5.35</ele>
      </trkpt>
      <trkpt lat="35.75000532902777" lon="139.81900691986084">
        <ele>-5.65</ele>
      </trkpt>
      <trkpt lat="35.74996626935899" lon="139.81903608888388">
        <ele>-5.66</ele>
      </trkpt>
      <trkpt lat="35.749965934082866" lon="139.81903642416">
        <ele>-5.63</ele>
      </trkpt>
      <trkpt lat="35.749919498339295" lon="139.8190712928772">
        <ele>-5.51</ele>
      </trkpt>
      <trkpt lat="35.749758733436465" lon="139.81917841359973">
        <ele>-5.03</ele>
      </trkpt>
      <trkpt lat="35.74959754943848" lon="139.8192858695984">
        <ele>-4.56</ele>
      </trkpt>
      <trkpt lat="35.749340392649174" lon="139.81945727951825">
        <ele>-4.46</ele>
      </trkpt>
      <trkpt lat="35.74908323585987" lon="139.8196286894381">
        <ele>-4.11</ele>
      </trkpt>
      <trkpt lat="35.7488261628896" lon="139.81980009935796">
        <ele>-3.76</ele>
      </trkpt>
      <trkpt lat="35.7485690061003" lon="139.81997150927782">
        <ele>-3.17</ele>
      </trkpt>
      <trkpt lat="35.74831008911133" lon="139.82014417648315">
        <ele>-2.86</ele>
      </trkpt>
      <trkpt lat="35.748395919799805" lon="139.8201870918274">
        <ele>-2.49</ele>
      </trkpt>
      <trkpt lat="35.74870269745588" lon="139.82012280263007">
        <ele>-2.02</ele>
      </trkpt>
      <trkpt lat="35.74900955893099" lon="139.82005859725177">
        <ele>-1.93</ele>
      </trkpt>
      <trkpt lat="35.74931859970093" lon="139.81999397277832">
        <ele>-1.56</ele>
      </trkpt>
      <trkpt lat="35.74923276901245" lon="139.82010126113892">
        <ele>-1.17</ele>
      </trkpt>
      <trkpt lat="35.74899706989527" lon="139.8202404845506">
        <ele>-0.86</ele>
      </trkpt>
      <trkpt lat="35.748761454597116" lon="139.82037970796227">
        <ele>-0.65</ele>
      </trkpt>
      <trkpt lat="35.74852583929896" lon="139.82051893137395">
        <ele>-0.6</ele>
      </trkpt>
      <trkpt lat="35.74828871525824" lon="139.820659160614">
        <ele>-0.62</ele>
      </trkpt>
      <trkpt lat="35.74818134307861" lon="139.82072353363037">
        <ele>-0.65</ele>
      </trkpt>
      <trkpt lat="35.74809559620917" lon="139.8207664489746">
        <ele>-0.69</ele>
      </trkpt>
      <trkpt lat="35.74805268086493" lon="139.82078790664673">
        <ele>-0.69</ele>
      </trkpt>
      <trkpt lat="35.7480525970459" lon="139.82078790664673">
        <ele>-0.7</ele>
      </trkpt>
      <trkpt lat="35.74776719324291" lon="139.8208306543529">
        <ele>-0.74</ele>
      </trkpt>
      <trkpt lat="35.74748178943992" lon="139.8208734858781">
        <ele>-0.49</ele>
      </trkpt>
      <trkpt lat="35.747194373980165" lon="139.82091665267944">
        <ele>-0.51</ele>
      </trkpt>
      <trkpt lat="35.74706328101456" lon="139.82097423635423">
        <ele>-0.7</ele>
      </trkpt>
      <trkpt lat="35.74706261046231" lon="139.82097457163036">
        <ele>-0.82</ele>
      </trkpt>
      <trkpt lat="35.746860606595874" lon="139.82106341980398">
        <ele>-1.12</ele>
      </trkpt>
      <trkpt lat="35.746657848358154" lon="139.82115268707275">
        <ele>-1.31</ele>
      </trkpt>
      <trkpt lat="35.74641142040491" lon="139.82131336815655">
        <ele>-1.32</ele>
      </trkpt>
      <trkpt lat="35.746164321899414" lon="139.82147455215454">
        <ele>-1.46</ele>
      </trkpt>
      <trkpt lat="35.746122328564525" lon="139.82149726711214">
        <ele>-1.61</ele>
      </trkpt>
      <trkpt lat="35.746121825650334" lon="139.82149760238826">
        <ele>-1.74</ele>
      </trkpt>
      <trkpt lat="35.745831560343504" lon="139.82164923101664">
        <ele>-2.02</ele>
      </trkpt>
      <trkpt lat="35.745541378855705" lon="139.821800859645">
        <ele>-2.59</ele>
      </trkpt>
      <trkpt lat="35.745251113548875" lon="139.82195248827338">
        <ele>-2.62</ele>
      </trkpt>
      <trkpt lat="35.74515011161566" lon="139.82200521044433">
        <ele>-2.54</ele>
      </trkpt>
      <trkpt lat="35.745149441063404" lon="139.8220056295395">
        <ele>-2.47</ele>
      </trkpt>
      <trkpt lat="35.74485054239631" lon="139.82212926261127">
        <ele>-2.45</ele>
      </trkpt>
      <trkpt lat="35.74455407448113" lon="139.82225188985467">
        <ele>-2.44</ele>
      </trkpt>
      <trkpt lat="35.74455298483372" lon="139.82225239276886">
        <ele>-2.21</ele>
      </trkpt>
      <trkpt lat="35.74426858685911" lon="139.82241986319423">
        <ele>-1.45</ele>
      </trkpt>
      <trkpt lat="35.74398427270353" lon="139.82258741743863">
        <ele>-0.55</ele>
      </trkpt>
      <trkpt lat="35.74369995854795" lon="139.822754887864">
        <ele>-0.09</ele>
      </trkpt>
      <trkpt lat="35.74341556057334" lon="139.8229224421084">
        <ele>0.19</ele>
      </trkpt>
      <trkpt lat="35.74313124641776" lon="139.82308991253376">
        <ele>0.28</ele>
      </trkpt>
      <trkpt lat="35.742860259488225" lon="139.82324950397015">
        <ele>0.78</ele>
      </trkpt>
      <trkpt lat="35.742859253659844" lon="139.8232501745224">
        <ele>1.12</ele>
      </trkpt>
      <trkpt lat="35.742864618077874" lon="139.82326484285295">
        <ele>1.44</ele>
      </trkpt>
      <trkpt lat="35.74260159395635" lon="139.82341093942523">
        <ele>1.92</ele>
      </trkpt>
      <trkpt lat="35.74233856983483" lon="139.8235570359975">
        <ele>1.97</ele>
      </trkpt>
      <trkpt lat="35.74207562953234" lon="139.8237031325698">
        <ele>1.91</ele>
      </trkpt>
      <trkpt lat="35.741812605410814" lon="139.82384922914207">
        <ele>2.27</ele>
      </trkpt>
      <trkpt lat="35.74154958128929" lon="139.82399532571435">
        <ele>2.68</ele>
      </trkpt>
      <trkpt lat="35.7412866409868" lon="139.82414150610566">
        <ele>2.96</ele>
      </trkpt>
      <trkpt lat="35.74102361686528" lon="139.82428760267794">
        <ele>3.13</ele>
      </trkpt>
      <trkpt lat="35.74075707234442" lon="139.82443571090698">
        <ele>3.36</ele>
      </trkpt>
      <trkpt lat="35.740692699328065" lon="139.82447862625122">
        <ele>3.56</ele>
      </trkpt>
      <trkpt lat="35.74064978398383" lon="139.82450008392334">
        <ele>3.73</ele>
      </trkpt>
      <trkpt lat="35.74045691639185" lon="139.8246178496629">
        <ele>3.99</ele>
      </trkpt>
      <trkpt lat="35.74026346206665" lon="139.82473611831665">
        <ele>4.12</ele>
      </trkpt>
      <trkpt lat="35.74026354588568" lon="139.82473611831665">
        <ele>4.21</ele>
      </trkpt>
      <trkpt lat="35.740190874785185" lon="139.82478297315538">
        <ele>4.22</ele>
      </trkpt>
      <trkpt lat="35.74019020423293" lon="139.82478347606957">
        <ele>4.25</ele>
      </trkpt>
      <trkpt lat="35.74019020423293" lon="139.8247835598886">
        <ele>4.25</ele>
      </trkpt>
      <trkpt lat="35.73991343379021" lon="139.82496259734035">
        <ele>4.2</ele>
      </trkpt>
      <trkpt lat="35.73963666334748" lon="139.8251416347921">
        <ele>4.3</ele>
      </trkpt>
      <trkpt lat="35.73935989290476" lon="139.82532075606287">
        <ele>4.31</ele>
      </trkpt>
      <trkpt lat="35.739083206281066" lon="139.8254997935146">
        <ele>4.35</ele>
      </trkpt>
      <trkpt lat="35.73880442418158" lon="139.8256802558899">
        <ele>4.04</ele>
      </trkpt>
      <trkpt lat="35.738579370081425" lon="139.82583557255566">
        <ele>3.51</ele>
      </trkpt>
      <trkpt lat="35.73835431598127" lon="139.82599088922143">
        <ele>2.82</ele>
      </trkpt>
      <trkpt lat="35.738129345700145" lon="139.82614628970623">
        <ele>2.72</ele>
      </trkpt>
      <trkpt lat="35.737903118133545" lon="139.82630252838135">
        <ele>3.25</ele>
      </trkpt>
      <trkpt lat="35.73790320195258" lon="139.82630252838135">
        <ele>3.15</ele>
      </trkpt>
      <trkpt lat="35.73768887668848" lon="139.82646320946515">
        <ele>3.76</ele>
      </trkpt>
      <trkpt lat="35.737474048510194" lon="139.82662439346313">
        <ele>4.06</ele>
      </trkpt>
      <trkpt lat="35.73723793029785" lon="139.82673168182373">
        <ele>3.69</ele>
      </trkpt>
      <trkpt lat="35.737023521214724" lon="139.82691030018032">
        <ele>2.81</ele>
      </trkpt>
      <trkpt lat="35.73680919595063" lon="139.8270889185369">
        <ele>2.49</ele>
      </trkpt>
      <trkpt lat="35.73659420013428" lon="139.8272681236267">
        <ele>2.34</ele>
      </trkpt>
      <trkpt lat="35.73650845326483" lon="139.82739686965942">
        <ele>2.2</ele>
      </trkpt>
      <trkpt lat="35.73627468198538" lon="139.82762837782502">
        <ele>2.21</ele>
      </trkpt>
      <trkpt lat="35.736040910705924" lon="139.82785996980965">
        <ele>2.05</ele>
      </trkpt>
      <trkpt lat="35.7358072232455" lon="139.82809156179428">
        <ele>1.75</ele>
      </trkpt>
      <trkpt lat="35.73557345196605" lon="139.8283231537789">
        <ele>1.74</ele>
      </trkpt>
      <trkpt lat="35.735339764505625" lon="139.82855474576354">
        <ele>1.63</ele>
      </trkpt>
      <trkpt lat="35.73510599322617" lon="139.82878633774817">
        <ele>1.64</ele>
      </trkpt>
      <trkpt lat="35.73487230576575" lon="139.8290179297328">
        <ele>2.06</ele>
      </trkpt>
      <trkpt lat="35.734638534486294" lon="139.82924952171743">
        <ele>1.64</ele>
      </trkpt>
      <trkpt lat="35.73440484702587" lon="139.82948111370206">
        <ele>0.89</ele>
      </trkpt>
      <trkpt lat="35.734169483184814" lon="139.8297142982483">
        <ele>0.79</ele>
      </trkpt>
      <trkpt lat="35.734169567003846" lon="139.8297142982483">
        <ele>0.85</ele>
      </trkpt>
      <trkpt lat="35.73408365249634" lon="139.82975721359253">
        <ele>1.09</ele>
      </trkpt>
      <trkpt lat="35.7338834926486" lon="139.82995728962123">
        <ele>1.79</ele>
      </trkpt>
      <trkpt lat="35.733683332800865" lon="139.83015744946897">
        <ele>2.18</ele>
      </trkpt>
      <trkpt lat="35.733482837677" lon="139.83035802841187">
        <ele>2.21</ele>
      </trkpt>
      <trkpt lat="35.73326289653778" lon="139.8305959906429">
        <ele>2.4</ele>
      </trkpt>
      <trkpt lat="35.73304295539856" lon="139.83083403669298">
        <ele>2.49</ele>
      </trkpt>
      <trkpt lat="35.73282309807837" lon="139.83107208274305">
        <ele>2.72</ele>
      </trkpt>
      <trkpt lat="35.73260315693915" lon="139.8313100449741">
        <ele>2.94</ele>
      </trkpt>
      <trkpt lat="35.73238321579993" lon="139.83154809102416">
        <ele>3.05</ele>
      </trkpt>
      <trkpt lat="35.73216335847974" lon="139.8317860532552">
        <ele>3.34</ele>
      </trkpt>
      <trkpt lat="35.732162687927485" lon="139.83178689144552">
        <ele>3.58</ele>
      </trkpt>
      <trkpt lat="35.73199479840696" lon="139.83196852728724">
        <ele>3.92</ele>
      </trkpt>
      <trkpt lat="35.731826992705464" lon="139.83215016312897">
        <ele>4.22</ele>
      </trkpt>
      <trkpt lat="35.731658935546875" lon="139.83233213424683">
        <ele>4.43</ele>
      </trkpt>
      <trkpt lat="35.73144461028278" lon="139.83248208649457">
        <ele>4.61</ele>
      </trkpt>
      <trkpt lat="35.73122978210449" lon="139.8326325416565">
        <ele>4.79</ele>
      </trkpt>
      <trkpt lat="35.73102241382003" lon="139.83284695073962">
        <ele>4.94</ele>
      </trkpt>
      <trkpt lat="35.730815129354596" lon="139.83306135982275">
        <ele>5.05</ele>
      </trkpt>
      <trkpt lat="35.73060750961304" lon="139.83327627182007">
        <ele>5.17</ele>
      </trkpt>
      <trkpt lat="35.73060759343207" lon="139.83327627182007">
        <ele>5.22</ele>
      </trkpt>
      <trkpt lat="35.73039310052991" lon="139.8334978055209">
        <ele>5.08</ele>
      </trkpt>
      <trkpt lat="35.73017860762775" lon="139.83371942304075">
        <ele>4.97</ele>
      </trkpt>
      <trkpt lat="35.72996377944946" lon="139.83394145965576">
        <ele>4.95</ele>
      </trkpt>
      <trkpt lat="35.729856407269835" lon="139.83413466252387">
        <ele>4.84</ele>
      </trkpt>
      <trkpt lat="35.72974920272827" lon="139.8343276977539">
        <ele>4.79</ele>
      </trkpt>
      <trkpt lat="35.72959899902344" lon="139.83449927531183">
        <ele>4.73</ele>
      </trkpt>
      <trkpt lat="35.7294487953186" lon="139.8346710205078">
        <ele>4.52</ele>
      </trkpt>
      <trkpt lat="35.72930948808789" lon="139.83477814123034">
        <ele>4.17</ele>
      </trkpt>
      <trkpt lat="35.729169845581055" lon="139.834885597229">
        <ele>3.78</ele>
      </trkpt>
      <trkpt lat="35.7289482280612" lon="139.83511425554752">
        <ele>3.33</ele>
      </trkpt>
      <trkpt lat="35.728726610541344" lon="139.83534299768507">
        <ele>2.92</ele>
      </trkpt>
      <trkpt lat="35.72850465774536" lon="139.83557224273682">
        <ele>2.51</ele>
      </trkpt>
      <trkpt lat="35.72850474156439" lon="139.83557224273682">
        <ele>2.03</ele>
      </trkpt>
      <trkpt lat="35.72830080986023" lon="139.83579042367637">
        <ele>1.53</ele>
      </trkpt>
      <trkpt lat="35.728096878156066" lon="139.83600860461593">
        <ele>1.0</ele>
      </trkpt>
      <trkpt lat="35.7278929464519" lon="139.83622678555548">
        <ele>0.4</ele>
      </trkpt>
      <trkpt lat="35.727689350023866" lon="139.8364446312189">
        <ele>-0.24</ele>
      </trkpt>
      <trkpt lat="35.72768867947161" lon="139.83644546940923">
        <ele>-0.78</ele>
      </trkpt>
      <trkpt lat="35.72748525068164" lon="139.8366631474346">
        <ele>-1.47</ele>
      </trkpt>
      <trkpt lat="35.7272816542536" lon="139.83688116073608">
        <ele>-1.97</ele>
      </trkpt>
      <trkpt lat="35.7271315343678" lon="139.83699901029468">
        <ele>-2.35</ele>
      </trkpt>
      <trkpt lat="35.7269811630249" lon="139.8371171951294">
        <ele>-2.82</ele>
      </trkpt>
      <trkpt lat="35.72679525241256" lon="139.8373101465404">
        <ele>-3.35</ele>
      </trkpt>
      <trkpt lat="35.726609425619245" lon="139.83750318177044">
        <ele>-3.81</ele>
      </trkpt>
      <trkpt lat="35.726423263549805" lon="139.8376965522766">
        <ele>-4.34</ele>
      </trkpt>
      <trkpt lat="35.72633743286133" lon="139.83784675598145">
        <ele>-4.67</ele>
      </trkpt>
      <trkpt lat="35.72633751668036" lon="139.83784675598145">
        <ele>-4.78</ele>
      </trkpt>
      <trkpt lat="35.726106595247984" lon="139.83808639459312">
        <ele>-4.55</ele>
      </trkpt>
      <trkpt lat="35.72587575763464" lon="139.83832611702383">
        <ele>-4.15</ele>
      </trkpt>
      <trkpt lat="35.725644920021296" lon="139.8385657556355">
        <ele>-3.73</ele>
      </trkpt>
      <trkpt lat="35.72541408240795" lon="139.8388054780662">
        <ele>-3.62</ele>
      </trkpt>
      <trkpt lat="35.72518324479461" lon="139.83904511667788">
        <ele>-3.52</ele>
      </trkpt>
      <trkpt lat="35.72495240718126" lon="139.8392848391086">
        <ele>-3.46</ele>
      </trkpt>
      <trkpt lat="35.72472156956792" lon="139.8395245615393">
        <ele>-3.31</ele>
      </trkpt>
      <trkpt lat="35.72449064813554" lon="139.83976420015097">
        <ele>-2.91</ele>
      </trkpt>
      <trkpt lat="35.7242598105222" lon="139.84000392258167">
        <ele>-2.28</ele>
      </trkpt>
      <trkpt lat="35.724028972908854" lon="139.84024356119335">
        <ele>-1.66</ele>
      </trkpt>
      <trkpt lat="35.72379813529551" lon="139.84048328362405">
        <ele>-1.23</ele>
      </trkpt>
      <trkpt lat="35.723567297682166" lon="139.84072292223573">
        <ele>-0.7</ele>
      </trkpt>
      <trkpt lat="35.72333646006882" lon="139.84096264466643">
        <ele>-0.22</ele>
      </trkpt>
      <trkpt lat="35.72310562245548" lon="139.8412022832781">
        <ele>0.32</ele>
      </trkpt>
      <trkpt lat="35.7228747010231" lon="139.8414420057088">
        <ele>0.76</ele>
      </trkpt>
      <trkpt lat="35.72264386340976" lon="139.8416816443205">
        <ele>1.04</ele>
      </trkpt>
      <trkpt lat="35.722410678863525" lon="139.84192371368408">
        <ele>1.91</ele>
      </trkpt>
      <trkpt lat="35.72241076268256" lon="139.84192371368408">
        <ele>2.53</ele>
      </trkpt>
      <trkpt lat="35.72221236303449" lon="139.84213275834918">
        <ele>3.26</ele>
      </trkpt>
      <trkpt lat="35.722013963386416" lon="139.8423418868333">
        <ele>3.93</ele>
      </trkpt>
      <trkpt lat="35.721815563738346" lon="139.8425509314984">
        <ele>4.58</ele>
      </trkpt>
      <trkpt lat="35.72161674499512" lon="139.84276056289673">
        <ele>5.13</ele>
      </trkpt>
      <trkpt lat="35.72153091430664" lon="139.8429536819458">
        <ele>5.71</ele>
      </trkpt>
      <trkpt lat="35.72131642140448" lon="139.843178819865">
        <ele>6.67</ele>
      </trkpt>
      <trkpt lat="35.72110184468329" lon="139.8434042930603">
        <ele>7.62</ele>
      </trkpt>
      <trkpt lat="35.720965806394815" lon="139.8436619527638">
        <ele>8.43</ele>
      </trkpt>
      <trkpt lat="35.72082985192537" lon="139.8439196124673">
        <ele>8.8</ele>
      </trkpt>
      <trkpt lat="35.720694148913026" lon="139.8441767692566">
        <ele>8.78</ele>
      </trkpt>
      <trkpt lat="35.72056540288031" lon="139.84431616030633">
        <ele>9.15</ele>
      </trkpt>
      <trkpt lat="35.720436656847596" lon="139.84445571899414">
        <ele>9.42</ele>
      </trkpt>
      <trkpt lat="35.72028645314276" lon="139.8446488380432">
        <ele>9.83</ele>
      </trkpt>
      <trkpt lat="35.72007933631539" lon="139.8447558749467">
        <ele>10.04</ele>
      </trkpt>
      <trkpt lat="35.719872303307056" lon="139.84486299566925">
        <ele>10.74</ele>
      </trkpt>
      <trkpt lat="35.71966418065131" lon="139.844970703125">
        <ele>11.19</ele>
      </trkpt>
      <trkpt lat="35.71953987702727" lon="139.84509743750095">
        <ele>11.35</ele>
      </trkpt>
      <trkpt lat="35.71953920647502" lon="139.84509819187224">
        <ele>11.48</ele>
      </trkpt>
      <trkpt lat="35.71931289508939" lon="139.84532919712365">
        <ele>11.56</ele>
      </trkpt>
      <trkpt lat="35.719086583703756" lon="139.84556020237505">
        <ele>11.65</ele>
      </trkpt>
      <trkpt lat="35.71886035613716" lon="139.8457912914455">
        <ele>11.51</ele>
      </trkpt>
      <trkpt lat="35.718634044751525" lon="139.8460222966969">
        <ele>11.42</ele>
      </trkpt>
      <trkpt lat="35.71840773336589" lon="139.84625338576734">
        <ele>11.4</ele>
      </trkpt>
      <trkpt lat="35.71818150579929" lon="139.84648439101875">
        <ele>11.25</ele>
      </trkpt>
      <trkpt lat="35.71795519441366" lon="139.84671539627016">
        <ele>11.03</ele>
      </trkpt>
      <trkpt lat="35.71772888302803" lon="139.8469464853406">
        <ele>10.56</ele>
      </trkpt>
      <trkpt lat="35.71750265546143" lon="139.847177490592">
        <ele>10.37</ele>
      </trkpt>
      <trkpt lat="35.7172763440758" lon="139.8474084958434">
        <ele>10.29</ele>
      </trkpt>
      <trkpt lat="35.7170501165092" lon="139.84763958491385">
        <ele>10.07</ele>
      </trkpt>
      <trkpt lat="35.71682380512357" lon="139.84787059016526">
        <ele>9.65</ele>
      </trkpt>
      <trkpt lat="35.71659564971924" lon="139.8481035232544">
        <ele>9.35</ele>
      </trkpt>
      <trkpt lat="35.71659573353827" lon="139.8481035232544">
        <ele>9.13</ele>
      </trkpt>
      <trkpt lat="35.716367829591036" lon="139.84833939000964">
        <ele>8.73</ele>
      </trkpt>
      <trkpt lat="35.71614000946283" lon="139.8485752567649">
        <ele>8.45</ele>
      </trkpt>
      <trkpt lat="35.71591218933463" lon="139.84881120733917">
        <ele>8.5</ele>
      </trkpt>
      <trkpt lat="35.7156842853874" lon="139.84904707409441">
        <ele>8.82</ele>
      </trkpt>
      <trkpt lat="35.715456465259194" lon="139.84928294084966">
        <ele>8.79</ele>
      </trkpt>
      <trkpt lat="35.71522864513099" lon="139.8495188076049">
        <ele>8.49</ele>
      </trkpt>
      <trkpt lat="35.71500074118376" lon="139.8497547581792">
        <ele>8.2</ele>
      </trkpt>
      <trkpt lat="35.71477183140814" lon="139.84999179840088">
        <ele>7.82</ele>
      </trkpt>
      <trkpt lat="35.714593045413494" lon="139.8501776251942">
        <ele>7.83</ele>
      </trkpt>
      <trkpt lat="35.71441434323788" lon="139.8503634519875">
        <ele>7.9</ele>
      </trkpt>
      <trkpt lat="35.71423530578613" lon="139.85054969787598">
        <ele>8.13</ele>
      </trkpt>
      <trkpt lat="35.714235389605165" lon="139.85054969787598">
        <ele>8.22</ele>
      </trkpt>
      <trkpt lat="35.71407437324524" lon="139.85075346194208">
        <ele>8.48</ele>
      </trkpt>
      <trkpt lat="35.713913440704346" lon="139.85095739364624">
        <ele>8.63</ele>
      </trkpt>
      <trkpt lat="35.713684698566794" lon="139.85117892734706">
        <ele>8.93</ele>
      </trkpt>
      <trkpt lat="35.713456040248275" lon="139.8514004610479">
        <ele>8.89</ele>
      </trkpt>
      <trkpt lat="35.713226879015565" lon="139.85162258148193">
        <ele>8.91</ele>
      </trkpt>
      <trkpt lat="35.71316250599921" lon="139.85166549682617">
        <ele>9.06</ele>
      </trkpt>
      <trkpt lat="35.71294801309705" lon="139.85189063474536">
        <ele>9.3</ele>
      </trkpt>
      <trkpt lat="35.712733352556825" lon="139.85211610794067">
        <ele>9.58</ele>
      </trkpt>
      <trkpt lat="35.712508046999574" lon="139.85237343236804">
        <ele>9.84</ele>
      </trkpt>
      <trkpt lat="35.71228265762329" lon="139.85263109207153">
        <ele>10.06</ele>
      </trkpt>
      <trkpt lat="35.71203966625035" lon="139.8528561461717">
        <ele>10.19</ele>
      </trkpt>
      <trkpt lat="35.711796674877405" lon="139.85308128409088">
        <ele>10.34</ele>
      </trkpt>
      <trkpt lat="35.71155368350446" lon="139.85330642201006">
        <ele>10.32</ele>
      </trkpt>
      <trkpt lat="35.71131069213152" lon="139.85353155992925">
        <ele>10.38</ele>
      </trkpt>
      <trkpt lat="35.711067700758576" lon="139.8537566140294">
        <ele>10.3</ele>
      </trkpt>
      <trkpt lat="35.71082353591919" lon="139.85398292541504">
        <ele>10.72</ele>
      </trkpt>
      <trkpt lat="35.710571659728885" lon="139.8541918862611">
        <ele>10.99</ele>
      </trkpt>
      <trkpt lat="35.71031978353858" lon="139.85440084710717">
        <ele>11.26</ele>
      </trkpt>
      <trkpt lat="35.710067907348275" lon="139.85460989177227">
        <ele>10.49</ele>
      </trkpt>
      <trkpt lat="35.70981502532959" lon="139.85481977462769">
        <ele>9.77</ele>
      </trkpt>
      <trkpt lat="35.70958636701107" lon="139.8549947887659">
        <ele>9.2</ele>
      </trkpt>
      <trkpt lat="35.70935779251158" lon="139.85516980290413">
        <ele>8.63</ele>
      </trkpt>
      <trkpt lat="35.70912913419306" lon="139.85534481704235">
        <ele>8.01</ele>
      </trkpt>
      <trkpt lat="35.708900559693575" lon="139.85551983118057">
        <ele>7.26</ele>
      </trkpt>
      <trkpt lat="35.70867198519409" lon="139.8556948453188">
        <ele>6.74</ele>
      </trkpt>
      <trkpt lat="35.708441734313965" lon="139.85587120056152">
        <ele>6.21</ele>
      </trkpt>
      <trkpt lat="35.708214584738016" lon="139.85602115280926">
        <ele>5.83</ele>
      </trkpt>
      <trkpt lat="35.70798743516207" lon="139.856171105057">
        <ele>5.27</ele>
      </trkpt>
      <trkpt lat="35.70776036940515" lon="139.85632114112377">
        <ele>4.67</ele>
      </trkpt>
      <trkpt lat="35.7075332198292" lon="139.8564710933715">
        <ele>4.16</ele>
      </trkpt>
      <trkpt lat="35.70730447769165" lon="139.8566222190857">
        <ele>3.76</ele>
      </trkpt>
      <trkpt lat="35.70702167227864" lon="139.8567892704159">
        <ele>3.18</ele>
      </trkpt>
      <trkpt lat="35.706738866865635" lon="139.85695640556514">
        <ele>2.68</ele>
      </trkpt>
      <trkpt lat="35.70645606145263" lon="139.85712345689535">
        <ele>2.24</ele>
      </trkpt>
      <trkpt lat="35.70617333985865" lon="139.8572905920446">
        <ele>1.83</ele>
      </trkpt>
      <trkpt lat="35.70588827133179" lon="139.85745906829834">
        <ele>1.51</ele>
      </trkpt>
      <trkpt lat="35.705652656033635" lon="139.85757465474308">
        <ele>1.14</ele>
      </trkpt>
      <trkpt lat="35.70541704073548" lon="139.85769032500684">
        <ele>0.81</ele>
      </trkpt>
      <trkpt lat="35.70518142543733" lon="139.8578059952706">
        <ele>0.53</ele>
      </trkpt>
      <trkpt lat="35.70494581013918" lon="139.85792166553438">
        <ele>0.28</ele>
      </trkpt>
      <trkpt lat="35.704708099365234" lon="139.85803842544556">
        <ele>0.07</ele>
      </trkpt>
      <trkpt lat="35.704468209296465" lon="139.85813691280782">
        <ele>-0.24</ele>
      </trkpt>
      <trkpt lat="35.70422840304673" lon="139.8582354001701">
        <ele>-0.24</ele>
      </trkpt>
      <trkpt lat="35.70398851297796" lon="139.85833388753235">
        <ele>-0.35</ele>
      </trkpt>
      <trkpt lat="35.70374870672822" lon="139.85843237489462">
        <ele>-0.44</ele>
      </trkpt>
      <trkpt lat="35.70350646972656" lon="139.8585319519043">
        <ele>-0.49</ele>
      </trkpt>
      <trkpt lat="35.703506553545594" lon="139.8585319519043">
        <ele>-0.52</ele>
      </trkpt>
      <trkpt lat="35.70329952053726" lon="139.8586032819003">
        <ele>-0.67</ele>
      </trkpt>
      <trkpt lat="35.70309257134795" lon="139.8586746957153">
        <ele>-0.9</ele>
      </trkpt>
      <trkpt lat="35.70288428105414" lon="139.8587465286255">
        <ele>-0.45</ele>
      </trkpt>
      <trkpt lat="35.70273399353027" lon="139.8587465286255">
        <ele>-0.36</ele>
      </trkpt>
      <trkpt lat="35.70245563052595" lon="139.8588464409113">
        <ele>-0.34</ele>
      </trkpt>
      <trkpt lat="35.70217726752162" lon="139.8589463531971">
        <ele>-0.15</ele>
      </trkpt>
      <trkpt lat="35.70189722813666" lon="139.85904693603516">
        <ele>0.0</ele>
      </trkpt>
      <trkpt lat="35.70164459757507" lon="139.85909395851195">
        <ele>0.09</ele>
      </trkpt>
      <trkpt lat="35.70139196701348" lon="139.85914106480777">
        <ele>0.19</ele>
      </trkpt>
      <trkpt lat="35.70113933645189" lon="139.8591881711036">
        <ele>0.31</ele>
      </trkpt>
      <trkpt lat="35.70088678970933" lon="139.85923527739942">
        <ele>0.58</ele>
      </trkpt>
      <trkpt lat="35.70063122548163" lon="139.85928297042847">
        <ele>0.77</ele>
      </trkpt>
      <trkpt lat="35.700459480285645" lon="139.85936880111694">
        <ele>0.78</ele>
      </trkpt>
      <trkpt lat="35.70018120110035" lon="139.8594186734408">
        <ele>0.78</ele>
      </trkpt>
      <trkpt lat="35.699902921915054" lon="139.85946862958372">
        <ele>0.83</ele>
      </trkpt>
      <trkpt lat="35.69962271489203" lon="139.85951900482178">
        <ele>0.95</ele>
      </trkpt>
      <trkpt lat="35.69937653839588" lon="139.85955110751092">
        <ele>1.03</ele>
      </trkpt>
      <trkpt lat="35.69913036189973" lon="139.85958321020007">
        <ele>1.06</ele>
      </trkpt>
      <trkpt lat="35.698884185403585" lon="139.85961531288922">
        <ele>1.1</ele>
      </trkpt>
      <trkpt lat="35.69863566197455" lon="139.8596477508545">
        <ele>1.12</ele>
      </trkpt>
      <trkpt lat="35.698352018371224" lon="139.85966912470758">
        <ele>1.16</ele>
      </trkpt>
      <trkpt lat="35.6980683747679" lon="139.85969049856067">
        <ele>1.19</ele>
      </trkpt>
      <trkpt lat="35.697784731164575" lon="139.8597119562328">
        <ele>1.22</ele>
      </trkpt>
      <trkpt lat="35.697498405352235" lon="139.85973358154297">
        <ele>1.24</ele>
      </trkpt>
      <trkpt lat="35.6971943937242" lon="139.85972922295332">
        <ele>1.24</ele>
      </trkpt>
      <trkpt lat="35.6968904659152" lon="139.8597249481827">
        <ele>1.38</ele>
      </trkpt>
      <trkpt lat="35.6965865381062" lon="139.85972067341208">
        <ele>1.41</ele>
      </trkpt>
      <trkpt lat="35.69628252647817" lon="139.85971639864147">
        <ele>1.27</ele>
      </trkpt>
      <trkpt lat="35.695974910631776" lon="139.85971212387085">
        <ele>1.18</ele>
      </trkpt>
      <trkpt lat="35.69572873413563" lon="139.85969066619873">
        <ele>1.14</ele>
      </trkpt>
      <trkpt lat="35.69548255763948" lon="139.85966929234564">
        <ele>1.1</ele>
      </trkpt>
      <trkpt lat="35.69523638114333" lon="139.85964783467352">
        <ele>1.08</ele>
      </trkpt>
      <trkpt lat="35.694987857714295" lon="139.85962629318237">
        <ele>1.08</ele>
      </trkpt>
      <trkpt lat="35.69472022354603" lon="139.8595888260752">
        <ele>1.09</ele>
      </trkpt>
      <trkpt lat="35.69445267319679" lon="139.85955135896802">
        <ele>1.13</ele>
      </trkpt>
      <trkpt lat="35.69418512284756" lon="139.85951389186084">
        <ele>1.0</ele>
      </trkpt>
      <trkpt lat="35.69391497410834" lon="139.85947608947754">
        <ele>0.93</ele>
      </trkpt>
      <trkpt lat="35.6936527043581" lon="139.85942252911627">
        <ele>0.96</ele>
      </trkpt>
      <trkpt lat="35.69339043460786" lon="139.859368968755">
        <ele>0.74</ele>
      </trkpt>
      <trkpt lat="35.693128164857626" lon="139.85931549221277">
        <ele>0.8</ele>
      </trkpt>
      <trkpt lat="35.6928635481745" lon="139.85926151275635">
        <ele>0.87</ele>
      </trkpt>
      <trkpt lat="35.692563727498055" lon="139.85917584970593">
        <ele>0.75</ele>
      </trkpt>
      <trkpt lat="35.692262733355165" lon="139.8590898513794">
        <ele>0.81</ele>
      </trkpt>
      <trkpt lat="35.69198973476887" lon="139.85900418832898">
        <ele>0.92</ele>
      </trkpt>
      <trkpt lat="35.69171673618257" lon="139.85891852527857">
        <ele>0.63</ele>
      </trkpt>
      <trkpt lat="35.69144373759627" lon="139.85883286222816">
        <ele>0.92</ele>
      </trkpt>
      <trkpt lat="35.69116839207709" lon="139.8587465286255">
        <ele>1.16</ele>
      </trkpt>
      <trkpt lat="35.69091140292585" lon="139.85866086557508">
        <ele>1.29</ele>
      </trkpt>
      <trkpt lat="35.6906533241272" lon="139.85857486724854">
        <ele>1.39</ele>
      </trkpt>
      <trkpt lat="35.69037487730384" lon="139.85844628885388">
        <ele>1.54</ele>
      </trkpt>
      <trkpt lat="35.69009550847113" lon="139.8583173751831">
        <ele>1.81</ele>
      </trkpt>
      <trkpt lat="35.68985561840236" lon="139.8582145292312">
        <ele>1.91</ele>
      </trkpt>
      <trkpt lat="35.68961572833359" lon="139.8581117670983">
        <ele>1.97</ele>
      </trkpt>
      <trkpt lat="35.689375922083855" lon="139.8580089211464">
        <ele>2.0</ele>
      </trkpt>
      <trkpt lat="35.689136032015085" lon="139.8579061590135">
        <ele>1.99</ele>
      </trkpt>
      <trkpt lat="35.68889387883246" lon="139.85780239105225">
        <ele>2.01</ele>
      </trkpt>
      <trkpt lat="35.68876504898071" lon="139.85778093338013">
        <ele>2.1</ele>
      </trkpt>
      <trkpt lat="35.688765132799745" lon="139.85778093338013">
        <ele>2.12</ele>
      </trkpt>
      <trkpt lat="35.688522309064865" lon="139.85765595920384">
        <ele>2.23</ele>
      </trkpt>
      <trkpt lat="35.68827956914902" lon="139.85753098502755">
        <ele>2.18</ele>
      </trkpt>
      <trkpt lat="35.68803682923317" lon="139.85740601085126">
        <ele>2.04</ele>
      </trkpt>
      <trkpt lat="35.68779400549829" lon="139.857281120494">
        <ele>2.02</ele>
      </trkpt>
      <trkpt lat="35.68755126558244" lon="139.85715614631772">
        <ele>1.92</ele>
      </trkpt>
      <trkpt lat="35.68730592727661" lon="139.85702991485596">
        <ele>1.91</ele>
      </trkpt>
      <trkpt lat="35.687102330848575" lon="139.85686914995313">
        <ele>1.89</ele>
      </trkpt>
      <trkpt lat="35.68689831532538" lon="139.85670804977417">
        <ele>1.85</ele>
      </trkpt>
      <trkpt lat="35.686662616208196" lon="139.85659020021558">
        <ele>1.8</ele>
      </trkpt>
      <trkpt lat="35.68642616271973" lon="139.85647201538086">
        <ele>1.8</ele>
      </trkpt>
      <trkpt lat="35.68622256629169" lon="139.85633270815015">
        <ele>1.78</ele>
      </trkpt>
      <trkpt lat="35.68601846694946" lon="139.8561930656433">
        <ele>1.72</ele>
      </trkpt>
      <trkpt lat="35.686018550768495" lon="139.8561930656433">
        <ele>1.7</ele>
      </trkpt>
      <trkpt lat="35.68576189689338" lon="139.85600916668773">
        <ele>1.7</ele>
      </trkpt>
      <trkpt lat="35.68550524301827" lon="139.85582526773214">
        <ele>1.68</ele>
      </trkpt>
      <trkpt lat="35.68524867296219" lon="139.8556414525956">
        <ele>1.65</ele>
      </trkpt>
      <trkpt lat="35.684992019087076" lon="139.85545755364">
        <ele>1.66</ele>
      </trkpt>
      <trkpt lat="35.684735449030995" lon="139.85527373850346">
        <ele>1.67</ele>
      </trkpt>
      <trkpt lat="35.68447879515588" lon="139.85508983954787">
        <ele>1.68</ele>
      </trkpt>
      <trkpt lat="35.68422214128077" lon="139.85490602441132">
        <ele>1.68</ele>
      </trkpt>
      <trkpt lat="35.68396557122469" lon="139.85472212545574">
        <ele>1.67</ele>
      </trkpt>
      <trkpt lat="35.683706905692816" lon="139.85453680157661">
        <ele>1.84</ele>
      </trkpt>
      <trkpt lat="35.683705899864435" lon="139.85453613102436">
        <ele>1.83</ele>
      </trkpt>
      <trkpt lat="35.683453269302845" lon="139.85435508191586">
        <ele>1.87</ele>
      </trkpt>
      <trkpt lat="35.68320072256029" lon="139.85417411662638">
        <ele>1.8</ele>
      </trkpt>
      <trkpt lat="35.682948091998696" lon="139.8539931513369">
        <ele>1.54</ele>
      </trkpt>
      <trkpt lat="35.68269554525614" lon="139.85381218604743">
        <ele>1.49</ele>
      </trkpt>
      <trkpt lat="35.68244299851358" lon="139.85363122075796">
        <ele>1.44</ele>
      </trkpt>
      <trkpt lat="35.68219036795199" lon="139.8534502554685">
        <ele>1.38</ele>
      </trkpt>
      <trkpt lat="35.68193782120943" lon="139.853269290179">
        <ele>1.32</ele>
      </trkpt>
      <trkpt lat="35.68168527446687" lon="139.85308832488954">
        <ele>1.25</ele>
      </trkpt>
      <trkpt lat="35.68143264390528" lon="139.85290735960007">
        <ele>1.19</ele>
      </trkpt>
      <trkpt lat="35.68118009716272" lon="139.8527263943106">
        <ele>1.12</ele>
      </trkpt>
      <trkpt lat="35.680927550420165" lon="139.85254542902112">
        <ele>1.06</ele>
      </trkpt>
      <trkpt lat="35.680674919858575" lon="139.85236446373165">
        <ele>1.03</ele>
      </trkpt>
      <trkpt lat="35.68041801452637" lon="139.85218048095703">
        <ele>0.95</ele>
      </trkpt>
      <trkpt lat="35.68018231540918" lon="139.85202508047223">
        <ele>0.87</ele>
      </trkpt>
      <trkpt lat="35.679946616292" lon="139.85186976380646">
        <ele>0.81</ele>
      </trkpt>
      <trkpt lat="35.679710917174816" lon="139.8517144471407">
        <ele>0.76</ele>
      </trkpt>
      <trkpt lat="35.679473876953125" lon="139.85155820846558">
        <ele>0.73</ele>
      </trkpt>
      <trkpt lat="35.679216803982854" lon="139.8514210805297">
        <ele>0.66</ele>
      </trkpt>
      <trkpt lat="35.67895973101258" lon="139.8512839525938">
        <ele>0.62</ele>
      </trkpt>
      <trkpt lat="35.67870274186134" lon="139.85114690847695">
        <ele>0.6</ele>
      </trkpt>
      <trkpt lat="35.67844566889107" lon="139.85100978054106">
        <ele>0.58</ele>
      </trkpt>
      <trkpt lat="35.67818641662598" lon="139.85087156295776">
        <ele>0.56</ele>
      </trkpt>
      <trkpt lat="35.67790260538459" lon="139.8507590778172">
        <ele>0.56</ele>
      </trkpt>
      <trkpt lat="35.67761887796223" lon="139.85064667649567">
        <ele>0.34</ele>
      </trkpt>
      <trkpt lat="35.677335150539875" lon="139.85053427517414">
        <ele>0.53</ele>
      </trkpt>
      <trkpt lat="35.67704916000366" lon="139.85042095184326">
        <ele>0.64</ele>
      </trkpt>
      <trkpt lat="35.676760068163276" lon="139.85034241341054">
        <ele>0.61</ele>
      </trkpt>
      <trkpt lat="35.67647106014192" lon="139.85026387497783">
        <ele>0.63</ele>
      </trkpt>
      <trkpt lat="35.676182052120566" lon="139.85018542036414">
        <ele>0.8</ele>
      </trkpt>
      <trkpt lat="35.67589304409921" lon="139.85010688193142">
        <ele>0.9</ele>
      </trkpt>
      <trkpt lat="35.675603952258825" lon="139.85002842731774">
        <ele>0.97</ele>
      </trkpt>
      <trkpt lat="35.67531108856201" lon="139.84994888305664">
        <ele>1.06</ele>
      </trkpt>
      <trkpt lat="35.675032725557685" lon="139.84990957193077">
        <ele>1.22</ele>
      </trkpt>
      <trkpt lat="35.67475444637239" lon="139.84987034462392">
        <ele>1.31</ele>
      </trkpt>
      <trkpt lat="35.674476167187095" lon="139.84983111731708">
        <ele>1.39</ele>
      </trkpt>
      <trkpt lat="35.6741978880018" lon="139.84979189001024">
        <ele>1.83</ele>
      </trkpt>
      <trkpt lat="35.673919608816504" lon="139.84975257888436">
        <ele>1.77</ele>
      </trkpt>
      <trkpt lat="35.67363739013672" lon="139.84971284866333">
        <ele>1.66</ele>
      </trkpt>
      <trkpt lat="35.673362631350756" lon="139.8496913909912">
        <ele>1.86</ele>
      </trkpt>
      <trkpt lat="35.673087956383824" lon="139.84967001713812">
        <ele>2.08</ele>
      </trkpt>
      <trkpt lat="35.67281328141689" lon="139.849648559466">
        <ele>2.02</ele>
      </trkpt>
      <trkpt lat="35.67253852263093" lon="139.84962718561292">
        <ele>1.95</ele>
      </trkpt>
      <trkpt lat="35.672263847664" lon="139.84960581175983">
        <ele>2.23</ele>
      </trkpt>
      <trkpt lat="35.671985149383545" lon="139.84958410263062">
        <ele>2.46</ele>
      </trkpt>
      <trkpt lat="35.67185648716986" lon="139.8497772216797">
        <ele>2.4</ele>
      </trkpt>
      <trkpt lat="35.67164241336286" lon="139.84976649284363">
        <ele>2.43</ele>
      </trkpt>
      <trkpt lat="35.67142733372748" lon="139.84975576400757">
        <ele>2.37</ele>
      </trkpt>
      <trkpt lat="35.67117118276656" lon="139.84973439015448">
        <ele>2.37</ele>
      </trkpt>
      <trkpt lat="35.67116984166205" lon="139.84973430633545">
        <ele>2.45</ele>
      </trkpt>
      <trkpt lat="35.67116975784302" lon="139.84973430633545">
        <ele>2.53</ele>
      </trkpt>
      <trkpt lat="35.67116984166205" lon="139.84973430633545">
        <ele>2.45</ele>
      </trkpt>
      <trkpt lat="35.67116975784302" lon="139.84973430633545">
        <ele>2.53</ele>
      </trkpt>
      <trkpt lat="35.67114788107574" lon="139.85006195493042">
        <ele>2.91</ele>
      </trkpt>
      <trkpt lat="35.67112600430846" lon="139.85038968734443">
        <ele>2.98</ele>
      </trkpt>
      <trkpt lat="35.671104127541184" lon="139.85071741975844">
        <ele>3.1</ele>
      </trkpt>
      <trkpt lat="35.67108233459294" lon="139.85104515217245">
        <ele>3.23</ele>
      </trkpt>
      <trkpt lat="35.671060709282756" lon="139.85136919654906">
        <ele>3.38</ele>
      </trkpt>
      <trkpt lat="35.671060709282756" lon="139.85136969946325">
        <ele>3.5</ele>
      </trkpt>
      <trkpt lat="35.67102483473718" lon="139.85175375826657">
        <ele>3.71</ele>
      </trkpt>
      <trkpt lat="35.67098904401064" lon="139.8521378170699">
        <ele>4.15</ele>
      </trkpt>
      <trkpt lat="35.67097261548042" lon="139.85231375321746">
        <ele>4.3</ele>
      </trkpt>
      <trkpt lat="35.67097261548042" lon="139.85231459140778">
        <ele>4.34</ele>
      </trkpt>
      <trkpt lat="35.67086557857692" lon="139.85195090062916">
        <ele>4.15</ele>
      </trkpt>
      <trkpt lat="35.67086390219629" lon="139.85194553621113">
        <ele>4.13</ele>
      </trkpt>
      <trkpt lat="35.67086365073919" lon="139.85194444656372">
        <ele>4.09</ele>
      </trkpt>
      <trkpt lat="35.670858873054385" lon="139.8519431054592">
        <ele>4.02</ele>
      </trkpt>
      <trkpt lat="35.6708908919245" lon="139.85177278518677">
        <ele>3.69</ele>
      </trkpt>
      <trkpt lat="35.67064278759062" lon="139.85175317153335">
        <ele>3.52</ele>
      </trkpt>
      <trkpt lat="35.670394683256745" lon="139.85173355787992">
        <ele>3.41</ele>
      </trkpt>
      <trkpt lat="35.67014632746577" lon="139.8517139442265">
        <ele>3.35</ele>
      </trkpt>
      <trkpt lat="35.6701448187232" lon="139.85171386040747">
        <ele>3.19</ele>
      </trkpt>
      <trkpt lat="35.67007550038397" lon="139.8517084121704">
        <ele>3.06</ele>
      </trkpt>
      <trkpt lat="35.66986142657697" lon="139.85169768333435">
        <ele>2.82</ele>
      </trkpt>
      <trkpt lat="35.66964634694159" lon="139.8516869544983">
        <ele>2.57</ele>
      </trkpt>
      <trkpt lat="35.66944291815162" lon="139.85166549682617">
        <ele>2.34</ele>
      </trkpt>
      <trkpt lat="35.66923865117133" lon="139.85164403915405">
        <ele>2.13</ele>
      </trkpt>
      <trkpt lat="35.66917419433594" lon="139.85164403915405">
        <ele>1.94</ele>
      </trkpt>
      <trkpt lat="35.66908844746649" lon="139.85164403915405">
        <ele>1.74</ele>
      </trkpt>
      <trkpt lat="35.66881871782243" lon="139.85162685625255">
        <ele>1.46</ele>
      </trkpt>
      <trkpt lat="35.66854898817837" lon="139.85160975717008">
        <ele>1.26</ele>
      </trkpt>
      <trkpt lat="35.66827925853431" lon="139.8515926580876">
        <ele>1.15</ele>
      </trkpt>
      <trkpt lat="35.668009612709284" lon="139.8515754751861">
        <ele>1.07</ele>
      </trkpt>
      <trkpt lat="35.66773661412299" lon="139.85155820846558">
        <ele>1.01</ele>
      </trkpt>
      <trkpt lat="35.66746897995472" lon="139.85153675079346">
        <ele>0.89</ele>
      </trkpt>
      <trkpt lat="35.66720017232001" lon="139.85151529312134">
        <ele>0.69</ele>
      </trkpt>
      <trkpt lat="35.66690898500383" lon="139.85149811021984">
        <ele>0.52</ele>
      </trkpt>
      <trkpt lat="35.66661788150668" lon="139.85148101113737">
        <ele>0.32</ele>
      </trkpt>
      <trkpt lat="35.666326778009534" lon="139.8514639120549">
        <ele>0.28</ele>
      </trkpt>
      <trkpt lat="35.666035674512386" lon="139.8514467291534">
        <ele>0.32</ele>
      </trkpt>
      <trkpt lat="35.66574105061591" lon="139.85142946243286">
        <ele>0.39</ele>
      </trkpt>
      <trkpt lat="35.665740966796875" lon="139.85142946243286">
        <ele>0.4</ele>
      </trkpt>
      <trkpt lat="35.66565521992743" lon="139.85142946243286">
        <ele>0.45</ele>
      </trkpt>
      <trkpt lat="35.66563376225531" lon="139.85145092010498">
        <ele>0.5</ele>
      </trkpt>
      <trkpt lat="35.665607023984194" lon="139.8515908140689">
        <ele>0.59</ele>
      </trkpt>
      <trkpt lat="35.66560685634613" lon="139.85159173607826">
        <ele>0.67</ele>
      </trkpt>
      <trkpt lat="35.665547931566834" lon="139.85190153121948">
        <ele>0.78</ele>
      </trkpt>
      <trkpt lat="35.6655478477478" lon="139.85218048095703">
        <ele>0.86</ele>
      </trkpt>
      <trkpt lat="35.66559076309204" lon="139.8523736000061">
        <ele>0.97</ele>
      </trkpt>
      <trkpt lat="35.66556930541992" lon="139.85254526138306">
        <ele>1.13</ele>
      </trkpt>
      <trkpt lat="35.66554885357618" lon="139.85258096829057">
        <ele>1.27</ele>
      </trkpt>
      <trkpt lat="35.66554835066199" lon="139.85258197411895">
        <ele>1.41</ele>
      </trkpt>
      <trkpt lat="35.665412144735456" lon="139.85282018780708">
        <ele>1.57</ele>
      </trkpt>
      <trkpt lat="35.66527602262795" lon="139.85305840149522">
        <ele>1.73</ele>
      </trkpt>
      <trkpt lat="35.66514015197754" lon="139.85329627990723">
        <ele>1.92</ele>
      </trkpt>
      <trkpt lat="35.66496857441962" lon="139.85344648361206">
        <ele>2.06</ele>
      </trkpt>
      <trkpt lat="35.6648398283869" lon="139.8537039756775">
        <ele>2.23</ele>
      </trkpt>
      <trkpt lat="35.664775371551514" lon="139.85385417938232">
        <ele>2.36</ele>
      </trkpt>
      <trkpt lat="35.66471108235419" lon="139.85398292541504">
        <ele>2.51</ele>
      </trkpt>
      <trkpt lat="35.6645773909986" lon="139.85422180965543">
        <ele>2.64</ele>
      </trkpt>
      <trkpt lat="35.66444378346205" lon="139.85446077771485">
        <ele>2.77</ele>
      </trkpt>
      <trkpt lat="35.66431084647775" lon="139.85469840466976">
        <ele>2.76</ele>
      </trkpt>
      <trkpt lat="35.66431042738259" lon="139.8546993266791">
        <ele>2.9</ele>
      </trkpt>
      <trkpt lat="35.66416726447642" lon="139.85495522618294">
        <ele>3.0</ele>
      </trkpt>
      <trkpt lat="35.66402410157025" lon="139.8552112095058">
        <ele>3.15</ele>
      </trkpt>
      <trkpt lat="35.66388102248311" lon="139.85546719282866">
        <ele>3.39</ele>
      </trkpt>
      <trkpt lat="35.66373785957694" lon="139.8557231761515">
        <ele>3.73</ele>
      </trkpt>
      <trkpt lat="35.66359519958496" lon="139.85597848892212">
        <ele>4.05</ele>
      </trkpt>
      <trkpt lat="35.663455640897155" lon="139.8561716079712">
        <ele>4.25</ele>
      </trkpt>
      <trkpt lat="35.66331624984741" lon="139.85636472702026">
        <ele>4.42</ele>
      </trkpt>
      <trkpt lat="35.663198148831725" lon="139.85656865872443">
        <ele>4.56</ele>
      </trkpt>
      <trkpt lat="35.66308029927313" lon="139.85677242279053">
        <ele>4.71</ele>
      </trkpt>
      <trkpt lat="35.66314467228949" lon="139.85683679580688">
        <ele>4.92</ele>
      </trkpt>
      <trkpt lat="35.66314458847046" lon="139.856858253479">
        <ele>5.16</ele>
      </trkpt>
      <trkpt lat="35.66312321461737" lon="139.85690116882324">
        <ele>5.41</ele>
      </trkpt>
      <trkpt lat="35.66323050297797" lon="139.85694408416748">
        <ele>5.69</ele>
      </trkpt>
      <trkpt lat="35.663230419158936" lon="139.8571254685521">
        <ele>5.94</ele>
      </trkpt>
      <trkpt lat="35.663230419158936" lon="139.8571264743805">
        <ele>6.25</ele>
      </trkpt>
      <trkpt lat="35.66323050297797" lon="139.8572015762329">
        <ele>6.57</ele>
      </trkpt>
      <trkpt lat="35.66318758763373" lon="139.85750198364258">
        <ele>6.92</ele>
      </trkpt>
      <trkpt lat="35.66316604614258" lon="139.85778143629432">
        <ele>7.35</ele>
      </trkpt>
      <trkpt lat="35.66314467228949" lon="139.85805988311768">
        <ele>7.82</ele>
      </trkpt>
      <trkpt lat="35.66314458847046" lon="139.85805988311768">
        <ele>8.15</ele>
      </trkpt>
      <trkpt lat="35.66311231814325" lon="139.85832860693336">
        <ele>8.63</ele>
      </trkpt>
      <trkpt lat="35.66308029927313" lon="139.85859632492065">
        <ele>9.0</ele>
      </trkpt>
      <trkpt lat="35.663058841601014" lon="139.85870361328125">
        <ele>9.27</ele>
      </trkpt>
      <trkpt lat="35.663058841601014" lon="139.85881090164185">
        <ele>9.48</ele>
      </trkpt>
      <trkpt lat="35.663026571273804" lon="139.85906881280243">
        <ele>9.64</ele>
      </trkpt>
      <trkpt lat="35.66299446858466" lon="139.8593258857727">
        <ele>9.82</ele>
      </trkpt>
      <trkpt lat="35.66295146942139" lon="139.8596805240959">
        <ele>9.98</ele>
      </trkpt>
      <trkpt lat="35.66290863789618" lon="139.86003398895264">
        <ele>10.05</ele>
      </trkpt>
      <trkpt lat="35.66288709640503" lon="139.8603348992765">
        <ele>10.22</ele>
      </trkpt>
      <trkpt lat="35.66286572255194" lon="139.86063480377197">
        <ele>10.41</ele>
      </trkpt>
      <trkpt lat="35.66286563873291" lon="139.86063480377197">
        <ele>10.42</ele>
      </trkpt>
      <trkpt lat="35.6628333684057" lon="139.86089271493256">
        <ele>10.34</ele>
      </trkpt>
      <trkpt lat="35.662801349535584" lon="139.86114978790283">
        <ele>10.16</ele>
      </trkpt>
      <trkpt lat="35.66280126571655" lon="139.8612141609192">
        <ele>10.04</ele>
      </trkpt>
      <trkpt lat="35.662779891863465" lon="139.86129999160767">
        <ele>9.88</ele>
      </trkpt>
      <trkpt lat="35.662747621536255" lon="139.86161171458662">
        <ele>9.63</ele>
      </trkpt>
      <trkpt lat="35.66271551884711" lon="139.86192226409912">
        <ele>9.39</ele>
      </trkpt>
      <trkpt lat="35.66269397735596" lon="139.86214798875153">
        <ele>9.18</ele>
      </trkpt>
      <trkpt lat="35.66267260350287" lon="139.86237287521362">
        <ele>8.95</ele>
      </trkpt>
      <trkpt lat="35.66264024935663" lon="139.8627060558647">
        <ele>8.79</ele>
      </trkpt>
      <trkpt lat="35.66260814666748" lon="139.86303806304932">
        <ele>8.71</ele>
      </trkpt>
      <trkpt lat="35.662565315142274" lon="139.8630166053772">
        <ele>8.49</ele>
      </trkpt>
      <trkpt lat="35.66243522800505" lon="139.86292658373713">
        <ele>8.28</ele>
      </trkpt>
      <trkpt lat="35.66243413835764" lon="139.86292582936585">
        <ele>8.02</ele>
      </trkpt>
      <trkpt lat="35.66222098655999" lon="139.862778224051">
        <ele>7.74</ele>
      </trkpt>
      <trkpt lat="35.662007331848145" lon="139.86263036727905">
        <ele>7.44</ele>
      </trkpt>
      <trkpt lat="35.662007415667176" lon="139.86263036727905">
        <ele>7.16</ele>
      </trkpt>
      <trkpt lat="35.6619215849787" lon="139.8625659942627">
        <ele>6.86</ele>
      </trkpt>
      <trkpt lat="35.661792838945985" lon="139.86248016357422">
        <ele>6.56</ele>
      </trkpt>
      <trkpt lat="35.66170700825751" lon="139.86243724822998">
        <ele>6.26</ele>
      </trkpt>
      <trkpt lat="35.66168555058539" lon="139.86250162124634">
        <ele>5.94</ele>
      </trkpt>
      <trkpt lat="35.66168555058539" lon="139.8625659942627">
        <ele>5.63</ele>
      </trkpt>
      <trkpt lat="35.66149980761111" lon="139.86244454048574">
        <ele>5.28</ele>
      </trkpt>
      <trkpt lat="35.66131406463683" lon="139.86232308670878">
        <ele>4.93</ele>
      </trkpt>
      <trkpt lat="35.66112756729126" lon="139.86220121383667">
        <ele>4.61</ele>
      </trkpt>
      <trkpt lat="35.66110057756305" lon="139.86244328320026">
        <ele>4.37</ele>
      </trkpt>
      <trkpt lat="35.66107392311096" lon="139.8626835923642">
        <ele>4.13</ele>
      </trkpt>
      <trkpt lat="35.66107383929193" lon="139.86268451437354">
        <ele>3.92</ele>
      </trkpt>
      <trkpt lat="35.66103620454669" lon="139.86302280798554">
        <ele>3.76</ele>
      </trkpt>
      <trkpt lat="35.660998821258545" lon="139.8633599281311">
        <ele>3.59</ele>
      </trkpt>
      <trkpt lat="35.66099890507758" lon="139.8633599281311">
        <ele>3.45</ele>
      </trkpt>
      <trkpt lat="35.660966634750366" lon="139.8636501096189">
        <ele>3.36</ele>
      </trkpt>
      <trkpt lat="35.66093453206122" lon="139.86393928527832">
        <ele>3.23</ele>
      </trkpt>
      <trkpt lat="35.66097744740546" lon="139.86393928527832">
        <ele>3.17</ele>
      </trkpt>
      <trkpt lat="35.661181127652526" lon="139.86395864747465">
        <ele>3.18</ele>
      </trkpt>
      <trkpt lat="35.66138413734734" lon="139.86397800967097">
        <ele>3.09</ele>
      </trkpt>
      <trkpt lat="35.661385813727975" lon="139.86397817730904">
        <ele>3.08</ele>
      </trkpt>
      <trkpt lat="35.66142805851996" lon="139.86398220062256">
        <ele>3.06</ele>
      </trkpt>
      <trkpt lat="35.66140660084784" lon="139.86404657363892">
        <ele>3.07</ele>
      </trkpt>
      <trkpt lat="35.66140660084784" lon="139.86419677734375">
        <ele>3.09</ele>
      </trkpt>
      <trkpt lat="35.66138514317572" lon="139.86428260803223">
        <ele>3.13</ele>
      </trkpt>
      <trkpt lat="35.661327140405774" lon="139.86427506431937">
        <ele>3.17</ele>
      </trkpt>
      <trkpt lat="35.66132579930127" lon="139.8642748966813">
        <ele>3.22</ele>
      </trkpt>
      <trkpt lat="35.661109210923314" lon="139.8642465658486">
        <ele>3.28</ele>
      </trkpt>
      <trkpt lat="35.66089161671698" lon="139.86421823501587">
        <ele>3.31</ele>
      </trkpt>
      <trkpt lat="35.66086705774069" lon="139.86439526081085">
        <ele>3.4</ele>
      </trkpt>
      <trkpt lat="35.66086697392166" lon="139.8643964342773">
        <ele>3.43</ele>
      </trkpt>
      <trkpt lat="35.66083629615605" lon="139.86461880616844">
        <ele>3.49</ele>
      </trkpt>
      <trkpt lat="35.660805786028504" lon="139.86484050750732">
        <ele>3.52</ele>
      </trkpt>
      <trkpt lat="35.66076991148293" lon="139.8651557508856">
        <ele>3.55</ele>
      </trkpt>
      <trkpt lat="35.66073412075639" lon="139.86547107808292">
        <ele>3.54</ele>
      </trkpt>
      <trkpt lat="35.66069849766791" lon="139.86578464508057">
        <ele>3.5</ele>
      </trkpt>
      <trkpt lat="35.660684164613485" lon="139.86612142995">
        <ele>3.45</ele>
      </trkpt>
      <trkpt lat="35.66066983155906" lon="139.86645829863846">
        <ele>3.42</ele>
      </trkpt>
      <trkpt lat="35.66065558232367" lon="139.86679315567017">
        <ele>3.39</ele>
      </trkpt>
      <trkpt lat="35.66065549850464" lon="139.86679315567017">
        <ele>3.34</ele>
      </trkpt>
      <trkpt lat="35.66065558232367" lon="139.86687898635864">
        <ele>3.27</ele>
      </trkpt>
      <trkpt lat="35.66065558232367" lon="139.866943359375">
        <ele>3.2</ele>
      </trkpt>
      <trkpt lat="35.66063404083252" lon="139.86725508235395">
        <ele>3.07</ele>
      </trkpt>
      <trkpt lat="35.66061266697943" lon="139.86756563186646">
        <ele>2.98</ele>
      </trkpt>
      <trkpt lat="35.6606125831604" lon="139.86756563186646">
        <ele>2.91</ele>
      </trkpt>
      <trkpt lat="35.66059112548828" lon="139.86792035400867">
        <ele>2.78</ele>
      </trkpt>
      <trkpt lat="35.660569751635194" lon="139.8682737350464">
        <ele>2.75</ele>
      </trkpt>
      <trkpt lat="35.66056966781616" lon="139.8682737350464">
        <ele>2.68</ele>
      </trkpt>
      <trkpt lat="35.66052666865289" lon="139.86851010471582">
        <ele>2.64</ele>
      </trkpt>
      <trkpt lat="35.66048392094672" lon="139.868745803833">
        <ele>2.54</ele>
      </trkpt>
      <trkpt lat="35.660483837127686" lon="139.868745803833">
        <ele>2.49</ele>
      </trkpt>
      <trkpt lat="35.660419380292296" lon="139.86912198364735">
        <ele>2.41</ele>
      </trkpt>
      <trkpt lat="35.660355174914" lon="139.86949682235718">
        <ele>2.5</ele>
      </trkpt>
      <trkpt lat="35.66019784659147" lon="139.86968985758722">
        <ele>2.55</ele>
      </trkpt>
      <trkpt lat="35.66004051826894" lon="139.86988289281726">
        <ele>2.5</ele>
      </trkpt>
      <trkpt lat="35.65988310612738" lon="139.8700761795044">
        <ele>2.42</ele>
      </trkpt>
      <trkpt lat="35.65984019078314" lon="139.87011909484863">
        <ele>2.36</ele>
      </trkpt>
      <trkpt lat="35.66002610139549" lon="139.87039804458618">
        <ele>2.34</ele>
      </trkpt>
      <trkpt lat="35.660212095826864" lon="139.87067707814276">
        <ele>2.23</ele>
      </trkpt>
      <trkpt lat="35.66039800643921" lon="139.87095594406128">
        <ele>2.08</ele>
      </trkpt>
      <trkpt lat="35.66023078747094" lon="139.87114696763456">
        <ele>2.04</ele>
      </trkpt>
      <trkpt lat="35.660229781642556" lon="139.871148141101">
        <ele>1.99</ele>
      </trkpt>
      <trkpt lat="35.66009759902954" lon="139.87129926681519">
        <ele>1.92</ele>
      </trkpt>
      <trkpt lat="35.65992065705359" lon="139.87149758264422">
        <ele>1.95</ele>
      </trkpt>
      <trkpt lat="35.65974371507764" lon="139.8716959822923">
        <ele>2.02</ele>
      </trkpt>
      <trkpt lat="35.65956677310169" lon="139.87189438194036">
        <ele>2.02</ele>
      </trkpt>
      <trkpt lat="35.65938957966864" lon="139.8720932006836">
        <ele>1.94</ele>
      </trkpt>
      <trkpt lat="35.65938949584961" lon="139.8720932006836">
        <ele>1.97</ele>
      </trkpt>
      <trkpt lat="35.65915354527533" lon="139.8723292350769">
        <ele>1.93</ele>
      </trkpt>
      <trkpt lat="35.659217834472656" lon="139.87239360809326">
        <ele>2.0</ele>
      </trkpt>
      <trkpt lat="35.65915044397116" lon="139.87250592559576">
        <ele>2.13</ele>
      </trkpt>
      <trkpt lat="35.65914968959987" lon="139.87250726670027">
        <ele>2.22</ele>
      </trkpt>
      <trkpt lat="35.65914960578084" lon="139.87250726670027">
        <ele>2.33</ele>
      </trkpt>
      <trkpt lat="35.65908917225897" lon="139.87260818481445">
        <ele>2.48</ele>
      </trkpt>
      <trkpt lat="35.65913208760321" lon="139.87260818481445">
        <ele>2.61</ele>
      </trkpt>
      <trkpt lat="35.659260833635926" lon="139.87262964248657">
        <ele>2.8</ele>
      </trkpt>
      <trkpt lat="35.659325206652284" lon="139.87262964248657">
        <ele>2.99</ele>
      </trkpt>
      <trkpt lat="35.659260749816895" lon="139.87273693084717">
        <ele>3.18</ele>
      </trkpt>
      <trkpt lat="35.65915354527533" lon="139.872887134552">
        <ele>3.38</ele>
      </trkpt>
      <trkpt lat="35.65908917225897" lon="139.8729944229126">
        <ele>3.61</ele>
      </trkpt>
      <trkpt lat="35.658960258588195" lon="139.8732520826161">
        <ele>3.82</ele>
      </trkpt>
      <trkpt lat="35.65883168019354" lon="139.87350940704346">
        <ele>4.0</ele>
      </trkpt>
      <trkpt lat="35.65875574015081" lon="139.87368165515363">
        <ele>4.17</ele>
      </trkpt>
      <trkpt lat="35.65868063829839" lon="139.8738523107022">
        <ele>4.37</ele>
      </trkpt>
      <trkpt lat="35.65868005156517" lon="139.87385373562574">
        <ele>4.55</ele>
      </trkpt>
      <trkpt lat="35.65859564580023" lon="139.87404584884644">
        <ele>4.76</ele>
      </trkpt>
      <trkpt lat="35.658488189801574" lon="139.87431071698666">
        <ele>4.9</ele>
      </trkpt>
      <trkpt lat="35.658380733802915" lon="139.8745756689459">
        <ele>5.06</ele>
      </trkpt>
      <trkpt lat="35.658273696899414" lon="139.87483978271484">
        <ele>5.25</ele>
      </trkpt>
      <trkpt lat="35.658381236717105" lon="139.8749054968357">
        <ele>5.4</ele>
      </trkpt>
      <trkpt lat="35.658382745459676" lon="139.87490641884506">
        <ele>5.56</ele>
      </trkpt>
      <trkpt lat="35.65865993499756" lon="139.87507581710815">
        <ele>5.73</ele>
      </trkpt>
      <trkpt lat="35.65875817090273" lon="139.87480910494924">
        <ele>5.91</ele>
      </trkpt>
      <trkpt lat="35.658855652436614" lon="139.87454440444708">
        <ele>6.04</ele>
      </trkpt>
      <trkpt lat="35.658856239169836" lon="139.87454306334257">
        <ele>6.2</ele>
      </trkpt>
      <trkpt lat="35.65896034240723" lon="139.87426042556763">
        <ele>6.34</ele>
      </trkpt>
      <trkpt lat="35.65918522886932" lon="139.87436746247113">
        <ele>6.47</ele>
      </trkpt>
      <trkpt lat="35.65941103734076" lon="139.87447500228882">
        <ele>6.67</ele>
      </trkpt>
      <trkpt lat="35.65960784442723" lon="139.87457340583205">
        <ele>6.84</ele>
      </trkpt>
      <trkpt lat="35.65980356186628" lon="139.8746713064611">
        <ele>6.99</ele>
      </trkpt>
      <trkpt lat="35.65980540588498" lon="139.87467222847044">
        <ele>7.12</ele>
      </trkpt>
      <trkpt lat="35.65988302230835" lon="139.87471103668213">
        <ele>7.25</ele>
      </trkpt>
      <trkpt lat="35.65988310612738" lon="139.87471103668213">
        <ele>7.35</ele>
      </trkpt>
      <trkpt lat="35.65996893681586" lon="139.87475395202637">
        <ele>7.46</ele>
      </trkpt>
      <trkpt lat="35.65994747914374" lon="139.87486124038696">
        <ele>7.53</ele>
      </trkpt>
      <trkpt lat="35.660076225176454" lon="139.87494707107544">
        <ele>7.6</ele>
      </trkpt>
      <trkpt lat="35.66016205586493" lon="139.87498998641968">
        <ele>7.65</ele>
      </trkpt>
      <trkpt lat="35.66018351353705" lon="139.8749041557312">
        <ele>7.68</ele>
      </trkpt>
      <trkpt lat="35.66018351353705" lon="139.87483978271484">
        <ele>7.68</ele>
      </trkpt>
      <trkpt lat="35.66038685850799" lon="139.87489325925708">
        <ele>7.68</ele>
      </trkpt>
      <trkpt lat="35.66059120930731" lon="139.87494707107544">
        <ele>7.67</ele>
      </trkpt>
      <trkpt lat="35.660805283114314" lon="139.87500054761767">
        <ele>7.59</ele>
      </trkpt>
      <trkpt lat="35.661020362749696" lon="139.87505435943604">
        <ele>7.44</ele>
      </trkpt>
      <trkpt lat="35.661041820421815" lon="139.87505435943604">
        <ele>7.35</ele>
      </trkpt>
      <trkpt lat="35.66122370772064" lon="139.8750971071422">
        <ele>7.19</ele>
      </trkpt>
      <trkpt lat="35.66140660084784" lon="139.8751401901245">
        <ele>7.06</ele>
      </trkpt>
      <trkpt lat="35.66139335744083" lon="139.8753410205245">
        <ele>6.99</ele>
      </trkpt>
      <trkpt lat="35.6613932736218" lon="139.87534269690514">
        <ele>6.87</ele>
      </trkpt>
      <trkpt lat="35.66136904992163" lon="139.87571217119694">
        <ele>6.75</ele>
      </trkpt>
      <trkpt lat="35.661344826221466" lon="139.87608172930777">
        <ele>6.63</ele>
      </trkpt>
      <trkpt lat="35.661320770159364" lon="139.87644910812378">
        <ele>6.49</ele>
      </trkpt>
      <trkpt lat="35.6615777593106" lon="139.8765776026994">
        <ele>6.33</ele>
      </trkpt>
      <trkpt lat="35.66183575429022" lon="139.8767066001892">
        <ele>6.15</ele>
      </trkpt>
      <trkpt lat="35.66187866963446" lon="139.87672805786133">
        <ele>5.96</ele>
      </trkpt>
      <trkpt lat="35.66194304265082" lon="139.87674951553345">
        <ele>5.75</ele>
      </trkpt>
      <trkpt lat="35.662110010161996" lon="139.87683744169772">
        <ele>5.55</ele>
      </trkpt>
      <trkpt lat="35.66227580420673" lon="139.87692469730973">
        <ele>5.35</ele>
      </trkpt>
      <trkpt lat="35.66227773204446" lon="139.8769257031381">
        <ele>5.1</ele>
      </trkpt>
      <trkpt lat="35.66235073842108" lon="139.87696409225464">
        <ele>4.84</ele>
      </trkpt>
      <trkpt lat="35.66235065460205" lon="139.87696409225464">
        <ele>4.56</ele>
      </trkpt>
      <trkpt lat="35.66258610226214" lon="139.87698546610773">
        <ele>4.27</ele>
      </trkpt>
      <trkpt lat="35.662822807207704" lon="139.87700700759888">
        <ele>3.93</ele>
      </trkpt>
      <trkpt lat="35.663037383928895" lon="139.877028465271">
        <ele>3.51</ele>
      </trkpt>
      <trkpt lat="35.663294875994325" lon="139.877028465271">
        <ele>3.14</ele>
      </trkpt>
      <trkpt lat="35.66358380019665" lon="139.87704983912408">
        <ele>2.79</ele>
      </trkpt>
      <trkpt lat="35.66387423314154" lon="139.87707138061523">
        <ele>2.48</ele>
      </trkpt>
      <trkpt lat="35.66403248347342" lon="139.87708009779453">
        <ele>2.22</ele>
      </trkpt>
      <trkpt lat="35.66418947651982" lon="139.87708881497383">
        <ele>1.96</ele>
      </trkpt>
      <trkpt lat="35.66419165581465" lon="139.8770889826119">
        <ele>1.72</ele>
      </trkpt>
      <trkpt lat="35.664260471239686" lon="139.87709283828735">
        <ele>1.5</ele>
      </trkpt>
      <trkpt lat="35.664303386583924" lon="139.87711429595947">
        <ele>1.31</ele>
      </trkpt>
      <trkpt lat="35.66428184509277" lon="139.8771572113037">
        <ele>1.12</ele>
      </trkpt>
      <trkpt lat="35.66432484425604" lon="139.87717866897583">
        <ele>0.96</ele>
      </trkpt>
      <trkpt lat="35.66453170962632" lon="139.87723574973643">
        <ele>0.85</ele>
      </trkpt>
      <trkpt lat="35.66473865881562" lon="139.87729283049703">
        <ele>0.74</ele>
      </trkpt>
      <trkpt lat="35.66494703292847" lon="139.87735033035278">
        <ele>0.61</ele>
      </trkpt>
      <trkpt lat="35.6649471167475" lon="139.87735033035278">
        <ele>0.53</ele>
      </trkpt>
      <trkpt lat="35.66515398211777" lon="139.87740020267665">
        <ele>0.43</ele>
      </trkpt>
      <trkpt lat="35.66536093130708" lon="139.87745015881956">
        <ele>0.34</ele>
      </trkpt>
      <trkpt lat="35.665569389238954" lon="139.87750053405762">
        <ele>0.3</ele>
      </trkpt>
      <trkpt lat="35.66561222076416" lon="139.87750053405762">
        <ele>0.32</ele>
      </trkpt>
      <trkpt lat="35.66561230458319" lon="139.87750053405762">
        <ele>0.36</ele>
      </trkpt>
      <trkpt lat="35.66565521992743" lon="139.87752199172974">
        <ele>0.43</ele>
      </trkpt>
      <trkpt lat="35.665944227948785" lon="139.87759684212506">
        <ele>0.56</ele>
      </trkpt>
      <trkpt lat="35.66623457707465" lon="139.87767219543457">
        <ele>0.77</ele>
      </trkpt>
      <trkpt lat="35.666479831561446" lon="139.87773346714675">
        <ele>0.98</ele>
      </trkpt>
      <trkpt lat="35.6667239125818" lon="139.87779457122087">
        <ele>1.12</ele>
      </trkpt>
      <trkpt lat="35.66672625951469" lon="139.8777951579541">
        <ele>1.25</ele>
      </trkpt>
      <trkpt lat="35.66683539189398" lon="139.8778223991394">
        <ele>1.37</ele>
      </trkpt>
      <trkpt lat="35.66687830723822" lon="139.8778223991394">
        <ele>1.49</ele>
      </trkpt>
      <trkpt lat="35.66694268025458" lon="139.8774790763855">
        <ele>1.58</ele>
      </trkpt>
      <trkpt lat="35.667028510943055" lon="139.87750053405762">
        <ele>1.7</ele>
      </trkpt>
      <trkpt lat="35.66707142628729" lon="139.87750053405762">
        <ele>1.82</ele>
      </trkpt>
      <trkpt lat="35.66707134246826" lon="139.87750053405762">
        <ele>1.94</ele>
      </trkpt>
      <trkpt lat="35.667049968615174" lon="139.8775863647461">
        <ele>2.04</ele>
      </trkpt>
      <trkpt lat="35.66720620729029" lon="139.87763104029">
        <ele>2.14</ele>
      </trkpt>
      <trkpt lat="35.66720847040415" lon="139.87763171084225">
        <ele>2.25</ele>
      </trkpt>
      <trkpt lat="35.66735037602484" lon="139.87767219543457">
        <ele>2.34</ele>
      </trkpt>
      <trkpt lat="35.66758641041815" lon="139.8777151107788">
        <ele>2.44</ele>
      </trkpt>
      <trkpt lat="35.66762924194336" lon="139.87750053405762">
        <ele>2.55</ele>
      </trkpt>
      <trkpt lat="35.66765069961548" lon="139.87750053405762">
        <ele>2.63</ele>
      </trkpt>
      <trkpt lat="35.66765078343451" lon="139.87750053405762">
        <ele>2.7</ele>
      </trkpt>
      <trkpt lat="35.6678862310946" lon="139.87755937501788">
        <ele>2.77</ele>
      </trkpt>
      <trkpt lat="35.66812176257372" lon="139.87761821597815">
        <ele>2.81</ele>
      </trkpt>
      <trkpt lat="35.66835721023381" lon="139.87767714075744">
        <ele>2.85</ele>
      </trkpt>
      <trkpt lat="35.66859492100775" lon="139.87773656845093">
        <ele>2.92</ele>
      </trkpt>
      <trkpt lat="35.66863783635199" lon="139.87775802612305">
        <ele>2.94</ele>
      </trkpt>
      <trkpt lat="35.668555526062846" lon="139.8780374787748">
        <ele>2.91</ele>
      </trkpt>
      <trkpt lat="35.668555023148656" lon="139.87803940661252">
        <ele>2.91</ele>
      </trkpt>
      <trkpt lat="35.668530547991395" lon="139.87812280654907">
        <ele>2.88</ele>
      </trkpt>
      <trkpt lat="35.668476819992065" lon="139.87831617705524">
        <ele>2.81</ele>
      </trkpt>
      <trkpt lat="35.6684232596308" lon="139.87850904464722">
        <ele>2.82</ele>
      </trkpt>
      <trkpt lat="35.66842317581177" lon="139.87857341766357">
        <ele>2.81</ele>
      </trkpt>
      <trkpt lat="35.66844471730292" lon="139.87889528274536">
        <ele>2.81</ele>
      </trkpt>
      <trkpt lat="35.66844471730292" lon="139.87900257110596">
        <ele>2.79</ele>
      </trkpt>
      <trkpt lat="35.668455362319946" lon="139.8792175669223">
        <ele>2.73</ele>
      </trkpt>
      <trkpt lat="35.668466091156006" lon="139.87943172454834">
        <ele>2.68</ele>
      </trkpt>
      <trkpt lat="35.66863154992461" lon="139.87940339371562">
        <ele>2.67</ele>
      </trkpt>
      <trkpt lat="35.66863398067653" lon="139.8794030584395">
        <ele>2.65</ele>
      </trkpt>
      <trkpt lat="35.668870685622096" lon="139.87936257384717">
        <ele>2.64</ele>
      </trkpt>
      <trkpt lat="35.66910747438669" lon="139.8793221730739">
        <ele>2.6</ele>
      </trkpt>
      <trkpt lat="35.66934593953192" lon="139.8792815208435">
        <ele>2.58</ele>
      </trkpt>
      <trkpt lat="35.66936731338501" lon="139.87934589385986">
        <ele>2.56</ele>
      </trkpt>
      <trkpt lat="35.66939958371222" lon="139.8795930761844">
        <ele>2.55</ele>
      </trkpt>
      <trkpt lat="35.6694317702204" lon="139.8798394203186">
        <ele>2.58</ele>
      </trkpt>
      <trkpt lat="35.66944417543709" lon="139.87990211695433">
        <ele>2.57</ele>
      </trkpt>
      <trkpt lat="35.66944467835128" lon="139.87990454770625">
        <ele>2.55</ele>
      </trkpt>
      <trkpt lat="35.669453144073486" lon="139.8799467086792">
        <ele>2.54</ele>
      </trkpt>
      <trkpt lat="35.66962438635528" lon="139.87998945638537">
        <ele>2.52</ele>
      </trkpt>
      <trkpt lat="35.66979646682739" lon="139.88003253936768">
        <ele>2.5</ele>
      </trkpt>
      <trkpt lat="35.66977492533624" lon="139.88025826402009">
        <ele>2.46</ele>
      </trkpt>
      <trkpt lat="35.669753551483154" lon="139.88048315048218">
        <ele>2.42</ele>
      </trkpt>
      <trkpt lat="35.669732093811035" lon="139.88078406080604">
        <ele>2.43</ele>
      </trkpt>
      <trkpt lat="35.66971071995795" lon="139.8810839653015">
        <ele>2.46</ele>
      </trkpt>
      <trkpt lat="35.669775092974305" lon="139.8810839653015">
        <ele>2.46</ele>
      </trkpt>
      <trkpt lat="35.669924123212695" lon="139.8810765054077">
        <ele>2.44</ele>
      </trkpt>
      <trkpt lat="35.66992663778365" lon="139.88107642158866">
        <ele>2.43</ele>
      </trkpt>
      <trkpt lat="35.67020424641669" lon="139.8810625076294">
        <ele>2.38</ele>
      </trkpt>
      <trkpt lat="35.67039677873254" lon="139.88106242381036">
        <ele>2.36</ele>
      </trkpt>
      <trkpt lat="35.6705904006958" lon="139.8810625076294">
        <ele>2.32</ele>
      </trkpt>
      <trkpt lat="35.67082651890814" lon="139.88114833831787">
        <ele>2.26</ele>
      </trkpt>
      <trkpt lat="35.67075116559863" lon="139.88151370547712">
        <ele>2.38</ele>
      </trkpt>
      <trkpt lat="35.67067623138428" lon="139.88187789916992">
        <ele>2.35</ele>
      </trkpt>
      <trkpt lat="35.67063331604004" lon="139.88204956054688">
        <ele>2.34</ele>
      </trkpt>
      <trkpt lat="35.67063339985907" lon="139.88204956054688">
        <ele>2.36</ele>
      </trkpt>
      <trkpt lat="35.67057958804071" lon="139.8822859302163">
        <ele>2.4</ele>
      </trkpt>
      <trkpt lat="35.67052602767944" lon="139.8825216293335">
        <ele>2.43</ele>
      </trkpt>
      <trkpt lat="35.670526111498475" lon="139.8825216293335">
        <ele>2.48</ele>
      </trkpt>
      <trkpt lat="35.67044723778963" lon="139.88282245583832">
        <ele>2.57</ele>
      </trkpt>
      <trkpt lat="35.67036844789982" lon="139.88312336616218">
        <ele>2.67</ele>
      </trkpt>
      <trkpt lat="35.670290077105165" lon="139.8834228515625">
        <ele>2.74</ele>
      </trkpt>
      <trkpt lat="35.6703882291913" lon="139.88353089429438">
        <ele>2.8</ele>
      </trkpt>
      <trkpt lat="35.67038998939097" lon="139.8835328221321">
        <ele>2.87</ele>
      </trkpt>
      <trkpt lat="35.670504653826356" lon="139.8836588859558">
        <ele>2.93</ele>
      </trkpt>
      <trkpt lat="35.670504653826356" lon="139.88370180130005">
        <ele>3.0</ele>
      </trkpt>
      <trkpt lat="35.670762062072754" lon="139.88372325897217">
        <ele>3.02</ele>
      </trkpt>
      <trkpt lat="35.671019554138184" lon="139.88385200500488">
        <ele>3.03</ele>
      </trkpt>
      <trkpt lat="35.67130420356989" lon="139.88393624313176">
        <ele>3.05</ele>
      </trkpt>
      <trkpt lat="35.67130705341697" lon="139.8839371651411">
        <ele>3.15</ele>
      </trkpt>
      <trkpt lat="35.6715989112854" lon="139.88402366638184">
        <ele>3.26</ele>
      </trkpt>
      <trkpt lat="35.671770153567195" lon="139.88404504023492">
        <ele>3.42</ele>
      </trkpt>
      <trkpt lat="35.67194231785834" lon="139.88406658172607">
        <ele>3.63</ele>
      </trkpt>
      <trkpt lat="35.67213535308838" lon="139.88404512405396">
        <ele>3.79</ele>
      </trkpt>
      <trkpt lat="35.67217826843262" lon="139.88402366638184">
        <ele>3.9</ele>
      </trkpt>
      <trkpt lat="35.67223199643195" lon="139.88378721289337">
        <ele>4.03</ele>
      </trkpt>
      <trkpt lat="35.672285640612245" lon="139.88355159759521">
        <ele>4.16</ele>
      </trkpt>
      <trkpt lat="35.67228555679321" lon="139.88355159759521">
        <ele>4.25</ele>
      </trkpt>
      <trkpt lat="35.672306679189205" lon="139.8834251984954">
        <ele>4.33</ele>
      </trkpt>
      <trkpt lat="35.672307098284364" lon="139.8834228515625">
        <ele>4.4</ele>
      </trkpt>
      <trkpt lat="35.67230701446533" lon="139.8834228515625">
        <ele>4.45</ele>
      </trkpt>
      <trkpt lat="35.67244816571474" lon="139.88346626982093">
        <ele>4.52</ele>
      </trkpt>
      <trkpt lat="35.672450764104724" lon="139.88346710801125">
        <ele>4.54</ele>
      </trkpt>
      <trkpt lat="35.67258604802191" lon="139.88350868225098">
        <ele>4.55</ele>
      </trkpt>
      <trkpt lat="35.67257523536682" lon="139.8837666772306">
        <ele>4.49</ele>
      </trkpt>
      <trkpt lat="35.67256450653076" lon="139.88402366638184">
        <ele>4.38</ele>
      </trkpt>
      <trkpt lat="35.67276768386364" lon="139.8840526677668">
        <ele>4.35</ele>
      </trkpt>
      <trkpt lat="35.67296910099685" lon="139.8840814176947">
        <ele>4.33</ele>
      </trkpt>
      <trkpt lat="35.67297195084393" lon="139.88408183678985">
        <ele>4.28</ele>
      </trkpt>
      <trkpt lat="35.673015117645264" lon="139.8840880393982">
        <ele>4.22</ele>
      </trkpt>
      <trkpt lat="35.67322910763323" lon="139.8840880393982">
        <ele>4.16</ele>
      </trkpt>
      <trkpt lat="35.67344427108765" lon="139.8840880393982">
        <ele>4.05</ele>
      </trkpt>
      <trkpt lat="35.67344435490668" lon="139.8840880393982">
        <ele>3.95</ele>
      </trkpt>
      <trkpt lat="35.67348727025092" lon="139.8840880393982">
        <ele>3.84</ele>
      </trkpt>
      <trkpt lat="35.673487186431885" lon="139.8840880393982">
        <ele>3.72</ele>
      </trkpt>
      <trkpt lat="35.673551643267274" lon="139.88417387008667">
        <ele>3.58</ele>
      </trkpt>
      <trkpt lat="35.67355155944824" lon="139.88417387008667">
        <ele>3.45</ele>
      </trkpt>
      <trkpt lat="35.673701763153076" lon="139.88436698913574">
        <ele>3.28</ele>
      </trkpt>
      <trkpt lat="35.673922626301646" lon="139.88441853784025">
        <ele>3.12</ele>
      </trkpt>
      <trkpt lat="35.67414172925055" lon="139.8844696674496">
        <ele>2.96</ele>
      </trkpt>
      <trkpt lat="35.67414466291666" lon="139.88447033800185">
        <ele>2.81</ele>
      </trkpt>
      <trkpt lat="35.67434557713568" lon="139.88451719284058">
        <ele>2.67</ele>
      </trkpt>
      <trkpt lat="35.67440995015204" lon="139.88451719284058">
        <ele>2.53</ele>
      </trkpt>
      <trkpt lat="35.6744743231684" lon="139.8845386505127">
        <ele>2.38</ele>
      </trkpt>
      <trkpt lat="35.67469912581146" lon="139.884602855891">
        <ele>2.19</ele>
      </trkpt>
      <trkpt lat="35.6749249342829" lon="139.8846673965454">
        <ele>2.02</ele>
      </trkpt>
      <trkpt lat="35.67498327232897" lon="139.8847960587591">
        <ele>1.86</ele>
      </trkpt>
      <trkpt lat="35.67498444579542" lon="139.88479857333004">
        <ele>1.71</ele>
      </trkpt>
      <trkpt lat="35.67498444579542" lon="139.884798489511">
        <ele>1.56</ele>
      </trkpt>
      <trkpt lat="35.67503213882446" lon="139.88490343093872">
        <ele>1.41</ele>
      </trkpt>
      <trkpt lat="35.67527839913964" lon="139.8849890101701">
        <ele>1.25</ele>
      </trkpt>
      <trkpt lat="35.675525749102235" lon="139.88507509231567">
        <ele>1.1</ele>
      </trkpt>
      <trkpt lat="35.675796903669834" lon="139.88513217307627">
        <ele>1.01</ele>
      </trkpt>
      <trkpt lat="35.67606805823743" lon="139.88518925383687">
        <ele>0.92</ele>
      </trkpt>
      <trkpt lat="35.67634114064276" lon="139.88524675369263">
        <ele>0.75</ele>
      </trkpt>
      <trkpt lat="35.676640793681145" lon="139.88530023023486">
        <ele>0.56</ele>
      </trkpt>
      <trkpt lat="35.676941871643066" lon="139.88535404205322">
        <ele>0.53</ele>
      </trkpt>
      <trkpt lat="35.676963329315186" lon="139.88531112670898">
        <ele>0.48</ele>
      </trkpt>
      <trkpt lat="35.67700314335525" lon="139.88520132377744">
        <ele>0.48</ele>
      </trkpt>
      <trkpt lat="35.67700414918363" lon="139.88519880920649">
        <ele>0.43</ele>
      </trkpt>
      <trkpt lat="35.67704916000366" lon="139.88507509231567">
        <ele>0.46</ele>
      </trkpt>
      <trkpt lat="35.67717790603638" lon="139.88479614257812">
        <ele>0.49</ele>
      </trkpt>
      <trkpt lat="35.67717798985541" lon="139.88460302352905">
        <ele>0.44</ele>
      </trkpt>
      <trkpt lat="35.67718863487244" lon="139.88430194556713">
        <ele>0.27</ele>
      </trkpt>
      <trkpt lat="35.677199363708496" lon="139.88400220870972">
        <ele>0.12</ele>
      </trkpt>
      <trkpt lat="35.67689904011786" lon="139.88395929336548">
        <ele>0.05</ele>
      </trkpt>
      <trkpt lat="35.67689895629883" lon="139.8836289625615">
        <ele>0.05</ele>
      </trkpt>
      <trkpt lat="35.67689895629883" lon="139.88362669944763">
        <ele>0.15</ele>
      </trkpt>
      <trkpt lat="35.67689904011786" lon="139.88348722457886">
        <ele>0.31</ele>
      </trkpt>
      <trkpt lat="35.67692041397095" lon="139.88322973251343">
        <ele>0.62</ele>
      </trkpt>
      <trkpt lat="35.67702770233154" lon="139.8831868171692">
        <ele>0.83</ele>
      </trkpt>
      <trkpt lat="35.677220821380615" lon="139.8832082748413">
        <ele>1.1</ele>
      </trkpt>
      <trkpt lat="35.677499771118164" lon="139.88327264785767">
        <ele>1.49</ele>
      </trkpt>
      <trkpt lat="35.67765005864203" lon="139.88322973251343">
        <ele>1.78</ele>
      </trkpt>
      <trkpt lat="35.677757263183594" lon="139.88316535949707">
        <ele>2.02</ele>
      </trkpt>
      <trkpt lat="35.67769221961498" lon="139.88295153714716">
        <ele>2.24</ele>
      </trkpt>
      <trkpt lat="35.6776914652437" lon="139.88294910639524">
        <ele>2.47</ele>
      </trkpt>
      <trkpt lat="35.67760705947876" lon="139.88267183303833">
        <ele>2.66</ele>
      </trkpt>
      <trkpt lat="35.67755333147943" lon="139.88234938122332">
        <ele>2.87</ele>
      </trkpt>
      <trkpt lat="35.6774996034801" lon="139.8820269294083">
        <ele>3.05</ele>
      </trkpt>
      <trkpt lat="35.67744587548077" lon="139.8817044775933">
        <ele>3.14</ele>
      </trkpt>
      <trkpt lat="35.6773925665766" lon="139.88138437271118">
        <ele>3.4</ele>
      </trkpt>
      <trkpt lat="35.677521312609315" lon="139.88136291503906">
        <ele>3.55</ele>
      </trkpt>
      <trkpt lat="35.677499854937196" lon="139.88121271133423">
        <ele>3.75</ele>
      </trkpt>
      <trkpt lat="35.677499854937196" lon="139.88099813461304">
        <ele>3.94</ele>
      </trkpt>
      <trkpt lat="35.67743539810181" lon="139.8807191848755">
        <ele>4.08</ele>
      </trkpt>
      <trkpt lat="35.677263820543885" lon="139.88054752349854">
        <ele>4.2</ele>
      </trkpt>
      <trkpt lat="35.67721964791417" lon="139.88052749074996">
        <ele>4.29</ele>
      </trkpt>
      <trkpt lat="35.67721721716225" lon="139.88052640110254">
        <ele>4.36</ele>
      </trkpt>
      <trkpt lat="35.67702770233154" lon="139.88044023513794">
        <ele>4.43</ele>
      </trkpt>
      <trkpt lat="35.67717790603638" lon="139.88013982772827">
        <ele>4.38</ele>
      </trkpt>
      <trkpt lat="35.67735652439296" lon="139.8800040408969">
        <ele>4.33</ele>
      </trkpt>
      <trkpt lat="35.67753514274955" lon="139.87986833788455">
        <ele>4.31</ele>
      </trkpt>
      <trkpt lat="35.67771443165839" lon="139.879732131958">
        <ele>4.32</ele>
      </trkpt>
      <trkpt lat="35.677595073357224" lon="139.87942216917872">
        <ele>4.31</ele>
      </trkpt>
      <trkpt lat="35.677594151347876" lon="139.8794197384268">
        <ele>4.26</ele>
      </trkpt>
      <trkpt lat="35.677594151347876" lon="139.87941965460777">
        <ele>4.18</ele>
      </trkpt>
      <trkpt lat="35.677499854937196" lon="139.8791742324829">
        <ele>4.15</ele>
      </trkpt>
      <trkpt lat="35.67741402424872" lon="139.87906694412231">
        <ele>4.08</ele>
      </trkpt>
      <trkpt lat="35.67730665206909" lon="139.87902402877808">
        <ele>3.99</ele>
      </trkpt>
      <trkpt lat="35.67730673588812" lon="139.87891674041748">
        <ele>3.83</ele>
      </trkpt>
      <trkpt lat="35.67730673588812" lon="139.87876653671265">
        <ele>3.64</ele>
      </trkpt>
      <trkpt lat="35.67730673588812" lon="139.87865924835205">
        <ele>3.44</ele>
      </trkpt>
      <trkpt lat="35.67734956741333" lon="139.87865924835205">
        <ele>3.24</ele>
      </trkpt>
      <trkpt lat="35.67727077752352" lon="139.87839421257377">
        <ele>2.95</ele>
      </trkpt>
      <trkpt lat="35.677191987633705" lon="139.87812917679548">
        <ele>2.65</ele>
      </trkpt>
      <trkpt lat="35.67711361683905" lon="139.87786531448364">
        <ele>2.44</ele>
      </trkpt>
      <trkpt lat="35.67702770233154" lon="139.87754344940186">
        <ele>2.23</ele>
      </trkpt>
      <trkpt lat="35.677027786150575" lon="139.87754344940186">
        <ele>2.02</ele>
      </trkpt>
      <trkpt lat="35.676984870806336" lon="139.8773717880249">
        <ele>1.82</ele>
      </trkpt>
      <trkpt lat="35.676898872479796" lon="139.87707087770104">
        <ele>1.64</ele>
      </trkpt>
      <trkpt lat="35.67681320942938" lon="139.87677097320557">
        <ele>1.46</ele>
      </trkpt>
      <trkpt lat="35.67672721110284" lon="139.8764700628817">
        <ele>1.24</ele>
      </trkpt>
      <trkpt lat="35.67664154805243" lon="139.87617015838623">
        <ele>1.07</ele>
      </trkpt>
      <trkpt lat="35.6765447370708" lon="139.8758585192263">
        <ele>0.88</ele>
      </trkpt>
      <trkpt lat="35.676448345184326" lon="139.87554788589478">
        <ele>0.71</ele>
      </trkpt>
      <trkpt lat="35.67644842900336" lon="139.87554788589478">
        <ele>0.56</ele>
      </trkpt>
      <trkpt lat="35.676384055987" lon="139.8752474784851">
        <ele>0.49</ele>
      </trkpt>
      <trkpt lat="35.676384055987" lon="139.87516164779663">
        <ele>0.41</ele>
      </trkpt>
      <trkpt lat="35.676233768463135" lon="139.87509727478027">
        <ele>0.27</ele>
      </trkpt>
      <trkpt lat="35.676094461232424" lon="139.87500079907477">
        <ele>0.13</ele>
      </trkpt>
      <trkpt lat="35.67595490254462" lon="139.8749041557312">
        <ele>0.03</ele>
      </trkpt>
      <trkpt lat="35.67590234801173" lon="139.87487129867077">
        <ele>-0.03</ele>
      </trkpt>
      <trkpt lat="35.675900001078844" lon="139.87486987374723">
        <ele>-0.07</ele>
      </trkpt>
      <trkpt lat="35.675783241167665" lon="139.8747968673706">
        <ele>-0.11</ele>
      </trkpt>
      <trkpt lat="35.675547206774354" lon="139.87462520599365">
        <ele>-0.14</ele>
      </trkpt>
      <trkpt lat="35.67556866444647" lon="139.87460374832153">
        <ele>-0.14</ele>
      </trkpt>
      <trkpt lat="35.675697326660156" lon="139.87436771392822">
        <ele>-0.13</ele>
      </trkpt>
      <trkpt lat="35.67576144821942" lon="139.87412723712623">
        <ele>-0.08</ele>
      </trkpt>
      <trkpt lat="35.675762202590704" lon="139.87412455491722">
        <ele>-0.02</ele>
      </trkpt>
      <trkpt lat="35.675762202590704" lon="139.87412447109818">
        <ele>0.05</ele>
      </trkpt>
      <trkpt lat="35.675783241167665" lon="139.87404584884644">
        <ele>0.15</ele>
      </trkpt>
      <trkpt lat="35.67578315734863" lon="139.87387418746948">
        <ele>0.28</ele>
      </trkpt>
      <trkpt lat="35.675718784332275" lon="139.8736596107483">
        <ele>0.43</ele>
      </trkpt>
      <trkpt lat="35.675525749102235" lon="139.87342357635498">
        <ele>0.64</ele>
      </trkpt>
      <trkpt lat="35.67535400390625" lon="139.87314445897937">
        <ele>0.77</ele>
      </trkpt>
      <trkpt lat="35.67518242634833" lon="139.87286567687988">
        <ele>0.93</ele>
      </trkpt>
      <trkpt lat="35.67516088485718" lon="139.87280130386353">
        <ele>1.05</ele>
      </trkpt>
      <trkpt lat="35.67511805333197" lon="139.8727583885193">
        <ele>1.16</ele>
      </trkpt>
      <trkpt lat="35.674946308135986" lon="139.87247214652598">
        <ele>1.27</ele>
      </trkpt>
      <trkpt lat="35.67477456294" lon="139.87218590453267">
        <ele>1.35</ele>
      </trkpt>
      <trkpt lat="35.67460306920111" lon="139.87190008163452">
        <ele>1.39</ele>
      </trkpt>
      <trkpt lat="35.67443140782416" lon="139.87168550491333">
        <ele>1.45</ele>
      </trkpt>
      <trkpt lat="35.67443140782416" lon="139.87162113189697">
        <ele>1.53</ele>
      </trkpt>
      <trkpt lat="35.67436695098877" lon="139.8716425895691">
        <ele>1.61</ele>
      </trkpt>
      <trkpt lat="35.6743670348078" lon="139.8716425895691">
        <ele>1.68</ele>
      </trkpt>
      <trkpt lat="35.674215322360396" lon="139.87169313244522">
        <ele>1.78</ele>
      </trkpt>
      <trkpt lat="35.674212388694286" lon="139.8716941382736">
        <ele>1.84</ele>
      </trkpt>
      <trkpt lat="35.674045169726014" lon="139.8717498779297">
        <ele>1.9</ele>
      </trkpt>
      <trkpt lat="35.674002254381776" lon="139.8717713356018">
        <ele>1.95</ele>
      </trkpt>
      <trkpt lat="35.674023712053895" lon="139.87168550491333">
        <ele>1.98</ele>
      </trkpt>
      <trkpt lat="35.674045169726014" lon="139.87157821655273">
        <ele>2.0</ele>
      </trkpt>
      <trkpt lat="35.674066292122006" lon="139.87136648967862">
        <ele>2.0</ele>
      </trkpt>
      <trkpt lat="35.67406662739813" lon="139.87136363983154">
        <ele>2.01</ele>
      </trkpt>
      <trkpt lat="35.6740665435791" lon="139.87136363983154">
        <ele>2.02</ele>
      </trkpt>
      <trkpt lat="35.67388163879514" lon="139.87115560099483">
        <ele>2.03</ele>
      </trkpt>
      <trkpt lat="35.67387945950031" lon="139.8711531702429">
        <ele>2.02</ele>
      </trkpt>
      <trkpt lat="35.67372330464423" lon="139.8709774017334">
        <ele>1.98</ele>
      </trkpt>
      <trkpt lat="35.673723220825195" lon="139.8709774017334">
        <ele>1.96</ele>
      </trkpt>
      <trkpt lat="35.673766136169434" lon="139.87091302871704">
        <ele>1.94</ele>
      </trkpt>
      <trkpt lat="35.673766219988465" lon="139.87056970596313">
        <ele>1.95</ele>
      </trkpt>
      <trkpt lat="35.673766219988465" lon="139.8702542949468">
        <ele>1.98</ele>
      </trkpt>
      <trkpt lat="35.673766219988465" lon="139.86993896774948">
        <ele>1.99</ele>
      </trkpt>
      <trkpt lat="35.673766219988465" lon="139.8696255683899">
        <ele>1.92</ele>
      </trkpt>
      <trkpt lat="35.673766219988465" lon="139.86934661865234">
        <ele>1.79</ele>
      </trkpt>
      <trkpt lat="35.67384132184088" lon="139.8691747058183">
        <ele>1.63</ele>
      </trkpt>
      <trkpt lat="35.6739164236933" lon="139.86900329589844">
        <ele>1.54</ele>
      </trkpt>
      <trkpt lat="35.67387342453003" lon="139.8689603805542">
        <ele>1.48</ele>
      </trkpt>
      <trkpt lat="35.674006612971425" lon="139.86881042830646">
        <ele>1.44</ele>
      </trkpt>
      <trkpt lat="35.67413770593703" lon="139.86866299062967">
        <ele>1.41</ele>
      </trkpt>
      <trkpt lat="35.674139969050884" lon="139.86866047605872">
        <ele>1.36</ele>
      </trkpt>
      <trkpt lat="35.67421683110297" lon="139.86857414245605">
        <ele>1.33</ele>
      </trkpt>
      <trkpt lat="35.674259746447206" lon="139.8685097694397">
        <ele>1.28</ele>
      </trkpt>
      <trkpt lat="35.67445286549628" lon="139.8682737350464">
        <ele>1.24</ele>
      </trkpt>
      <trkpt lat="35.67459225654602" lon="139.8681128025055">
        <ele>1.22</ele>
      </trkpt>
      <trkpt lat="35.67473181523383" lon="139.8679518699646">
        <ele>1.22</ele>
      </trkpt>
      <trkpt lat="35.6748176459223" lon="139.867844581604">
        <ele>1.22</ele>
      </trkpt>
      <trkpt lat="35.67488201893866" lon="139.8677372932434">
        <ele>1.21</ele>
      </trkpt>
      <trkpt lat="35.675032222643495" lon="139.86756563186646">
        <ele>1.21</ele>
      </trkpt>
      <trkpt lat="35.67520388402045" lon="139.86735105514526">
        <ele>1.16</ele>
      </trkpt>
      <trkpt lat="35.67533263005316" lon="139.8671793937683">
        <ele>1.1</ele>
      </trkpt>
      <trkpt lat="35.675504291430116" lon="139.86696481704712">
        <ele>1.03</ele>
      </trkpt>
      <trkpt lat="35.67566514015198" lon="139.86675024032593">
        <ele>1.01</ele>
      </trkpt>
      <trkpt lat="35.67582607269287" lon="139.86653566360474">
        <ele>0.97</ele>
      </trkpt>
      <trkpt lat="35.675976276397705" lon="139.86636400222778">
        <ele>1.04</ele>
      </trkpt>
      <trkpt lat="35.676151206716895" lon="139.86651303246617">
        <ele>1.07</ele>
      </trkpt>
      <trkpt lat="35.676326137036085" lon="139.86666206270456">
        <ele>1.13</ele>
      </trkpt>
      <trkpt lat="35.67649897187948" lon="139.86680924892426">
        <ele>1.16</ele>
      </trkpt>
      <trkpt lat="35.6765016540885" lon="139.86681159585714">
        <ele>1.18</ele>
      </trkpt>
      <trkpt lat="35.67628280259669" lon="139.8670900426805">
        <ele>1.21</ele>
      </trkpt>
      <trkpt lat="35.67627375014126" lon="139.86710152588785">
        <ele>1.24</ele>
      </trkpt>
      <trkpt lat="35.67627165466547" lon="139.8671042919159">
        <ele>1.27</ele>
      </trkpt>
      <trkpt lat="35.67631750367582" lon="139.86716581508517">
        <ele>1.29</ele>
      </trkpt>
      <trkpt lat="35.67631959915161" lon="139.86716866493225">
        <ele>1.33</ele>
      </trkpt>
      <trkpt lat="35.67654389888048" lon="139.86689776182175">
        <ele>1.37</ele>
      </trkpt>
      <trkpt lat="35.67654431797564" lon="139.8668973427266">
        <ele>1.41</ele>
      </trkpt>
      <trkpt lat="35.67654624581337" lon="139.86689507961273">
        <ele>1.45</ele>
      </trkpt>
      <trkpt lat="35.67673986777663" lon="139.8666724562645">
        <ele>1.49</ele>
      </trkpt>
      <trkpt lat="35.67674229852855" lon="139.86666977405548">
        <ele>1.54</ele>
      </trkpt>
      <trkpt lat="35.6768452282995" lon="139.86646911129355">
        <ele>1.6</ele>
      </trkpt>
      <trkpt lat="35.67684690468013" lon="139.86646592617035">
        <ele>1.66</ele>
      </trkpt>
      <trkpt lat="35.67683458328247" lon="139.86644983291626">
        <ele>1.72</ele>
      </trkpt>
      <trkpt lat="35.6768346671015" lon="139.86644983291626">
        <ele>1.77</ele>
      </trkpt>
      <trkpt lat="35.67685604095459" lon="139.86640691757202">
        <ele>1.84</ele>
      </trkpt>
      <trkpt lat="35.67687758244574" lon="139.86634254455566">
        <ele>1.91</ele>
      </trkpt>
      <trkpt lat="35.677038514986634" lon="139.86660012044013">
        <ele>1.92</ele>
      </trkpt>
      <trkpt lat="35.677199363708496" lon="139.86685752868652">
        <ele>1.98</ele>
      </trkpt>
      <trkpt lat="35.67719944752753" lon="139.86685752868652">
        <ele>2.05</ele>
      </trkpt>
      <trkpt lat="35.67732810974121" lon="139.86707210540771">
        <ele>2.12</ele>
      </trkpt>
      <trkpt lat="35.67745660431683" lon="139.8672055453062">
        <ele>2.21</ele>
      </trkpt>
      <trkpt lat="35.677459202706814" lon="139.86720822751522">
        <ele>2.27</ele>
      </trkpt>
      <trkpt lat="35.6776724383235" lon="139.867429677397">
        <ele>2.4</ele>
      </trkpt>
      <trkpt lat="35.67788600921631" lon="139.86765146255493">
        <ele>2.52</ele>
      </trkpt>
      <trkpt lat="35.67788609303534" lon="139.86765146255493">
        <ele>2.57</ele>
      </trkpt>
      <trkpt lat="35.67803612910211" lon="139.8678014986217">
        <ele>2.64</ele>
      </trkpt>
      <trkpt lat="35.67818650044501" lon="139.8679518699646">
        <ele>2.65</ele>
      </trkpt>
      <trkpt lat="35.67822941578925" lon="139.86797332763672">
        <ele>2.66</ele>
      </trkpt>
      <trkpt lat="35.678272331133485" lon="139.86801624298096">
        <ele>2.66</ele>
      </trkpt>
      <trkpt lat="35.678272331133485" lon="139.8680591583252">
        <ele>2.67</ele>
      </trkpt>
      <trkpt lat="35.67827224731445" lon="139.8680591583252">
        <ele>2.67</ele>
      </trkpt>
      <trkpt lat="35.678250873461366" lon="139.86808061599731">
        <ele>2.67</ele>
      </trkpt>
      <trkpt lat="35.678443824872375" lon="139.86826283857226">
        <ele>2.6</ele>
      </trkpt>
      <trkpt lat="35.67863711155951" lon="139.86844539642334">
        <ele>2.5</ele>
      </trkpt>
      <trkpt lat="35.67863702774048" lon="139.86844539642334">
        <ele>2.51</ele>
      </trkpt>
      <trkpt lat="35.67887314595282" lon="139.86865997314453">
        <ele>2.57</ele>
      </trkpt>
      <trkpt lat="35.67906626500189" lon="139.86883163452148">
        <ele>2.63</ele>
      </trkpt>
      <trkpt lat="35.67906618118286" lon="139.86883163452148">
        <ele>2.67</ele>
      </trkpt>
      <trkpt lat="35.67908772267401" lon="139.8688530921936">
        <ele>2.71</ele>
      </trkpt>
      <trkpt lat="35.67910918034613" lon="139.86887454986572">
        <ele>2.77</ele>
      </trkpt>
      <trkpt lat="35.679259300231934" lon="139.86915349960327">
        <ele>2.88</ele>
      </trkpt>
      <trkpt lat="35.679280841723084" lon="139.86932516098022">
        <ele>2.96</ele>
      </trkpt>
      <trkpt lat="35.679300958290696" lon="139.86964132636786">
        <ele>2.98</ele>
      </trkpt>
      <trkpt lat="35.67932107485831" lon="139.86995757557452">
        <ele>3.02</ele>
      </trkpt>
      <trkpt lat="35.679340939968824" lon="139.87026846036315">
        <ele>3.18</ele>
      </trkpt>
      <trkpt lat="35.67934119142592" lon="139.87027198076248">
        <ele>3.25</ele>
      </trkpt>
      <trkpt lat="35.67934521473944" lon="139.87033367156982">
        <ele>3.34</ele>
      </trkpt>
      <trkpt lat="35.67932367324829" lon="139.87044095993042">
        <ele>3.43</ele>
      </trkpt>
      <trkpt lat="35.67932375706732" lon="139.87054824829102">
        <ele>3.52</ele>
      </trkpt>
      <trkpt lat="35.679316548630595" lon="139.87093524076045">
        <ele>3.55</ele>
      </trkpt>
      <trkpt lat="35.67930934019387" lon="139.87132223322988">
        <ele>3.54</ele>
      </trkpt>
      <trkpt lat="35.67930221557617" lon="139.87170696258545">
        <ele>3.54</ele>
      </trkpt>
      <trkpt lat="35.67936667241156" lon="139.87185716629028">
        <ele>3.6</ele>
      </trkpt>
      <trkpt lat="35.679495334625244" lon="139.87202882766724">
        <ele>3.69</ele>
      </trkpt>
      <trkpt lat="35.67979574203491" lon="139.87205028533936">
        <ele>3.77</ele>
      </trkpt>
      <trkpt lat="35.679912250489" lon="139.87201432697475">
        <ele>3.79</ele>
      </trkpt>
      <trkpt lat="35.67991577088833" lon="139.87201332114637">
        <ele>3.77</ele>
      </trkpt>
      <trkpt lat="35.68007477559149" lon="139.87196445465088">
        <ele>3.78</ele>
      </trkpt>
      <trkpt lat="35.68011769093573" lon="139.87194299697876">
        <ele>3.74</ele>
      </trkpt>
      <trkpt lat="35.68038884550333" lon="139.87187870778143">
        <ele>3.75</ele>
      </trkpt>
      <trkpt lat="35.68066000007093" lon="139.87181450240314">
        <ele>3.64</ele>
      </trkpt>
      <trkpt lat="35.68093308247626" lon="139.8717498779297">
        <ele>3.38</ele>
      </trkpt>
      <trkpt lat="35.681189903989434" lon="139.87172129563987">
        <ele>3.15</ele>
      </trkpt>
      <trkpt lat="35.68144680932164" lon="139.87169271335006">
        <ele>2.92</ele>
      </trkpt>
      <trkpt lat="35.68170555867255" lon="139.8716640472412">
        <ele>2.74</ele>
      </trkpt>
      <trkpt lat="35.681705474853516" lon="139.8716640472412">
        <ele>2.57</ele>
      </trkpt>
      <trkpt lat="35.68189348094165" lon="139.87168282270432">
        <ele>2.42</ele>
      </trkpt>
      <trkpt lat="35.68189733661711" lon="139.87168324179947">
        <ele>2.23</ele>
      </trkpt>
      <trkpt lat="35.682122725993395" lon="139.87170570529997">
        <ele>2.02</ele>
      </trkpt>
      <trkpt lat="35.68234928883612" lon="139.87172842025757">
        <ele>1.82</ele>
      </trkpt>
      <trkpt lat="35.68262756802142" lon="139.87177116796374">
        <ele>1.64</ele>
      </trkpt>
      <trkpt lat="35.68290584720671" lon="139.87181399948895">
        <ele>1.47</ele>
      </trkpt>
      <trkpt lat="35.68318613804877" lon="139.87185716629028">
        <ele>1.28</ele>
      </trkpt>
      <trkpt lat="35.683432230725884" lon="139.87188926897943">
        <ele>1.07</ele>
      </trkpt>
      <trkpt lat="35.68367966450751" lon="139.87192153930664">
        <ele>0.92</ele>
      </trkpt>
      <trkpt lat="35.68389365449548" lon="139.8719536419958">
        <ele>0.77</ele>
      </trkpt>
      <trkpt lat="35.68410881794989" lon="139.871985912323">
        <ele>0.6</ele>
      </trkpt>
      <trkpt lat="35.68410873413086" lon="139.871985912323">
        <ele>0.47</ele>
      </trkpt>
      <trkpt lat="35.68417310714722" lon="139.87200736999512">
        <ele>0.34</ele>
      </trkpt>
      <trkpt lat="35.684237563982606" lon="139.87200736999512">
        <ele>0.22</ele>
      </trkpt>
      <trkpt lat="35.684280479326844" lon="139.87200736999512">
        <ele>0.12</ele>
      </trkpt>
      <trkpt lat="35.68451140075922" lon="139.8720535542816">
        <ele>-0.01</ele>
      </trkpt>
      <trkpt lat="35.68451542407274" lon="139.8720543924719">
        <ele>-0.05</ele>
      </trkpt>
      <trkpt lat="35.68483041599393" lon="139.87207484431565">
        <ele>0.04</ele>
      </trkpt>
      <trkpt lat="35.684861009940505" lon="139.8720768559724">
        <ele>0.04</ele>
      </trkpt>
      <trkpt lat="35.68486453033984" lon="139.8720771074295">
        <ele>0.04</ele>
      </trkpt>
      <trkpt lat="35.68495078012347" lon="139.87170520238578">
        <ele>0.07</ele>
      </trkpt>
      <trkpt lat="35.68502051755786" lon="139.87140471115708">
        <ele>0.1</ele>
      </trkpt>
      <trkpt lat="35.68502135574818" lon="139.87140119075775">
        <ele>0.13</ele>
      </trkpt>
      <trkpt lat="35.68480300717056" lon="139.8713431879878">
        <ele>0.06</ele>
      </trkpt>
      <trkpt lat="35.6847991514951" lon="139.87134218215942">
        <ele>0.11</ele>
      </trkpt>
      <trkpt lat="35.68473603576422" lon="139.87172096036375">
        <ele>0.11</ele>
      </trkpt>
      <trkpt lat="35.68469513207674" lon="139.87196587957442">
        <ele>0.2</ele>
      </trkpt>
      <trkpt lat="35.68469454534352" lon="139.8719698190689">
        <ele>0.27</ele>
      </trkpt>
      <trkpt lat="35.68470301106572" lon="139.87214801833034">
        <ele>0.4</ele>
      </trkpt>
      <trkpt lat="35.68470326252282" lon="139.87215220928192">
        <ele>0.49</ele>
      </trkpt>
      <trkpt lat="35.684709548950195" lon="139.87215220928192">
        <ele>0.58</ele>
      </trkpt>
      <trkpt lat="35.68470963276923" lon="139.87217903137207">
        <ele>0.68</ele>
      </trkpt>
      <trkpt lat="35.68470963276923" lon="139.8722004890442">
        <ele>0.78</ele>
      </trkpt>
      <trkpt lat="35.684752548113465" lon="139.8722004890442">
        <ele>0.88</ele>
      </trkpt>
      <trkpt lat="35.684987995773554" lon="139.87224323675036">
        <ele>1.1</ele>
      </trkpt>
      <trkpt lat="35.685224616900086" lon="139.87228631973267">
        <ele>1.22</ele>
      </trkpt>
      <trkpt lat="35.68540658801794" lon="139.87236125394702">
        <ele>1.27</ele>
      </trkpt>
      <trkpt lat="35.68558931350708" lon="139.8724365234375">
        <ele>1.27</ele>
      </trkpt>
      <trkpt lat="35.68561085499823" lon="139.87245798110962">
        <ele>1.3</ele>
      </trkpt>
      <trkpt lat="35.68558939732611" lon="139.87250089645386">
        <ele>1.31</ele>
      </trkpt>
      <trkpt lat="35.68578511476517" lon="139.87263584509492">
        <ele>1.26</ele>
      </trkpt>
      <trkpt lat="35.68597781471908" lon="139.87276878207922">
        <ele>1.22</ele>
      </trkpt>
      <trkpt lat="35.685981418937445" lon="139.87277129665017">
        <ele>1.21</ele>
      </trkpt>
      <trkpt lat="35.686046965420246" lon="139.87268663942814">
        <ele>1.21</ele>
      </trkpt>
      <trkpt lat="35.68604964762926" lon="139.87268328666687">
        <ele>1.18</ele>
      </trkpt>
      <trkpt lat="35.686322981491685" lon="139.87287623807788">
        <ele>1.12</ele>
      </trkpt>
      <trkpt lat="35.686342511326075" lon="139.8728900682181">
        <ele>1.06</ele>
      </trkpt>
      <trkpt lat="35.686345947906375" lon="139.87289249897003">
        <ele>1.0</ele>
      </trkpt>
      <trkpt lat="35.68663780577481" lon="139.87300347536802">
        <ele>0.91</ele>
      </trkpt>
      <trkpt lat="35.68664224818349" lon="139.87300515174866">
        <ele>0.84</ele>
      </trkpt>
      <trkpt lat="35.68666219711304" lon="139.8729944229126">
        <ele>0.77</ele>
      </trkpt>
      <trkpt lat="35.68666228093207" lon="139.8729944229126">
        <ele>0.69</ele>
      </trkpt>
      <trkpt lat="35.68670519627631" lon="139.87303733825684">
        <ele>0.61</ele>
      </trkpt>
      <trkpt lat="35.6868766900152" lon="139.8731873743236">
        <ele>0.5</ele>
      </trkpt>
      <trkpt lat="35.68704851903021" lon="139.8733377456665">
        <ele>0.43</ele>
      </trkpt>
      <trkpt lat="35.687284553423524" lon="139.8735523223877">
        <ele>0.33</ele>
      </trkpt>
      <trkpt lat="35.687370384112" lon="139.8736810684204">
        <ele>0.23</ele>
      </trkpt>
      <trkpt lat="35.687520587816834" lon="139.87390637397766">
        <ele>0.16</ele>
      </trkpt>
      <trkpt lat="35.68767079152167" lon="139.8741316795349">
        <ele>0.12</ele>
      </trkpt>
      <trkpt lat="35.68769224919379" lon="139.87441062927246">
        <ele>0.06</ele>
      </trkpt>
      <trkpt lat="35.687692165374756" lon="139.87441062927246">
        <ele>0.01</ele>
      </trkpt>
      <trkpt lat="35.68769224919379" lon="139.87462520599365">
        <ele>-0.02</ele>
      </trkpt>
      <trkpt lat="35.68769224919379" lon="139.87498998641968">
        <ele>-0.05</ele>
      </trkpt>
      <trkpt lat="35.687692165374756" lon="139.87518922425807">
        <ele>-0.08</ele>
      </trkpt>
      <trkpt lat="35.687692165374756" lon="139.8751938343048">
        <ele>-0.13</ele>
      </trkpt>
      <trkpt lat="35.687692165374756" lon="139.87550019286573">
        <ele>-0.2</ele>
      </trkpt>
      <trkpt lat="35.687692165374756" lon="139.8758053779602">
        <ele>-0.18</ele>
      </trkpt>
      <trkpt lat="35.68775653839111" lon="139.8761487007141">
        <ele>-0.19</ele>
      </trkpt>
      <trkpt lat="35.6877451390028" lon="139.8762168455869">
        <ele>-0.23</ele>
      </trkpt>
      <trkpt lat="35.687744384631515" lon="139.87622170709074">
        <ele>-0.26</ele>
      </trkpt>
      <trkpt lat="35.687697529792786" lon="139.876439133659">
        <ele>-0.33</ele>
      </trkpt>
      <trkpt lat="35.68769660778344" lon="139.87644374370575">
        <ele>-0.37</ele>
      </trkpt>
      <trkpt lat="35.68778084591031" lon="139.87632958218455">
        <ele>-0.37</ele>
      </trkpt>
      <trkpt lat="35.68778377957642" lon="139.8763257265091">
        <ele>-0.4</ele>
      </trkpt>
      <trkpt lat="35.68779945373535" lon="139.8763257265091">
        <ele>-0.43</ele>
      </trkpt>
      <trkpt lat="35.68779953755438" lon="139.87629890441895">
        <ele>-0.44</ele>
      </trkpt>
      <trkpt lat="35.68790674209595" lon="139.87642765045166">
        <ele>-0.52</ele>
      </trkpt>
      <trkpt lat="35.68803138099611" lon="139.87648992799222">
        <ele>-0.59</ele>
      </trkpt>
      <trkpt lat="35.688035571947694" lon="139.87649202346802">
        <ele>-0.59</ele>
      </trkpt>
      <trkpt lat="35.68803548812866" lon="139.87649202346802">
        <ele>-0.58</ele>
      </trkpt>
      <trkpt lat="35.688035571947694" lon="139.87649202346802">
        <ele>-0.59</ele>
      </trkpt>
      <trkpt lat="35.68814277648926" lon="139.87649202346802">
        <ele>-0.57</ele>
      </trkpt>
      <trkpt lat="35.68814286030829" lon="139.87649202346802">
        <ele>-0.53</ele>
      </trkpt>
      <trkpt lat="35.6883788947016" lon="139.87644910812378">
        <ele>-0.44</ele>
      </trkpt>
      <trkpt lat="35.688635716214776" lon="139.8763955477625">
        <ele>-0.32</ele>
      </trkpt>
      <trkpt lat="35.68889387883246" lon="139.87634181976318">
        <ele>-0.17</ele>
      </trkpt>
      <trkpt lat="35.68914357572794" lon="139.87637031823397">
        <ele>-0.11</ele>
      </trkpt>
      <trkpt lat="35.68939327262342" lon="139.87639890052378">
        <ele>-0.11</ele>
      </trkpt>
      <trkpt lat="35.6896448135376" lon="139.87642765045166">
        <ele>-0.09</ele>
      </trkpt>
      <trkpt lat="35.68964489735663" lon="139.87642765045166">
        <ele>-0.01</ele>
      </trkpt>
      <trkpt lat="35.68987322039902" lon="139.87649185582995">
        <ele>0.04</ele>
      </trkpt>
      <trkpt lat="35.690101543441415" lon="139.87655606120825">
        <ele>0.14</ele>
      </trkpt>
      <trkpt lat="35.69033145904541" lon="139.87662076950073">
        <ele>0.25</ele>
      </trkpt>
      <trkpt lat="35.69033154286444" lon="139.87662076950073">
        <ele>0.34</ele>
      </trkpt>
      <trkpt lat="35.69063186645508" lon="139.87664222717285">
        <ele>0.53</ele>
      </trkpt>
      <trkpt lat="35.690710907801986" lon="139.8766117170453">
        <ele>0.64</ele>
      </trkpt>
      <trkpt lat="35.690715266391635" lon="139.8766101244837">
        <ele>0.73</ele>
      </trkpt>
      <trkpt lat="35.69091081619263" lon="139.87653493881226">
        <ele>0.88</ele>
      </trkpt>
      <trkpt lat="35.691018188372254" lon="139.8765778541565">
        <ele>0.98</ele>
      </trkpt>
      <trkpt lat="35.69110401906073" lon="139.87679259851575">
        <ele>1.09</ele>
      </trkpt>
      <trkpt lat="35.691189765930176" lon="139.87700700759888">
        <ele>1.17</ele>
      </trkpt>
      <trkpt lat="35.691171661019325" lon="139.87715117633343">
        <ele>1.23</ele>
      </trkpt>
      <trkpt lat="35.6911710742861" lon="139.8771563731134">
        <ele>1.29</ele>
      </trkpt>
      <trkpt lat="35.6911710742861" lon="139.87715645693243">
        <ele>1.36</ele>
      </trkpt>
      <trkpt lat="35.69114685058594" lon="139.87735033035278">
        <ele>1.38</ele>
      </trkpt>
      <trkpt lat="35.691189765930176" lon="139.87752199172974">
        <ele>1.41</ele>
      </trkpt>
      <trkpt lat="35.69118984974921" lon="139.87752199172974">
        <ele>1.47</ele>
      </trkpt>
      <trkpt lat="35.69118984974921" lon="139.8775863647461">
        <ele>1.52</ele>
      </trkpt>
      <trkpt lat="35.69121130742133" lon="139.87765073776245">
        <ele>1.58</ele>
      </trkpt>
      <trkpt lat="35.691232765093446" lon="139.8777151107788">
        <ele>1.64</ele>
      </trkpt>
      <trkpt lat="35.69127459079027" lon="139.87792482599616">
        <ele>1.7</ele>
      </trkpt>
      <trkpt lat="35.69127559661865" lon="139.8779296875">
        <ele>1.78</ele>
      </trkpt>
      <trkpt lat="35.691275680437684" lon="139.8779296875">
        <ele>1.88</ele>
      </trkpt>
      <trkpt lat="35.69127559661865" lon="139.8779296875">
        <ele>1.78</ele>
      </trkpt>
      <trkpt lat="35.691275680437684" lon="139.8779296875">
        <ele>1.88</ele>
      </trkpt>
      <trkpt lat="35.69134005345404" lon="139.87823009490967">
        <ele>2.23</ele>
      </trkpt>
      <trkpt lat="35.69142588414252" lon="139.87850904464722">
        <ele>2.38</ele>
      </trkpt>
      <trkpt lat="35.691468715667725" lon="139.87863779067993">
        <ele>2.52</ele>
      </trkpt>
      <trkpt lat="35.69151163101196" lon="139.87874507904053">
        <ele>2.67</ele>
      </trkpt>
      <trkpt lat="35.691726291552186" lon="139.87889528274536">
        <ele>2.86</ele>
      </trkpt>
      <trkpt lat="35.69194086827338" lon="139.87900257110596">
        <ele>3.04</ele>
      </trkpt>
      <trkpt lat="35.691983783617616" lon="139.87902402877808">
        <ele>3.2</ele>
      </trkpt>
      <trkpt lat="35.692219734191895" lon="139.8791742324829">
        <ele>3.36</ele>
      </trkpt>
      <trkpt lat="35.692219818010926" lon="139.8791742324829">
        <ele>3.48</ele>
      </trkpt>
      <trkpt lat="35.69241243414581" lon="139.87922770902514">
        <ele>3.63</ele>
      </trkpt>
      <trkpt lat="35.69260597229004" lon="139.8792815208435">
        <ele>3.77</ele>
      </trkpt>
      <trkpt lat="35.69260605610907" lon="139.8792815208435">
        <ele>3.85</ele>
      </trkpt>
      <trkpt lat="35.69287369027734" lon="139.879388557747">
        <ele>3.94</ele>
      </trkpt>
      <trkpt lat="35.693137468770146" lon="139.87949408590794">
        <ele>3.95</ele>
      </trkpt>
      <trkpt lat="35.69314241409302" lon="139.8794960975647">
        <ele>3.98</ele>
      </trkpt>
      <trkpt lat="35.69314249791205" lon="139.8794960975647">
        <ele>3.99</ele>
      </trkpt>
      <trkpt lat="35.69334249012172" lon="139.87963892519474">
        <ele>3.97</ele>
      </trkpt>
      <trkpt lat="35.693542482331395" lon="139.87978175282478">
        <ele>3.94</ele>
      </trkpt>
      <trkpt lat="35.693743312731385" lon="139.87992525100708">
        <ele>3.89</ele>
      </trkpt>
      <trkpt lat="35.69394682534039" lon="139.88006447441876">
        <ele>3.84</ele>
      </trkpt>
      <trkpt lat="35.69415092468262" lon="139.88020420074463">
        <ele>3.78</ele>
      </trkpt>
      <trkpt lat="35.69415100850165" lon="139.88020420074463">
        <ele>3.71</ele>
      </trkpt>
      <trkpt lat="35.69440850056708" lon="139.88031148910522">
        <ele>3.62</ele>
      </trkpt>
      <trkpt lat="35.69455845281482" lon="139.8804078809917">
        <ele>3.55</ele>
      </trkpt>
      <trkpt lat="35.69470890797675" lon="139.8805046081543">
        <ele>3.5</ele>
      </trkpt>
      <trkpt lat="35.69481619633734" lon="139.8805046081543">
        <ele>3.4</ele>
      </trkpt>
      <trkpt lat="35.69501652382314" lon="139.88030411303043">
        <ele>3.18</ele>
      </trkpt>
      <trkpt lat="35.69502029567957" lon="139.88030042499304">
        <ele>3.07</ele>
      </trkpt>
      <trkpt lat="35.69515943527222" lon="139.8801612854004">
        <ele>2.9</ele>
      </trkpt>
      <trkpt lat="35.69535255432129" lon="139.88009691238403">
        <ele>2.74</ele>
      </trkpt>
      <trkpt lat="35.69539546966553" lon="139.87988233566284">
        <ele>2.68</ele>
      </trkpt>
      <trkpt lat="35.69541701115668" lon="139.87988233566284">
        <ele>2.62</ele>
      </trkpt>
      <trkpt lat="35.69545992650092" lon="139.87990379333496">
        <ele>2.59</ele>
      </trkpt>
      <trkpt lat="35.695481300354004" lon="139.87992525100708">
        <ele>2.56</ele>
      </trkpt>
      <trkpt lat="35.69565271027386" lon="139.88004310056567">
        <ele>2.61</ele>
      </trkpt>
      <trkpt lat="35.69582462310791" lon="139.8801612854004">
        <ele>2.66</ele>
      </trkpt>
      <trkpt lat="35.69582470692694" lon="139.8801612854004">
        <ele>2.67</ele>
      </trkpt>
      <trkpt lat="35.69592663086951" lon="139.8803991638124">
        <ele>2.75</ele>
      </trkpt>
      <trkpt lat="35.6959287263453" lon="139.88040410913527">
        <ele>2.79</ele>
      </trkpt>
      <trkpt lat="35.695953369140625" lon="139.88046169281006">
        <ele>2.83</ele>
      </trkpt>
      <trkpt lat="35.69595345295966" lon="139.88054752349854">
        <ele>2.87</ele>
      </trkpt>
      <trkpt lat="35.69591045379639" lon="139.8807406425476">
        <ele>2.88</ele>
      </trkpt>
      <trkpt lat="35.69607121869922" lon="139.88087994977832">
        <ele>2.93</ele>
      </trkpt>
      <trkpt lat="35.696232318878174" lon="139.88101959228516">
        <ele>3.0</ele>
      </trkpt>
      <trkpt lat="35.69628596305847" lon="139.88122369162738">
        <ele>3.03</ele>
      </trkpt>
      <trkpt lat="35.69633960723877" lon="139.88142728805542">
        <ele>3.16</ele>
      </trkpt>
      <trkpt lat="35.69642552174628" lon="139.88159894943237">
        <ele>3.3</ele>
      </trkpt>
      <trkpt lat="35.69666155613959" lon="139.8815131187439">
        <ele>3.45</ele>
      </trkpt>
      <trkpt lat="35.696725845336914" lon="139.88147020339966">
        <ele>3.58</ele>
      </trkpt>
      <trkpt lat="35.69677856750786" lon="139.88148780539632">
        <ele>3.69</ele>
      </trkpt>
      <trkpt lat="35.69678334519267" lon="139.88148939795792">
        <ele>3.8</ele>
      </trkpt>
      <trkpt lat="35.696983421221375" lon="139.88155603408813">
        <ele>3.93</ele>
      </trkpt>
      <trkpt lat="35.69711208343506" lon="139.88177061080933">
        <ele>4.06</ele>
      </trkpt>
      <trkpt lat="35.69728382863104" lon="139.88177061080933">
        <ele>4.2</ele>
      </trkpt>
      <trkpt lat="35.6973482016474" lon="139.8817491531372">
        <ele>4.3</ele>
      </trkpt>
      <trkpt lat="35.6973482016474" lon="139.88168478012085">
        <ele>4.33</ele>
      </trkpt>
      <trkpt lat="35.69734627380967" lon="139.88164094276726">
        <ele>4.34</ele>
      </trkpt>
      <trkpt lat="35.69734610617161" lon="139.88163515925407">
        <ele>4.34</ele>
      </trkpt>
      <trkpt lat="35.69733244366944" lon="139.88129334524274">
        <ele>4.32</ele>
      </trkpt>
      <trkpt lat="35.69731878116727" lon="139.88095161505044">
        <ele>4.25</ele>
      </trkpt>
      <trkpt lat="35.69730528630316" lon="139.8806118965149">
        <ele>4.12</ele>
      </trkpt>
      <trkpt lat="35.69730528630316" lon="139.8803973197937">
        <ele>4.0</ele>
      </trkpt>
      <trkpt lat="35.69730520248413" lon="139.8803973197937">
        <ele>3.92</ele>
      </trkpt>
      <trkpt lat="35.69731232710183" lon="139.88012490794063">
        <ele>3.76</ele>
      </trkpt>
      <trkpt lat="35.697319535538554" lon="139.87985257990658">
        <ele>3.61</ele>
      </trkpt>
      <trkpt lat="35.69732674397528" lon="139.87958192825317">
        <ele>3.6</ele>
      </trkpt>
      <trkpt lat="35.69732674397528" lon="139.87920918501914">
        <ele>3.55</ele>
      </trkpt>
      <trkpt lat="35.69732674397528" lon="139.87883652560413">
        <ele>3.35</ele>
      </trkpt>
      <trkpt lat="35.69732674397528" lon="139.87846612930298">
        <ele>3.12</ele>
      </trkpt>
      <trkpt lat="35.69732674397528" lon="139.87840175628662">
        <ele>3.04</ele>
      </trkpt>
      <trkpt lat="35.69732666015625" lon="139.87840175628662">
        <ele>2.97</ele>
      </trkpt>
      <trkpt lat="35.69735893048346" lon="139.87810076214373">
        <ele>2.9</ele>
      </trkpt>
      <trkpt lat="35.69739111699164" lon="139.87780094146729">
        <ele>2.89</ele>
      </trkpt>
      <trkpt lat="35.69742330349982" lon="139.877596674487">
        <ele>2.92</ele>
      </trkpt>
      <trkpt lat="35.697455406188965" lon="139.87739324569702">
        <ele>2.99</ele>
      </trkpt>
      <trkpt lat="35.697433948516846" lon="139.8773717880249">
        <ele>3.0</ele>
      </trkpt>
      <trkpt lat="35.69743403233588" lon="139.8773717880249">
        <ele>3.01</ele>
      </trkpt>
      <trkpt lat="35.697433948516846" lon="139.8773717880249">
        <ele>3.0</ele>
      </trkpt>
      <trkpt lat="35.6974983215332" lon="139.87704992294312">
        <ele>3.07</ele>
      </trkpt>
      <trkpt lat="35.697476947680116" lon="139.8769211769104">
        <ele>3.12</ele>
      </trkpt>
      <trkpt lat="35.69755204953253" lon="139.87674926407635">
        <ele>3.14</ele>
      </trkpt>
      <trkpt lat="35.69762706756592" lon="139.8765778541565">
        <ele>3.17</ele>
      </trkpt>
      <trkpt lat="35.697712982073426" lon="139.87621307373047">
        <ele>3.19</ele>
      </trkpt>
      <trkpt lat="35.69774399511516" lon="139.87608466297388">
        <ele>3.18</ele>
      </trkpt>
      <trkpt lat="35.69774533621967" lon="139.87607921473682">
        <ele>3.19</ele>
      </trkpt>
      <trkpt lat="35.697815073654056" lon="139.87579154781997">
        <ele>3.19</ele>
      </trkpt>
      <trkpt lat="35.69788464345038" lon="139.87550497055054">
        <ele>3.17</ele>
      </trkpt>
      <trkpt lat="35.69767006672919" lon="139.87533330917358">
        <ele>3.16</ele>
      </trkpt>
      <trkpt lat="35.69762715138495" lon="139.87531185150146">
        <ele>3.14</ele>
      </trkpt>
      <trkpt lat="35.697455490008" lon="139.87516164779663">
        <ele>3.09</ele>
      </trkpt>
      <trkpt lat="35.69730520248413" lon="139.87505435943604">
        <ele>3.03</ele>
      </trkpt>
      <trkpt lat="35.69730528630316" lon="139.87505435943604">
        <ele>2.99</ele>
      </trkpt>
      <trkpt lat="35.69704779423773" lon="139.87486124038696">
        <ele>2.94</ele>
      </trkpt>
      <trkpt lat="35.697066402062774" lon="139.8748259525746">
        <ele>2.89</ele>
      </trkpt>
      <trkpt lat="35.69706908427179" lon="139.87482100725174">
        <ele>2.84</ele>
      </trkpt>
      <trkpt lat="35.697240913286805" lon="139.87449754960835">
        <ele>2.83</ele>
      </trkpt>
      <trkpt lat="35.69741257466376" lon="139.87417459487915">
        <ele>2.7</ele>
      </trkpt>
      <trkpt lat="35.697509134188294" lon="139.87398130819201">
        <ele>2.61</ele>
      </trkpt>
      <trkpt lat="35.69760569371283" lon="139.873788356781">
        <ele>2.55</ele>
      </trkpt>
      <trkpt lat="35.69764852523804" lon="139.87374544143677">
        <ele>2.5</ele>
      </trkpt>
      <trkpt lat="35.69764860905707" lon="139.87361669540405">
        <ele>2.44</ele>
      </trkpt>
      <trkpt lat="35.69765112362802" lon="139.8735644761473">
        <ele>2.39</ele>
      </trkpt>
      <trkpt lat="35.69765145890415" lon="139.87355860881507">
        <ele>2.35</ele>
      </trkpt>
      <trkpt lat="35.697669982910156" lon="139.87318754196167">
        <ele>2.26</ele>
      </trkpt>
      <trkpt lat="35.69769152440131" lon="139.87284421920776">
        <ele>2.25</ele>
      </trkpt>
      <trkpt lat="35.69769152440131" lon="139.8727583885193">
        <ele>2.24</ele>
      </trkpt>
      <trkpt lat="35.69769152440131" lon="139.8724365234375">
        <ele>2.29</ele>
      </trkpt>
      <trkpt lat="35.69770225323737" lon="139.87217844463885">
        <ele>2.24</ele>
      </trkpt>
      <trkpt lat="35.697712982073426" lon="139.87192153930664">
        <ele>2.2</ele>
      </trkpt>
      <trkpt lat="35.697712898254395" lon="139.87192153930664">
        <ele>2.18</ele>
      </trkpt>
      <trkpt lat="35.697723627090454" lon="139.87165273167193">
        <ele>2.12</ele>
      </trkpt>
      <trkpt lat="35.697734439745545" lon="139.87138509750366">
        <ele>2.14</ele>
      </trkpt>
      <trkpt lat="35.697755897417665" lon="139.87108410336077">
        <ele>2.14</ele>
      </trkpt>
      <trkpt lat="35.69777727127075" lon="139.87078428268433">
        <ele>2.15</ele>
      </trkpt>
      <trkpt lat="35.697777355089784" lon="139.87071990966797">
        <ele>2.16</ele>
      </trkpt>
      <trkpt lat="35.69786318577826" lon="139.87050533294678">
        <ele>2.19</ele>
      </trkpt>
      <trkpt lat="35.69791875779629" lon="139.87036778591573">
        <ele>2.21</ele>
      </trkpt>
      <trkpt lat="35.69792093709111" lon="139.87036258913577">
        <ele>2.23</ele>
      </trkpt>
      <trkpt lat="35.698053035885096" lon="139.87003661692142">
        <ele>2.22</ele>
      </trkpt>
      <trkpt lat="35.698184967041016" lon="139.86971139907837">
        <ele>2.24</ele>
      </trkpt>
      <trkpt lat="35.69818505086005" lon="139.86971139907837">
        <ele>2.27</ele>
      </trkpt>
      <trkpt lat="35.698184967041016" lon="139.86971139907837">
        <ele>2.24</ele>
      </trkpt>
      <trkpt lat="35.69798480719328" lon="139.86951836384833">
        <ele>2.33</ele>
      </trkpt>
      <trkpt lat="35.697784731164575" lon="139.86932541243732">
        <ele>2.36</ele>
      </trkpt>
      <trkpt lat="35.697588259354234" lon="139.8691358976066">
        <ele>2.4</ele>
      </trkpt>
      <trkpt lat="35.69758423604071" lon="139.86913204193115">
        <ele>2.43</ele>
      </trkpt>
      <trkpt lat="35.69758415222168" lon="139.86913204193115">
        <ele>2.47</ele>
      </trkpt>
      <trkpt lat="35.69758423604071" lon="139.86913204193115">
        <ele>2.43</ele>
      </trkpt>
      <trkpt lat="35.69754132069647" lon="139.8690891265869">
        <ele>2.53</ele>
      </trkpt>
      <trkpt lat="35.69767006672919" lon="139.86891746520996">
        <ele>2.58</ele>
      </trkpt>
      <trkpt lat="35.69782018661499" lon="139.86871361732483">
        <ele>2.64</ele>
      </trkpt>
      <trkpt lat="35.697970474138856" lon="139.8685097694397">
        <ele>2.62</ele>
      </trkpt>
      <trkpt lat="35.69812059402466" lon="139.86830592155457">
        <ele>2.59</ele>
      </trkpt>
      <trkpt lat="35.698270881548524" lon="139.86810207366943">
        <ele>2.63</ele>
      </trkpt>
      <trkpt lat="35.69833525456488" lon="139.86803770065308">
        <ele>2.64</ele>
      </trkpt>
      <trkpt lat="35.69837816990912" lon="139.86799478530884">
        <ele>2.64</ele>
      </trkpt>
      <trkpt lat="35.6985068321228" lon="139.86782312393188">
        <ele>2.63</ele>
      </trkpt>
      <trkpt lat="35.69859274663031" lon="139.86767292022705">
        <ele>2.61</ele>
      </trkpt>
      <trkpt lat="35.698742950335145" lon="139.8673939704895">
        <ele>2.54</ele>
      </trkpt>
      <trkpt lat="35.69888242520392" lon="139.86714703962207">
        <ele>2.51</ele>
      </trkpt>
      <trkpt lat="35.69902181625366" lon="139.86690044403076">
        <ele>2.43</ele>
      </trkpt>
      <trkpt lat="35.698957527056336" lon="139.86677169799805">
        <ele>2.35</ele>
      </trkpt>
      <trkpt lat="35.698957443237305" lon="139.86677169799805">
        <ele>2.26</ele>
      </trkpt>
      <trkpt lat="35.69886792451143" lon="139.86674529500306">
        <ele>2.16</ele>
      </trkpt>
      <trkpt lat="35.69886289536953" lon="139.86674387007952">
        <ele>2.04</ele>
      </trkpt>
      <trkpt lat="35.69859266281128" lon="139.86666440963745">
        <ele>1.89</ele>
      </trkpt>
      <trkpt lat="35.69852828979492" lon="139.86653566360474">
        <ele>1.74</ele>
      </trkpt>
      <trkpt lat="35.69837808609009" lon="139.86647129058838">
        <ele>1.55</ele>
      </trkpt>
      <trkpt lat="35.69831371307373" lon="139.86640691757202">
        <ele>1.38</ele>
      </trkpt>
      <trkpt lat="35.69824934005737" lon="139.86636400222778">
        <ele>1.19</ele>
      </trkpt>
      <trkpt lat="35.6980562210083" lon="139.8661494255066">
        <ele>0.98</ele>
      </trkpt>
      <trkpt lat="35.697948932647705" lon="139.86606359481812">
        <ele>0.81</ele>
      </trkpt>
      <trkpt lat="35.697712898254395" lon="139.86602067947388">
        <ele>0.66</ele>
      </trkpt>
      <trkpt lat="35.697723124176264" lon="139.86584583297372">
        <ele>0.54</ele>
      </trkpt>
      <trkpt lat="35.69772354327142" lon="139.86584004946053">
        <ele>0.39</ele>
      </trkpt>
      <trkpt lat="35.697734355926514" lon="139.86565589904785">
        <ele>0.24</ele>
      </trkpt>
      <trkpt lat="35.697691440582275" lon="139.86546277999878">
        <ele>0.1</ele>
      </trkpt>
      <trkpt lat="35.69752011448145" lon="139.86539849080145">
        <ele>0.01</ele>
      </trkpt>
      <trkpt lat="35.6973482016474" lon="139.86533403396606">
        <ele>-0.04</ele>
      </trkpt>
      <trkpt lat="35.69743411615491" lon="139.8651083931327">
        <ele>-0.23</ele>
      </trkpt>
      <trkpt lat="35.697519863024354" lon="139.86488342285156">
        <ele>-0.41</ele>
      </trkpt>
      <trkpt lat="35.69762706756592" lon="139.86486196517944">
        <ele>-0.52</ele>
      </trkpt>
      <trkpt lat="35.69768724963069" lon="139.86460371874273">
        <ele>-0.67</ele>
      </trkpt>
      <trkpt lat="35.6976885907352" lon="139.86459818668664">
        <ele>-0.72</ele>
      </trkpt>
      <trkpt lat="35.697732931002975" lon="139.8644078336656">
        <ele>-0.74</ele>
      </trkpt>
      <trkpt lat="35.69777727127075" lon="139.86421823501587">
        <ele>-0.69</ele>
      </trkpt>
      <trkpt lat="35.69784164428711" lon="139.86404657363892">
        <ele>-0.68</ele>
      </trkpt>
      <trkpt lat="35.697712898254395" lon="139.86396074295044">
        <ele>-0.61</ele>
      </trkpt>
      <trkpt lat="35.697734439745545" lon="139.86389636993408">
        <ele>-0.54</ele>
      </trkpt>
      <trkpt lat="35.69774592295289" lon="139.86386753618717">
        <ele>-0.46</ele>
      </trkpt>
      <trkpt lat="35.69774818606675" lon="139.86386192031205">
        <ele>-0.38</ele>
      </trkpt>
      <trkpt lat="35.697748102247715" lon="139.86386192031205">
        <ele>-0.29</ele>
      </trkpt>
      <trkpt lat="35.697777355089784" lon="139.8637890815735">
        <ele>-0.16</ele>
      </trkpt>
      <trkpt lat="35.69779872894287" lon="139.86376762390137">
        <ele>-0.06</ele>
      </trkpt>
      <trkpt lat="35.69784164428711" lon="139.86357416957617">
        <ele>0.11</ele>
      </trkpt>
      <trkpt lat="35.69788455963135" lon="139.86338138580322">
        <ele>0.29</ele>
      </trkpt>
      <trkpt lat="35.697970474138856" lon="139.86303806304932">
        <ele>0.48</ele>
      </trkpt>
      <trkpt lat="35.69803476333618" lon="139.86271619796753">
        <ele>0.58</ele>
      </trkpt>
      <trkpt lat="35.69818530231714" lon="139.862778224051">
        <ele>0.65</ele>
      </trkpt>
      <trkpt lat="35.69819058291614" lon="139.86278040334582">
        <ele>0.72</ele>
      </trkpt>
      <trkpt lat="35.69839954376221" lon="139.86286640167236">
        <ele>0.68</ele>
      </trkpt>
      <trkpt lat="35.698485458269715" lon="139.86288785934448">
        <ele>0.69</ele>
      </trkpt>
      <trkpt lat="35.69863566197455" lon="139.86295223236084">
        <ele>0.7</ele>
      </trkpt>
      <trkpt lat="35.69887169636786" lon="139.86299514770508">
        <ele>0.69</ele>
      </trkpt>
      <trkpt lat="35.69889315403998" lon="139.86299514770508">
        <ele>0.73</ele>
      </trkpt>
      <trkpt lat="35.69908224977553" lon="139.86303295008838">
        <ele>0.79</ele>
      </trkpt>
      <trkpt lat="35.6992666516453" lon="139.86306983046234">
        <ele>0.87</ele>
      </trkpt>
      <trkpt lat="35.69927235133946" lon="139.86307100392878">
        <ele>0.91</ele>
      </trkpt>
      <trkpt lat="35.69923639297485" lon="139.8626867774874">
        <ele>0.98</ele>
      </trkpt>
      <trkpt lat="35.69920043461025" lon="139.862302551046">
        <ele>1.11</ele>
      </trkpt>
      <trkpt lat="35.69918140769005" lon="139.86209987662733">
        <ele>1.19</ele>
      </trkpt>
      <trkpt lat="35.69918090477586" lon="139.86209392547607">
        <ele>1.23</ele>
      </trkpt>
      <trkpt lat="35.699358098208904" lon="139.8620678577572">
        <ele>1.21</ele>
      </trkpt>
      <trkpt lat="35.69936388172209" lon="139.86206710338593">
        <ele>1.24</ele>
      </trkpt>
      <trkpt lat="35.69937955588102" lon="139.86212527379394">
        <ele>1.26</ele>
      </trkpt>
      <trkpt lat="35.69938131608069" lon="139.86213147640228">
        <ele>1.28</ele>
      </trkpt>
      <trkpt lat="35.6992735248059" lon="139.8621671833098">
        <ele>1.34</ele>
      </trkpt>
      <trkpt lat="35.69926807656884" lon="139.8621690273285">
        <ele>1.37</ele>
      </trkpt>
      <trkpt lat="35.69930269382894" lon="139.8625533375889">
        <ele>1.32</ele>
      </trkpt>
      <trkpt lat="35.69933739490807" lon="139.86293773166835">
        <ele>1.27</ele>
      </trkpt>
      <trkpt lat="35.69935021921992" lon="139.8630798049271">
        <ele>1.36</ele>
      </trkpt>
      <trkpt lat="35.699350805953145" lon="139.86308634281158">
        <ele>1.42</ele>
      </trkpt>
      <trkpt lat="35.69937704131007" lon="139.86347165890038">
        <ele>1.55</ele>
      </trkpt>
      <trkpt lat="35.699403276667" lon="139.8638570588082">
        <ele>1.59</ele>
      </trkpt>
      <trkpt lat="35.69941568188369" lon="139.86404003575444">
        <ele>1.66</ele>
      </trkpt>
      <trkpt lat="35.69941618479788" lon="139.86404657363892">
        <ele>1.74</ele>
      </trkpt>
      <trkpt lat="35.69938542321324" lon="139.86404959112406">
        <ele>1.83</ele>
      </trkpt>
      <trkpt lat="35.69938659667969" lon="139.86406803131104">
        <ele>1.94</ele>
      </trkpt>
      <trkpt lat="35.69938659667969" lon="139.86443348228931">
        <ele>2.06</ele>
      </trkpt>
      <trkpt lat="35.69938659667969" lon="139.86479901708663">
        <ele>2.29</ele>
      </trkpt>
      <trkpt lat="35.69938668049872" lon="139.8651623725891">
        <ele>2.48</ele>
      </trkpt>
      <trkpt lat="35.69938659667969" lon="139.8651623725891">
        <ele>2.6</ele>
      </trkpt>
      <trkpt lat="35.6993652228266" lon="139.86546277999878">
        <ele>2.69</ele>
      </trkpt>
      <trkpt lat="35.69934368133545" lon="139.86563444137573">
        <ele>2.8</ele>
      </trkpt>
      <trkpt lat="35.69938659667969" lon="139.86576318740845">
        <ele>2.9</ele>
      </trkpt>
      <trkpt lat="35.69942783564329" lon="139.86576310358942">
        <ele>3.02</ele>
      </trkpt>
      <trkpt lat="35.69943361915648" lon="139.86576318740845">
        <ele>3.13</ele>
      </trkpt>
      <trkpt lat="35.699515426531434" lon="139.86576318740845">
        <ele>3.26</ele>
      </trkpt>
      <trkpt lat="35.69953680038452" lon="139.8656988143921">
        <ele>3.38</ele>
      </trkpt>
      <trkpt lat="35.69960125721991" lon="139.86567735671997">
        <ele>3.5</ele>
      </trkpt>
      <trkpt lat="35.69979437626898" lon="139.8655915260315">
        <ele>3.63</ele>
      </trkpt>
      <trkpt lat="35.69996570236981" lon="139.86548432148993">
        <ele>3.66</ele>
      </trkpt>
      <trkpt lat="35.70013769902289" lon="139.8653769493103">
        <ele>3.66</ele>
      </trkpt>
      <trkpt lat="35.70035168901086" lon="139.86531266011298">
        <ele>3.74</ele>
      </trkpt>
      <trkpt lat="35.70056676864624" lon="139.8652482032776">
        <ele>3.88</ele>
      </trkpt>
      <trkpt lat="35.7006311416626" lon="139.8654842376709">
        <ele>4.04</ele>
      </trkpt>
      <trkpt lat="35.70067414082587" lon="139.8657202720642">
        <ele>4.16</ele>
      </trkpt>
      <trkpt lat="35.700717056170106" lon="139.86580610275269">
        <ele>4.24</ele>
      </trkpt>
      <trkpt lat="35.70072904229164" lon="139.86589092761278">
        <ele>4.33</ele>
      </trkpt>
      <trkpt lat="35.70073004812002" lon="139.86589763313532">
        <ele>4.4</ele>
      </trkpt>
      <trkpt lat="35.70073843002319" lon="139.86595630645752">
        <ele>4.47</ele>
      </trkpt>
      <trkpt lat="35.70078142918646" lon="139.86608505249023">
        <ele>4.5</ele>
      </trkpt>
      <trkpt lat="35.70080280303955" lon="139.86619234085083">
        <ele>4.52</ele>
      </trkpt>
      <trkpt lat="35.70086717605591" lon="139.86655712127686">
        <ele>4.5</ele>
      </trkpt>
      <trkpt lat="35.70086717605591" lon="139.8666214942932">
        <ele>4.55</ele>
      </trkpt>
      <trkpt lat="35.70114612579346" lon="139.8666214942932">
        <ele>4.67</ele>
      </trkpt>
      <trkpt lat="35.70124117657542" lon="139.86652635969222">
        <ele>4.78</ele>
      </trkpt>
      <trkpt lat="35.701245702803135" lon="139.86652191728354">
        <ele>4.85</ele>
      </trkpt>
      <trkpt lat="35.70133924484253" lon="139.86642837524414">
        <ele>4.92</ele>
      </trkpt>
      <trkpt lat="35.701467990875244" lon="139.86642837524414">
        <ele>5.02</ele>
      </trkpt>
      <trkpt lat="35.70148944854736" lon="139.86636400222778">
        <ele>5.08</ele>
      </trkpt>
      <trkpt lat="35.701704025268555" lon="139.86636400222778">
        <ele>5.19</ele>
      </trkpt>
      <trkpt lat="35.7019829750061" lon="139.86636400222778">
        <ele>5.28</ele>
      </trkpt>
      <trkpt lat="35.70206880569458" lon="139.86636400222778">
        <ele>5.33</ele>
      </trkpt>
      <trkpt lat="35.70206888951361" lon="139.86636400222778">
        <ele>5.39</ele>
      </trkpt>
      <trkpt lat="35.702219009399414" lon="139.86653566360474">
        <ele>5.42</ele>
      </trkpt>
      <trkpt lat="35.70217617787421" lon="139.86677169799805">
        <ele>5.48</ele>
      </trkpt>
      <trkpt lat="35.70213326252997" lon="139.86698627471924">
        <ele>5.52</ele>
      </trkpt>
      <trkpt lat="35.70213326252997" lon="139.86713647842407">
        <ele>5.56</ele>
      </trkpt>
      <trkpt lat="35.70213317871094" lon="139.86732825636864">
        <ele>5.58</ele>
      </trkpt>
      <trkpt lat="35.70213326252997" lon="139.86747980117798">
        <ele>5.67</ele>
      </trkpt>
      <trkpt lat="35.70215472020209" lon="139.86767325550318">
        <ele>5.74</ele>
      </trkpt>
      <trkpt lat="35.70217617787421" lon="139.86786603927612">
        <ele>5.82</ele>
      </trkpt>
      <trkpt lat="35.702252704650164" lon="139.86786981113255">
        <ele>5.84</ele>
      </trkpt>
      <trkpt lat="35.70251975208521" lon="139.86788280308247">
        <ele>5.85</ele>
      </trkpt>
      <trkpt lat="35.702786883339286" lon="139.86789579503238">
        <ele>5.86</ele>
      </trkpt>
      <trkpt lat="35.70305594243109" lon="139.86790895462036">
        <ele>5.81</ele>
      </trkpt>
      <trkpt lat="35.70312023162842" lon="139.86782312393188">
        <ele>5.82</ele>
      </trkpt>
      <trkpt lat="35.70318468846381" lon="139.86780166625977">
        <ele>5.81</ele>
      </trkpt>
      <trkpt lat="35.703249061480165" lon="139.86778020858765">
        <ele>5.78</ele>
      </trkpt>
      <trkpt lat="35.70333489216864" lon="139.86775875091553">
        <ele>5.73</ele>
      </trkpt>
      <trkpt lat="35.703399265185" lon="139.86790895462036">
        <ele>5.65</ele>
      </trkpt>
      <trkpt lat="35.703463638201356" lon="139.86788749694824">
        <ele>5.61</ele>
      </trkpt>
      <trkpt lat="35.70353580638766" lon="139.86759857274592">
        <ele>5.62</ele>
      </trkpt>
      <trkpt lat="35.703576039522886" lon="139.867437556386">
        <ele>5.59</ele>
      </trkpt>
      <trkpt lat="35.703792879357934" lon="139.86771835014224">
        <ele>5.43</ele>
      </trkpt>
      <trkpt lat="35.70381165482104" lon="139.86774265766144">
        <ele>5.33</ele>
      </trkpt>
      <trkpt lat="35.70384652353823" lon="139.86767292022705">
        <ele>5.24</ele>
      </trkpt>
      <trkpt lat="35.7036323659122" lon="139.86738885752857">
        <ele>5.22</ele>
      </trkpt>
      <trkpt lat="35.703619960695505" lon="139.86737251281738">
        <ele>5.1</ele>
      </trkpt>
      <trkpt lat="35.703676622360945" lon="139.8672115802765">
        <ele>4.95</ele>
      </trkpt>
      <trkpt lat="35.703658265993" lon="139.86719766631722">
        <ele>4.79</ele>
      </trkpt>
      <trkpt lat="35.70367821492255" lon="139.8671579360962">
        <ele>4.61</ele>
      </trkpt>
      <trkpt lat="35.70380696095526" lon="139.8673403263092">
        <ele>4.43</ele>
      </trkpt>
      <trkpt lat="35.70393570698798" lon="139.86752271652222">
        <ele>4.18</ele>
      </trkpt>
      <trkpt lat="35.703978622332215" lon="139.86758708953857">
        <ele>3.96</ele>
      </trkpt>
      <trkpt lat="35.70410736836493" lon="139.8676300048828">
        <ele>3.68</ele>
      </trkpt>
      <trkpt lat="35.70430040359497" lon="139.86758708953857">
        <ele>3.39</ele>
      </trkpt>
      <trkpt lat="35.704300487414" lon="139.86758708953857">
        <ele>3.2</ele>
      </trkpt>
      <trkpt lat="35.7044077757746" lon="139.8675012588501">
        <ele>3.0</ele>
      </trkpt>
      <trkpt lat="35.704450691118836" lon="139.8673939704895">
        <ele>2.8</ele>
      </trkpt>
      <trkpt lat="35.70453643798828" lon="139.86702919006348">
        <ele>2.65</ele>
      </trkpt>
      <trkpt lat="35.70460198447108" lon="139.86684177070856">
        <ele>2.48</ele>
      </trkpt>
      <trkpt lat="35.704602068290114" lon="139.86684177070856">
        <ele>2.35</ele>
      </trkpt>
      <trkpt lat="35.70468672551215" lon="139.8666000366211">
        <ele>2.25</ele>
      </trkpt>
      <trkpt lat="35.704751098528504" lon="139.86655712127686">
        <ele>2.14</ele>
      </trkpt>
      <trkpt lat="35.70479401387274" lon="139.86644983291626">
        <ele>2.05</ele>
      </trkpt>
      <trkpt lat="35.7048047427088" lon="139.86618102528155">
        <ele>2.05</ele>
      </trkpt>
      <trkpt lat="35.70481547154486" lon="139.86591339111328">
        <ele>1.95</ele>
      </trkpt>
      <trkpt lat="35.70485830307007" lon="139.86591339111328">
        <ele>1.85</ele>
      </trkpt>
      <trkpt lat="35.70486282929778" lon="139.86576486378908">
        <ele>1.74</ele>
      </trkpt>
      <trkpt lat="35.70486760698259" lon="139.86537812277675">
        <ele>1.71</ele>
      </trkpt>
      <trkpt lat="35.7048723846674" lon="139.8649913817644">
        <ele>1.68</ele>
      </trkpt>
      <trkpt lat="35.704877246171236" lon="139.8646047245711">
        <ele>1.58</ele>
      </trkpt>
      <trkpt lat="35.70487892255187" lon="139.86447036266327">
        <ele>1.49</ele>
      </trkpt>
      <trkpt lat="35.70493114180863" lon="139.8643308877945">
        <ele>1.43</ele>
      </trkpt>
      <trkpt lat="35.70499216206372" lon="139.8644059896469">
        <ele>1.35</ele>
      </trkpt>
      <trkpt lat="35.70493550039828" lon="139.86450254917145">
        <ele>1.23</ele>
      </trkpt>
      <trkpt lat="35.704927956685424" lon="139.86488912254572">
        <ele>1.14</ele>
      </trkpt>
      <trkpt lat="35.70492242462933" lon="139.86517310142517">
        <ele>1.01</ele>
      </trkpt>
      <trkpt lat="35.70523750036955" lon="139.8651927150786">
        <ele>0.83</ele>
      </trkpt>
      <trkpt lat="35.705552492290735" lon="139.865212328732">
        <ele>0.58</ele>
      </trkpt>
      <trkpt lat="35.70561074651778" lon="139.8652160167694">
        <ele>0.46</ele>
      </trkpt>
      <trkpt lat="35.70560932159424" lon="139.8652482032776">
        <ele>0.38</ele>
      </trkpt>
      <trkpt lat="35.70558778010309" lon="139.86562438309193">
        <ele>0.34</ele>
      </trkpt>
      <trkpt lat="35.70556640625" lon="139.86599922180176">
        <ele>0.37</ele>
      </trkpt>
      <trkpt lat="35.70555668324232" lon="139.8661407083273">
        <ele>0.4</ele>
      </trkpt>
      <trkpt lat="35.70554008707404" lon="139.8663815204054">
        <ele>0.43</ele>
      </trkpt>
      <trkpt lat="35.70552357472479" lon="139.8666214942932">
        <ele>0.42</ele>
      </trkpt>
      <trkpt lat="35.70568408817053" lon="139.86663448624313">
        <ele>0.44</ele>
      </trkpt>
      <trkpt lat="35.70584543980658" lon="139.86664756201208">
        <ele>0.44</ele>
      </trkpt>
      <trkpt lat="35.70608080364764" lon="139.86666658893228">
        <ele>0.38</ele>
      </trkpt>
      <trkpt lat="35.70631742477417" lon="139.86668586730957">
        <ele>0.39</ele>
      </trkpt>
      <trkpt lat="35.70653208531439" lon="139.86679315567017">
        <ele>0.47</ele>
      </trkpt>
      <trkpt lat="35.70655354298651" lon="139.86679315567017">
        <ele>0.54</ele>
      </trkpt>
      <trkpt lat="35.706645576283336" lon="139.8668273538351">
        <ele>0.63</ele>
      </trkpt>
      <trkpt lat="35.70686467923224" lon="139.8669087421149">
        <ele>0.74</ele>
      </trkpt>
      <trkpt lat="35.707083866000175" lon="139.8669901303947">
        <ele>0.82</ele>
      </trkpt>
      <trkpt lat="35.70730447769165" lon="139.86707210540771">
        <ele>0.9</ele>
      </trkpt>
      <trkpt lat="35.70753280073404" lon="139.8671006038785">
        <ele>1.07</ele>
      </trkpt>
      <trkpt lat="35.707761123776436" lon="139.8671291861683">
        <ele>1.27</ele>
      </trkpt>
      <trkpt lat="35.707991207018495" lon="139.8671579360962">
        <ele>1.38</ele>
      </trkpt>
      <trkpt lat="35.70805558003485" lon="139.86713647842407">
        <ele>1.51</ele>
      </trkpt>
      <trkpt lat="35.70827007293701" lon="139.86741542816162">
        <ele>1.58</ele>
      </trkpt>
      <trkpt lat="35.7083345297724" lon="139.8675012588501">
        <ele>1.72</ele>
      </trkpt>
      <trkpt lat="35.70839890278876" lon="139.86756563186646">
        <ele>1.86</ele>
      </trkpt>
      <trkpt lat="35.70852748118341" lon="139.86768348142505">
        <ele>2.08</ele>
      </trkpt>
      <trkpt lat="35.70865639485419" lon="139.86780166625977">
        <ele>2.3</ele>
      </trkpt>
      <trkpt lat="35.708838533610106" lon="139.8679624311626">
        <ele>2.54</ele>
      </trkpt>
      <trkpt lat="35.70902117528021" lon="139.86812353134155">
        <ele>2.72</ele>
      </trkpt>
      <trkpt lat="35.70902109146118" lon="139.86812353134155">
        <ele>2.85</ele>
      </trkpt>
      <trkpt lat="35.709171295166016" lon="139.86825227737427">
        <ele>2.95</ele>
      </trkpt>
      <trkpt lat="35.70933382026851" lon="139.86796779558063">
        <ele>3.03</ele>
      </trkpt>
      <trkpt lat="35.709496261551976" lon="139.8676836490631">
        <ele>3.1</ele>
      </trkpt>
      <trkpt lat="35.709496261551976" lon="139.86768356524408">
        <ele>3.2</ele>
      </trkpt>
      <trkpt lat="35.70960053242743" lon="139.8675012588501">
        <ele>3.28</ele>
      </trkpt>
      <trkpt lat="35.70962199009955" lon="139.86747980117798">
        <ele>3.35</ele>
      </trkpt>
      <trkpt lat="35.70978292264044" lon="139.86717914231122">
        <ele>3.33</ele>
      </trkpt>
      <trkpt lat="35.709943771362305" lon="139.86687898635864">
        <ele>3.47</ele>
      </trkpt>
      <trkpt lat="35.709965312853456" lon="139.86685752868652">
        <ele>3.52</ele>
      </trkpt>
      <trkpt lat="35.71002968586981" lon="139.86675024032593">
        <ele>3.59</ele>
      </trkpt>
      <trkpt lat="35.7100510597229" lon="139.8667287826538">
        <ele>3.62</ele>
      </trkpt>
      <trkpt lat="35.710201347246766" lon="139.8668360710144">
        <ele>3.62</ele>
      </trkpt>
      <trkpt lat="35.71044383570552" lon="139.86699046567082">
        <ele>3.61</ele>
      </trkpt>
      <trkpt lat="35.71067341603339" lon="139.86713647842407">
        <ele>3.58</ele>
      </trkpt>
      <trkpt lat="35.710930824279785" lon="139.8672866821289">
        <ele>3.55</ele>
      </trkpt>
      <trkpt lat="35.71105965413153" lon="139.86707210540771">
        <ele>3.49</ele>
      </trkpt>
      <trkpt lat="35.711252773180604" lon="139.86677169799805">
        <ele>3.42</ele>
      </trkpt>
      <trkpt lat="35.71128780953586" lon="139.8667155392468">
        <ele>3.37</ele>
      </trkpt>
      <trkpt lat="35.711467266082764" lon="139.86642837524414">
        <ele>3.31</ele>
      </trkpt>
      <trkpt lat="35.71152099408209" lon="139.8661811929196">
        <ele>3.25</ele>
      </trkpt>
      <trkpt lat="35.71157463826239" lon="139.8659348487854">
        <ele>3.24</ele>
      </trkpt>
      <trkpt lat="35.71149241179228" lon="139.86562681384385">
        <ele>3.2</ele>
      </trkpt>
      <trkpt lat="35.71148872375488" lon="139.8656129837036">
        <ele>3.15</ele>
      </trkpt>
      <trkpt lat="35.71145645342767" lon="139.8653764463961">
        <ele>3.1</ele>
      </trkpt>
      <trkpt lat="35.71142443455756" lon="139.865140914917">
        <ele>3.02</ele>
      </trkpt>
      <trkpt lat="35.711424350738525" lon="139.865140914917">
        <ele>2.98</ele>
      </trkpt>
      <trkpt lat="35.71140297688544" lon="139.86507654190063">
        <ele>2.95</ele>
      </trkpt>
      <trkpt lat="35.71166046895087" lon="139.86488342285156">
        <ele>2.89</ele>
      </trkpt>
      <trkpt lat="35.71181042119861" lon="139.86476548947394">
        <ele>2.9</ele>
      </trkpt>
      <trkpt lat="35.711960792541504" lon="139.86464738845825">
        <ele>2.94</ele>
      </trkpt>
      <trkpt lat="35.711917877197266" lon="139.86454010009766">
        <ele>2.96</ele>
      </trkpt>
      <trkpt lat="35.711982334032655" lon="139.86428260803223">
        <ele>3.02</ele>
      </trkpt>
      <trkpt lat="35.712058525532484" lon="139.86401866190135">
        <ele>3.07</ele>
      </trkpt>
      <trkpt lat="35.71216003037989" lon="139.8636672925204">
        <ele>2.97</ele>
      </trkpt>
      <trkpt lat="35.712261283770204" lon="139.86331701278687">
        <ele>2.95</ele>
      </trkpt>
      <trkpt lat="35.71232565678656" lon="139.8631238937378">
        <ele>2.95</ele>
      </trkpt>
      <trkpt lat="35.712418695911765" lon="139.86283019185066">
        <ele>3.02</ele>
      </trkpt>
      <trkpt lat="35.712511818856" lon="139.86253648996353">
        <ele>3.06</ele>
      </trkpt>
      <trkpt lat="35.71260460652411" lon="139.8622441291809">
        <ele>3.03</ele>
      </trkpt>
      <trkpt lat="35.71260460652411" lon="139.86217975616455">
        <ele>3.04</ele>
      </trkpt>
      <trkpt lat="35.71260452270508" lon="139.86217975616455">
        <ele>3.05</ele>
      </trkpt>
      <trkpt lat="35.712690437212586" lon="139.86189317889512">
        <ele>3.04</ele>
      </trkpt>
      <trkpt lat="35.712776351720095" lon="139.8616066854447">
        <ele>3.12</ele>
      </trkpt>
      <trkpt lat="35.71286201477051" lon="139.86132144927979">
        <ele>3.15</ele>
      </trkpt>
      <trkpt lat="35.712947929278016" lon="139.86102590337396">
        <ele>3.06</ele>
      </trkpt>
      <trkpt lat="35.713033927604556" lon="139.86073044128716">
        <ele>2.96</ele>
      </trkpt>
      <trkpt lat="35.713119925931096" lon="139.86043497920036">
        <ele>2.94</ele>
      </trkpt>
      <trkpt lat="35.713205421343446" lon="139.86014127731323">
        <ele>3.03</ele>
      </trkpt>
      <trkpt lat="35.713205337524414" lon="139.86014127731323">
        <ele>3.01</ele>
      </trkpt>
      <trkpt lat="35.71298053488135" lon="139.8600769881159">
        <ele>2.94</ele>
      </trkpt>
      <trkpt lat="35.712754810228944" lon="139.86001253128052">
        <ele>2.9</ele>
      </trkpt>
      <trkpt lat="35.712668895721436" lon="139.8599910736084">
        <ele>2.9</ele>
      </trkpt>
      <trkpt lat="35.71272094734013" lon="139.8597201704979">
        <ele>2.89</ele>
      </trkpt>
      <trkpt lat="35.71277626790106" lon="139.8594331741333">
        <ele>2.85</ele>
      </trkpt>
      <trkpt lat="35.7128191832453" lon="139.8592074494809">
        <ele>2.9</ele>
      </trkpt>
      <trkpt lat="35.71286209858954" lon="139.8589825630188">
        <ele>2.93</ele>
      </trkpt>
      <trkpt lat="35.71290501393378" lon="139.85871383920312">
        <ele>2.95</ele>
      </trkpt>
      <trkpt lat="35.712947929278016" lon="139.85844612121582">
        <ele>2.93</ele>
      </trkpt>
      <trkpt lat="35.713001657277346" lon="139.8581881262362">
        <ele>2.87</ele>
      </trkpt>
      <trkpt lat="35.71305521763861" lon="139.85793113708496">
        <ele>2.86</ele>
      </trkpt>
      <trkpt lat="35.71305513381958" lon="139.85793113708496">
        <ele>2.82</ele>
      </trkpt>
      <trkpt lat="35.71309813298285" lon="139.85766241326928">
        <ele>2.73</ele>
      </trkpt>
      <trkpt lat="35.71314104832709" lon="139.85739469528198">
        <ele>2.68</ele>
      </trkpt>
      <trkpt lat="35.71319477632642" lon="139.8571259714663">
        <ele>2.58</ele>
      </trkpt>
      <trkpt lat="35.713248336687684" lon="139.856858253479">
        <ele>2.54</ele>
      </trkpt>
      <trkpt lat="35.71324825286865" lon="139.856858253479">
        <ele>2.5</ele>
      </trkpt>
      <trkpt lat="35.71330198086798" lon="139.8565572593361">
        <ele>2.46</ele>
      </trkpt>
      <trkpt lat="35.71335562504828" lon="139.85625743865967">
        <ele>2.45</ele>
      </trkpt>
      <trkpt lat="35.71339854039252" lon="139.85599994659424">
        <ele>2.41</ele>
      </trkpt>
      <trkpt lat="35.71337942965329" lon="139.85596189275384">
        <ele>2.35</ele>
      </trkpt>
      <trkpt lat="35.71329125203192" lon="139.85578536987305">
        <ele>2.27</ele>
      </trkpt>
      <trkpt lat="35.713162422180176" lon="139.85555629245937">
        <ele>2.17</ele>
      </trkpt>
      <trkpt lat="35.71303359232843" lon="139.85532729886472">
        <ele>2.13</ele>
      </trkpt>
      <trkpt lat="35.71290501393378" lon="139.85509872436523">
        <ele>2.14</ele>
      </trkpt>
      <trkpt lat="35.71304423734546" lon="139.85500224865973">
        <ele>2.09</ele>
      </trkpt>
      <trkpt lat="35.71318396367133" lon="139.85490560531616">
        <ele>2.07</ele>
      </trkpt>
      <trkpt lat="35.71322310715914" lon="139.8548729158938">
        <ele>2.12</ele>
      </trkpt>
      <trkpt lat="35.71331262588501" lon="139.85479831695557">
        <ele>2.19</ele>
      </trkpt>
      <trkpt lat="35.71341999806464" lon="139.8547339439392">
        <ele>2.3</ele>
      </trkpt>
      <trkpt lat="35.71367749013007" lon="139.8546266555786">
        <ele>2.49</ele>
      </trkpt>
      <trkpt lat="35.7138380035758" lon="139.85459446907043">
        <ele>2.64</ele>
      </trkpt>
      <trkpt lat="35.713999355211854" lon="139.85456228256226">
        <ele>2.82</ele>
      </trkpt>
      <trkpt lat="35.71410664357245" lon="139.85454082489014">
        <ele>3.06</ele>
      </trkpt>
      <trkpt lat="35.71434259414673" lon="139.85447645187378">
        <ele>3.38</ele>
      </trkpt>
      <trkpt lat="35.71438559331" lon="139.85445499420166">
        <ele>3.6</ele>
      </trkpt>
      <trkpt lat="35.71438559331" lon="139.85436916351318">
        <ele>3.8</ele>
      </trkpt>
      <trkpt lat="35.714406967163086" lon="139.8542618751526">
        <ele>4.0</ele>
      </trkpt>
      <trkpt lat="35.71460008621216" lon="139.85402584075928">
        <ele>4.28</ele>
      </trkpt>
      <trkpt lat="35.714728916063905" lon="139.85389709472656">
        <ele>4.36</ele>
      </trkpt>
      <trkpt lat="35.71472883224487" lon="139.85389709472656">
        <ele>4.36</ele>
      </trkpt>
      <trkpt lat="35.714728916063905" lon="139.85389709472656">
        <ele>4.36</ele>
      </trkpt>
      <trkpt lat="35.7148362044245" lon="139.8538112640381">
        <ele>4.19</ele>
      </trkpt>
      <trkpt lat="35.71483612060547" lon="139.8538112640381">
        <ele>4.1</ele>
      </trkpt>
      <trkpt lat="35.71499705314636" lon="139.8540472984314">
        <ele>3.96</ele>
      </trkpt>
      <trkpt lat="35.71515806950629" lon="139.8542833328247">
        <ele>3.72</ele>
      </trkpt>
      <trkpt lat="35.71529746055603" lon="139.8544656392187">
        <ele>3.48</ele>
      </trkpt>
      <trkpt lat="35.715437019243836" lon="139.85464811325073">
        <ele>3.33</ele>
      </trkpt>
      <trkpt lat="35.71555000729859" lon="139.85480963252485">
        <ele>3.18</ele>
      </trkpt>
      <trkpt lat="35.71558713912964" lon="139.85486268997192">
        <ele>3.06</ele>
      </trkpt>
      <trkpt lat="35.71580179966986" lon="139.85479831695557">
        <ele>2.91</ele>
      </trkpt>
      <trkpt lat="35.71601084433496" lon="139.85457845963538">
        <ele>2.94</ele>
      </trkpt>
      <trkpt lat="35.71621997281909" lon="139.85435868613422">
        <ele>2.65</ele>
      </trkpt>
      <trkpt lat="35.71642901748419" lon="139.85413882881403">
        <ele>2.49</ele>
      </trkpt>
      <trkpt lat="35.71663864888251" lon="139.85391855239868">
        <ele>2.1</ele>
      </trkpt>
      <trkpt lat="35.716552734375" lon="139.8538112640381">
        <ele>2.04</ele>
      </trkpt>
      <trkpt lat="35.7166254054755" lon="139.8537385929376">
        <ele>1.87</ele>
      </trkpt>
      <trkpt lat="35.71663856506348" lon="139.8537254333496">
        <ele>1.76</ele>
      </trkpt>
      <trkpt lat="35.7168532256037" lon="139.85400438308716">
        <ele>1.55</ele>
      </trkpt>
      <trkpt lat="35.716939056292176" lon="139.85391855239868">
        <ele>1.59</ele>
      </trkpt>
      <trkpt lat="35.716938972473145" lon="139.85391855239868">
        <ele>1.74</ele>
      </trkpt>
      <trkpt lat="35.716939056292176" lon="139.85391855239868">
        <ele>1.59</ele>
      </trkpt>
      <trkpt lat="35.71676001884043" lon="139.8536812607199">
        <ele>2.29</ele>
      </trkpt>
      <trkpt lat="35.71658098138869" lon="139.8534439690411">
        <ele>2.54</ele>
      </trkpt>
      <trkpt lat="35.716402027755976" lon="139.85320667736232">
        <ele>2.77</ele>
      </trkpt>
      <trkpt lat="35.71622299030423" lon="139.85296938568354">
        <ele>3.05</ele>
      </trkpt>
      <trkpt lat="35.71604395285249" lon="139.85273209400475">
        <ele>3.26</ele>
      </trkpt>
      <trkpt lat="35.71601629257202" lon="139.8526954650879">
        <ele>3.24</ele>
      </trkpt>
      <trkpt lat="35.71584463119507" lon="139.85246655531228">
        <ele>3.16</ele>
      </trkpt>
      <trkpt lat="35.715672969818115" lon="139.85223764553666">
        <ele>2.89</ele>
      </trkpt>
      <trkpt lat="35.715501392260194" lon="139.85200881958008">
        <ele>2.67</ele>
      </trkpt>
      <trkpt lat="35.71547985076904" lon="139.85188007354736">
        <ele>2.74</ele>
      </trkpt>
      <trkpt lat="35.71537256240845" lon="139.85172986984253">
        <ele>2.82</ele>
      </trkpt>
      <trkpt lat="35.7151747494936" lon="139.85145092010498">
        <ele>2.89</ele>
      </trkpt>
      <trkpt lat="35.71497702039778" lon="139.85117205418646">
        <ele>3.0</ele>
      </trkpt>
      <trkpt lat="35.714779207482934" lon="139.85089310444891">
        <ele>3.5</ele>
      </trkpt>
      <trkpt lat="35.71458156220615" lon="139.85061432234943">
        <ele>4.35</ele>
      </trkpt>
      <trkpt lat="35.7145357131958" lon="139.85054969787598">
        <ele>4.61</ele>
      </trkpt>
      <trkpt lat="35.71442850865424" lon="139.8506784439087">
        <ele>4.96</ele>
      </trkpt>
      <trkpt lat="35.71419255807996" lon="139.85092143528163">
        <ele>5.27</ele>
      </trkpt>
      <trkpt lat="35.71395660750568" lon="139.8511645104736">
        <ele>4.41</ele>
      </trkpt>
      <trkpt lat="35.71372032165527" lon="139.85140800476074">
        <ele>5.21</ele>
      </trkpt>
      <trkpt lat="35.713532818481326" lon="139.85150163061917">
        <ele>5.88</ele>
      </trkpt>
      <trkpt lat="35.71334472857416" lon="139.85159575939178">
        <ele>6.5</ele>
      </trkpt>
    </trkseg>
  </trk>
</gpx>
