<?xml version="1.0" encoding="UTF-8"?>
<gpx creator="Garmin Connect" version="1.1"
  xsi:schemaLocation="http://www.topografix.com/GPX/1/1 http://www.topografix.com/GPX/11.xsd"
  xmlns:ns3="http://www.garmin.com/xmlschemas/TrackPointExtension/v1"
  xmlns="http://www.topografix.com/GPX/1/1"
  xmlns:xsi="http://www.w3.org/2001/XMLSchema-instance" xmlns:ns2="http://www.garmin.com/xmlschemas/GpxExtensions/v3">
  <metadata>
    <name>Outbound_2026_kumagaya</name>
    <link href="connect.garmin.com">
      <text>Garmin Connect</text>
    </link>
    <time>2026-05-13T18:33:28.000Z</time>
  </metadata>
  <trk>
    <name>Outbound_2026_kumagaya</name>
    <trkseg>
      <trkpt lat="35.78183074481785" lon="139.74370993673801">
        <ele>7.94</ele>
      </trkpt>
      <trkpt lat="35.78211220912635" lon="139.74353525787592">
        <ele>7.91</ele>
      </trkpt>
      <trkpt lat="35.782393757253885" lon="139.74336057901382">
        <ele>7.85</ele>
      </trkpt>
      <trkpt lat="35.782675221562386" lon="139.74318590015173">
        <ele>7.63</ele>
      </trkpt>
      <trkpt lat="35.78295676968992" lon="139.74301122128963">
        <ele>7.22</ele>
      </trkpt>
      <trkpt lat="35.78323823399842" lon="139.7428364586085">
        <ele>6.62</ele>
      </trkpt>
      <trkpt lat="35.78351969830692" lon="139.7426617797464">
        <ele>5.91</ele>
      </trkpt>
      <trkpt lat="35.78380124643445" lon="139.74248710088432">
        <ele>5.33</ele>
      </trkpt>
      <trkpt lat="35.78389403410256" lon="139.7424291819334">
        <ele>4.69</ele>
      </trkpt>
      <trkpt lat="35.78389420174062" lon="139.74242909811437">
        <ele>4.11</ele>
      </trkpt>
      <trkpt lat="35.783894369378686" lon="139.74242901429534">
        <ele>3.57</ele>
      </trkpt>
      <trkpt lat="35.78389462083578" lon="139.7424289304763">
        <ele>3.08</ele>
      </trkpt>
      <trkpt lat="35.78389462083578" lon="139.74242884665728">
        <ele>2.63</ele>
      </trkpt>
      <trkpt lat="35.783894872292876" lon="139.74242884665728">
        <ele>2.23</ele>
      </trkpt>
      <trkpt lat="35.783894872292876" lon="139.74242876283824">
        <ele>1.87</ele>
      </trkpt>
      <trkpt lat="35.78389512374997" lon="139.74242876283824">
        <ele>1.55</ele>
      </trkpt>
      <trkpt lat="35.78389512374997" lon="139.7424286790192">
        <ele>1.28</ele>
      </trkpt>
      <trkpt lat="35.78389537520707" lon="139.7424286790192">
        <ele>1.03</ele>
      </trkpt>
      <trkpt lat="35.78417801298201" lon="139.7422568500042">
        <ele>0.58</ele>
      </trkpt>
      <trkpt lat="35.784460650756955" lon="139.7420851048082">
        <ele>0.31</ele>
      </trkpt>
      <trkpt lat="35.78462024219334" lon="139.74198737181723">
        <ele>0.14</ele>
      </trkpt>
      <trkpt lat="35.78462057746947" lon="139.7419872879982">
        <ele>-0.03</ele>
      </trkpt>
      <trkpt lat="35.78462099656463" lon="139.74198712036014">
        <ele>-0.18</ele>
      </trkpt>
      <trkpt lat="35.784621331840754" lon="139.74198695272207">
        <ele>-0.3</ele>
      </trkpt>
      <trkpt lat="35.78462166711688" lon="139.741986785084">
        <ele>-0.4</ele>
      </trkpt>
      <trkpt lat="35.78462208621204" lon="139.74198661744595">
        <ele>-0.48</ele>
      </trkpt>
      <trkpt lat="35.784622421488166" lon="139.7419865336269">
        <ele>-0.55</ele>
      </trkpt>
      <trkpt lat="35.784622924402356" lon="139.74198628216982">
        <ele>-0.6</ele>
      </trkpt>
      <trkpt lat="35.78462325967848" lon="139.74198611453176">
        <ele>-0.63</ele>
      </trkpt>
      <trkpt lat="35.78462359495461" lon="139.74198603071272">
        <ele>-0.66</ele>
      </trkpt>
      <trkpt lat="35.78490120358765" lon="139.7418022993952">
        <ele>-0.55</ele>
      </trkpt>
      <trkpt lat="35.785178896039724" lon="139.74161856807768">
        <ele>-0.56</ele>
      </trkpt>
      <trkpt lat="35.785456504672766" lon="139.74143483676016">
        <ele>-0.59</ele>
      </trkpt>
      <trkpt lat="35.78573419712484" lon="139.74125110544264">
        <ele>-0.49</ele>
      </trkpt>
      <trkpt lat="35.78601180575788" lon="139.7410672903061">
        <ele>-0.61</ele>
      </trkpt>
      <trkpt lat="35.78617072664201" lon="139.7409615945071">
        <ele>-0.67</ele>
      </trkpt>
      <trkpt lat="35.78617106191814" lon="139.74096142686903">
        <ele>-0.7</ele>
      </trkpt>
      <trkpt lat="35.786171397194266" lon="139.74096125923097">
        <ele>-0.71</ele>
      </trkpt>
      <trkpt lat="35.786171816289425" lon="139.7409610915929">
        <ele>-0.7</ele>
      </trkpt>
      <trkpt lat="35.78617215156555" lon="139.74096092395484">
        <ele>-0.68</ele>
      </trkpt>
      <trkpt lat="35.78617257066071" lon="139.74096075631678">
        <ele>-0.65</ele>
      </trkpt>
      <trkpt lat="35.78617290593684" lon="139.74096058867872">
        <ele>-0.6</ele>
      </trkpt>
      <trkpt lat="35.78617340885103" lon="139.74096033722162">
        <ele>-0.53</ele>
      </trkpt>
      <trkpt lat="35.786173744127154" lon="139.74096016958356">
        <ele>-0.45</ele>
      </trkpt>
      <trkpt lat="35.7861799467355" lon="139.74097995087504">
        <ele>-0.34</ele>
      </trkpt>
      <trkpt lat="35.78645219095051" lon="139.74078431725502">
        <ele>-0.07</ele>
      </trkpt>
      <trkpt lat="35.78672435134649" lon="139.740588683635">
        <ele>0.07</ele>
      </trkpt>
      <trkpt lat="35.786996595561504" lon="139.74039305001497">
        <ele>0.03</ele>
      </trkpt>
      <trkpt lat="35.78713992610574" lon="139.74028995260596">
        <ele>0.16</ele>
      </trkpt>
      <trkpt lat="35.78739465214312" lon="139.74006162956357">
        <ele>0.3</ele>
      </trkpt>
      <trkpt lat="35.787649378180504" lon="139.73983322270215">
        <ele>0.52</ele>
      </trkpt>
      <trkpt lat="35.78771995380521" lon="139.7397699393332">
        <ele>0.69</ele>
      </trkpt>
      <trkpt lat="35.787964537739754" lon="139.7395254392177">
        <ele>0.71</ele>
      </trkpt>
      <trkpt lat="35.78820903785527" lon="139.73928085528314">
        <ele>0.75</ele>
      </trkpt>
      <trkpt lat="35.78829998150468" lon="139.73918999545276">
        <ele>0.95</ele>
      </trkpt>
      <trkpt lat="35.788525538519025" lon="139.73891925998032">
        <ele>1.27</ele>
      </trkpt>
      <trkpt lat="35.78874992206693" lon="139.73864994943142">
        <ele>1.75</ele>
      </trkpt>
      <trkpt lat="35.788966761901975" lon="139.73836873658001">
        <ele>2.25</ele>
      </trkpt>
      <trkpt lat="35.78911998309195" lon="139.73816991783679">
        <ele>2.56</ele>
      </trkpt>
      <trkpt lat="35.78931553289294" lon="139.73786615766585">
        <ele>3.07</ele>
      </trkpt>
      <trkpt lat="35.789511082693934" lon="139.7375623974949">
        <ele>3.78</ele>
      </trkpt>
      <trkpt lat="35.78967997804284" lon="139.7372999601066">
        <ele>4.2</ele>
      </trkpt>
      <trkpt lat="35.78986161388457" lon="139.73698345944285">
        <ele>4.53</ele>
      </trkpt>
      <trkpt lat="35.789989940822124" lon="139.7367599979043">
        <ele>4.95</ele>
      </trkpt>
      <trkpt lat="35.79016420058906" lon="139.73643721081316">
        <ele>5.44</ele>
      </trkpt>
      <trkpt lat="35.79025933519006" lon="139.7362599335611">
        <ele>5.67</ele>
      </trkpt>
      <trkpt lat="35.79025933519006" lon="139.73626001738012">
        <ele>5.95</ele>
      </trkpt>
      <trkpt lat="35.79025941900909" lon="139.73626001738012">
        <ele>6.18</ele>
      </trkpt>
      <trkpt lat="35.79025950282812" lon="139.73626001738012">
        <ele>6.38</ele>
      </trkpt>
      <trkpt lat="35.79025958664715" lon="139.73626001738012">
        <ele>6.53</ele>
      </trkpt>
      <trkpt lat="35.790259670466185" lon="139.7362599335611">
        <ele>6.65</ele>
      </trkpt>
      <trkpt lat="35.790259754285216" lon="139.7362599335611">
        <ele>6.72</ele>
      </trkpt>
      <trkpt lat="35.79025983810425" lon="139.73625984974205">
        <ele>6.77</ele>
      </trkpt>
      <trkpt lat="35.79025992192328" lon="139.73625984974205">
        <ele>6.78</ele>
      </trkpt>
      <trkpt lat="35.79025992192328" lon="139.7362599335611">
        <ele>6.76</ele>
      </trkpt>
      <trkpt lat="35.79040543176234" lon="139.73591644316912">
        <ele>6.59</ele>
      </trkpt>
      <trkpt lat="35.790550941601396" lon="139.73557295277715">
        <ele>6.51</ele>
      </trkpt>
      <trkpt lat="35.7906199246645" lon="139.73540992476046">
        <ele>6.39</ele>
      </trkpt>
      <trkpt lat="35.79075361602008" lon="139.7350593097508">
        <ele>6.05</ele>
      </trkpt>
      <trkpt lat="35.79088730737567" lon="139.7347086109221">
        <ele>5.62</ele>
      </trkpt>
      <trkpt lat="35.791020998731256" lon="139.7343579120934">
        <ele>5.25</ele>
      </trkpt>
      <trkpt lat="35.79115469008684" lon="139.73400729708374">
        <ele>4.91</ele>
      </trkpt>
      <trkpt lat="35.79122995957732" lon="139.73380998708308">
        <ele>4.67</ele>
      </trkpt>
      <trkpt lat="35.79136407002807" lon="139.73345953971148">
        <ele>4.74</ele>
      </trkpt>
      <trkpt lat="35.79149818047881" lon="139.73310909233987">
        <ele>4.87</ele>
      </trkpt>
      <trkpt lat="35.791539922356606" lon="139.73299995996058">
        <ele>4.9</ele>
      </trkpt>
      <trkpt lat="35.79167629592121" lon="139.73265085369349">
        <ele>4.95</ele>
      </trkpt>
      <trkpt lat="35.79181266948581" lon="139.7323017474264">
        <ele>4.99</ele>
      </trkpt>
      <trkpt lat="35.79194904305041" lon="139.7319526411593">
        <ele>4.67</ele>
      </trkpt>
      <trkpt lat="35.79208541661501" lon="139.73160345107317">
        <ele>4.48</ele>
      </trkpt>
      <trkpt lat="35.79222179017961" lon="139.73125434480608">
        <ele>4.49</ele>
      </trkpt>
      <trkpt lat="35.79235816374421" lon="139.73090523853898">
        <ele>4.49</ele>
      </trkpt>
      <trkpt lat="35.79249453730881" lon="139.7305561322719">
        <ele>4.48</ele>
      </trkpt>
      <trkpt lat="35.79263091087341" lon="139.7302070260048">
        <ele>4.52</ele>
      </trkpt>
      <trkpt lat="35.792767284438014" lon="139.7298579197377">
        <ele>4.61</ele>
      </trkpt>
      <trkpt lat="35.792903658002615" lon="139.7295088134706">
        <ele>4.64</ele>
      </trkpt>
      <trkpt lat="35.793039947748184" lon="139.7291599586606">
        <ele>4.7</ele>
      </trkpt>
      <trkpt lat="35.793166598305106" lon="139.72880532033741">
        <ele>4.63</ele>
      </trkpt>
      <trkpt lat="35.79323968850076" lon="139.72859946079552">
        <ele>4.57</ele>
      </trkpt>
      <trkpt lat="35.79323968850076" lon="139.72859954461455">
        <ele>4.57</ele>
      </trkpt>
      <trkpt lat="35.79323968850076" lon="139.72859962843359">
        <ele>4.58</ele>
      </trkpt>
      <trkpt lat="35.793239772319794" lon="139.72859962843359">
        <ele>4.58</ele>
      </trkpt>
      <trkpt lat="35.793239772319794" lon="139.72859971225262">
        <ele>4.59</ele>
      </trkpt>
      <trkpt lat="35.793239856138825" lon="139.72859962843359">
        <ele>4.59</ele>
      </trkpt>
      <trkpt lat="35.793239856138825" lon="139.72859971225262">
        <ele>4.59</ele>
      </trkpt>
      <trkpt lat="35.79323993995786" lon="139.72859962843359">
        <ele>4.58</ele>
      </trkpt>
      <trkpt lat="35.79323993995786" lon="139.72859971225262">
        <ele>4.58</ele>
      </trkpt>
      <trkpt lat="35.79323993995786" lon="139.7285999637097">
        <ele>4.56</ele>
      </trkpt>
      <trkpt lat="35.79335938207805" lon="139.72824163734913">
        <ele>4.5</ele>
      </trkpt>
      <trkpt lat="35.793359968811274" lon="139.7282399609685">
        <ele>4.47</ele>
      </trkpt>
      <trkpt lat="35.79336994327605" lon="139.7281799465418">
        <ele>4.42</ele>
      </trkpt>
      <trkpt lat="35.79349206760526" lon="139.7278229612857">
        <ele>4.41</ele>
      </trkpt>
      <trkpt lat="35.79349994659424" lon="139.72779999487102">
        <ele>4.38</ele>
      </trkpt>
      <trkpt lat="35.79359541647136" lon="139.72743093967438">
        <ele>4.4</ele>
      </trkpt>
      <trkpt lat="35.79364998266101" lon="139.72721996717155">
        <ele>4.41</ele>
      </trkpt>
      <trkpt lat="35.7936399243772" lon="139.72698996774852">
        <ele>4.34</ele>
      </trkpt>
      <trkpt lat="35.793449990451336" lon="139.72689994610846">
        <ele>4.23</ele>
      </trkpt>
      <trkpt lat="35.79314396716654" lon="139.72680581733584">
        <ele>4.03</ele>
      </trkpt>
      <trkpt lat="35.792929977178574" lon="139.72673993557692">
        <ele>3.86</ele>
      </trkpt>
      <trkpt lat="35.79279997386038" lon="139.7266299650073">
        <ele>3.69</ele>
      </trkpt>
      <trkpt lat="35.792719926685095" lon="139.72649996168911">
        <ele>3.51</ele>
      </trkpt>
      <trkpt lat="35.79266997054219" lon="139.7263299766928">
        <ele>3.35</ele>
      </trkpt>
      <trkpt lat="35.79261548817158" lon="139.7259486000985">
        <ele>3.36</ele>
      </trkpt>
      <trkpt lat="35.792589923366904" lon="139.7257699817419">
        <ele>3.22</ele>
      </trkpt>
      <trkpt lat="35.79248992726207" lon="139.72542992793024">
        <ele>2.95</ele>
      </trkpt>
      <trkpt lat="35.79248992726207" lon="139.7253899462521">
        <ele>2.7</ele>
      </trkpt>
      <trkpt lat="35.79219186678529" lon="139.72526329569519">
        <ele>2.33</ele>
      </trkpt>
      <trkpt lat="35.79189380630851" lon="139.72513656131923">
        <ele>1.89</ele>
      </trkpt>
      <trkpt lat="35.79159574583173" lon="139.7250099107623">
        <ele>1.6</ele>
      </trkpt>
      <trkpt lat="35.791297601535916" lon="139.7248832602054">
        <ele>1.3</ele>
      </trkpt>
      <trkpt lat="35.790999541059136" lon="139.72475652582943">
        <ele>0.89</ele>
      </trkpt>
      <trkpt lat="35.790889989584684" lon="139.7247099224478">
        <ele>0.51</ele>
      </trkpt>
      <trkpt lat="35.790829975157976" lon="139.72464999184012">
        <ele>0.14</ele>
      </trkpt>
      <trkpt lat="35.79089996404946" lon="139.7243399452418">
        <ele>-0.1</ele>
      </trkpt>
      <trkpt lat="35.790869956836104" lon="139.72424992360175">
        <ele>-0.43</ele>
      </trkpt>
      <trkpt lat="35.79089996404946" lon="139.724099971354">
        <ele>-0.79</ele>
      </trkpt>
      <trkpt lat="35.79096995294094" lon="139.72396996803582">
        <ele>-1.17</ele>
      </trkpt>
      <trkpt lat="35.79105796292424" lon="139.72385169938207">
        <ele>-1.54</ele>
      </trkpt>
      <trkpt lat="35.79105821438134" lon="139.723851531744">
        <ele>-1.85</ele>
      </trkpt>
      <trkpt lat="35.79105846583843" lon="139.72385136410594">
        <ele>-2.14</ele>
      </trkpt>
      <trkpt lat="35.79105871729553" lon="139.72385111264884">
        <ele>-2.41</ele>
      </trkpt>
      <trkpt lat="35.79105888493359" lon="139.72385094501078">
        <ele>-2.67</ele>
      </trkpt>
      <trkpt lat="35.79105922020972" lon="139.72385060973465">
        <ele>-2.91</ele>
      </trkpt>
      <trkpt lat="35.79105938784778" lon="139.7238504420966">
        <ele>-3.13</ele>
      </trkpt>
      <trkpt lat="35.79105972312391" lon="139.72385010682046">
        <ele>-3.33</ele>
      </trkpt>
      <trkpt lat="35.79105989076197" lon="139.7238499391824">
        <ele>-3.52</ele>
      </trkpt>
      <trkpt lat="35.791059974581" lon="139.7238499391824">
        <ele>-3.68</ele>
      </trkpt>
      <trkpt lat="35.791250076144934" lon="139.7235409822315">
        <ele>-4.09</ele>
      </trkpt>
      <trkpt lat="35.791299948468804" lon="139.72345992922783">
        <ele>-4.25</ele>
      </trkpt>
      <trkpt lat="35.79146582633257" lon="139.72313068807125">
        <ele>-4.17</ele>
      </trkpt>
      <trkpt lat="35.791631788015366" lon="139.72280136309564">
        <ele>-4.2</ele>
      </trkpt>
      <trkpt lat="35.79179766587913" lon="139.72247203812003">
        <ele>-4.3</ele>
      </trkpt>
      <trkpt lat="35.79195993952453" lon="139.72214992158115">
        <ele>-4.44</ele>
      </trkpt>
      <trkpt lat="35.79210880212486" lon="139.721808610484">
        <ele>-4.37</ele>
      </trkpt>
      <trkpt lat="35.792257664725184" lon="139.72146729938686">
        <ele>-4.16</ele>
      </trkpt>
      <trkpt lat="35.79240652732551" lon="139.72112590447068">
        <ele>-4.11</ele>
      </trkpt>
      <trkpt lat="35.792539967224" lon="139.72081996500492">
        <ele>-4.02</ele>
      </trkpt>
      <trkpt lat="35.79266460612416" lon="139.72046432085335">
        <ele>-3.95</ele>
      </trkpt>
      <trkpt lat="35.79278924502432" lon="139.72010867670178">
        <ele>-4.12</ele>
      </trkpt>
      <trkpt lat="35.79287993721664" lon="139.71984992735088">
        <ele>-4.23</ele>
      </trkpt>
      <trkpt lat="35.793019998818636" lon="139.7197099495679">
        <ele>-4.28</ele>
      </trkpt>
      <trkpt lat="35.79309996217489" lon="139.71957994624972">
        <ele>-4.3</ele>
      </trkpt>
      <trkpt lat="35.79321999102831" lon="139.71925992518663">
        <ele>-4.21</ele>
      </trkpt>
      <trkpt lat="35.79327489249408" lon="139.7188787162304">
        <ele>-3.89</ele>
      </trkpt>
      <trkpt lat="35.79332987777889" lon="139.71849742345512">
        <ele>-3.58</ele>
      </trkpt>
      <trkpt lat="35.79337991774082" lon="139.71814999356866">
        <ele>-3.45</ele>
      </trkpt>
      <trkpt lat="35.793359968811274" lon="139.71785997971892">
        <ele>-3.46</ele>
      </trkpt>
      <trkpt lat="35.793429957702756" lon="139.7174999769777">
        <ele>-3.57</ele>
      </trkpt>
      <trkpt lat="35.79351997934282" lon="139.7171899303794">
        <ele>-3.53</ele>
      </trkpt>
      <trkpt lat="35.79359239898622" lon="139.71681316383183">
        <ele>-3.49</ele>
      </trkpt>
      <trkpt lat="35.7936193048954" lon="139.71667075529695">
        <ele>-3.47</ele>
      </trkpt>
      <trkpt lat="35.79361938871443" lon="139.7166706714779">
        <ele>-3.41</ele>
      </trkpt>
      <trkpt lat="35.793619472533464" lon="139.71667058765888">
        <ele>-3.34</ele>
      </trkpt>
      <trkpt lat="35.793619556352496" lon="139.71667042002082">
        <ele>-3.28</ele>
      </trkpt>
      <trkpt lat="35.79361964017153" lon="139.71667042002082">
        <ele>-3.2</ele>
      </trkpt>
      <trkpt lat="35.79361972399056" lon="139.7166700847447">
        <ele>-3.13</ele>
      </trkpt>
      <trkpt lat="35.79361980780959" lon="139.7166700847447">
        <ele>-3.05</ele>
      </trkpt>
      <trkpt lat="35.79361989162862" lon="139.7166698332876">
        <ele>-2.96</ele>
      </trkpt>
      <trkpt lat="35.793619975447655" lon="139.71666966564953">
        <ele>-2.87</ele>
      </trkpt>
      <trkpt lat="35.793619975447655" lon="139.71666991710663">
        <ele>-2.78</ele>
      </trkpt>
      <trkpt lat="35.79362408258021" lon="139.71667134203017">
        <ele>-2.68</ele>
      </trkpt>
      <trkpt lat="35.79370438121259" lon="139.71632868982852">
        <ele>-2.73</ele>
      </trkpt>
      <trkpt lat="35.79378476366401" lon="139.7159861214459">
        <ele>-2.6</ele>
      </trkpt>
      <trkpt lat="35.793864727020264" lon="139.71564531326294">
        <ele>-2.1</ele>
      </trkpt>
      <trkpt lat="35.79398274421692" lon="139.71541984006763">
        <ele>-1.91</ele>
      </trkpt>
      <trkpt lat="35.794100761413574" lon="139.71519470214844">
        <ele>-1.89</ele>
      </trkpt>
      <trkpt lat="35.79417955130339" lon="139.71487225033343">
        <ele>-1.92</ele>
      </trkpt>
      <trkpt lat="35.7942583411932" lon="139.71454988233745">
        <ele>-1.88</ele>
      </trkpt>
      <trkpt lat="35.794336795806885" lon="139.71422910690308">
        <ele>-1.91</ele>
      </trkpt>
      <trkpt lat="35.79433687962592" lon="139.71422910690308">
        <ele>-1.77</ele>
      </trkpt>
      <trkpt lat="35.794422794133425" lon="139.71387798897922">
        <ele>-1.4</ele>
      </trkpt>
      <trkpt lat="35.794508792459965" lon="139.7135269548744">
        <ele>-0.92</ele>
      </trkpt>
      <trkpt lat="35.79459470696747" lon="139.71317592076957">
        <ele>-0.54</ele>
      </trkpt>
      <trkpt lat="35.79468070529401" lon="139.71282488666475">
        <ele>-0.62</ele>
      </trkpt>
      <trkpt lat="35.79476661980152" lon="139.71247385255992">
        <ele>-0.6</ele>
      </trkpt>
      <trkpt lat="35.794851779937744" lon="139.7121262550354">
        <ele>-0.36</ele>
      </trkpt>
      <trkpt lat="35.794851863756776" lon="139.7121262550354">
        <ele>-0.19</ele>
      </trkpt>
      <trkpt lat="35.79494498670101" lon="139.71176088787615">
        <ele>-0.09</ele>
      </trkpt>
      <trkpt lat="35.79503810964525" lon="139.7113955207169">
        <ele>-0.01</ele>
      </trkpt>
      <trkpt lat="35.795130813494325" lon="139.71103191375732">
        <ele>0.42</ele>
      </trkpt>
      <trkpt lat="35.79520239494741" lon="139.71077400259674">
        <ele>0.69</ele>
      </trkpt>
      <trkpt lat="35.795273976400495" lon="139.71051609143615">
        <ele>0.76</ele>
      </trkpt>
      <trkpt lat="35.795345306396484" lon="139.71025943756104">
        <ele>0.88</ele>
      </trkpt>
      <trkpt lat="35.79540976323187" lon="139.70990471541882">
        <ele>1.02</ele>
      </trkpt>
      <trkpt lat="35.7954740524292" lon="139.7095513343811">
        <ele>1.08</ele>
      </trkpt>
      <trkpt lat="35.79547413624823" lon="139.7095513343811">
        <ele>1.19</ele>
      </trkpt>
      <trkpt lat="35.79555292613804" lon="139.7092288825661">
        <ele>1.18</ele>
      </trkpt>
      <trkpt lat="35.795631716027856" lon="139.70890651457012">
        <ele>1.35</ele>
      </trkpt>
      <trkpt lat="35.79571017064154" lon="139.70858573913574">
        <ele>1.61</ele>
      </trkpt>
      <trkpt lat="35.7957745436579" lon="139.70834970474243">
        <ele>1.73</ele>
      </trkpt>
      <trkpt lat="35.79594704322517" lon="139.70809078775346">
        <ele>1.92</ele>
      </trkpt>
      <trkpt lat="35.79611962661147" lon="139.7078318707645">
        <ele>1.82</ele>
      </trkpt>
      <trkpt lat="35.79628994688392" lon="139.70757546834648">
        <ele>1.67</ele>
      </trkpt>
      <trkpt lat="35.79629011452198" lon="139.7075753007084">
        <ele>1.68</ele>
      </trkpt>
      <trkpt lat="35.796290365979075" lon="139.70757504925132">
        <ele>1.67</ele>
      </trkpt>
      <trkpt lat="35.7962907012552" lon="139.7075747139752">
        <ele>1.66</ele>
      </trkpt>
      <trkpt lat="35.796290868893266" lon="139.70757454633713">
        <ele>1.64</ele>
      </trkpt>
      <trkpt lat="35.79629120416939" lon="139.70757412724197">
        <ele>1.62</ele>
      </trkpt>
      <trkpt lat="35.796291371807456" lon="139.7075739596039">
        <ele>1.59</ele>
      </trkpt>
      <trkpt lat="35.79629170708358" lon="139.70757362432778">
        <ele>1.56</ele>
      </trkpt>
      <trkpt lat="35.79629204235971" lon="139.70757328905165">
        <ele>1.53</ele>
      </trkpt>
      <trkpt lat="35.79629212617874" lon="139.70757320523262">
        <ele>1.5</ele>
      </trkpt>
      <trkpt lat="35.79646110534668" lon="139.7073197364807">
        <ele>1.42</ele>
      </trkpt>
      <trkpt lat="35.79652556218207" lon="139.7073197364807">
        <ele>1.42</ele>
      </trkpt>
      <trkpt lat="35.79654701985419" lon="139.70725536346436">
        <ele>1.43</ele>
      </trkpt>
      <trkpt lat="35.796654392033815" lon="139.70692587085068">
        <ele>1.48</ele>
      </trkpt>
      <trkpt lat="35.79676176421344" lon="139.706596378237">
        <ele>1.26</ele>
      </trkpt>
      <trkpt lat="35.79686880111694" lon="139.70626831054688">
        <ele>1.01</ele>
      </trkpt>
      <trkpt lat="35.797004755586386" lon="139.70603931695223">
        <ele>0.93</ele>
      </trkpt>
      <trkpt lat="35.79714071005583" lon="139.70581032335758">
        <ele>1.02</ele>
      </trkpt>
      <trkpt lat="35.79727658070624" lon="139.70558166503906">
        <ele>1.08</ele>
      </trkpt>
      <trkpt lat="35.797512363642454" lon="139.70534143969417">
        <ele>1.37</ele>
      </trkpt>
      <trkpt lat="35.7977482303977" lon="139.7051012981683">
        <ele>1.49</ele>
      </trkpt>
      <trkpt lat="35.79798409715295" lon="139.70486115664244">
        <ele>1.7</ele>
      </trkpt>
      <trkpt lat="35.798219963908195" lon="139.70462093129754">
        <ele>1.91</ele>
      </trkpt>
      <trkpt lat="35.79845666885376" lon="139.7043800354004">
        <ele>2.15</ele>
      </trkpt>
      <trkpt lat="35.79866043291986" lon="139.7041440848261">
        <ele>2.33</ele>
      </trkpt>
      <trkpt lat="35.798864448443055" lon="139.70390796661377">
        <ele>2.58</ele>
      </trkpt>
      <trkpt lat="35.7991003151983" lon="139.70366128720343">
        <ele>2.88</ele>
      </trkpt>
      <trkpt lat="35.799336517229676" lon="139.70341444015503">
        <ele>3.04</ele>
      </trkpt>
      <trkpt lat="35.79950683750212" lon="139.7031902242452">
        <ele>2.92</ele>
      </trkpt>
      <trkpt lat="35.79967439174652" lon="139.70296894200146">
        <ele>2.98</ele>
      </trkpt>
      <trkpt lat="35.799674643203616" lon="139.70296869054437">
        <ele>3.12</ele>
      </trkpt>
      <trkpt lat="35.79967497847974" lon="139.70296835526824">
        <ele>3.25</ele>
      </trkpt>
      <trkpt lat="35.79967531375587" lon="139.70296793617308">
        <ele>3.38</ele>
      </trkpt>
      <trkpt lat="35.799675565212965" lon="139.702967684716">
        <ele>3.51</ele>
      </trkpt>
      <trkpt lat="35.799675984308124" lon="139.7029671818018">
        <ele>3.63</ele>
      </trkpt>
      <trkpt lat="35.79967623576522" lon="139.70296701416373">
        <ele>3.75</ele>
      </trkpt>
      <trkpt lat="35.79967665486038" lon="139.70296659506857">
        <ele>3.86</ele>
      </trkpt>
      <trkpt lat="35.799677073955536" lon="139.70296617597342">
        <ele>3.96</ele>
      </trkpt>
      <trkpt lat="35.7996772415936" lon="139.70296600833535">
        <ele>4.06</ele>
      </trkpt>
      <trkpt lat="35.79974412918091" lon="139.70287799835205">
        <ele>4.2</ele>
      </trkpt>
      <trkpt lat="35.79991579055786" lon="139.70255613327026">
        <ele>4.41</ele>
      </trkpt>
      <trkpt lat="35.79998024739325" lon="139.70228388905525">
        <ele>4.46</ele>
      </trkpt>
      <trkpt lat="35.80004478804767" lon="139.70201164484024">
        <ele>4.47</ele>
      </trkpt>
      <trkpt lat="35.800108993425965" lon="139.70174074172974">
        <ele>4.38</ele>
      </trkpt>
      <trkpt lat="35.800173450261354" lon="139.70139406621456">
        <ele>4.34</ele>
      </trkpt>
      <trkpt lat="35.800237907096744" lon="139.70104747451842">
        <ele>4.36</ele>
      </trkpt>
      <trkpt lat="35.800302447751164" lon="139.70070088282228">
        <ele>4.44</ele>
      </trkpt>
      <trkpt lat="35.800366904586554" lon="139.7003542073071">
        <ele>4.63</ele>
      </trkpt>
      <trkpt lat="35.80043136142194" lon="139.70000761561096">
        <ele>4.76</ele>
      </trkpt>
      <trkpt lat="35.800495902076364" lon="139.6996610239148">
        <ele>4.62</ele>
      </trkpt>
      <trkpt lat="35.80056035891175" lon="139.69931443221867">
        <ele>4.52</ele>
      </trkpt>
      <trkpt lat="35.800623977556825" lon="139.69897270202637">
        <ele>4.47</ele>
      </trkpt>
      <trkpt lat="35.80059019848704" lon="139.69873691909015">
        <ele>4.53</ele>
      </trkpt>
      <trkpt lat="35.800556587055326" lon="139.69850272871554">
        <ele>4.51</ele>
      </trkpt>
      <trkpt lat="35.800556587055326" lon="139.6985026448965">
        <ele>4.32</ele>
      </trkpt>
      <trkpt lat="35.800556587055326" lon="139.69850256107748">
        <ele>4.2</ele>
      </trkpt>
      <trkpt lat="35.800556587055326" lon="139.69850230962038">
        <ele>4.08</ele>
      </trkpt>
      <trkpt lat="35.800556587055326" lon="139.69850214198232">
        <ele>3.94</ele>
      </trkpt>
      <trkpt lat="35.800556587055326" lon="139.69850189052522">
        <ele>3.79</ele>
      </trkpt>
      <trkpt lat="35.80055667087436" lon="139.69850214198232">
        <ele>3.63</ele>
      </trkpt>
      <trkpt lat="35.80050436779857" lon="139.69813585281372">
        <ele>3.38</ele>
      </trkpt>
      <trkpt lat="35.80045231617987" lon="139.6977710723877">
        <ele>2.91</ele>
      </trkpt>
      <trkpt lat="35.80051677301526" lon="139.6974002569914">
        <ele>2.52</ele>
      </trkpt>
      <trkpt lat="35.80058122985065" lon="139.69702944159508">
        <ele>2.47</ele>
      </trkpt>
      <trkpt lat="35.80064568668604" lon="139.69665862619877">
        <ele>2.48</ele>
      </trkpt>
      <trkpt lat="35.80070972442627" lon="139.69629049301147">
        <ele>2.28</ele>
      </trkpt>
      <trkpt lat="35.80072045326233" lon="139.69603241421282">
        <ele>2.13</ele>
      </trkpt>
      <trkpt lat="35.80073118209839" lon="139.69577550888062">
        <ele>2.08</ele>
      </trkpt>
      <trkpt lat="35.80073126591742" lon="139.69577550888062">
        <ele>1.97</ele>
      </trkpt>
      <trkpt lat="35.80079563893378" lon="139.69548172317445">
        <ele>2.02</ele>
      </trkpt>
      <trkpt lat="35.80086009576917" lon="139.6951879374683">
        <ele>1.97</ele>
      </trkpt>
      <trkpt lat="35.80092430114746" lon="139.69489574432373">
        <ele>1.87</ele>
      </trkpt>
      <trkpt lat="35.800970653072" lon="139.69456206075847">
        <ele>1.75</ele>
      </trkpt>
      <trkpt lat="35.80101708881557" lon="139.6942283771932">
        <ele>1.74</ele>
      </trkpt>
      <trkpt lat="35.80106352455914" lon="139.69389469362795">
        <ele>1.74</ele>
      </trkpt>
      <trkpt lat="35.80110928975046" lon="139.69356318935752">
        <ele>1.72</ele>
      </trkpt>
      <trkpt lat="35.80110928975046" lon="139.69356327317655">
        <ele>1.75</ele>
      </trkpt>
      <trkpt lat="35.80110928975046" lon="139.69356335699558">
        <ele>1.79</ele>
      </trkpt>
      <trkpt lat="35.80110937356949" lon="139.69356327317655">
        <ele>1.86</ele>
      </trkpt>
      <trkpt lat="35.80110937356949" lon="139.69356344081461">
        <ele>1.95</ele>
      </trkpt>
      <trkpt lat="35.80110945738852" lon="139.69356327317655">
        <ele>2.05</ele>
      </trkpt>
      <trkpt lat="35.80110945738852" lon="139.69356344081461">
        <ele>2.18</ele>
      </trkpt>
      <trkpt lat="35.80110954120755" lon="139.69356335699558">
        <ele>2.33</ele>
      </trkpt>
      <trkpt lat="35.801109625026584" lon="139.69356318935752">
        <ele>2.5</ele>
      </trkpt>
      <trkpt lat="35.801109625026584" lon="139.69356352463365">
        <ele>2.69</ele>
      </trkpt>
      <trkpt lat="35.801109625026584" lon="139.69356360845268">
        <ele>2.89</ele>
      </trkpt>
      <trkpt lat="35.80116234719753" lon="139.69318432733417">
        <ele>3.11</ele>
      </trkpt>
      <trkpt lat="35.80121515318751" lon="139.69280513003469">
        <ele>3.37</ele>
      </trkpt>
      <trkpt lat="35.80126762390137" lon="139.69242811203003">
        <ele>3.64</ele>
      </trkpt>
      <trkpt lat="35.801293356344104" lon="139.69204966910183">
        <ele>3.9</ele>
      </trkpt>
      <trkpt lat="35.80131917260587" lon="139.69167130999267">
        <ele>4.12</ele>
      </trkpt>
      <trkpt lat="35.80134498886764" lon="139.69129286706448">
        <ele>4.42</ele>
      </trkpt>
      <trkpt lat="35.80137080512941" lon="139.6909145079553">
        <ele>4.9</ele>
      </trkpt>
      <trkpt lat="35.80139636993408" lon="139.69053983688354">
        <ele>5.14</ele>
      </trkpt>
      <trkpt lat="35.80139201134443" lon="139.69018721021712">
        <ele>5.29</ele>
      </trkpt>
      <trkpt lat="35.801387736573815" lon="139.6898345835507">
        <ele>5.61</ele>
      </trkpt>
      <trkpt lat="35.8013834618032" lon="139.68948195688426">
        <ele>5.9</ele>
      </trkpt>
      <trkpt lat="35.80137910321355" lon="139.68912941403687">
        <ele>6.33</ele>
      </trkpt>
      <trkpt lat="35.80137491226196" lon="139.68878030776978">
        <ele>6.99</ele>
      </trkpt>
      <trkpt lat="35.80133618786931" lon="139.68844486400485">
        <ele>7.94</ele>
      </trkpt>
      <trkpt lat="35.80129754729569" lon="139.68810950405896">
        <ele>8.51</ele>
      </trkpt>
      <trkpt lat="35.80125882290304" lon="139.68777414411306">
        <ele>8.89</ele>
      </trkpt>
      <trkpt lat="35.801220182329416" lon="139.68743878416717">
        <ele>8.79</ele>
      </trkpt>
      <trkpt lat="35.80118187703192" lon="139.68710660934448">
        <ele>8.53</ele>
      </trkpt>
      <trkpt lat="35.80112211406231" lon="139.6867482829839">
        <ele>8.63</ele>
      </trkpt>
      <trkpt lat="35.80106243491173" lon="139.68639004044235">
        <ele>8.9</ele>
      </trkpt>
      <trkpt lat="35.801002671942115" lon="139.68603171408176">
        <ele>9.12</ele>
      </trkpt>
      <trkpt lat="35.80094299279153" lon="139.6856734715402">
        <ele>9.35</ele>
      </trkpt>
      <trkpt lat="35.80088322982192" lon="139.68531514517963">
        <ele>9.48</ele>
      </trkpt>
      <trkpt lat="35.80082355067134" lon="139.68495690263808">
        <ele>9.51</ele>
      </trkpt>
      <trkpt lat="35.800763787701726" lon="139.68459866009653">
        <ele>9.48</ele>
      </trkpt>
      <trkpt lat="35.800704108551145" lon="139.68424033373594">
        <ele>9.31</ele>
      </trkpt>
      <trkpt lat="35.80064535140991" lon="139.6838879585266">
        <ele>9.41</ele>
      </trkpt>
      <trkpt lat="35.800645435228944" lon="139.6838879585266">
        <ele>9.46</ele>
      </trkpt>
      <trkpt lat="35.80058625899255" lon="139.68357623554766">
        <ele>9.67</ele>
      </trkpt>
      <trkpt lat="35.80052716657519" lon="139.6832645125687">
        <ele>9.76</ele>
      </trkpt>
      <trkpt lat="35.800468074157834" lon="139.6829528734088">
        <ele>9.83</ele>
      </trkpt>
      <trkpt lat="35.80040940083563" lon="139.6826434135437">
        <ele>9.83</ele>
      </trkpt>
      <trkpt lat="35.80037562176585" lon="139.6823709178716">
        <ele>9.83</ele>
      </trkpt>
      <trkpt lat="35.80037562176585" lon="139.68237075023353">
        <ele>9.78</ele>
      </trkpt>
      <trkpt lat="35.80037562176585" lon="139.6823706664145">
        <ele>9.7</ele>
      </trkpt>
      <trkpt lat="35.80037562176585" lon="139.6823704149574">
        <ele>9.61</ele>
      </trkpt>
      <trkpt lat="35.800375705584884" lon="139.68237049877644">
        <ele>9.5</ele>
      </trkpt>
      <trkpt lat="35.800375705584884" lon="139.68237007968128">
        <ele>9.37</ele>
      </trkpt>
      <trkpt lat="35.800375705584884" lon="139.68236982822418">
        <ele>9.21</ele>
      </trkpt>
      <trkpt lat="35.800375705584884" lon="139.68236940912902">
        <ele>9.04</ele>
      </trkpt>
      <trkpt lat="35.800375789403915" lon="139.6823695767671">
        <ele>8.84</ele>
      </trkpt>
      <trkpt lat="35.800343938171864" lon="139.6821098215878">
        <ele>8.68</ele>
      </trkpt>
      <trkpt lat="35.80031217075884" lon="139.68185015022755">
        <ele>8.42</ele>
      </trkpt>
      <trkpt lat="35.80028065480292" lon="139.68159198760986">
        <ele>8.02</ele>
      </trkpt>
      <trkpt lat="35.80027520656586" lon="139.68129090964794">
        <ele>7.52</ele>
      </trkpt>
      <trkpt lat="35.80026984214783" lon="139.68098991550505">
        <ele>7.2</ele>
      </trkpt>
      <trkpt lat="35.800264393910766" lon="139.68068892136216">
        <ele>7.09</ele>
      </trkpt>
      <trkpt lat="35.80025911331177" lon="139.6803903579712">
        <ele>7.12</ele>
      </trkpt>
      <trkpt lat="35.80027193762362" lon="139.68005918897688">
        <ele>7.07</ele>
      </trkpt>
      <trkpt lat="35.800284845754504" lon="139.6797281038016">
        <ele>6.71</ele>
      </trkpt>
      <trkpt lat="35.80029775388539" lon="139.67939701862633">
        <ele>6.04</ele>
      </trkpt>
      <trkpt lat="35.80031066201627" lon="139.67906593345106">
        <ele>5.37</ele>
      </trkpt>
      <trkpt lat="35.800323486328125" lon="139.67873811721802">
        <ele>4.9</ele>
      </trkpt>
      <trkpt lat="35.80037260428071" lon="139.67838490381837">
        <ele>4.59</ele>
      </trkpt>
      <trkpt lat="35.800421722233295" lon="139.67803169041872">
        <ele>4.26</ele>
      </trkpt>
      <trkpt lat="35.80047084018588" lon="139.6776785608381">
        <ele>3.83</ele>
      </trkpt>
      <trkpt lat="35.8005200419575" lon="139.67732534743845">
        <ele>3.36</ele>
      </trkpt>
      <trkpt lat="35.80056915991008" lon="139.67697221785784">
        <ele>2.86</ele>
      </trkpt>
      <trkpt lat="35.80061827786267" lon="139.6766190044582">
        <ele>2.51</ele>
      </trkpt>
      <trkpt lat="35.80066680908203" lon="139.67627048492432">
        <ele>2.2</ele>
      </trkpt>
      <trkpt lat="35.80072405748069" lon="139.67591215856373">
        <ele>1.76</ele>
      </trkpt>
      <trkpt lat="35.800781389698386" lon="139.67555391602218">
        <ele>1.24</ele>
      </trkpt>
      <trkpt lat="35.80083872191608" lon="139.6751955896616">
        <ele>0.89</ele>
      </trkpt>
      <trkpt lat="35.80089605413377" lon="139.67483734712005">
        <ele>0.49</ele>
      </trkpt>
      <trkpt lat="35.800953386351466" lon="139.6744791045785">
        <ele>0.12</ele>
      </trkpt>
      <trkpt lat="35.80101071856916" lon="139.6741207782179">
        <ele>0.09</ele>
      </trkpt>
      <trkpt lat="35.80106805078685" lon="139.67376253567636">
        <ele>0.08</ele>
      </trkpt>
      <trkpt lat="35.801125383004546" lon="139.67340420931578">
        <ele>0.14</ele>
      </trkpt>
      <trkpt lat="35.80118271522224" lon="139.67304596677423">
        <ele>0.19</ele>
      </trkpt>
      <trkpt lat="35.80124004743993" lon="139.67268772423267">
        <ele>-0.12</ele>
      </trkpt>
      <trkpt lat="35.801297379657626" lon="139.6723293978721">
        <ele>-0.56</ele>
      </trkpt>
      <trkpt lat="35.801353454589844" lon="139.6719789505005">
        <ele>-0.64</ele>
      </trkpt>
      <trkpt lat="35.801353538408875" lon="139.6719789505005">
        <ele>-0.72</ele>
      </trkpt>
      <trkpt lat="35.801412630826235" lon="139.6716000046581">
        <ele>-0.5</ele>
      </trkpt>
      <trkpt lat="35.801471723243594" lon="139.67122114263475">
        <ele>-0.37</ele>
      </trkpt>
      <trkpt lat="35.80153081566095" lon="139.6708422806114">
        <ele>-0.75</ele>
      </trkpt>
      <trkpt lat="35.80158990807831" lon="139.67046341858804">
        <ele>-1.15</ele>
      </trkpt>
      <trkpt lat="35.801649084314704" lon="139.67008447274566">
        <ele>-1.25</ele>
      </trkpt>
      <trkpt lat="35.80170817673206" lon="139.6697056107223">
        <ele>-1.09</ele>
      </trkpt>
      <trkpt lat="35.80176726914942" lon="139.66932674869895">
        <ele>-0.86</ele>
      </trkpt>
      <trkpt lat="35.801825523376465" lon="139.6689534187317">
        <ele>-0.7</ele>
      </trkpt>
      <trkpt lat="35.801858715713024" lon="139.66858201660216">
        <ele>-0.66</ele>
      </trkpt>
      <trkpt lat="35.80189190804958" lon="139.66821069829166">
        <ele>-0.43</ele>
      </trkpt>
      <trkpt lat="35.801925184205174" lon="139.66783929616213">
        <ele>0.0</ele>
      </trkpt>
      <trkpt lat="35.801958376541734" lon="139.66746797785163">
        <ele>0.34</ele>
      </trkpt>
      <trkpt lat="35.801991652697325" lon="139.66709665954113">
        <ele>0.35</ele>
      </trkpt>
      <trkpt lat="35.802024845033884" lon="139.6667252574116">
        <ele>0.27</ele>
      </trkpt>
      <trkpt lat="35.802058121189475" lon="139.6663539391011">
        <ele>0.48</ele>
      </trkpt>
      <trkpt lat="35.802091313526034" lon="139.6659826207906">
        <ele>0.73</ele>
      </trkpt>
      <trkpt lat="35.802124589681625" lon="139.66561121866107">
        <ele>0.9</ele>
      </trkpt>
      <trkpt lat="35.802157782018185" lon="139.66523990035057">
        <ele>1.14</ele>
      </trkpt>
      <trkpt lat="35.80219030380249" lon="139.66487646102905">
        <ele>1.44</ele>
      </trkpt>
      <trkpt lat="35.80219332128763" lon="139.66452936641872">
        <ele>1.75</ele>
      </trkpt>
      <trkpt lat="35.802196422591805" lon="139.6641822718084">
        <ele>1.85</ele>
      </trkpt>
      <trkpt lat="35.80219952389598" lon="139.66383517719805">
        <ele>2.02</ele>
      </trkpt>
      <trkpt lat="35.80220254138112" lon="139.66348808258772">
        <ele>2.14</ele>
      </trkpt>
      <trkpt lat="35.802205642685294" lon="139.66314107179642">
        <ele>2.3</ele>
      </trkpt>
      <trkpt lat="35.80220874398947" lon="139.66279397718608">
        <ele>2.43</ele>
      </trkpt>
      <trkpt lat="35.80221176147461" lon="139.6624517440796">
        <ele>2.71</ele>
      </trkpt>
      <trkpt lat="35.80218594521284" lon="139.6620733011514">
        <ele>2.97</ele>
      </trkpt>
      <trkpt lat="35.80216012895107" lon="139.66169494204223">
        <ele>3.23</ele>
      </trkpt>
      <trkpt lat="35.802134312689304" lon="139.66131649911404">
        <ele>3.5</ele>
      </trkpt>
      <trkpt lat="35.802108496427536" lon="139.66093814000487">
        <ele>3.69</ele>
      </trkpt>
      <trkpt lat="35.802083015441895" lon="139.6605634689331">
        <ele>3.92</ele>
      </trkpt>
      <trkpt lat="35.802083099260926" lon="139.6605634689331">
        <ele>4.1</ele>
      </trkpt>
      <trkpt lat="35.802151914685965" lon="139.6602082438767">
        <ele>4.27</ele>
      </trkpt>
      <trkpt lat="35.802219891920686" lon="139.6598557010293">
        <ele>4.26</ele>
      </trkpt>
      <trkpt lat="35.80221997573972" lon="139.6598557010293">
        <ele>4.42</ele>
      </trkpt>
      <trkpt lat="35.80222005955875" lon="139.6598557010293">
        <ele>4.58</ele>
      </trkpt>
      <trkpt lat="35.80222022719681" lon="139.65985528193414">
        <ele>4.74</ele>
      </trkpt>
      <trkpt lat="35.80222022719681" lon="139.65985536575317">
        <ele>4.88</ele>
      </trkpt>
      <trkpt lat="35.802220394834876" lon="139.65985494665802">
        <ele>5.03</ele>
      </trkpt>
      <trkpt lat="35.802220394834876" lon="139.65985503047705">
        <ele>5.16</ele>
      </trkpt>
      <trkpt lat="35.80222047865391" lon="139.65985477901995">
        <ele>5.29</ele>
      </trkpt>
      <trkpt lat="35.80222064629197" lon="139.65985427610576">
        <ele>5.41</ele>
      </trkpt>
      <trkpt lat="35.80222064629197" lon="139.6598543599248">
        <ele>5.52</ele>
      </trkpt>
      <trkpt lat="35.80222056247294" lon="139.6598543599248">
        <ele>5.62</ele>
      </trkpt>
      <trkpt lat="35.80229138955474" lon="139.6594894118607">
        <ele>5.79</ele>
      </trkpt>
      <trkpt lat="35.802362048998475" lon="139.65912580490112">
        <ele>6.24</ele>
      </trkpt>
      <trkpt lat="35.80236196517944" lon="139.65912580490112">
        <ele>6.3</ele>
      </trkpt>
      <trkpt lat="35.80231033265591" lon="139.65879044495523">
        <ele>6.49</ele>
      </trkpt>
      <trkpt lat="35.80225870013237" lon="139.65845508500934">
        <ele>6.47</ele>
      </trkpt>
      <trkpt lat="35.802207151427865" lon="139.65811972506344">
        <ele>6.47</ele>
      </trkpt>
      <trkpt lat="35.80215551890433" lon="139.65778436511755">
        <ele>6.39</ele>
      </trkpt>
      <trkpt lat="35.802104473114014" lon="139.65745210647583">
        <ele>6.11</ele>
      </trkpt>
      <trkpt lat="35.80203993245959" lon="139.6571224462241">
        <ele>5.87</ele>
      </trkpt>
      <trkpt lat="35.801975475624204" lon="139.6567928697914">
        <ele>5.81</ele>
      </trkpt>
      <trkpt lat="35.801911018788815" lon="139.65646329335868">
        <ele>5.7</ele>
      </trkpt>
      <trkpt lat="35.801846561953425" lon="139.65613371692598">
        <ele>5.51</ele>
      </trkpt>
      <trkpt lat="35.801782105118036" lon="139.65580414049327">
        <ele>5.5</ele>
      </trkpt>
      <trkpt lat="35.8017183188349" lon="139.65547800064087">
        <ele>5.62</ele>
      </trkpt>
      <trkpt lat="35.80171823501587" lon="139.65547800064087">
        <ele>5.54</ele>
      </trkpt>
      <trkpt lat="35.80165377818048" lon="139.6551448199898">
        <ele>5.48</ele>
      </trkpt>
      <trkpt lat="35.801589572802186" lon="139.65481281280518">
        <ele>5.33</ele>
      </trkpt>
      <trkpt lat="35.8015251159668" lon="139.65446949005127">
        <ele>5.14</ele>
      </trkpt>
      <trkpt lat="35.801503574475646" lon="139.65426522307098">
        <ele>5.03</ele>
      </trkpt>
      <trkpt lat="35.80148220062256" lon="139.654061794281">
        <ele>4.94</ele>
      </trkpt>
      <trkpt lat="35.80143920145929" lon="139.65378946624696">
        <ele>4.9</ele>
      </trkpt>
      <trkpt lat="35.80139620229602" lon="139.65351713821292">
        <ele>4.88</ele>
      </trkpt>
      <trkpt lat="35.801353538408875" lon="139.65324640274048">
        <ele>4.8</ele>
      </trkpt>
      <trkpt lat="35.801331996917725" lon="139.65292026288807">
        <ele>4.7</ele>
      </trkpt>
      <trkpt lat="35.801310455426574" lon="139.6525942068547">
        <ele>4.62</ele>
      </trkpt>
      <trkpt lat="35.801288997754455" lon="139.65226815082133">
        <ele>4.56</ele>
      </trkpt>
      <trkpt lat="35.801267456263304" lon="139.65194201096892">
        <ele>4.59</ele>
      </trkpt>
      <trkpt lat="35.80124591477215" lon="139.65161595493555">
        <ele>4.65</ele>
      </trkpt>
      <trkpt lat="35.80122470855713" lon="139.65129375457764">
        <ele>4.54</ele>
      </trkpt>
      <trkpt lat="35.80122470855713" lon="139.65094967745245">
        <ele>4.38</ele>
      </trkpt>
      <trkpt lat="35.80122470855713" lon="139.65060710906982">
        <ele>4.38</ele>
      </trkpt>
      <trkpt lat="35.80126762390137" lon="139.65052127838135">
        <ele>4.45</ele>
      </trkpt>
      <trkpt lat="35.80130693502724" lon="139.65018994174898">
        <ele>4.59</ele>
      </trkpt>
      <trkpt lat="35.80130701884627" lon="139.65018969029188">
        <ele>4.61</ele>
      </trkpt>
      <trkpt lat="35.801307102665305" lon="139.65018952265382">
        <ele>4.64</ele>
      </trkpt>
      <trkpt lat="35.80130718648434" lon="139.65018901973963">
        <ele>4.67</ele>
      </trkpt>
      <trkpt lat="35.80130727030337" lon="139.6501889359206">
        <ele>4.71</ele>
      </trkpt>
      <trkpt lat="35.8013073541224" lon="139.65018834918737">
        <ele>4.74</ele>
      </trkpt>
      <trkpt lat="35.80130743794143" lon="139.65018826536834">
        <ele>4.78</ele>
      </trkpt>
      <trkpt lat="35.801307521760464" lon="139.65018793009222">
        <ele>4.82</ele>
      </trkpt>
      <trkpt lat="35.80130768939853" lon="139.65018725953996">
        <ele>4.86</ele>
      </trkpt>
      <trkpt lat="35.80130768939853" lon="139.650187343359">
        <ele>4.89</ele>
      </trkpt>
      <trkpt lat="35.801331996917725" lon="139.64998483657837">
        <ele>4.97</ele>
      </trkpt>
      <trkpt lat="35.801389245316386" lon="139.64970538392663">
        <ele>5.07</ele>
      </trkpt>
      <trkpt lat="35.80144657753408" lon="139.6494259312749">
        <ele>5.19</ele>
      </trkpt>
      <trkpt lat="35.80150365829468" lon="139.64914798736572">
        <ele>5.16</ele>
      </trkpt>
      <trkpt lat="35.801589572802186" lon="139.64885780587792">
        <ele>5.13</ele>
      </trkpt>
      <trkpt lat="35.80167531967163" lon="139.6485686302185">
        <ele>5.14</ele>
      </trkpt>
      <trkpt lat="35.80176123417914" lon="139.64841842651367">
        <ele>5.13</ele>
      </trkpt>
      <trkpt lat="35.801804065704346" lon="139.6482253074646">
        <ele>5.09</ele>
      </trkpt>
      <trkpt lat="35.80187564715743" lon="139.64798172935843">
        <ele>5.09</ele>
      </trkpt>
      <trkpt lat="35.80194731242955" lon="139.64773815125227">
        <ele>5.07</ele>
      </trkpt>
      <trkpt lat="35.80201864242554" lon="139.64749574661255">
        <ele>4.94</ele>
      </trkpt>
      <trkpt lat="35.802040100097656" lon="139.64738845825195">
        <ele>4.82</ele>
      </trkpt>
      <trkpt lat="35.802093828096986" lon="139.64713046327233">
        <ele>4.61</ele>
      </trkpt>
      <trkpt lat="35.80214738845825" lon="139.6468734741211">
        <ele>4.47</ele>
      </trkpt>
      <trkpt lat="35.80223321914673" lon="139.64668010361493">
        <ele>4.38</ele>
      </trkpt>
      <trkpt lat="35.802319049835205" lon="139.64648723602295">
        <ele>4.22</ele>
      </trkpt>
      <trkpt lat="35.802442682906985" lon="139.64629755355418">
        <ele>4.02</ele>
      </trkpt>
      <trkpt lat="35.802443102002144" lon="139.64629696682096">
        <ele>3.92</ele>
      </trkpt>
      <trkpt lat="35.8024435210973" lon="139.64629638008773">
        <ele>3.83</ele>
      </trkpt>
      <trkpt lat="35.802444107830524" lon="139.64629554189742">
        <ele>3.74</ele>
      </trkpt>
      <trkpt lat="35.80244452692568" lon="139.6462949551642">
        <ele>3.65</ele>
      </trkpt>
      <trkpt lat="35.802445113658905" lon="139.64629411697388">
        <ele>3.57</ele>
      </trkpt>
      <trkpt lat="35.802445532754064" lon="139.64629353024065">
        <ele>3.47</ele>
      </trkpt>
      <trkpt lat="35.802446035668254" lon="139.6462928596884">
        <ele>3.4</ele>
      </trkpt>
      <trkpt lat="35.80244679003954" lon="139.64629185386002">
        <ele>3.33</ele>
      </trkpt>
      <trkpt lat="35.802447125315666" lon="139.64629143476486">
        <ele>3.26</ele>
      </trkpt>
      <trkpt lat="35.802447041496634" lon="139.64629143476486">
        <ele>3.19</ele>
      </trkpt>
      <trkpt lat="35.8026372268796" lon="139.64600049890578">
        <ele>3.22</ele>
      </trkpt>
      <trkpt lat="35.80282741226256" lon="139.6457095630467">
        <ele>3.32</ele>
      </trkpt>
      <trkpt lat="35.80301759764552" lon="139.64541871100664">
        <ele>3.31</ele>
      </trkpt>
      <trkpt lat="35.803207866847515" lon="139.64512777514756">
        <ele>3.25</ele>
      </trkpt>
      <trkpt lat="35.80339805223048" lon="139.6448369231075">
        <ele>3.1</ele>
      </trkpt>
      <trkpt lat="35.80358823761344" lon="139.64454598724842">
        <ele>3.0</ele>
      </trkpt>
      <trkpt lat="35.80377817153931" lon="139.64425563812256">
        <ele>3.02</ele>
      </trkpt>
      <trkpt lat="35.803992580622435" lon="139.6440411452204">
        <ele>2.94</ele>
      </trkpt>
      <trkpt lat="35.80420732498169" lon="139.64382648468018">
        <ele>2.84</ele>
      </trkpt>
      <trkpt lat="35.804464565590024" lon="139.64361207559705">
        <ele>2.69</ele>
      </trkpt>
      <trkpt lat="35.80472180619836" lon="139.64339775033295">
        <ele>2.42</ele>
      </trkpt>
      <trkpt lat="35.80497904680669" lon="139.64318342506886">
        <ele>2.32</ele>
      </trkpt>
      <trkpt lat="35.80523737706244" lon="139.6429681777954">
        <ele>2.23</ele>
      </trkpt>
      <trkpt lat="35.8053017500788" lon="139.64290380477905">
        <ele>2.02</ele>
      </trkpt>
      <trkpt lat="35.80553736537695" lon="139.64276667684317">
        <ele>1.66</ele>
      </trkpt>
      <trkpt lat="35.8057729806751" lon="139.64262954890728">
        <ele>1.53</ele>
      </trkpt>
      <trkpt lat="35.80600859597325" lon="139.6424924209714">
        <ele>1.49</ele>
      </trkpt>
      <trkpt lat="35.806244211271405" lon="139.64235537685454">
        <ele>1.36</ele>
      </trkpt>
      <trkpt lat="35.80648183822632" lon="139.64221715927124">
        <ele>1.15</ele>
      </trkpt>
      <trkpt lat="35.80666674301028" lon="139.64212814345956">
        <ele>1.0</ele>
      </trkpt>
      <trkpt lat="35.806842260062695" lon="139.64204331859946">
        <ele>0.9</ele>
      </trkpt>
      <trkpt lat="35.806843265891075" lon="139.6420428995043">
        <ele>0.82</ele>
      </trkpt>
      <trkpt lat="35.806844271719456" lon="139.64204248040915">
        <ele>0.75</ele>
      </trkpt>
      <trkpt lat="35.80684561282396" lon="139.64204189367592">
        <ele>0.69</ele>
      </trkpt>
      <trkpt lat="35.806846618652344" lon="139.64204147458076">
        <ele>0.66</ele>
      </trkpt>
      <trkpt lat="35.80684787593782" lon="139.64204088784754">
        <ele>0.64</ele>
      </trkpt>
      <trkpt lat="35.8068488817662" lon="139.64204046875238">
        <ele>0.64</ele>
      </trkpt>
      <trkpt lat="35.806850055232644" lon="139.6420399658382">
        <ele>0.66</ele>
      </trkpt>
      <trkpt lat="35.80685148015618" lon="139.64203929528594">
        <ele>0.7</ele>
      </trkpt>
      <trkpt lat="35.80685240216553" lon="139.64203887619078">
        <ele>0.77</ele>
      </trkpt>
      <trkpt lat="35.80711676739156" lon="139.64191163890064">
        <ele>0.86</ele>
      </trkpt>
      <trkpt lat="35.807381216436625" lon="139.64178448542953">
        <ele>1.03</ele>
      </trkpt>
      <trkpt lat="35.80764566548169" lon="139.64165724813938">
        <ele>1.19</ele>
      </trkpt>
      <trkpt lat="35.80791011452675" lon="139.64153009466827">
        <ele>1.26</ele>
      </trkpt>
      <trkpt lat="35.80817699432373" lon="139.6414017677307">
        <ele>1.35</ele>
      </trkpt>
      <trkpt lat="35.8084168843925" lon="139.64127746410668">
        <ele>1.48</ele>
      </trkpt>
      <trkpt lat="35.80865677446127" lon="139.64115324430168">
        <ele>1.76</ele>
      </trkpt>
      <trkpt lat="35.80889666453004" lon="139.64102902449667">
        <ele>2.1</ele>
      </trkpt>
      <trkpt lat="35.80913655459881" lon="139.64090480469167">
        <ele>2.44</ele>
      </trkpt>
      <trkpt lat="35.8093786239624" lon="139.64077949523926">
        <ele>2.67</ele>
      </trkpt>
      <trkpt lat="35.809600073844194" lon="139.64060800150037">
        <ele>2.8</ele>
      </trkpt>
      <trkpt lat="35.80982152372599" lon="139.64043650776148">
        <ele>3.24</ele>
      </trkpt>
      <trkpt lat="35.810043811798096" lon="139.6402645111084">
        <ele>3.7</ele>
      </trkpt>
      <trkpt lat="35.810258220881224" lon="139.6400536224246">
        <ele>4.04</ele>
      </trkpt>
      <trkpt lat="35.81047262996435" lon="139.63984281755984">
        <ele>4.28</ele>
      </trkpt>
      <trkpt lat="35.81068703904748" lon="139.63963192887604">
        <ele>4.49</ele>
      </trkpt>
      <trkpt lat="35.81090144813061" lon="139.63942104019225">
        <ele>4.9</ele>
      </trkpt>
      <trkpt lat="35.811115857213736" lon="139.63921023532748">
        <ele>5.2</ele>
      </trkpt>
      <trkpt lat="35.811331272125244" lon="139.63899850845337">
        <ele>5.39</ele>
      </trkpt>
      <trkpt lat="35.81152782775462" lon="139.6387696824968">
        <ele>5.68</ele>
      </trkpt>
      <trkpt lat="35.81172446720302" lon="139.6385408565402">
        <ele>6.13</ele>
      </trkpt>
      <trkpt lat="35.811921106651425" lon="139.63831203058362">
        <ele>6.53</ele>
      </trkpt>
      <trkpt lat="35.81211774609983" lon="139.63808328844607">
        <ele>6.89</ele>
      </trkpt>
      <trkpt lat="35.812314385548234" lon="139.63785446248949">
        <ele>7.27</ele>
      </trkpt>
      <trkpt lat="35.8125114440918" lon="139.63762521743774">
        <ele>7.49</ele>
      </trkpt>
      <trkpt lat="35.81271872855723" lon="139.63739639148116">
        <ele>7.75</ele>
      </trkpt>
      <trkpt lat="35.81292609684169" lon="139.6371676493436">
        <ele>7.97</ele>
      </trkpt>
      <trkpt lat="35.813133381307125" lon="139.63693882338703">
        <ele>8.28</ele>
      </trkpt>
      <trkpt lat="35.81334074959159" lon="139.63671008124948">
        <ele>8.56</ele>
      </trkpt>
      <trkpt lat="35.81354803405702" lon="139.63648133911192">
        <ele>8.8</ele>
      </trkpt>
      <trkpt lat="35.81375598907471" lon="139.63625192642212">
        <ele>9.06</ele>
      </trkpt>
      <trkpt lat="35.813959669321775" lon="139.63604816235602">
        <ele>9.26</ele>
      </trkpt>
      <trkpt lat="35.81416368484497" lon="139.63584423065186">
        <ele>9.3</ele>
      </trkpt>
      <trkpt lat="35.81439083442092" lon="139.63567701168358">
        <ele>9.38</ele>
      </trkpt>
      <trkpt lat="35.81461798399687" lon="139.63550987653434">
        <ele>9.45</ele>
      </trkpt>
      <trkpt lat="35.81484513357282" lon="139.6353427413851">
        <ele>9.5</ele>
      </trkpt>
      <trkpt lat="35.815072283148766" lon="139.63517560623586">
        <ele>9.59</ele>
      </trkpt>
      <trkpt lat="35.815300941467285" lon="139.6350073814392">
        <ele>9.65</ele>
      </trkpt>
      <trkpt lat="35.81551560200751" lon="139.63479280471802">
        <ele>9.74</ele>
      </trkpt>
      <trkpt lat="35.81538677215576" lon="139.63472843170166">
        <ele>9.69</ele>
      </trkpt>
      <trkpt lat="35.81525802612305" lon="139.6345567703247">
        <ele>9.8</ele>
      </trkpt>
      <trkpt lat="35.81521511077881" lon="139.63436365127563">
        <ele>9.84</ele>
      </trkpt>
      <trkpt lat="35.81521511077881" lon="139.63412761688232">
        <ele>9.76</ele>
      </trkpt>
      <trkpt lat="35.815322399139404" lon="139.63395595550537">
        <ele>9.54</ele>
      </trkpt>
      <trkpt lat="35.815536975860596" lon="139.6337628364563">
        <ele>9.38</ele>
      </trkpt>
      <trkpt lat="35.81568717956543" lon="139.63355898857117">
        <ele>9.32</ele>
      </trkpt>
      <trkpt lat="35.815837467089295" lon="139.63335514068604">
        <ele>9.2</ele>
      </trkpt>
      <trkpt lat="35.81600904464722" lon="139.63310829363763">
        <ele>8.9</ele>
      </trkpt>
      <trkpt lat="35.81618070602417" lon="139.6328616142273">
        <ele>8.53</ele>
      </trkpt>
      <trkpt lat="35.816352032124996" lon="139.63275440968573">
        <ele>8.3</ele>
      </trkpt>
      <trkpt lat="35.816524028778076" lon="139.6326470375061">
        <ele>8.09</ele>
      </trkpt>
      <trkpt lat="35.81671714782715" lon="139.63245391845703">
        <ele>7.82</ele>
      </trkpt>
      <trkpt lat="35.816867016255856" lon="139.63237890042365">
        <ele>7.57</ele>
      </trkpt>
      <trkpt lat="35.817017555236816" lon="139.6323037147522">
        <ele>7.31</ele>
      </trkpt>
      <trkpt lat="35.81726733595133" lon="139.63223230093718">
        <ele>7.11</ele>
      </trkpt>
      <trkpt lat="35.81751711666584" lon="139.6321609709412">
        <ele>7.05</ele>
      </trkpt>
      <trkpt lat="35.817768573760986" lon="139.632089138031">
        <ele>6.84</ele>
      </trkpt>
      <trkpt lat="35.81788491457701" lon="139.6320304647088">
        <ele>6.5</ele>
      </trkpt>
      <trkpt lat="35.817885836586356" lon="139.63203004561365">
        <ele>6.25</ele>
      </trkpt>
      <trkpt lat="35.817886758595705" lon="139.6320296265185">
        <ele>6.0</ele>
      </trkpt>
      <trkpt lat="35.81788793206215" lon="139.6320291236043">
        <ele>5.75</ele>
      </trkpt>
      <trkpt lat="35.8178888540715" lon="139.63202870450914">
        <ele>5.5</ele>
      </trkpt>
      <trkpt lat="35.817890111356974" lon="139.63202811777592">
        <ele>5.25</ele>
      </trkpt>
      <trkpt lat="35.81789103336632" lon="139.63202769868076">
        <ele>5.0</ele>
      </trkpt>
      <trkpt lat="35.8178920391947" lon="139.6320272795856">
        <ele>4.76</ele>
      </trkpt>
      <trkpt lat="35.81789338029921" lon="139.63202669285238">
        <ele>4.52</ele>
      </trkpt>
      <trkpt lat="35.81789430230856" lon="139.63202627375722">
        <ele>4.28</ele>
      </trkpt>
      <trkpt lat="35.818068981170654" lon="139.63193893432617">
        <ele>4.01</ele>
      </trkpt>
      <trkpt lat="35.818219017237425" lon="139.63179954327643">
        <ele>3.75</ele>
      </trkpt>
      <trkpt lat="35.81836938858032" lon="139.63165998458862">
        <ele>3.53</ele>
      </trkpt>
      <trkpt lat="35.81848740577698" lon="139.63147751055658">
        <ele>3.41</ele>
      </trkpt>
      <trkpt lat="35.818605506792665" lon="139.6312952041626">
        <ele>3.26</ele>
      </trkpt>
      <trkpt lat="35.81873416900635" lon="139.6309518814087">
        <ele>3.1</ele>
      </trkpt>
      <trkpt lat="35.81878429278731" lon="139.63068676181138">
        <ele>2.92</ele>
      </trkpt>
      <trkpt lat="35.81883441656828" lon="139.63042164221406">
        <ele>2.71</ele>
      </trkpt>
      <trkpt lat="35.81888437271118" lon="139.63015794754028">
        <ele>2.55</ele>
      </trkpt>
      <trkpt lat="35.81898638047278" lon="139.6298355795443">
        <ele>2.25</ele>
      </trkpt>
      <trkpt lat="35.81908847205341" lon="139.62951329536736">
        <ele>2.06</ele>
      </trkpt>
      <trkpt lat="35.81919056363404" lon="139.62919092737138">
        <ele>2.0</ele>
      </trkpt>
      <trkpt lat="35.819292068481445" lon="139.62887048721313">
        <ele>1.95</ele>
      </trkpt>
      <trkpt lat="35.81944227218628" lon="139.62863445281982">
        <ele>1.98</ele>
      </trkpt>
      <trkpt lat="35.819549560546875" lon="139.62854862213135">
        <ele>2.01</ele>
      </trkpt>
      <trkpt lat="35.81969942897558" lon="139.62848433293402">
        <ele>2.15</ele>
      </trkpt>
      <trkpt lat="35.819850051775575" lon="139.62841987609863">
        <ele>2.24</ele>
      </trkpt>
      <trkpt lat="35.81987142562866" lon="139.62841987609863">
        <ele>2.3</ele>
      </trkpt>
      <trkpt lat="35.819871509447694" lon="139.62831258773804">
        <ele>2.4</ele>
      </trkpt>
      <trkpt lat="35.81985608674586" lon="139.62793783284724">
        <ele>2.73</ele>
      </trkpt>
      <trkpt lat="35.819840747863054" lon="139.62756307795644">
        <ele>2.87</ele>
      </trkpt>
      <trkpt lat="35.81982540898025" lon="139.62718840688467">
        <ele>2.86</ele>
      </trkpt>
      <trkpt lat="35.819810070097446" lon="139.62681365199387">
        <ele>2.9</ele>
      </trkpt>
      <trkpt lat="35.81979473121464" lon="139.6264389809221">
        <ele>2.9</ele>
      </trkpt>
      <trkpt lat="35.81977930851281" lon="139.6260642260313">
        <ele>3.03</ele>
      </trkpt>
      <trkpt lat="35.8197642210871" lon="139.6256947517395">
        <ele>3.25</ele>
      </trkpt>
      <trkpt lat="35.81974276341498" lon="139.6253514289856">
        <ele>3.44</ele>
      </trkpt>
      <trkpt lat="35.81974276341498" lon="139.6251148916781">
        <ele>3.62</ele>
      </trkpt>
      <trkpt lat="35.81974276341498" lon="139.62487936019897">
        <ele>3.79</ele>
      </trkpt>
      <trkpt lat="35.81996136344969" lon="139.6248627640307">
        <ele>3.87</ele>
      </trkpt>
      <trkpt lat="35.8199627045542" lon="139.62486268021166">
        <ele>4.02</ele>
      </trkpt>
      <trkpt lat="35.81996404565871" lon="139.62486259639263">
        <ele>4.16</ele>
      </trkpt>
      <trkpt lat="35.81996572203934" lon="139.6248625125736">
        <ele>4.31</ele>
      </trkpt>
      <trkpt lat="35.81996706314385" lon="139.62486242875457">
        <ele>4.44</ele>
      </trkpt>
      <trkpt lat="35.81996865570545" lon="139.62486234493554">
        <ele>4.58</ele>
      </trkpt>
      <trkpt lat="35.81997008062899" lon="139.6248622611165">
        <ele>4.7</ele>
      </trkpt>
      <trkpt lat="35.81997150555253" lon="139.62486217729747">
        <ele>4.82</ele>
      </trkpt>
      <trkpt lat="35.819973265752196" lon="139.62486209347844">
        <ele>4.93</ele>
      </trkpt>
      <trkpt lat="35.819974606856704" lon="139.6248620096594">
        <ele>5.02</ele>
      </trkpt>
      <trkpt lat="35.82026872783899" lon="139.62483996525407">
        <ele>4.99</ele>
      </trkpt>
      <trkpt lat="35.82056284882128" lon="139.62481800466776">
        <ele>4.96</ele>
      </trkpt>
      <trkpt lat="35.8208570536226" lon="139.62479596026242">
        <ele>5.36</ele>
      </trkpt>
      <trkpt lat="35.82115117460489" lon="139.6247739996761">
        <ele>6.0</ele>
      </trkpt>
      <trkpt lat="35.82144529558718" lon="139.6247520390898">
        <ele>6.2</ele>
      </trkpt>
      <trkpt lat="35.8217395003885" lon="139.62472999468446">
        <ele>5.91</ele>
      </trkpt>
      <trkpt lat="35.822038650512695" lon="139.62470769882202">
        <ele>5.52</ele>
      </trkpt>
      <trkpt lat="35.822310810908675" lon="139.62466486729681">
        <ele>5.25</ele>
      </trkpt>
      <trkpt lat="35.822582971304655" lon="139.6246220357716">
        <ele>5.18</ele>
      </trkpt>
      <trkpt lat="35.822855131700635" lon="139.6245792042464">
        <ele>5.13</ele>
      </trkpt>
      <trkpt lat="35.823127292096615" lon="139.6245363727212">
        <ele>5.13</ele>
      </trkpt>
      <trkpt lat="35.823399452492595" lon="139.62449362501502">
        <ele>4.98</ele>
      </trkpt>
      <trkpt lat="35.823671696707606" lon="139.6244507934898">
        <ele>4.76</ele>
      </trkpt>
      <trkpt lat="35.8239483833313" lon="139.62440729141235">
        <ele>4.59</ele>
      </trkpt>
      <trkpt lat="35.82420880906284" lon="139.62433227337897">
        <ele>4.59</ele>
      </trkpt>
      <trkpt lat="35.82446931861341" lon="139.62425733916461">
        <ele>4.54</ele>
      </trkpt>
      <trkpt lat="35.82472982816398" lon="139.62418240495026">
        <ele>4.47</ele>
      </trkpt>
      <trkpt lat="35.82499033771455" lon="139.6241074707359">
        <ele>4.44</ele>
      </trkpt>
      <trkpt lat="35.825250847265124" lon="139.62403253652155">
        <ele>4.39</ele>
      </trkpt>
      <trkpt lat="35.825514793395996" lon="139.62395668029785">
        <ele>4.29</ele>
      </trkpt>
      <trkpt lat="35.82574496045709" lon="139.62385492399335">
        <ele>4.21</ele>
      </trkpt>
      <trkpt lat="35.82597521133721" lon="139.62375316768885">
        <ele>4.22</ele>
      </trkpt>
      <trkpt lat="35.82620546221733" lon="139.62365149520338">
        <ele>4.05</ele>
      </trkpt>
      <trkpt lat="35.82643747329712" lon="139.6235489845276">
        <ele>3.92</ele>
      </trkpt>
      <trkpt lat="35.8266837336123" lon="139.62342577055097">
        <ele>3.98</ele>
      </trkpt>
      <trkpt lat="35.82693007774651" lon="139.62330264039338">
        <ele>3.98</ele>
      </trkpt>
      <trkpt lat="35.82717642188072" lon="139.6231795102358">
        <ele>3.74</ele>
      </trkpt>
      <trkpt lat="35.8274245262146" lon="139.62305545806885">
        <ele>3.58</ele>
      </trkpt>
      <trkpt lat="35.82761018536985" lon="139.6229340042919">
        <ele>3.58</ele>
      </trkpt>
      <trkpt lat="35.8277958445251" lon="139.62281255051494">
        <ele>3.6</ele>
      </trkpt>
      <trkpt lat="35.8279824256897" lon="139.62269067764282">
        <ele>3.65</ele>
      </trkpt>
      <trkpt lat="35.82818241789937" lon="139.62253343313932">
        <ele>3.66</ele>
      </trkpt>
      <trkpt lat="35.828382493928075" lon="139.62237627245486">
        <ele>3.66</ele>
      </trkpt>
      <trkpt lat="35.82858324050903" lon="139.6222186088562">
        <ele>3.71</ele>
      </trkpt>
      <trkpt lat="35.828790441155434" lon="139.62201844900846">
        <ele>3.96</ele>
      </trkpt>
      <trkpt lat="35.828997725620866" lon="139.62181828916073">
        <ele>4.17</ele>
      </trkpt>
      <trkpt lat="35.82920551300049" lon="139.62161779403687">
        <ele>4.48</ele>
      </trkpt>
      <trkpt lat="35.82938781939447" lon="139.62141402997077">
        <ele>4.71</ele>
      </trkpt>
      <trkpt lat="35.82957012578845" lon="139.62121026590466">
        <ele>4.83</ele>
      </trkpt>
      <trkpt lat="35.82975243218243" lon="139.62100650183856">
        <ele>4.85</ele>
      </trkpt>
      <trkpt lat="35.82993507385254" lon="139.62080240249634">
        <ele>4.94</ele>
      </trkpt>
      <trkpt lat="35.830099526792765" lon="139.62058061733842">
        <ele>4.94</ele>
      </trkpt>
      <trkpt lat="35.83026406355202" lon="139.62035891599953">
        <ele>5.37</ele>
      </trkpt>
      <trkpt lat="35.83042860031128" lon="139.62013721466064">
        <ele>5.84</ele>
      </trkpt>
      <trkpt lat="35.83058953285217" lon="139.61987955495715">
        <ele>6.28</ele>
      </trkpt>
      <trkpt lat="35.830750465393066" lon="139.61962223052979">
        <ele>6.58</ele>
      </trkpt>
      <trkpt lat="35.830893544480205" lon="139.61934302933514">
        <ele>6.83</ele>
      </trkpt>
      <trkpt lat="35.831036707386374" lon="139.61906391195953">
        <ele>7.12</ele>
      </trkpt>
      <trkpt lat="35.83117961883545" lon="139.61878538131714">
        <ele>7.46</ele>
      </trkpt>
      <trkpt lat="35.831308448687196" lon="139.61845236830413">
        <ele>7.68</ele>
      </trkpt>
      <trkpt lat="35.83143711090088" lon="139.61812019348145">
        <ele>7.78</ele>
      </trkpt>
      <trkpt lat="35.83143719471991" lon="139.61812019348145">
        <ele>8.06</ele>
      </trkpt>
      <trkpt lat="35.83154993131757" lon="139.61785700172186">
        <ele>8.41</ele>
      </trkpt>
      <trkpt lat="35.831662667915225" lon="139.6175938937813">
        <ele>8.82</ele>
      </trkpt>
      <trkpt lat="35.83177540451288" lon="139.61733078584075">
        <ele>9.32</ele>
      </trkpt>
      <trkpt lat="35.83188772201538" lon="139.6170687675476">
        <ele>9.59</ele>
      </trkpt>
      <trkpt lat="35.83188780583441" lon="139.6170687675476">
        <ele>9.82</ele>
      </trkpt>
      <trkpt lat="35.83202200010419" lon="139.61673039011657">
        <ele>9.9</ele>
      </trkpt>
      <trkpt lat="35.832156278193" lon="139.61639201268554">
        <ele>9.87</ele>
      </trkpt>
      <trkpt lat="35.832290556281805" lon="139.61605371907353">
        <ele>10.0</ele>
      </trkpt>
      <trkpt lat="35.83242424763739" lon="139.6157169342041">
        <ele>10.26</ele>
      </trkpt>
      <trkpt lat="35.83252633921802" lon="139.61547478102148">
        <ele>10.52</ele>
      </trkpt>
      <trkpt lat="35.83262851461768" lon="139.61523271165788">
        <ele>10.74</ele>
      </trkpt>
      <trkpt lat="35.832726834341884" lon="139.61499852128327">
        <ele>10.87</ele>
      </trkpt>
      <trkpt lat="35.83272716961801" lon="139.61499785073102">
        <ele>10.92</ele>
      </trkpt>
      <trkpt lat="35.83272750489414" lon="139.6149972639978">
        <ele>10.93</ele>
      </trkpt>
      <trkpt lat="35.83272800780833" lon="139.6149962581694">
        <ele>10.92</ele>
      </trkpt>
      <trkpt lat="35.832728343084455" lon="139.6149956714362">
        <ele>10.88</ele>
      </trkpt>
      <trkpt lat="35.832728845998645" lon="139.6149946656078">
        <ele>10.8</ele>
      </trkpt>
      <trkpt lat="35.83272918127477" lon="139.61499399505556">
        <ele>10.7</ele>
      </trkpt>
      <trkpt lat="35.83272960036993" lon="139.61499315686524">
        <ele>10.56</ele>
      </trkpt>
      <trkpt lat="35.83273010328412" lon="139.61499206721783">
        <ele>10.4</ele>
      </trkpt>
      <trkpt lat="35.83273043856025" lon="139.6149914804846">
        <ele>10.21</ele>
      </trkpt>
      <trkpt lat="35.83283185958862" lon="139.61475133895874">
        <ele>9.94</ele>
      </trkpt>
      <trkpt lat="35.83282104693353" lon="139.61440726183355">
        <ele>9.63</ele>
      </trkpt>
      <trkpt lat="35.832810401916504" lon="139.61406469345093">
        <ele>9.38</ele>
      </trkpt>
      <trkpt lat="35.83291777409613" lon="139.61382865905762">
        <ele>9.08</ele>
      </trkpt>
      <trkpt lat="35.833067977800965" lon="139.61360326968133">
        <ele>8.61</ele>
      </trkpt>
      <trkpt lat="35.8332181815058" lon="139.61337804794312">
        <ele>8.2</ele>
      </trkpt>
      <trkpt lat="35.833304012194276" lon="139.61327075958252">
        <ele>7.83</ele>
      </trkpt>
      <trkpt lat="35.83354465663433" lon="139.61303003132343">
        <ele>7.63</ele>
      </trkpt>
      <trkpt lat="35.833776919171214" lon="139.61279701441526">
        <ele>7.33</ele>
      </trkpt>
      <trkpt lat="35.83377775736153" lon="139.61279626004398">
        <ele>7.02</ele>
      </trkpt>
      <trkpt lat="35.83377867937088" lon="139.61279542185366">
        <ele>6.72</ele>
      </trkpt>
      <trkpt lat="35.83377976901829" lon="139.61279441602528">
        <ele>6.43</ele>
      </trkpt>
      <trkpt lat="35.83378060720861" lon="139.612793661654">
        <ele>6.14</ele>
      </trkpt>
      <trkpt lat="35.83378169685602" lon="139.61279265582561">
        <ele>5.86</ele>
      </trkpt>
      <trkpt lat="35.83378261886537" lon="139.6127918176353">
        <ele>5.6</ele>
      </trkpt>
      <trkpt lat="35.83378354087472" lon="139.61279097944498">
        <ele>5.34</ele>
      </trkpt>
      <trkpt lat="35.833784798160195" lon="139.61278980597854">
        <ele>5.1</ele>
      </trkpt>
      <trkpt lat="35.83378563635051" lon="139.61278905160725">
        <ele>4.88</ele>
      </trkpt>
      <trkpt lat="35.83390474319458" lon="139.61266994476318">
        <ele>4.58</ele>
      </trkpt>
      <trkpt lat="35.834076069295406" lon="139.61256274022162">
        <ele>4.29</ele>
      </trkpt>
      <trkpt lat="35.834248065948486" lon="139.612455368042">
        <ele>4.09</ele>
      </trkpt>
      <trkpt lat="35.83440883085132" lon="139.61231597699225">
        <ele>3.96</ele>
      </trkpt>
      <trkpt lat="35.83456993103027" lon="139.61217641830444">
        <ele>3.88</ele>
      </trkpt>
      <trkpt lat="35.83484888076782" lon="139.6120262145996">
        <ele>3.87</ele>
      </trkpt>
      <trkpt lat="35.83502062596381" lon="139.61183309555054">
        <ele>3.8</ele>
      </trkpt>
      <trkpt lat="35.835224306210876" lon="139.6116239670664">
        <ele>3.66</ele>
      </trkpt>
      <trkpt lat="35.835427986457944" lon="139.6114149224013">
        <ele>3.64</ele>
      </trkpt>
      <trkpt lat="35.83563166670501" lon="139.61120579391718">
        <ele>3.63</ele>
      </trkpt>
      <trkpt lat="35.8358359336853" lon="139.6109962463379">
        <ele>3.56</ele>
      </trkpt>
      <trkpt lat="35.83606098778546" lon="139.61079793050885">
        <ele>3.55</ele>
      </trkpt>
      <trkpt lat="35.836286041885614" lon="139.6105996146798">
        <ele>3.47</ele>
      </trkpt>
      <trkpt lat="35.8365111798048" lon="139.61040129885077">
        <ele>3.37</ele>
      </trkpt>
      <trkpt lat="35.83673715591431" lon="139.61020231246948">
        <ele>3.39</ele>
      </trkpt>
      <trkpt lat="35.836775712668896" lon="139.61030557751656">
        <ele>3.38</ele>
      </trkpt>
      <trkpt lat="35.83677604794502" lon="139.61030641570687">
        <ele>3.38</ele>
      </trkpt>
      <trkpt lat="35.83677638322115" lon="139.61030733771622">
        <ele>3.39</ele>
      </trkpt>
      <trkpt lat="35.83677688613534" lon="139.6103085950017">
        <ele>3.4</ele>
      </trkpt>
      <trkpt lat="35.83677722141147" lon="139.61030943319201">
        <ele>3.42</ele>
      </trkpt>
      <trkpt lat="35.83677772432566" lon="139.6103106904775">
        <ele>3.44</ele>
      </trkpt>
      <trkpt lat="35.836778059601784" lon="139.61031161248684">
        <ele>3.46</ele>
      </trkpt>
      <trkpt lat="35.83677847869694" lon="139.61031261831522">
        <ele>3.49</ele>
      </trkpt>
      <trkpt lat="35.836779065430164" lon="139.61031404323876">
        <ele>3.52</ele>
      </trkpt>
      <trkpt lat="35.83677940070629" lon="139.61031488142908">
        <ele>3.55</ele>
      </trkpt>
      <trkpt lat="35.83677940070629" lon="139.6103149652481">
        <ele>3.58</ele>
      </trkpt>
      <trkpt lat="35.836801612749696" lon="139.61037397384644">
        <ele>3.61</ele>
      </trkpt>
      <trkpt lat="35.83690898492932" lon="139.6106101758778">
        <ele>3.66</ele>
      </trkpt>
      <trkpt lat="35.83701618947089" lon="139.61084604263306">
        <ele>3.77</ele>
      </trkpt>
      <trkpt lat="35.837223306298256" lon="139.6106960065663">
        <ele>3.75</ele>
      </trkpt>
      <trkpt lat="35.837430423125625" lon="139.61054597049952">
        <ele>3.75</ele>
      </trkpt>
      <trkpt lat="35.83763837814331" lon="139.61039543151855">
        <ele>3.76</ele>
      </trkpt>
      <trkpt lat="35.8378910087049" lon="139.6102792583406">
        <ele>3.75</ele>
      </trkpt>
      <trkpt lat="35.83789234980941" lon="139.61027867160738">
        <ele>3.75</ele>
      </trkpt>
      <trkpt lat="35.83789377473295" lon="139.61027808487415">
        <ele>3.75</ele>
      </trkpt>
      <trkpt lat="35.83789553493261" lon="139.61027733050287">
        <ele>3.75</ele>
      </trkpt>
      <trkpt lat="35.83789695985615" lon="139.61027674376965">
        <ele>3.74</ele>
      </trkpt>
      <trkpt lat="35.83789872005582" lon="139.61027598939836">
        <ele>3.73</ele>
      </trkpt>
      <trkpt lat="35.83790014497936" lon="139.61027540266514">
        <ele>3.72</ele>
      </trkpt>
      <trkpt lat="35.83790173754096" lon="139.61027473211288">
        <ele>3.7</ele>
      </trkpt>
      <trkpt lat="35.83790358155966" lon="139.61027389392257">
        <ele>3.68</ele>
      </trkpt>
      <trkpt lat="35.837904922664165" lon="139.61027330718935">
        <ele>3.66</ele>
      </trkpt>
      <trkpt lat="35.8381534460932" lon="139.61015939712524">
        <ele>3.58</ele>
      </trkpt>
      <trkpt lat="35.83844128064811" lon="139.61006660945714">
        <ele>3.51</ele>
      </trkpt>
      <trkpt lat="35.83872911520302" lon="139.60997382178903">
        <ele>3.52</ele>
      </trkpt>
      <trkpt lat="35.839016949757934" lon="139.60988103412092">
        <ele>3.59</ele>
      </trkpt>
      <trkpt lat="35.839304868131876" lon="139.6097882464528">
        <ele>3.56</ele>
      </trkpt>
      <trkpt lat="35.83959270268679" lon="139.6096954587847">
        <ele>3.41</ele>
      </trkpt>
      <trkpt lat="35.8398805372417" lon="139.6096026711166">
        <ele>3.35</ele>
      </trkpt>
      <trkpt lat="35.84016837179661" lon="139.60950988344848">
        <ele>3.44</ele>
      </trkpt>
      <trkpt lat="35.84045629017055" lon="139.60941709578037">
        <ele>3.47</ele>
      </trkpt>
      <trkpt lat="35.840749740600586" lon="139.6093225479126">
        <ele>3.37</ele>
      </trkpt>
      <trkpt lat="35.840985272079706" lon="139.60921542719007">
        <ele>3.18</ele>
      </trkpt>
      <trkpt lat="35.84122088737786" lon="139.60910830646753">
        <ele>3.14</ele>
      </trkpt>
      <trkpt lat="35.84145641885698" lon="139.60900126956403">
        <ele>3.19</ele>
      </trkpt>
      <trkpt lat="35.84169387817383" lon="139.60889339447021">
        <ele>3.23</ele>
      </trkpt>
      <trkpt lat="35.84190803579986" lon="139.60876481607556">
        <ele>3.3</ele>
      </trkpt>
      <trkpt lat="35.842122277244925" lon="139.6086362376809">
        <ele>3.37</ele>
      </trkpt>
      <trkpt lat="35.8423376083374" lon="139.60850715637207">
        <ele>3.38</ele>
      </trkpt>
      <trkpt lat="35.84259468130767" lon="139.60832493379712">
        <ele>3.37</ele>
      </trkpt>
      <trkpt lat="35.84285259246826" lon="139.60814237594604">
        <ele>3.4</ele>
      </trkpt>
      <trkpt lat="35.8430561888963" lon="139.60797088220716">
        <ele>3.45</ele>
      </trkpt>
      <trkpt lat="35.84325986914337" lon="139.60779938846827">
        <ele>3.52</ele>
      </trkpt>
      <trkpt lat="35.8434634655714" lon="139.60762789472938">
        <ele>3.58</ele>
      </trkpt>
      <trkpt lat="35.84366798400879" lon="139.60745573043823">
        <ele>3.59</ele>
      </trkpt>
      <trkpt lat="35.843906197696924" lon="139.60720309987664">
        <ele>3.69</ele>
      </trkpt>
      <trkpt lat="35.84414449520409" lon="139.60695055313408">
        <ele>3.74</ele>
      </trkpt>
      <trkpt lat="35.84438279271126" lon="139.6066979225725">
        <ele>3.72</ele>
      </trkpt>
      <trkpt lat="35.844621090218425" lon="139.60644537582994">
        <ele>3.77</ele>
      </trkpt>
      <trkpt lat="35.84485938772559" lon="139.60619282908738">
        <ele>3.74</ele>
      </trkpt>
      <trkpt lat="35.84509768523276" lon="139.6059401985258">
        <ele>3.76</ele>
      </trkpt>
      <trkpt lat="35.845335982739925" lon="139.60568765178323">
        <ele>3.87</ele>
      </trkpt>
      <trkpt lat="35.84557428024709" lon="139.60543502122164">
        <ele>3.94</ele>
      </trkpt>
      <trkpt lat="35.8458137512207" lon="139.6051812171936">
        <ele>3.98</ele>
      </trkpt>
      <trkpt lat="35.845813835039735" lon="139.6051812171936">
        <ele>4.05</ele>
      </trkpt>
      <trkpt lat="35.84603779949248" lon="139.60494291968644">
        <ele>4.18</ele>
      </trkpt>
      <trkpt lat="35.84626176394522" lon="139.60470462217927">
        <ele>4.26</ele>
      </trkpt>
      <trkpt lat="35.846485812217" lon="139.6044663246721">
        <ele>4.23</ele>
      </trkpt>
      <trkpt lat="35.84670977666974" lon="139.60422802716494">
        <ele>4.33</ele>
      </trkpt>
      <trkpt lat="35.846933741122484" lon="139.60398972965777">
        <ele>4.49</ele>
      </trkpt>
      <trkpt lat="35.84715778939426" lon="139.6037514321506">
        <ele>4.51</ele>
      </trkpt>
      <trkpt lat="35.847381753847" lon="139.60351321846247">
        <ele>4.54</ele>
      </trkpt>
      <trkpt lat="35.84760571829975" lon="139.6032749209553">
        <ele>4.6</ele>
      </trkpt>
      <trkpt lat="35.847830856218934" lon="139.6030354499817">
        <ele>4.73</ele>
      </trkpt>
      <trkpt lat="35.84803990088403" lon="139.6027994994074">
        <ele>4.88</ele>
      </trkpt>
      <trkpt lat="35.84824902936816" lon="139.60256354883313">
        <ele>5.06</ele>
      </trkpt>
      <trkpt lat="35.84845815785229" lon="139.60232759825885">
        <ele>5.18</ele>
      </trkpt>
      <trkpt lat="35.84866770543158" lon="139.60209131240845">
        <ele>5.24</ele>
      </trkpt>
      <trkpt lat="35.84881774149835" lon="139.6019196510315">
        <ele>5.29</ele>
      </trkpt>
      <trkpt lat="35.84896802902222" lon="139.60174798965454">
        <ele>5.35</ele>
      </trkpt>
      <trkpt lat="35.84896811284125" lon="139.60174798965454">
        <ele>5.44</ele>
      </trkpt>
      <trkpt lat="35.84916651248932" lon="139.60147976875305">
        <ele>5.57</ele>
      </trkpt>
      <trkpt lat="35.84936499595642" lon="139.60121154785156">
        <ele>5.69</ele>
      </trkpt>
      <trkpt lat="35.84956347942352" lon="139.60094332695007">
        <ele>5.76</ele>
      </trkpt>
      <trkpt lat="35.849761962890625" lon="139.60067510604858">
        <ele>5.84</ele>
      </trkpt>
      <trkpt lat="35.84997880272567" lon="139.60043194703758">
        <ele>5.92</ele>
      </trkpt>
      <trkpt lat="35.85019564256072" lon="139.6001888718456">
        <ele>6.0</ele>
      </trkpt>
      <trkpt lat="35.8504125662148" lon="139.59994579665363">
        <ele>6.14</ele>
      </trkpt>
      <trkpt lat="35.85062940604985" lon="139.59970272146165">
        <ele>6.26</ele>
      </trkpt>
      <trkpt lat="35.850846245884895" lon="139.59945964626968">
        <ele>6.32</ele>
      </trkpt>
      <trkpt lat="35.851063169538975" lon="139.5992165710777">
        <ele>6.35</ele>
      </trkpt>
      <trkpt lat="35.85128000937402" lon="139.59897349588573">
        <ele>6.39</ele>
      </trkpt>
      <trkpt lat="35.85149684920907" lon="139.59873042069376">
        <ele>6.46</ele>
      </trkpt>
      <trkpt lat="35.85171461105347" lon="139.59848642349243">
        <ele>6.46</ele>
      </trkpt>
      <trkpt lat="35.85192357189953" lon="139.59830420091748">
        <ele>6.46</ele>
      </trkpt>
      <trkpt lat="35.85213261656463" lon="139.59812197834253">
        <ele>6.45</ele>
      </trkpt>
      <trkpt lat="35.8523415774107" lon="139.59793975576758">
        <ele>6.43</ele>
      </trkpt>
      <trkpt lat="35.85255146026611" lon="139.59775686264038">
        <ele>6.38</ele>
      </trkpt>
      <trkpt lat="35.852756733074784" lon="139.5975209120661">
        <ele>6.38</ele>
      </trkpt>
      <trkpt lat="35.852962005883455" lon="139.59728496149182">
        <ele>6.42</ele>
      </trkpt>
      <trkpt lat="35.85316736251116" lon="139.59704901091754">
        <ele>6.47</ele>
      </trkpt>
      <trkpt lat="35.85337263531983" lon="139.59681306034327">
        <ele>6.44</ele>
      </trkpt>
      <trkpt lat="35.8535779081285" lon="139.596577109769">
        <ele>6.43</ele>
      </trkpt>
      <trkpt lat="35.8537832647562" lon="139.5963411591947">
        <ele>6.36</ele>
      </trkpt>
      <trkpt lat="35.853989124298096" lon="139.5961046218872">
        <ele>6.33</ele>
      </trkpt>
      <trkpt lat="35.854182159528136" lon="139.59584712982178">
        <ele>6.36</ele>
      </trkpt>
      <trkpt lat="35.85437527857721" lon="139.59558963775635">
        <ele>6.35</ele>
      </trkpt>
      <trkpt lat="35.85456848144531" lon="139.59533214569092">
        <ele>6.31</ele>
      </trkpt>
      <trkpt lat="35.85477216169238" lon="139.59513911046088">
        <ele>6.33</ele>
      </trkpt>
      <trkpt lat="35.854976177215576" lon="139.59494590759277">
        <ele>6.35</ele>
      </trkpt>
      <trkpt lat="35.85497626103461" lon="139.59494590759277">
        <ele>6.37</ele>
      </trkpt>
      <trkpt lat="35.8551477547735" lon="139.59478145465255">
        <ele>6.34</ele>
      </trkpt>
      <trkpt lat="35.85531924851239" lon="139.59461708553135">
        <ele>6.41</ele>
      </trkpt>
      <trkpt lat="35.855491161346436" lon="139.59445238113403">
        <ele>6.54</ele>
      </trkpt>
      <trkpt lat="35.85566810332239" lon="139.59425398148596">
        <ele>6.68</ele>
      </trkpt>
      <trkpt lat="35.85584504529834" lon="139.5940555818379">
        <ele>6.73</ele>
      </trkpt>
      <trkpt lat="35.85602207109332" lon="139.59385718218982">
        <ele>6.79</ele>
      </trkpt>
      <trkpt lat="35.8561993483454" lon="139.59365844726562">
        <ele>6.83</ele>
      </trkpt>
      <trkpt lat="35.85639229975641" lon="139.59344395436347">
        <ele>6.85</ele>
      </trkpt>
      <trkpt lat="35.85658558644354" lon="139.59322929382324">
        <ele>6.88</ele>
      </trkpt>
      <trkpt lat="35.85662808269262" lon="139.59319937042892">
        <ele>6.94</ele>
      </trkpt>
      <trkpt lat="35.856629088521004" lon="139.5931987836957">
        <ele>7.02</ele>
      </trkpt>
      <trkpt lat="35.856630094349384" lon="139.59319811314344">
        <ele>7.11</ele>
      </trkpt>
      <trkpt lat="35.85663143545389" lon="139.59319727495313">
        <ele>7.2</ele>
      </trkpt>
      <trkpt lat="35.85663244128227" lon="139.5931966882199">
        <ele>7.3</ele>
      </trkpt>
      <trkpt lat="35.85663378238678" lon="139.5931958500296">
        <ele>7.4</ele>
      </trkpt>
      <trkpt lat="35.85663478821516" lon="139.59319517947733">
        <ele>7.51</ele>
      </trkpt>
      <trkpt lat="35.856635961681604" lon="139.59319442510605">
        <ele>7.63</ele>
      </trkpt>
      <trkpt lat="35.85663738660514" lon="139.5931935030967">
        <ele>7.75</ele>
      </trkpt>
      <trkpt lat="35.85663830861449" lon="139.59319291636348">
        <ele>7.88</ele>
      </trkpt>
      <trkpt lat="35.8568278234452" lon="139.593062158674">
        <ele>8.01</ele>
      </trkpt>
      <trkpt lat="35.85701742209494" lon="139.59293140098453">
        <ele>8.12</ele>
      </trkpt>
      <trkpt lat="35.85720777511597" lon="139.59280014038086">
        <ele>8.29</ele>
      </trkpt>
      <trkpt lat="35.857486724853516" lon="139.5926284790039">
        <ele>8.54</ele>
      </trkpt>
      <trkpt lat="35.8576637506485" lon="139.5928806066513">
        <ele>8.65</ele>
      </trkpt>
      <trkpt lat="35.85784077644348" lon="139.5931327342987">
        <ele>8.71</ele>
      </trkpt>
      <trkpt lat="35.858017802238464" lon="139.5933848619461">
        <ele>8.84</ele>
      </trkpt>
      <trkpt lat="35.85819482803345" lon="139.5936369895935">
        <ele>9.01</ele>
      </trkpt>
      <trkpt lat="35.85838794708252" lon="139.5938515663147">
        <ele>9.21</ele>
      </trkpt>
      <trkpt lat="35.858562709763646" lon="139.59413059987128">
        <ele>9.45</ele>
      </trkpt>
      <trkpt lat="35.85873747244477" lon="139.59440963342786">
        <ele>9.68</ele>
      </trkpt>
      <trkpt lat="35.85891231894493" lon="139.59468866698444">
        <ele>9.83</ele>
      </trkpt>
      <trkpt lat="35.85908708162606" lon="139.59496770054102">
        <ele>9.89</ele>
      </trkpt>
      <trkpt lat="35.859261928126216" lon="139.5952467340976">
        <ele>9.89</ele>
      </trkpt>
      <trkpt lat="35.85943669080734" lon="139.59552576765418">
        <ele>9.96</ele>
      </trkpt>
      <trkpt lat="35.85961111821234" lon="139.59580421447754">
        <ele>10.11</ele>
      </trkpt>
      <trkpt lat="35.859732404351234" lon="139.5960388239473">
        <ele>10.28</ele>
      </trkpt>
      <trkpt lat="35.859848242253065" lon="139.59626312367618">
        <ele>10.37</ele>
      </trkpt>
      <trkpt lat="35.859848745167255" lon="139.59626404568553">
        <ele>10.43</ele>
      </trkpt>
      <trkpt lat="35.859849248081446" lon="139.5962650515139">
        <ele>10.47</ele>
      </trkpt>
      <trkpt lat="35.85985000245273" lon="139.59626639261842">
        <ele>10.5</ele>
      </trkpt>
      <trkpt lat="35.85985050536692" lon="139.5962673984468">
        <ele>10.52</ele>
      </trkpt>
      <trkpt lat="35.85985125973821" lon="139.5962687395513">
        <ele>10.52</ele>
      </trkpt>
      <trkpt lat="35.8598517626524" lon="139.5962697453797">
        <ele>10.51</ele>
      </trkpt>
      <trkpt lat="35.85985234938562" lon="139.59627091884613">
        <ele>10.48</ele>
      </trkpt>
      <trkpt lat="35.859853187575936" lon="139.5962724275887">
        <ele>10.45</ele>
      </trkpt>
      <trkpt lat="35.859853606671095" lon="139.59627318196">
        <ele>10.39</ele>
      </trkpt>
      <trkpt lat="35.859853606671095" lon="139.59627309814095">
        <ele>10.33</ele>
      </trkpt>
      <trkpt lat="35.8599328994751" lon="139.596426486969">
        <ele>10.23</ele>
      </trkpt>
      <trkpt lat="35.860029542818666" lon="139.5961793884635">
        <ele>10.11</ele>
      </trkpt>
      <trkpt lat="35.86012601852417" lon="139.59593296051025">
        <ele>9.96</ele>
      </trkpt>
      <trkpt lat="35.860233306884766" lon="139.59576121531427">
        <ele>9.83</ele>
      </trkpt>
      <trkpt lat="35.86034059524536" lon="139.59558963775635">
        <ele>9.73</ele>
      </trkpt>
      <trkpt lat="35.860540587455034" lon="139.59543239325285">
        <ele>9.56</ele>
      </trkpt>
      <trkpt lat="35.86074066348374" lon="139.59527523256838">
        <ele>9.38</ele>
      </trkpt>
      <trkpt lat="35.8609414100647" lon="139.59511756896973">
        <ele>9.23</ele>
      </trkpt>
      <trkpt lat="35.861099576577544" lon="139.59501539357007">
        <ele>9.15</ele>
      </trkpt>
      <trkpt lat="35.861245756968856" lon="139.5949203427881">
        <ele>9.08</ele>
      </trkpt>
      <trkpt lat="35.86124701425433" lon="139.59491958841681">
        <ele>8.95</ele>
      </trkpt>
      <trkpt lat="35.86124827153981" lon="139.59491883404553">
        <ele>8.81</ele>
      </trkpt>
      <trkpt lat="35.86124986410141" lon="139.59491791203618">
        <ele>8.68</ele>
      </trkpt>
      <trkpt lat="35.861251121386886" lon="139.5949171576649">
        <ele>8.54</ele>
      </trkpt>
      <trkpt lat="35.86125271394849" lon="139.59491623565555">
        <ele>8.41</ele>
      </trkpt>
      <trkpt lat="35.861254055052996" lon="139.59491548128426">
        <ele>8.28</ele>
      </trkpt>
      <trkpt lat="35.861255479976535" lon="139.59491464309394">
        <ele>8.15</ele>
      </trkpt>
      <trkpt lat="35.86125715635717" lon="139.59491363726556">
        <ele>8.02</ele>
      </trkpt>
      <trkpt lat="35.86125824600458" lon="139.5949129667133">
        <ele>7.89</ele>
      </trkpt>
      <trkpt lat="35.8614956215024" lon="139.5947596617043">
        <ele>7.82</ele>
      </trkpt>
      <trkpt lat="35.86173299700022" lon="139.5946063566953">
        <ele>7.75</ele>
      </trkpt>
      <trkpt lat="35.86197146214545" lon="139.59445238113403">
        <ele>7.57</ele>
      </trkpt>
      <trkpt lat="35.861971378326416" lon="139.59445238113403">
        <ele>7.46</ele>
      </trkpt>
      <trkpt lat="35.86222576908767" lon="139.59429966285825">
        <ele>7.28</ele>
      </trkpt>
      <trkpt lat="35.86248015984893" lon="139.5941470284015">
        <ele>7.17</ele>
      </trkpt>
      <trkpt lat="35.862734550610185" lon="139.59399439394474">
        <ele>7.03</ele>
      </trkpt>
      <trkpt lat="35.86298894137144" lon="139.593841759488">
        <ele>6.86</ele>
      </trkpt>
      <trkpt lat="35.8632433321327" lon="139.59368912503123">
        <ele>6.83</ele>
      </trkpt>
      <trkpt lat="35.863497806712985" lon="139.59353649057448">
        <ele>6.81</ele>
      </trkpt>
      <trkpt lat="35.86375219747424" lon="139.59338385611773">
        <ele>6.77</ele>
      </trkpt>
      <trkpt lat="35.864009857177734" lon="139.59322929382324">
        <ele>6.74</ele>
      </trkpt>
      <trkpt lat="35.86425980553031" lon="139.59304355084896">
        <ele>6.75</ele>
      </trkpt>
      <trkpt lat="35.86450983770192" lon="139.59285780787468">
        <ele>6.73</ele>
      </trkpt>
      <trkpt lat="35.864760875701904" lon="139.59267139434814">
        <ele>6.7</ele>
      </trkpt>
      <trkpt lat="35.86496455594897" lon="139.59247299470007">
        <ele>6.72</ele>
      </trkpt>
      <trkpt lat="35.86516823619604" lon="139.59227467887104">
        <ele>6.76</ele>
      </trkpt>
      <trkpt lat="35.86537191644311" lon="139.592076363042">
        <ele>6.8</ele>
      </trkpt>
      <trkpt lat="35.86557626724243" lon="139.59187746047974">
        <ele>6.87</ele>
      </trkpt>
      <trkpt lat="35.865743486210704" lon="139.59168224595487">
        <ele>6.92</ele>
      </trkpt>
      <trkpt lat="35.865910705178976" lon="139.59148711524904">
        <ele>7.0</ele>
      </trkpt>
      <trkpt lat="35.866068536415696" lon="139.59130237810314">
        <ele>7.14</ele>
      </trkpt>
      <trkpt lat="35.866069458425045" lon="139.59130137227476">
        <ele>7.21</ele>
      </trkpt>
      <trkpt lat="35.866070464253426" lon="139.59130028262734">
        <ele>7.28</ele>
      </trkpt>
      <trkpt lat="35.8660717215389" lon="139.59129894152284">
        <ele>7.35</ele>
      </trkpt>
      <trkpt lat="35.86607272736728" lon="139.59129785187542">
        <ele>7.42</ele>
      </trkpt>
      <trkpt lat="35.86607398465276" lon="139.59129642695189">
        <ele>7.48</ele>
      </trkpt>
      <trkpt lat="35.86607499048114" lon="139.59129533730447">
        <ele>7.55</ele>
      </trkpt>
      <trkpt lat="35.86607608012855" lon="139.59129416383803">
        <ele>7.61</ele>
      </trkpt>
      <trkpt lat="35.86607742123306" lon="139.59129265509546">
        <ele>7.67</ele>
      </trkpt>
      <trkpt lat="35.86607817560434" lon="139.59129181690514">
        <ele>7.73</ele>
      </trkpt>
      <trkpt lat="35.86607817560434" lon="139.59129190072417">
        <ele>7.78</ele>
      </trkpt>
      <trkpt lat="35.86628663353622" lon="139.5910485740751">
        <ele>7.85</ele>
      </trkpt>
      <trkpt lat="35.86649517528713" lon="139.59080524742603">
        <ele>7.9</ele>
      </trkpt>
      <trkpt lat="35.866703717038035" lon="139.590562004596">
        <ele>7.87</ele>
      </trkpt>
      <trkpt lat="35.86691225878894" lon="139.59031867794693">
        <ele>7.89</ele>
      </trkpt>
      <trkpt lat="35.86712121963501" lon="139.59007501602173">
        <ele>7.9</ele>
      </trkpt>
      <trkpt lat="35.86730696260929" lon="139.58991064690053">
        <ele>7.95</ele>
      </trkpt>
      <trkpt lat="35.867492789402604" lon="139.58974627777934">
        <ele>7.95</ele>
      </trkpt>
      <trkpt lat="35.86767920292914" lon="139.589581489563">
        <ele>7.96</ele>
      </trkpt>
      <trkpt lat="35.86767911911011" lon="139.589581489563">
        <ele>7.96</ele>
      </trkpt>
      <trkpt lat="35.86794155649841" lon="139.58939926698804">
        <ele>8.0</ele>
      </trkpt>
      <trkpt lat="35.86820407770574" lon="139.58921712823212">
        <ele>7.95</ele>
      </trkpt>
      <trkpt lat="35.86846659891307" lon="139.5890349894762">
        <ele>7.94</ele>
      </trkpt>
      <trkpt lat="35.868730545043945" lon="139.58885192871094">
        <ele>7.92</ele>
      </trkpt>
      <trkpt lat="35.86898049339652" lon="139.5887091010809">
        <ele>7.88</ele>
      </trkpt>
      <trkpt lat="35.869230441749096" lon="139.58856627345085">
        <ele>7.88</ele>
      </trkpt>
      <trkpt lat="35.86948164738715" lon="139.58842277526855">
        <ele>7.9</ele>
      </trkpt>
      <trkpt lat="35.869481563568115" lon="139.58842277526855">
        <ele>7.87</ele>
      </trkpt>
      <trkpt lat="35.869739558547735" lon="139.5882873237133">
        <ele>7.8</ele>
      </trkpt>
      <trkpt lat="35.869997553527355" lon="139.58815187215805">
        <ele>7.67</ele>
      </trkpt>
      <trkpt lat="35.870255548506975" lon="139.58801650442183">
        <ele>7.64</ele>
      </trkpt>
      <trkpt lat="35.870513543486595" lon="139.58788105286658">
        <ele>7.6</ele>
      </trkpt>
      <trkpt lat="35.870771538466215" lon="139.58774568513036">
        <ele>7.59</ele>
      </trkpt>
      <trkpt lat="35.871029533445835" lon="139.5876102335751">
        <ele>7.52</ele>
      </trkpt>
      <trkpt lat="35.871287528425455" lon="139.58747486583889">
        <ele>7.42</ele>
      </trkpt>
      <trkpt lat="35.871533369645476" lon="139.58734528161585">
        <ele>7.33</ele>
      </trkpt>
      <trkpt lat="35.87153496220708" lon="139.58734452724457">
        <ele>7.24</ele>
      </trkpt>
      <trkpt lat="35.87153663858771" lon="139.58734368905425">
        <ele>7.15</ele>
      </trkpt>
      <trkpt lat="35.871538650244474" lon="139.58734268322587">
        <ele>7.05</ele>
      </trkpt>
      <trkpt lat="35.87154024280608" lon="139.58734192885458">
        <ele>6.95</ele>
      </trkpt>
      <trkpt lat="35.87154225446284" lon="139.5873409230262">
        <ele>6.84</ele>
      </trkpt>
      <trkpt lat="35.87154393084347" lon="139.5873400848359">
        <ele>6.73</ele>
      </trkpt>
      <trkpt lat="35.87154569104314" lon="139.58733924664557">
        <ele>6.6</ele>
      </trkpt>
      <trkpt lat="35.87154778651893" lon="139.5873382408172">
        <ele>6.48</ele>
      </trkpt>
      <trkpt lat="35.87154921144247" lon="139.58733757026494">
        <ele>6.35</ele>
      </trkpt>
      <trkpt lat="35.87180821225047" lon="139.5872016157955">
        <ele>6.17</ele>
      </trkpt>
      <trkpt lat="35.87206721305847" lon="139.58706566132605">
        <ele>6.05</ele>
      </trkpt>
      <trkpt lat="35.87232621386647" lon="139.5869297068566">
        <ele>5.93</ele>
      </trkpt>
      <trkpt lat="35.87258521467447" lon="139.58679375238717">
        <ele>5.81</ele>
      </trkpt>
      <trkpt lat="35.87284421548247" lon="139.58665779791772">
        <ele>5.65</ele>
      </trkpt>
      <trkpt lat="35.873103216290474" lon="139.58652184344828">
        <ele>5.45</ele>
      </trkpt>
      <trkpt lat="35.87336548604071" lon="139.58638429641724">
        <ele>5.25</ele>
      </trkpt>
      <trkpt lat="35.873642172664404" lon="139.58622177131474">
        <ele>5.01</ele>
      </trkpt>
      <trkpt lat="35.873918859288096" lon="139.58605933003128">
        <ele>4.85</ele>
      </trkpt>
      <trkpt lat="35.87419554591179" lon="139.5858968887478">
        <ele>4.64</ele>
      </trkpt>
      <trkpt lat="35.87447231635451" lon="139.58573444746435">
        <ele>4.44</ele>
      </trkpt>
      <trkpt lat="35.874749002978206" lon="139.58557200618088">
        <ele>4.4</ele>
      </trkpt>
      <trkpt lat="35.8750256896019" lon="139.58540956489742">
        <ele>4.28</ele>
      </trkpt>
      <trkpt lat="35.87530237622559" lon="139.58524703979492">
        <ele>4.07</ele>
      </trkpt>
      <trkpt lat="35.875579146668315" lon="139.58508459851146">
        <ele>4.04</ele>
      </trkpt>
      <trkpt lat="35.87585583329201" lon="139.584922157228">
        <ele>3.94</ele>
      </trkpt>
      <trkpt lat="35.8761325199157" lon="139.58475971594453">
        <ele>3.85</ele>
      </trkpt>
      <trkpt lat="35.87640920653939" lon="139.58459727466106">
        <ele>3.69</ele>
      </trkpt>
      <trkpt lat="35.87669134140015" lon="139.5844316482544">
        <ele>3.37</ele>
      </trkpt>
      <trkpt lat="35.876933662220836" lon="139.58432335406542">
        <ele>3.01</ele>
      </trkpt>
      <trkpt lat="35.87717606686056" lon="139.58421505987644">
        <ele>2.79</ele>
      </trkpt>
      <trkpt lat="35.877403719350696" lon="139.58411288447678">
        <ele>2.61</ele>
      </trkpt>
      <trkpt lat="35.87740539573133" lon="139.58411221392453">
        <ele>2.51</ele>
      </trkpt>
      <trkpt lat="35.877407072111964" lon="139.58411154337227">
        <ele>2.43</ele>
      </trkpt>
      <trkpt lat="35.877409083768725" lon="139.58411070518196">
        <ele>2.37</ele>
      </trkpt>
      <trkpt lat="35.87741076014936" lon="139.5841100346297">
        <ele>2.32</ele>
      </trkpt>
      <trkpt lat="35.87741285562515" lon="139.58410919643939">
        <ele>2.3</ele>
      </trkpt>
      <trkpt lat="35.87741453200579" lon="139.58410852588713">
        <ele>2.3</ele>
      </trkpt>
      <trkpt lat="35.87741629220545" lon="139.58410777151585">
        <ele>2.32</ele>
      </trkpt>
      <trkpt lat="35.87741847150028" lon="139.5841068495065">
        <ele>2.36</ele>
      </trkpt>
      <trkpt lat="35.87741989642382" lon="139.58410626277328">
        <ele>2.42</ele>
      </trkpt>
      <trkpt lat="35.87771560996771" lon="139.5839741639793">
        <ele>2.53</ele>
      </trkpt>
      <trkpt lat="35.87801140733063" lon="139.5838420651853">
        <ele>2.79</ele>
      </trkpt>
      <trkpt lat="35.878307120874524" lon="139.58370996639132">
        <ele>2.98</ele>
      </trkpt>
      <trkpt lat="35.87860291823745" lon="139.58357786759734">
        <ele>3.03</ele>
      </trkpt>
      <trkpt lat="35.87890156544745" lon="139.5834445953369">
        <ele>3.14</ele>
      </trkpt>
      <trkpt lat="35.87890148162842" lon="139.5834445953369">
        <ele>3.29</ele>
      </trkpt>
      <trkpt lat="35.87916903197765" lon="139.58336957730353">
        <ele>3.53</ele>
      </trkpt>
      <trkpt lat="35.8794379234314" lon="139.58329439163208">
        <ele>3.8</ele>
      </trkpt>
      <trkpt lat="35.87965928949416" lon="139.58316581323743">
        <ele>4.04</ele>
      </trkpt>
      <trkpt lat="35.87988065555692" lon="139.58303723484278">
        <ele>4.3</ele>
      </trkpt>
      <trkpt lat="35.88010311126709" lon="139.58290815353394">
        <ele>4.49</ele>
      </trkpt>
      <trkpt lat="35.8802424184978" lon="139.5827902201563">
        <ele>4.62</ele>
      </trkpt>
      <trkpt lat="35.88038206100464" lon="139.58267211914062">
        <ele>4.73</ele>
      </trkpt>
      <trkpt lat="35.880669644102454" lon="139.58251755684614">
        <ele>4.87</ele>
      </trkpt>
      <trkpt lat="35.8809573110193" lon="139.58236299455166">
        <ele>5.05</ele>
      </trkpt>
      <trkpt lat="35.88124497793615" lon="139.5822085160762">
        <ele>5.24</ele>
      </trkpt>
      <trkpt lat="35.881532644852996" lon="139.58205395378172">
        <ele>5.44</ele>
      </trkpt>
      <trkpt lat="35.88182031176984" lon="139.58189939148724">
        <ele>5.61</ele>
      </trkpt>
      <trkpt lat="35.88210797868669" lon="139.5817449130118">
        <ele>5.81</ele>
      </trkpt>
      <trkpt lat="35.88239564560354" lon="139.5815903507173">
        <ele>5.97</ele>
      </trkpt>
      <trkpt lat="35.882683312520385" lon="139.58143587224185">
        <ele>6.18</ele>
      </trkpt>
      <trkpt lat="35.8829708956182" lon="139.58128130994737">
        <ele>6.35</ele>
      </trkpt>
      <trkpt lat="35.88325856253505" lon="139.5811267476529">
        <ele>6.53</ele>
      </trkpt>
      <trkpt lat="35.883546229451895" lon="139.58097226917744">
        <ele>6.7</ele>
      </trkpt>
      <trkpt lat="35.88383389636874" lon="139.58081770688295">
        <ele>6.78</ele>
      </trkpt>
      <trkpt lat="35.88412156328559" lon="139.58066314458847">
        <ele>6.88</ele>
      </trkpt>
      <trkpt lat="35.88441618718207" lon="139.5805048942566">
        <ele>7.0</ele>
      </trkpt>
      <trkpt lat="35.88441610336304" lon="139.5805048942566">
        <ele>7.15</ele>
      </trkpt>
      <trkpt lat="35.88469094596803" lon="139.58036919124424">
        <ele>7.28</ele>
      </trkpt>
      <trkpt lat="35.88496587239206" lon="139.58023357205093">
        <ele>7.4</ele>
      </trkpt>
      <trkpt lat="35.88524071499705" lon="139.58009786903858">
        <ele>7.56</ele>
      </trkpt>
      <trkpt lat="35.88551564142108" lon="139.57996224984527">
        <ele>7.74</ele>
      </trkpt>
      <trkpt lat="35.885790484026074" lon="139.57982663065195">
        <ele>7.9</ele>
      </trkpt>
      <trkpt lat="35.88606842793524" lon="139.57968950271606">
        <ele>8.08</ele>
      </trkpt>
      <trkpt lat="35.8862710185349" lon="139.57958984188735">
        <ele>8.26</ele>
      </trkpt>
      <trkpt lat="35.88647369295359" lon="139.57949026487768">
        <ele>8.39</ele>
      </trkpt>
      <trkpt lat="35.886662201955914" lon="139.5793970581144">
        <ele>8.51</ele>
      </trkpt>
      <trkpt lat="35.88666379451752" lon="139.57939638756216">
        <ele>8.63</ele>
      </trkpt>
      <trkpt lat="35.88666538707912" lon="139.57939563319087">
        <ele>8.74</ele>
      </trkpt>
      <trkpt lat="35.88666723109782" lon="139.57939479500055">
        <ele>8.86</ele>
      </trkpt>
      <trkpt lat="35.88666882365942" lon="139.57939404062927">
        <ele>8.97</ele>
      </trkpt>
      <trkpt lat="35.88667075149715" lon="139.57939320243895">
        <ele>9.07</ele>
      </trkpt>
      <trkpt lat="35.88667234405875" lon="139.57939244806767">
        <ele>9.17</ele>
      </trkpt>
      <trkpt lat="35.88667410425842" lon="139.57939160987735">
        <ele>9.27</ele>
      </trkpt>
      <trkpt lat="35.88667611591518" lon="139.579390687868">
        <ele>9.36</ele>
      </trkpt>
      <trkpt lat="35.88667745701969" lon="139.57939010113478">
        <ele>9.44</ele>
      </trkpt>
      <trkpt lat="35.88689597323537" lon="139.57928264513612">
        <ele>9.51</ele>
      </trkpt>
      <trkpt lat="35.88711457327008" lon="139.57917518913746">
        <ele>9.58</ele>
      </trkpt>
      <trkpt lat="35.88733443059027" lon="139.5790672302246">
        <ele>9.69</ele>
      </trkpt>
      <trkpt lat="35.8876056689769" lon="139.57893865182996">
        <ele>9.87</ele>
      </trkpt>
      <trkpt lat="35.887876991182566" lon="139.57881015725434">
        <ele>9.93</ele>
      </trkpt>
      <trkpt lat="35.8881498221308" lon="139.57868099212646">
        <ele>9.86</ele>
      </trkpt>
      <trkpt lat="35.88842877186835" lon="139.57855224609375">
        <ele>9.87</ele>
      </trkpt>
      <trkpt lat="35.88868576101959" lon="139.57843439653516">
        <ele>9.93</ele>
      </trkpt>
      <trkpt lat="35.88894375599921" lon="139.57831621170044">
        <ele>10.06</ele>
      </trkpt>
      <trkpt lat="35.88917928747833" lon="139.57819618284702">
        <ele>10.12</ele>
      </trkpt>
      <trkpt lat="35.88941490277648" lon="139.57807623781264">
        <ele>10.09</ele>
      </trkpt>
      <trkpt lat="35.88965051807463" lon="139.57795629277825">
        <ele>10.08</ele>
      </trkpt>
      <trkpt lat="35.889886133372784" lon="139.57783634774387">
        <ele>10.13</ele>
      </trkpt>
      <trkpt lat="35.89012384414673" lon="139.5777153968811">
        <ele>10.09</ele>
      </trkpt>
      <trkpt lat="35.890366500243545" lon="139.57765110768378">
        <ele>10.1</ele>
      </trkpt>
      <trkpt lat="35.89060915634036" lon="139.57758690230548">
        <ele>10.13</ele>
      </trkpt>
      <trkpt lat="35.89085348881781" lon="139.57752227783203">
        <ele>10.17</ele>
      </trkpt>
      <trkpt lat="35.89110989123583" lon="139.5773940347135">
        <ele>10.18</ele>
      </trkpt>
      <trkpt lat="35.891366293653846" lon="139.57726579159498">
        <ele>10.25</ele>
      </trkpt>
      <trkpt lat="35.89162269607186" lon="139.5771376322955">
        <ele>10.2</ele>
      </trkpt>
      <trkpt lat="35.89187918230891" lon="139.57700938917696">
        <ele>10.17</ele>
      </trkpt>
      <trkpt lat="35.892121251672506" lon="139.5768879354">
        <ele>10.18</ele>
      </trkpt>
      <trkpt lat="35.89212292805314" lon="139.57688718102872">
        <ele>10.15</ele>
      </trkpt>
      <trkpt lat="35.89212468825281" lon="139.5768863428384">
        <ele>10.12</ele>
      </trkpt>
      <trkpt lat="35.8921267837286" lon="139.57688533701003">
        <ele>10.07</ele>
      </trkpt>
      <trkpt lat="35.892128460109234" lon="139.5768844988197">
        <ele>10.03</ele>
      </trkpt>
      <trkpt lat="35.89213055558503" lon="139.57688349299133">
        <ele>9.97</ele>
      </trkpt>
      <trkpt lat="35.89213231578469" lon="139.576882654801">
        <ele>9.92</ele>
      </trkpt>
      <trkpt lat="35.89213424362242" lon="139.57688173279166">
        <ele>9.86</ele>
      </trkpt>
      <trkpt lat="35.89213642291725" lon="139.57688072696328">
        <ele>9.79</ele>
      </trkpt>
      <trkpt lat="35.89213793165982" lon="139.57688005641103">
        <ele>9.72</ele>
      </trkpt>
      <trkpt lat="35.89242836460471" lon="139.57672893069685">
        <ele>9.68</ele>
      </trkpt>
      <trkpt lat="35.89271888136864" lon="139.57657780498266">
        <ele>9.56</ele>
      </trkpt>
      <trkpt lat="35.89300931431353" lon="139.57642667926848">
        <ele>9.37</ele>
      </trkpt>
      <trkpt lat="35.89325649663806" lon="139.57629759795964">
        <ele>9.27</ele>
      </trkpt>
      <trkpt lat="35.893258173018694" lon="139.57629675976932">
        <ele>9.2</ele>
      </trkpt>
      <trkpt lat="35.89325993321836" lon="139.576295921579">
        <ele>9.14</ele>
      </trkpt>
      <trkpt lat="35.89326202869415" lon="139.57629491575062">
        <ele>9.08</ele>
      </trkpt>
      <trkpt lat="35.89326387271285" lon="139.57629399374127">
        <ele>9.03</ele>
      </trkpt>
      <trkpt lat="35.89326588436961" lon="139.5762929879129">
        <ele>8.99</ele>
      </trkpt>
      <trkpt lat="35.89326772838831" lon="139.57629206590354">
        <ele>8.94</ele>
      </trkpt>
      <trkpt lat="35.89326957240701" lon="139.5762911438942">
        <ele>8.91</ele>
      </trkpt>
      <trkpt lat="35.89327175170183" lon="139.57629005424678">
        <ele>8.88</ele>
      </trkpt>
      <trkpt lat="35.8932732604444" lon="139.57628938369453">
        <ele>8.86</ele>
      </trkpt>
      <trkpt lat="35.893516670912504" lon="139.57604287192225">
        <ele>8.91</ele>
      </trkpt>
      <trkpt lat="35.89355363510549" lon="139.5760049019009">
        <ele>8.91</ele>
      </trkpt>
      <trkpt lat="35.8935547247529" lon="139.5760038960725">
        <ele>8.9</ele>
      </trkpt>
      <trkpt lat="35.893555814400315" lon="139.5760028064251">
        <ele>8.9</ele>
      </trkpt>
      <trkpt lat="35.893557239323854" lon="139.5760014653206">
        <ele>8.9</ele>
      </trkpt>
      <trkpt lat="35.8935584127903" lon="139.57600029185414">
        <ele>8.9</ele>
      </trkpt>
      <trkpt lat="35.893559753894806" lon="139.57599895074964">
        <ele>8.91</ele>
      </trkpt>
      <trkpt lat="35.89356101118028" lon="139.5759977772832">
        <ele>8.92</ele>
      </trkpt>
      <trkpt lat="35.89356226846576" lon="139.57599660381675">
        <ele>8.93</ele>
      </trkpt>
      <trkpt lat="35.89356377720833" lon="139.5759951788932">
        <ele>8.95</ele>
      </trkpt>
      <trkpt lat="35.893564615398645" lon="139.5759943407029">
        <ele>8.97</ele>
      </trkpt>
      <trkpt lat="35.89386192150414" lon="139.57586467266083">
        <ele>9.0</ele>
      </trkpt>
      <trkpt lat="35.894159227609634" lon="139.5757350884378">
        <ele>9.02</ele>
      </trkpt>
      <trkpt lat="35.89427523314953" lon="139.57568387500942">
        <ele>9.05</ele>
      </trkpt>
      <trkpt lat="35.8942767418921" lon="139.5756832882762">
        <ele>9.06</ele>
      </trkpt>
      <trkpt lat="35.8942783344537" lon="139.57568261772394">
        <ele>9.07</ele>
      </trkpt>
      <trkpt lat="35.89428026229143" lon="139.57568186335266">
        <ele>9.08</ele>
      </trkpt>
      <trkpt lat="35.8942820224911" lon="139.5756811928004">
        <ele>9.08</ele>
      </trkpt>
      <trkpt lat="35.89428395032883" lon="139.57568043842912">
        <ele>9.09</ele>
      </trkpt>
      <trkpt lat="35.89428571052849" lon="139.57567976787686">
        <ele>9.09</ele>
      </trkpt>
      <trkpt lat="35.89428738690913" lon="139.5756790973246">
        <ele>9.09</ele>
      </trkpt>
      <trkpt lat="35.89428948238492" lon="139.5756782591343">
        <ele>9.08</ele>
      </trkpt>
      <trkpt lat="35.89429082348943" lon="139.5756777562201">
        <ele>9.07</ele>
      </trkpt>
      <trkpt lat="35.894579412415624" lon="139.5755212660879">
        <ele>9.06</ele>
      </trkpt>
      <trkpt lat="35.89486800134182" lon="139.57536477595568">
        <ele>9.01</ele>
      </trkpt>
      <trkpt lat="35.89495835825801" lon="139.5753151550889">
        <ele>8.99</ele>
      </trkpt>
      <trkpt lat="35.89495986700058" lon="139.57531440071762">
        <ele>8.97</ele>
      </trkpt>
      <trkpt lat="35.89496145956218" lon="139.5753135625273">
        <ele>8.95</ele>
      </trkpt>
      <trkpt lat="35.89496330358088" lon="139.57531264051795">
        <ele>8.92</ele>
      </trkpt>
      <trkpt lat="35.894964979961514" lon="139.57531180232763">
        <ele>8.9</ele>
      </trkpt>
      <trkpt lat="35.89496682398021" lon="139.57531079649925">
        <ele>8.87</ele>
      </trkpt>
      <trkpt lat="35.89496850036085" lon="139.57530995830894">
        <ele>8.85</ele>
      </trkpt>
      <trkpt lat="35.89497017674148" lon="139.57530912011862">
        <ele>8.82</ele>
      </trkpt>
      <trkpt lat="35.89497218839824" lon="139.57530811429024">
        <ele>8.79</ele>
      </trkpt>
      <trkpt lat="35.89497344568372" lon="139.57530752755702">
        <ele>8.76</ele>
      </trkpt>
      <trkpt lat="35.89509464800358" lon="139.57531205378473">
        <ele>8.73</ele>
      </trkpt>
      <trkpt lat="35.895096408203244" lon="139.57531213760376">
        <ele>8.7</ele>
      </trkpt>
      <trkpt lat="35.895098336040974" lon="139.5753122214228">
        <ele>8.67</ele>
      </trkpt>
      <trkpt lat="35.8951005153358" lon="139.57531230524182">
        <ele>8.65</ele>
      </trkpt>
      <trkpt lat="35.89510252699256" lon="139.57531238906085">
        <ele>8.62</ele>
      </trkpt>
      <trkpt lat="35.895104706287384" lon="139.5753124728799">
        <ele>8.6</ele>
      </trkpt>
      <trkpt lat="35.895106717944145" lon="139.57531255669892">
        <ele>8.58</ele>
      </trkpt>
      <trkpt lat="35.895108729600906" lon="139.57531264051795">
        <ele>8.56</ele>
      </trkpt>
      <trkpt lat="35.895111076533794" lon="139.575312808156">
        <ele>8.54</ele>
      </trkpt>
      <trkpt lat="35.895112585276365" lon="139.57531289197505">
        <ele>8.53</ele>
      </trkpt>
      <trkpt lat="35.89510998688638" lon="139.57529998384416">
        <ele>8.52</ele>
      </trkpt>
      <trkpt lat="35.89539706707001" lon="139.57513947039843">
        <ele>8.49</ele>
      </trkpt>
      <trkpt lat="35.895684231072664" lon="139.5749789569527">
        <ele>8.52</ele>
      </trkpt>
      <trkpt lat="35.89597131125629" lon="139.57481844350696">
        <ele>8.64</ele>
      </trkpt>
      <trkpt lat="35.896258475258946" lon="139.57465793006122">
        <ele>8.58</ele>
      </trkpt>
      <trkpt lat="35.8965456392616" lon="139.5744974166155">
        <ele>8.55</ele>
      </trkpt>
      <trkpt lat="35.89671998284757" lon="139.5743999350816">
        <ele>8.57</ele>
      </trkpt>
      <trkpt lat="35.89696993120015" lon="139.57432994619012">
        <ele>8.59</ele>
      </trkpt>
      <trkpt lat="35.897103287279606" lon="139.57425819709897">
        <ele>8.58</ele>
      </trkpt>
      <trkpt lat="35.89710496366024" lon="139.57425735890865">
        <ele>8.62</ele>
      </trkpt>
      <trkpt lat="35.897106723859906" lon="139.57425652071834">
        <ele>8.67</ele>
      </trkpt>
      <trkpt lat="35.8971088193357" lon="139.57425551488996">
        <ele>8.73</ele>
      </trkpt>
      <trkpt lat="35.8971106633544" lon="139.5742545928806">
        <ele>8.8</ele>
      </trkpt>
      <trkpt lat="35.89711267501116" lon="139.57425358705223">
        <ele>8.87</ele>
      </trkpt>
      <trkpt lat="35.897114519029856" lon="139.57425266504288">
        <ele>8.96</ele>
      </trkpt>
      <trkpt lat="35.89711636304855" lon="139.57425174303353">
        <ele>9.05</ele>
      </trkpt>
      <trkpt lat="35.89711854234338" lon="139.57425065338612">
        <ele>9.16</ele>
      </trkpt>
      <trkpt lat="35.897126253694296" lon="139.57427303306758">
        <ele>9.28</ele>
      </trkpt>
      <trkpt lat="35.89735507965088" lon="139.57415342330933">
        <ele>9.33</ele>
      </trkpt>
      <trkpt lat="35.89756219647825" lon="139.57402484491467">
        <ele>9.45</ele>
      </trkpt>
      <trkpt lat="35.897769313305616" lon="139.57389626652002">
        <ele>9.63</ele>
      </trkpt>
      <trkpt lat="35.897977435961366" lon="139.57376718521118">
        <ele>9.84</ele>
      </trkpt>
      <trkpt lat="35.89822587557137" lon="139.5736300572753">
        <ele>10.06</ele>
      </trkpt>
      <trkpt lat="35.898474315181375" lon="139.5734929293394">
        <ele>10.25</ele>
      </trkpt>
      <trkpt lat="35.89872283861041" lon="139.57335588522255">
        <ele>10.48</ele>
      </trkpt>
      <trkpt lat="35.898971278220415" lon="139.57321875728667">
        <ele>10.56</ele>
      </trkpt>
      <trkpt lat="35.899221897125244" lon="139.57308053970337">
        <ele>10.63</ele>
      </trkpt>
      <trkpt lat="35.89946706779301" lon="139.57294123247266">
        <ele>10.72</ele>
      </trkpt>
      <trkpt lat="35.89971232227981" lon="139.57280200906098">
        <ele>10.96</ele>
      </trkpt>
      <trkpt lat="35.89995757676661" lon="139.57266270183027">
        <ele>11.21</ele>
      </trkpt>
      <trkpt lat="35.900187492370605" lon="139.57253177650273">
        <ele>11.45</ele>
      </trkpt>
      <trkpt lat="35.9001893363893" lon="139.57253077067435">
        <ele>11.58</ele>
      </trkpt>
      <trkpt lat="35.900191348046064" lon="139.57252968102694">
        <ele>11.71</ele>
      </trkpt>
      <trkpt lat="35.90019361115992" lon="139.57252842374146">
        <ele>11.84</ele>
      </trkpt>
      <trkpt lat="35.90019562281668" lon="139.57252733409405">
        <ele>11.95</ele>
      </trkpt>
      <trkpt lat="35.90019796974957" lon="139.57252607680857">
        <ele>12.04</ele>
      </trkpt>
      <trkpt lat="35.90019998140633" lon="139.57252498716116">
        <ele>12.13</ele>
      </trkpt>
      <trkpt lat="35.900202076882124" lon="139.57252389751375">
        <ele>12.21</ele>
      </trkpt>
      <trkpt lat="35.900204507634044" lon="139.57252255640924">
        <ele>12.27</ele>
      </trkpt>
      <trkpt lat="35.90045588091016" lon="139.5723797287792">
        <ele>12.28</ele>
      </trkpt>
      <trkpt lat="35.90070725418627" lon="139.57223690114915">
        <ele>12.24</ele>
      </trkpt>
      <trkpt lat="35.900959968566895" lon="139.5720934867859">
        <ele>12.26</ele>
      </trkpt>
      <trkpt lat="35.900960052385926" lon="139.5720934867859">
        <ele>12.28</ele>
      </trkpt>
      <trkpt lat="35.90120849199593" lon="139.57195635885">
        <ele>12.3</ele>
      </trkpt>
      <trkpt lat="35.90145701542497" lon="139.57181923091412">
        <ele>12.28</ele>
      </trkpt>
      <trkpt lat="35.90170545503497" lon="139.57168218679726">
        <ele>12.28</ele>
      </trkpt>
      <trkpt lat="35.90195397846401" lon="139.57154505886137">
        <ele>12.3</ele>
      </trkpt>
      <trkpt lat="35.902204597368836" lon="139.57140684127808">
        <ele>12.26</ele>
      </trkpt>
      <trkpt lat="35.90245630592108" lon="139.57134598866105">
        <ele>12.21</ele>
      </trkpt>
      <trkpt lat="35.902458569034934" lon="139.57134548574686">
        <ele>12.16</ele>
      </trkpt>
      <trkpt lat="35.90246083214879" lon="139.57134498283267">
        <ele>12.09</ele>
      </trkpt>
      <trkpt lat="35.902463514357805" lon="139.57134439609945">
        <ele>12.02</ele>
      </trkpt>
      <trkpt lat="35.90246586129069" lon="139.57134389318526">
        <ele>11.94</ele>
      </trkpt>
      <trkpt lat="35.90246845968068" lon="139.57134330645204">
        <ele>11.85</ele>
      </trkpt>
      <trkpt lat="35.902470890432596" lon="139.57134280353785">
        <ele>11.75</ele>
      </trkpt>
      <trkpt lat="35.902473321184516" lon="139.57134230062366">
        <ele>11.64</ele>
      </trkpt>
      <trkpt lat="35.902476171031594" lon="139.5713416300714">
        <ele>11.52</ele>
      </trkpt>
      <trkpt lat="35.902741039171815" lon="139.57127809524536">
        <ele>11.42</ele>
      </trkpt>
      <trkpt lat="35.90289115905762" lon="139.57117080688477">
        <ele>11.27</ele>
      </trkpt>
      <trkpt lat="35.90308436192572" lon="139.57112789154053">
        <ele>11.14</ele>
      </trkpt>
      <trkpt lat="35.90332525782287" lon="139.5710046775639">
        <ele>10.97</ele>
      </trkpt>
      <trkpt lat="35.90356623753905" lon="139.57088154740632">
        <ele>10.88</ele>
      </trkpt>
      <trkpt lat="35.903807217255235" lon="139.5707583334297">
        <ele>10.8</ele>
      </trkpt>
      <trkpt lat="35.90404995717108" lon="139.5706343650818">
        <ele>10.64</ele>
      </trkpt>
      <trkpt lat="35.90429965406656" lon="139.57059865817428">
        <ele>10.46</ele>
      </trkpt>
      <trkpt lat="35.90454935096204" lon="139.57056295126677">
        <ele>10.28</ele>
      </trkpt>
      <trkpt lat="35.90480089187622" lon="139.5705270767212">
        <ele>10.11</ele>
      </trkpt>
      <trkpt lat="35.905080093070865" lon="139.5705270767212">
        <ele>9.89</ele>
      </trkpt>
      <trkpt lat="35.90508244000375" lon="139.5705270767212">
        <ele>9.76</ele>
      </trkpt>
      <trkpt lat="35.90508487075567" lon="139.5705270767212">
        <ele>9.63</ele>
      </trkpt>
      <trkpt lat="35.90508763678372" lon="139.5705270767212">
        <ele>9.51</ele>
      </trkpt>
      <trkpt lat="35.90509015135467" lon="139.5705270767212">
        <ele>9.4</ele>
      </trkpt>
      <trkpt lat="35.90509291738272" lon="139.5705270767212">
        <ele>9.29</ele>
      </trkpt>
      <trkpt lat="35.90509543195367" lon="139.5705270767212">
        <ele>9.2</ele>
      </trkpt>
      <trkpt lat="35.90509794652462" lon="139.5705270767212">
        <ele>9.11</ele>
      </trkpt>
      <trkpt lat="35.90510104782879" lon="139.5705270767212">
        <ele>9.04</ele>
      </trkpt>
      <trkpt lat="35.90529450215399" lon="139.5705270767212">
        <ele>8.94</ele>
      </trkpt>
      <trkpt lat="35.90529441833496" lon="139.5705270767212">
        <ele>8.89</ele>
      </trkpt>
      <trkpt lat="35.90559943579137" lon="139.57056446000934">
        <ele>8.86</ele>
      </trkpt>
      <trkpt lat="35.905904453247786" lon="139.5706019271165">
        <ele>8.87</ele>
      </trkpt>
      <trkpt lat="35.9062094707042" lon="139.5706393942237">
        <ele>8.83</ele>
      </trkpt>
      <trkpt lat="35.90651750564575" lon="139.57067728042603">
        <ele>8.82</ele>
      </trkpt>
      <trkpt lat="35.90666779316962" lon="139.57074165344238">
        <ele>8.83</ele>
      </trkpt>
      <trkpt lat="35.90686082839966" lon="139.57097039557993">
        <ele>8.87</ele>
      </trkpt>
      <trkpt lat="35.9070538636297" lon="139.57119922153652">
        <ele>8.91</ele>
      </trkpt>
      <trkpt lat="35.907247150316834" lon="139.5714282989502">
        <ele>8.98</ele>
      </trkpt>
      <trkpt lat="35.90747228823602" lon="139.5716748945415">
        <ele>9.0</ele>
      </trkpt>
      <trkpt lat="35.907697761431336" lon="139.57192182540894">
        <ele>9.01</ele>
      </trkpt>
      <trkpt lat="35.907719219103456" lon="139.57194328308105">
        <ele>9.05</ele>
      </trkpt>
      <trkpt lat="35.907719135284424" lon="139.57194328308105">
        <ele>9.1</ele>
      </trkpt>
      <trkpt lat="35.907879900187254" lon="139.57211477681994">
        <ele>9.15</ele>
      </trkpt>
      <trkpt lat="35.90802834369242" lon="139.5722731947899">
        <ele>9.21</ele>
      </trkpt>
      <trkpt lat="35.90802976861596" lon="139.57227470353246">
        <ele>9.28</ele>
      </trkpt>
      <trkpt lat="35.9080311935395" lon="139.57227621227503">
        <ele>9.35</ele>
      </trkpt>
      <trkpt lat="35.908032869920135" lon="139.5722779724747">
        <ele>9.42</ele>
      </trkpt>
      <trkpt lat="35.908034378662705" lon="139.5722795650363">
        <ele>9.5</ele>
      </trkpt>
      <trkpt lat="35.90803605504334" lon="139.57228132523596">
        <ele>9.59</ele>
      </trkpt>
      <trkpt lat="35.90803756378591" lon="139.57228291779757">
        <ele>9.67</ele>
      </trkpt>
      <trkpt lat="35.90803907252848" lon="139.5722845941782">
        <ele>9.76</ele>
      </trkpt>
      <trkpt lat="35.90804100036621" lon="139.57228660583496">
        <ele>9.86</ele>
      </trkpt>
      <trkpt lat="35.90825540944934" lon="139.57208284176886">
        <ele>9.94</ele>
      </trkpt>
      <trkpt lat="35.908470237627625" lon="139.5718789100647">
        <ele>10.05</ele>
      </trkpt>
      <trkpt lat="35.908470153808594" lon="139.5718789100647">
        <ele>10.15</ele>
      </trkpt>
      <trkpt lat="35.9086631052196" lon="139.57167875021696">
        <ele>10.25</ele>
      </trkpt>
      <trkpt lat="35.90885614044964" lon="139.57147859036922">
        <ele>10.35</ele>
      </trkpt>
      <trkpt lat="35.90904959477484" lon="139.57127809524536">
        <ele>10.5</ele>
      </trkpt>
      <trkpt lat="35.90904951095581" lon="139.57127809524536">
        <ele>10.6</ele>
      </trkpt>
      <trkpt lat="35.90925327502191" lon="139.571031332016">
        <ele>10.72</ele>
      </trkpt>
      <trkpt lat="35.909457290545106" lon="139.57078456878662">
        <ele>10.82</ele>
      </trkpt>
      <trkpt lat="35.90961813926697" lon="139.57059144973755">
        <ele>10.87</ele>
      </trkpt>
      <trkpt lat="35.90977915562689" lon="139.57039833068848">
        <ele>10.93</ele>
      </trkpt>
      <trkpt lat="35.90995131991804" lon="139.5702670700848">
        <ele>11.01</ele>
      </trkpt>
      <trkpt lat="35.9101084806025" lon="139.57014687359333">
        <ele>11.14</ele>
      </trkpt>
      <trkpt lat="35.91011015698314" lon="139.5701457001269">
        <ele>11.22</ele>
      </trkpt>
      <trkpt lat="35.910112001001835" lon="139.57014435902238">
        <ele>11.3</ele>
      </trkpt>
      <trkpt lat="35.910114012658596" lon="139.5701428502798">
        <ele>11.38</ele>
      </trkpt>
      <trkpt lat="35.910115856677294" lon="139.5701415091753">
        <ele>11.45</ele>
      </trkpt>
      <trkpt lat="35.91011795215309" lon="139.57014000043273">
        <ele>11.51</ele>
      </trkpt>
      <trkpt lat="35.910119796171784" lon="139.57013865932822">
        <ele>11.58</ele>
      </trkpt>
      <trkpt lat="35.910121724009514" lon="139.57013723440468">
        <ele>11.63</ele>
      </trkpt>
      <trkpt lat="35.91012398712337" lon="139.57013555802405">
        <ele>11.68</ele>
      </trkpt>
      <trkpt lat="35.910229766741395" lon="139.57005500793457">
        <ele>11.73</ele>
      </trkpt>
      <trkpt lat="35.91012239456177" lon="139.56979751586914">
        <ele>11.8</ele>
      </trkpt>
      <trkpt lat="35.91012239456177" lon="139.5697419438511">
        <ele>11.84</ele>
      </trkpt>
      <trkpt lat="35.91012239456177" lon="139.56973984837532">
        <ele>11.86</ele>
      </trkpt>
      <trkpt lat="35.91012239456177" lon="139.5697376690805">
        <ele>11.88</ele>
      </trkpt>
      <trkpt lat="35.91012239456177" lon="139.56973498687148">
        <ele>11.89</ele>
      </trkpt>
      <trkpt lat="35.91012239456177" lon="139.56973272375762">
        <ele>11.9</ele>
      </trkpt>
      <trkpt lat="35.91012239456177" lon="139.5697300415486">
        <ele>11.9</ele>
      </trkpt>
      <trkpt lat="35.91012239456177" lon="139.56972769461572">
        <ele>11.89</ele>
      </trkpt>
      <trkpt lat="35.91012239456177" lon="139.56972543150187">
        <ele>11.87</ele>
      </trkpt>
      <trkpt lat="35.91012239456177" lon="139.56972266547382">
        <ele>11.84</ele>
      </trkpt>
      <trkpt lat="35.9101224783808" lon="139.5696473121643">
        <ele>11.8</ele>
      </trkpt>
      <trkpt lat="35.91005802154541" lon="139.56956148147583">
        <ele>11.75</ele>
      </trkpt>
      <trkpt lat="35.909950817003846" lon="139.56934690475464">
        <ele>11.69</ele>
      </trkpt>
      <trkpt lat="35.90990790165961" lon="139.56926107406616">
        <ele>11.64</ele>
      </trkpt>
      <trkpt lat="35.909771863371134" lon="139.56900333054364">
        <ele>11.59</ele>
      </trkpt>
      <trkpt lat="35.90963590890169" lon="139.56874567084014">
        <ele>11.52</ele>
      </trkpt>
      <trkpt lat="35.90950867161155" lon="139.56850469112396">
        <ele>11.45</ele>
      </trkpt>
      <trkpt lat="35.9095077496022" lon="139.5685029309243">
        <ele>11.37</ele>
      </trkpt>
      <trkpt lat="35.90950674377382" lon="139.5685010869056">
        <ele>11.3</ele>
      </trkpt>
      <trkpt lat="35.909505570307374" lon="139.56849890761077">
        <ele>11.21</ele>
      </trkpt>
      <trkpt lat="35.90950456447899" lon="139.56849697977304">
        <ele>11.12</ele>
      </trkpt>
      <trkpt lat="35.90950339101255" lon="139.5684947166592">
        <ele>11.03</ele>
      </trkpt>
      <trkpt lat="35.90950238518417" lon="139.56849278882146">
        <ele>10.93</ele>
      </trkpt>
      <trkpt lat="35.90950137935579" lon="139.56849086098373">
        <ele>10.83</ele>
      </trkpt>
      <trkpt lat="35.909500205889344" lon="139.56848859786987">
        <ele>10.73</ele>
      </trkpt>
      <trkpt lat="35.90950012207031" lon="139.56848859786987">
        <ele>10.62</ele>
      </trkpt>
      <trkpt lat="35.909500205889344" lon="139.56848859786987">
        <ele>10.73</ele>
      </trkpt>
      <trkpt lat="35.90968226082623" lon="139.56838147714734">
        <ele>10.41</ele>
      </trkpt>
      <trkpt lat="35.90986490249634" lon="139.56827402114868">
        <ele>10.3</ele>
      </trkpt>
      <trkpt lat="35.9098219871521" lon="139.5680594444275">
        <ele>10.18</ele>
      </trkpt>
      <trkpt lat="35.909833973273635" lon="139.56791049800813">
        <ele>10.02</ele>
      </trkpt>
      <trkpt lat="35.90983422473073" lon="139.56790840253234">
        <ele>9.9</ele>
      </trkpt>
      <trkpt lat="35.909834476187825" lon="139.56790622323751">
        <ele>9.79</ele>
      </trkpt>
      <trkpt lat="35.90983472764492" lon="139.56790362484753">
        <ele>9.67</ele>
      </trkpt>
      <trkpt lat="35.909834979102015" lon="139.56790127791464">
        <ele>9.56</ele>
      </trkpt>
      <trkpt lat="35.90983523055911" lon="139.56789867952466">
        <ele>9.44</ele>
      </trkpt>
      <trkpt lat="35.909835482016206" lon="139.5678964164108">
        <ele>9.33</ele>
      </trkpt>
      <trkpt lat="35.9098357334733" lon="139.56789423711598">
        <ele>9.23</ele>
      </trkpt>
      <trkpt lat="35.909835984930396" lon="139.56789147108793">
        <ele>9.12</ele>
      </trkpt>
      <trkpt lat="35.90984352864325" lon="139.56780195236206">
        <ele>8.99</ele>
      </trkpt>
      <trkpt lat="35.90986498631537" lon="139.56767320632935">
        <ele>8.87</ele>
      </trkpt>
      <trkpt lat="35.90976180508733" lon="139.56737665459514">
        <ele>8.76</ele>
      </trkpt>
      <trkpt lat="35.90965870767832" lon="139.56708018667996">
        <ele>8.64</ele>
      </trkpt>
      <trkpt lat="35.909555526450276" lon="139.56678363494575">
        <ele>8.51</ele>
      </trkpt>
      <trkpt lat="35.909452429041266" lon="139.56648716703057">
        <ele>8.44</ele>
      </trkpt>
      <trkpt lat="35.90935000218451" lon="139.56619262695312">
        <ele>8.44</ele>
      </trkpt>
      <trkpt lat="35.909435749053955" lon="139.56612825393677">
        <ele>8.38</ele>
      </trkpt>
      <trkpt lat="35.90931680984795" lon="139.56585072912276">
        <ele>8.38</ele>
      </trkpt>
      <trkpt lat="35.90920524671674" lon="139.56559089012444">
        <ele>8.34</ele>
      </trkpt>
      <trkpt lat="35.90920449234545" lon="139.56558904610574">
        <ele>8.3</ele>
      </trkpt>
      <trkpt lat="35.909203654155135" lon="139.56558703444898">
        <ele>8.26</ele>
      </trkpt>
      <trkpt lat="35.909202648326755" lon="139.5655846875161">
        <ele>8.22</ele>
      </trkpt>
      <trkpt lat="35.90920181013644" lon="139.56558267585933">
        <ele>8.19</ele>
      </trkpt>
      <trkpt lat="35.90920080430806" lon="139.56558032892644">
        <ele>8.17</ele>
      </trkpt>
      <trkpt lat="35.90919996611774" lon="139.56557823345065">
        <ele>8.15</ele>
      </trkpt>
      <trkpt lat="35.909199211746454" lon="139.56557630561292">
        <ele>8.13</ele>
      </trkpt>
      <trkpt lat="35.90919812209904" lon="139.56557379104197">
        <ele>8.11</ele>
      </trkpt>
      <trkpt lat="35.90911388397217" lon="139.5653772354126">
        <ele>8.1</ele>
      </trkpt>
      <trkpt lat="35.90929962694645" lon="139.56520565785468">
        <ele>8.09</ele>
      </trkpt>
      <trkpt lat="35.90948545373976" lon="139.5650341641158">
        <ele>8.08</ele>
      </trkpt>
      <trkpt lat="35.909671783447266" lon="139.56486225128174">
        <ele>8.12</ele>
      </trkpt>
      <trkpt lat="35.90955368243158" lon="139.56463677808642">
        <ele>8.1</ele>
      </trkpt>
      <trkpt lat="35.909435749053955" lon="139.56441164016724">
        <ele>8.08</ele>
      </trkpt>
      <trkpt lat="35.90952157974243" lon="139.56432580947876">
        <ele>8.07</ele>
      </trkpt>
      <trkpt lat="35.909440107643604" lon="139.5641438383609">
        <ele>8.06</ele>
      </trkpt>
      <trkpt lat="35.909439185634255" lon="139.5641417428851">
        <ele>8.07</ele>
      </trkpt>
      <trkpt lat="35.90943826362491" lon="139.56413964740932">
        <ele>8.08</ele>
      </trkpt>
      <trkpt lat="35.909437257796526" lon="139.56413730047643">
        <ele>8.1</ele>
      </trkpt>
      <trkpt lat="35.90943633578718" lon="139.5641351211816">
        <ele>8.12</ele>
      </trkpt>
      <trkpt lat="35.909435246139765" lon="139.5641326904297">
        <ele>8.14</ele>
      </trkpt>
      <trkpt lat="35.909434324130416" lon="139.56413051113486">
        <ele>8.17</ele>
      </trkpt>
      <trkpt lat="35.9094334859401" lon="139.56412858329713">
        <ele>8.19</ele>
      </trkpt>
      <trkpt lat="35.909432312473655" lon="139.56412590108812">
        <ele>8.23</ele>
      </trkpt>
      <trkpt lat="35.909432312473655" lon="139.56412598490715">
        <ele>8.26</ele>
      </trkpt>
      <trkpt lat="35.909311696887016" lon="139.56385608762503">
        <ele>8.29</ele>
      </trkpt>
      <trkpt lat="35.90919116511941" lon="139.56358627416193">
        <ele>8.32</ele>
      </trkpt>
      <trkpt lat="35.90907105244696" lon="139.56331729888916">
        <ele>8.35</ele>
      </trkpt>
      <trkpt lat="35.90926392003894" lon="139.5631564501673">
        <ele>8.45</ele>
      </trkpt>
      <trkpt lat="35.909457290545106" lon="139.56299543380737">
        <ele>8.54</ele>
      </trkpt>
      <trkpt lat="35.90968226082623" lon="139.56281321123242">
        <ele>8.55</ele>
      </trkpt>
      <trkpt lat="35.909907817840576" lon="139.56263065338135">
        <ele>8.57</ele>
      </trkpt>
      <trkpt lat="35.909993732348084" lon="139.56237274222076">
        <ele>8.64</ele>
      </trkpt>
      <trkpt lat="35.91007947921753" lon="139.5621156692505">
        <ele>8.74</ele>
      </trkpt>
      <trkpt lat="35.91014393605292" lon="139.56207275390625">
        <ele>8.82</ele>
      </trkpt>
      <trkpt lat="35.9102725982666" lon="139.562029838562">
        <ele>8.88</ele>
      </trkpt>
      <trkpt lat="35.91044157743454" lon="139.5620612706989">
        <ele>8.92</ele>
      </trkpt>
      <trkpt lat="35.91044400818646" lon="139.5620617736131">
        <ele>8.99</ele>
      </trkpt>
      <trkpt lat="35.91044652275741" lon="139.56206227652729">
        <ele>9.05</ele>
      </trkpt>
      <trkpt lat="35.91044937260449" lon="139.5620628632605">
        <ele>9.11</ele>
      </trkpt>
      <trkpt lat="35.91045188717544" lon="139.5620633661747">
        <ele>9.18</ele>
      </trkpt>
      <trkpt lat="35.91045473702252" lon="139.56206395290792">
        <ele>9.24</ele>
      </trkpt>
      <trkpt lat="35.9104573354125" lon="139.5620644558221">
        <ele>9.3</ele>
      </trkpt>
      <trkpt lat="35.91045976616442" lon="139.5620649587363">
        <ele>9.36</ele>
      </trkpt>
      <trkpt lat="35.910462867468596" lon="139.56206554546952">
        <ele>9.43</ele>
      </trkpt>
      <trkpt lat="35.91061592102051" lon="139.56209421157837">
        <ele>9.47</ele>
      </trkpt>
      <trkpt lat="35.910691022872925" lon="139.56191156990826">
        <ele>9.52</ele>
      </trkpt>
      <trkpt lat="35.91076612472534" lon="139.56172943115234">
        <ele>9.61</ele>
      </trkpt>
      <trkpt lat="35.91076620854437" lon="139.56172943115234">
        <ele>9.67</ele>
      </trkpt>
      <trkpt lat="35.91085195541382" lon="139.56149339675903">
        <ele>9.77</ele>
      </trkpt>
      <trkpt lat="35.91102361679077" lon="139.56130027770996">
        <ele>9.9</ele>
      </trkpt>
      <trkpt lat="35.91108807362616" lon="139.5610960945487">
        <ele>9.92</ele>
      </trkpt>
      <trkpt lat="35.91115244664252" lon="139.5608925819397">
        <ele>9.92</ele>
      </trkpt>
      <trkpt lat="35.911195361986756" lon="139.5606883149594">
        <ele>9.94</ele>
      </trkpt>
      <trkpt lat="35.911238277330995" lon="139.56048488616943">
        <ele>9.97</ele>
      </trkpt>
      <trkpt lat="35.911259735003114" lon="139.56037759780884">
        <ele>10.02</ele>
      </trkpt>
      <trkpt lat="35.91128119267523" lon="139.5603346824646">
        <ele>10.06</ele>
      </trkpt>
      <trkpt lat="35.91132410801947" lon="139.5599691476673">
        <ele>10.11</ele>
      </trkpt>
      <trkpt lat="35.91136702336371" lon="139.55960512161255">
        <ele>10.12</ele>
      </trkpt>
      <trkpt lat="35.91136702336371" lon="139.55958366394043">
        <ele>10.15</ele>
      </trkpt>
      <trkpt lat="35.91134556569159" lon="139.5595622062683">
        <ele>10.17</ele>
      </trkpt>
      <trkpt lat="35.91113300062716" lon="139.5595090650022">
        <ele>10.22</ele>
      </trkpt>
      <trkpt lat="35.91094139032066" lon="139.55946086905897">
        <ele>10.26</ele>
      </trkpt>
      <trkpt lat="35.910938791930676" lon="139.55946028232574">
        <ele>10.28</ele>
      </trkpt>
      <trkpt lat="35.910936277359724" lon="139.55945969559252">
        <ele>10.29</ele>
      </trkpt>
      <trkpt lat="35.910933427512646" lon="139.55945902504027">
        <ele>10.29</ele>
      </trkpt>
      <trkpt lat="35.91093074530363" lon="139.55945835448802">
        <ele>10.3</ele>
      </trkpt>
      <trkpt lat="35.91092781163752" lon="139.55945768393576">
        <ele>10.3</ele>
      </trkpt>
      <trkpt lat="35.91092521324754" lon="139.55945709720254">
        <ele>10.29</ele>
      </trkpt>
      <trkpt lat="35.910922698676586" lon="139.55945651046932">
        <ele>10.29</ele>
      </trkpt>
      <trkpt lat="35.91091959737241" lon="139.55945575609803">
        <ele>10.28</ele>
      </trkpt>
      <trkpt lat="35.910746678709984" lon="139.55941250547767">
        <ele>10.26</ele>
      </trkpt>
      <trkpt lat="35.91057300567627" lon="139.55936908721924">
        <ele>10.25</ele>
      </trkpt>
      <trkpt lat="35.910380221903324" lon="139.55927269533277">
        <ele>10.24</ele>
      </trkpt>
      <trkpt lat="35.91018685139716" lon="139.55917596817017">
        <ele>10.29</ele>
      </trkpt>
      <trkpt lat="35.91047577559948" lon="139.5591866131872">
        <ele>10.2</ele>
      </trkpt>
      <trkpt lat="35.910764783620834" lon="139.55919734202325">
        <ele>10.16</ele>
      </trkpt>
      <trkpt lat="35.91105370782316" lon="139.5592080708593">
        <ele>10.14</ele>
      </trkpt>
      <trkpt lat="35.91134556569159" lon="139.5592188835144">
        <ele>10.12</ele>
      </trkpt>
      <trkpt lat="35.91140264645219" lon="139.55922089517117">
        <ele>10.12</ele>
      </trkpt>
      <trkpt lat="35.91140499338508" lon="139.55922106280923">
        <ele>10.11</ele>
      </trkpt>
      <trkpt lat="35.91140725649893" lon="139.5592212304473">
        <ele>10.11</ele>
      </trkpt>
      <trkpt lat="35.91140993870795" lon="139.55922139808536">
        <ele>10.12</ele>
      </trkpt>
      <trkpt lat="35.91141236945987" lon="139.55922156572342">
        <ele>10.13</ele>
      </trkpt>
      <trkpt lat="35.91141505166888" lon="139.55922173336148">
        <ele>10.15</ele>
      </trkpt>
      <trkpt lat="35.9114174824208" lon="139.55922190099955">
        <ele>10.17</ele>
      </trkpt>
      <trkpt lat="35.91141974553466" lon="139.5592220686376">
        <ele>10.2</ele>
      </trkpt>
      <trkpt lat="35.9114227630198" lon="139.55922223627567">
        <ele>10.23</ele>
      </trkpt>
      <trkpt lat="35.91163038276136" lon="139.55923120491207">
        <ele>10.29</ele>
      </trkpt>
      <trkpt lat="35.91183909215033" lon="139.55924034118652">
        <ele>10.36</ele>
      </trkpt>
      <trkpt lat="35.9121030382812" lon="139.5592117588967">
        <ele>10.4</ele>
      </trkpt>
      <trkpt lat="35.912366984412074" lon="139.5591831766069">
        <ele>10.39</ele>
      </trkpt>
      <trkpt lat="35.91263294219971" lon="139.55915451049805">
        <ele>10.42</ele>
      </trkpt>
      <trkpt lat="35.91278314590454" lon="139.55924034118652">
        <ele>10.53</ele>
      </trkpt>
      <trkpt lat="35.912933349609375" lon="139.55919742584229">
        <ele>10.62</ele>
      </trkpt>
      <trkpt lat="35.913212299346924" lon="139.5591115951538">
        <ele>10.75</ele>
      </trkpt>
      <trkpt lat="35.913354037329555" lon="139.5590367447585">
        <ele>10.88</ele>
      </trkpt>
      <trkpt lat="35.91335638426244" lon="139.55903557129204">
        <ele>10.98</ele>
      </trkpt>
      <trkpt lat="35.91335873119533" lon="139.5590343978256">
        <ele>11.08</ele>
      </trkpt>
      <trkpt lat="35.913361329585314" lon="139.5590330567211">
        <ele>11.18</ele>
      </trkpt>
      <trkpt lat="35.91336376033723" lon="139.55903179943562">
        <ele>11.29</ele>
      </trkpt>
      <trkpt lat="35.91336635872722" lon="139.5590304583311">
        <ele>11.39</ele>
      </trkpt>
      <trkpt lat="35.91336878947914" lon="139.55902920104563">
        <ele>11.5</ele>
      </trkpt>
      <trkpt lat="35.91337105259299" lon="139.5590280275792">
        <ele>11.62</ele>
      </trkpt>
      <trkpt lat="35.9133739862591" lon="139.55902651883662">
        <ele>11.73</ele>
      </trkpt>
      <trkpt lat="35.913591496646404" lon="139.5589120220393">
        <ele>11.88</ele>
      </trkpt>
      <trkpt lat="35.913809007033706" lon="139.55879752524197">
        <ele>11.99</ele>
      </trkpt>
      <trkpt lat="35.91402777470648" lon="139.55868244171143">
        <ele>12.1</ele>
      </trkpt>
      <trkpt lat="35.9141565207392" lon="139.55859661102295">
        <ele>12.18</ele>
      </trkpt>
      <trkpt lat="35.914156436920166" lon="139.55859661102295">
        <ele>12.29</ele>
      </trkpt>
      <trkpt lat="35.914399260655046" lon="139.55842872150242">
        <ele>12.33</ele>
      </trkpt>
      <trkpt lat="35.91464216820896" lon="139.5582608319819">
        <ele>12.41</ele>
      </trkpt>
      <trkpt lat="35.914884991943836" lon="139.5580930262804">
        <ele>12.6</ele>
      </trkpt>
      <trkpt lat="35.91512789949775" lon="139.55792513675988">
        <ele>12.82</ele>
      </trkpt>
      <trkpt lat="35.91537072323263" lon="139.55775733105838">
        <ele>12.94</ele>
      </trkpt>
      <trkpt lat="35.9156156424433" lon="139.55758810043335">
        <ele>12.95</ele>
      </trkpt>
      <trkpt lat="35.91585125774145" lon="139.55742733553052">
        <ele>13.01</ele>
      </trkpt>
      <trkpt lat="35.91608762741089" lon="139.55726623535156">
        <ele>13.08</ele>
      </trkpt>
      <trkpt lat="35.91628074645996" lon="139.5570731163025">
        <ele>13.1</ele>
      </trkpt>
      <trkpt lat="35.91654016636312" lon="139.556886786595">
        <ele>13.08</ele>
      </trkpt>
      <trkpt lat="35.91679958626628" lon="139.55670054070652">
        <ele>13.24</ele>
      </trkpt>
      <trkpt lat="35.91704056598246" lon="139.5565268676728">
        <ele>13.38</ele>
      </trkpt>
      <trkpt lat="35.91704282909632" lon="139.5565252751112">
        <ele>13.44</ele>
      </trkpt>
      <trkpt lat="35.917045092210174" lon="139.5565236825496">
        <ele>13.49</ele>
      </trkpt>
      <trkpt lat="35.91704769060016" lon="139.55652192234993">
        <ele>13.54</ele>
      </trkpt>
      <trkpt lat="35.917050037533045" lon="139.55652032978833">
        <ele>13.58</ele>
      </trkpt>
      <trkpt lat="35.91705263592303" lon="139.55651856958866">
        <ele>13.62</ele>
      </trkpt>
      <trkpt lat="35.917054982855916" lon="139.55651697702706">
        <ele>13.66</ele>
      </trkpt>
      <trkpt lat="35.91705724596977" lon="139.5565154682845">
        <ele>13.68</ele>
      </trkpt>
      <trkpt lat="35.91706009581685" lon="139.55651354044676">
        <ele>13.71</ele>
      </trkpt>
      <trkpt lat="35.91708649881184" lon="139.55657187849283">
        <ele>13.73</ele>
      </trkpt>
      <trkpt lat="35.91708758845925" lon="139.55657430924475">
        <ele>13.74</ele>
      </trkpt>
      <trkpt lat="35.917088678106666" lon="139.55657673999667">
        <ele>13.75</ele>
      </trkpt>
      <trkpt lat="35.91708993539214" lon="139.55657950602472">
        <ele>13.76</ele>
      </trkpt>
      <trkpt lat="35.917091108858585" lon="139.55658202059567">
        <ele>13.77</ele>
      </trkpt>
      <trkpt lat="35.91709236614406" lon="139.55658478662372">
        <ele>13.78</ele>
      </trkpt>
      <trkpt lat="35.917093539610505" lon="139.55658721737564">
        <ele>13.78</ele>
      </trkpt>
      <trkpt lat="35.917094545438886" lon="139.55658939667046">
        <ele>13.78</ele>
      </trkpt>
      <trkpt lat="35.917095970362425" lon="139.55659249797463">
        <ele>13.78</ele>
      </trkpt>
      <trkpt lat="35.91738506220281" lon="139.55643743276596">
        <ele>13.77</ele>
      </trkpt>
      <trkpt lat="35.91743292286992" lon="139.5564113650471">
        <ele>13.77</ele>
      </trkpt>
      <trkpt lat="35.91743518598378" lon="139.55641019158065">
        <ele>13.77</ele>
      </trkpt>
      <trkpt lat="35.91743744909763" lon="139.5564090181142">
        <ele>13.76</ele>
      </trkpt>
      <trkpt lat="35.917439963668585" lon="139.5564076770097">
        <ele>13.77</ele>
      </trkpt>
      <trkpt lat="35.91744231060147" lon="139.55640650354326">
        <ele>13.77</ele>
      </trkpt>
      <trkpt lat="35.917444825172424" lon="139.55640516243875">
        <ele>13.77</ele>
      </trkpt>
      <trkpt lat="35.91744717210531" lon="139.5564039889723">
        <ele>13.78</ele>
      </trkpt>
      <trkpt lat="35.91744935140014" lon="139.5564028993249">
        <ele>13.79</ele>
      </trkpt>
      <trkpt lat="35.917452201247215" lon="139.55640147440135">
        <ele>13.8</ele>
      </trkpt>
      <trkpt lat="35.917719500139356" lon="139.55629024654627">
        <ele>13.81</ele>
      </trkpt>
      <trkpt lat="35.917722349986434" lon="139.55628915689886">
        <ele>13.83</ele>
      </trkpt>
      <trkpt lat="35.91772519983351" lon="139.55628806725144">
        <ele>13.85</ele>
      </trkpt>
      <trkpt lat="35.917728301137686" lon="139.55628680996597">
        <ele>13.88</ele>
      </trkpt>
      <trkpt lat="35.917731234803796" lon="139.55628563649952">
        <ele>13.92</ele>
      </trkpt>
      <trkpt lat="35.91773433610797" lon="139.55628437921405">
        <ele>13.96</ele>
      </trkpt>
      <trkpt lat="35.91773726977408" lon="139.5562832057476">
        <ele>14.0</ele>
      </trkpt>
      <trkpt lat="35.917740035802126" lon="139.5562821161002">
        <ele>14.04</ele>
      </trkpt>
      <trkpt lat="35.917743472382426" lon="139.55628077499568">
        <ele>14.1</ele>
      </trkpt>
      <trkpt lat="35.91787842102349" lon="139.5561769232154">
        <ele>14.17</ele>
      </trkpt>
      <trkpt lat="35.917880767956376" lon="139.55617524683475">
        <ele>14.23</ele>
      </trkpt>
      <trkpt lat="35.917883114889264" lon="139.55617357045412">
        <ele>14.3</ele>
      </trkpt>
      <trkpt lat="35.917885629460216" lon="139.55617172643542">
        <ele>14.36</ele>
      </trkpt>
      <trkpt lat="35.917887976393104" lon="139.55616996623576">
        <ele>14.43</ele>
      </trkpt>
      <trkpt lat="35.917890490964055" lon="139.55616812221706">
        <ele>14.51</ele>
      </trkpt>
      <trkpt lat="35.91789283789694" lon="139.5561663620174">
        <ele>14.59</ele>
      </trkpt>
      <trkpt lat="35.91789501719177" lon="139.5561647694558">
        <ele>14.66</ele>
      </trkpt>
      <trkpt lat="35.917897783219814" lon="139.55616267398">
        <ele>14.74</ele>
      </trkpt>
      <trkpt lat="35.9179778303951" lon="139.55600643530488">
        <ele>14.86</ele>
      </trkpt>
      <trkpt lat="35.91797917149961" lon="139.55600392073393">
        <ele>14.94</ele>
      </trkpt>
      <trkpt lat="35.91798051260412" lon="139.556001489982">
        <ele>15.02</ele>
      </trkpt>
      <trkpt lat="35.91798202134669" lon="139.55599872395396">
        <ele>15.1</ele>
      </trkpt>
      <trkpt lat="35.917983362451196" lon="139.555996209383">
        <ele>15.19</ele>
      </trkpt>
      <trkpt lat="35.91798487119377" lon="139.55599344335496">
        <ele>15.26</ele>
      </trkpt>
      <trkpt lat="35.917986212298274" lon="139.555990928784">
        <ele>15.34</ele>
      </trkpt>
      <trkpt lat="35.91798746958375" lon="139.55598858185112">
        <ele>15.42</ele>
      </trkpt>
      <trkpt lat="35.91798906214535" lon="139.55598564818501">
        <ele>15.49</ele>
      </trkpt>
      <trkpt lat="35.918003814294934" lon="139.55581901594996">
        <ele>15.59</ele>
      </trkpt>
      <trkpt lat="35.91800414957106" lon="139.5558161661029">
        <ele>15.66</ele>
      </trkpt>
      <trkpt lat="35.91800448484719" lon="139.5558133162558">
        <ele>15.71</ele>
      </trkpt>
      <trkpt lat="35.918004820123315" lon="139.5558101311326">
        <ele>15.76</ele>
      </trkpt>
      <trkpt lat="35.91800515539944" lon="139.55580728128552">
        <ele>15.81</ele>
      </trkpt>
      <trkpt lat="35.91800549067557" lon="139.55580409616232">
        <ele>15.85</ele>
      </trkpt>
      <trkpt lat="35.918005825951695" lon="139.55580124631524">
        <ele>15.88</ele>
      </trkpt>
      <trkpt lat="35.91800607740879" lon="139.55579856410623">
        <ele>15.9</ele>
      </trkpt>
      <trkpt lat="35.91800641268492" lon="139.55579521134496">
        <ele>15.91</ele>
      </trkpt>
      <trkpt lat="35.91791328974068" lon="139.55542473122478">
        <ele>15.92</ele>
      </trkpt>
      <trkpt lat="35.91783584095538" lon="139.5551171991974">
        <ele>15.93</ele>
      </trkpt>
      <trkpt lat="35.91783517040312" lon="139.5551145169884">
        <ele>15.92</ele>
      </trkpt>
      <trkpt lat="35.91783449985087" lon="139.55511183477938">
        <ele>15.9</ele>
      </trkpt>
      <trkpt lat="35.917833829298615" lon="139.55510890111327">
        <ele>15.87</ele>
      </trkpt>
      <trkpt lat="35.91783315874636" lon="139.55510621890426">
        <ele>15.83</ele>
      </trkpt>
      <trkpt lat="35.917832404375076" lon="139.55510328523815">
        <ele>15.78</ele>
      </trkpt>
      <trkpt lat="35.91783173382282" lon="139.55510060302913">
        <ele>15.73</ele>
      </trkpt>
      <trkpt lat="35.9178311470896" lon="139.55509808845818">
        <ele>15.66</ele>
      </trkpt>
      <trkpt lat="35.917830392718315" lon="139.555094987154">
        <ele>15.59</ele>
      </trkpt>
      <trkpt lat="35.91771933250129" lon="139.55473205074668">
        <ele>15.48</ele>
      </trkpt>
      <trkpt lat="35.91765261255205" lon="139.5545148756355">
        <ele>15.36</ele>
      </trkpt>
      <trkpt lat="35.91765177436173" lon="139.55451202578843">
        <ele>15.26</ele>
      </trkpt>
      <trkpt lat="35.91765093617141" lon="139.55450917594135">
        <ele>15.16</ele>
      </trkpt>
      <trkpt lat="35.917650014162064" lon="139.5545061584562">
        <ele>15.05</ele>
      </trkpt>
      <trkpt lat="35.917649175971746" lon="139.55450330860913">
        <ele>14.93</ele>
      </trkpt>
      <trkpt lat="35.9176482539624" lon="139.55450020730495">
        <ele>14.81</ele>
      </trkpt>
      <trkpt lat="35.91764741577208" lon="139.55449735745788">
        <ele>14.69</ele>
      </trkpt>
      <trkpt lat="35.917646661400795" lon="139.55449467524886">
        <ele>14.56</ele>
      </trkpt>
      <trkpt lat="35.917645655572414" lon="139.55449140630662">
        <ele>14.42</ele>
      </trkpt>
      <trkpt lat="35.91754582710564" lon="139.55412352457643">
        <ele>14.29</ele>
      </trkpt>
      <trkpt lat="35.917506432160735" lon="139.55397952347994">
        <ele>14.13</ele>
      </trkpt>
      <trkpt lat="35.91750567778945" lon="139.5539765059948">
        <ele>13.99</ele>
      </trkpt>
      <trkpt lat="35.917504923418164" lon="139.5539735723287">
        <ele>13.84</ele>
      </trkpt>
      <trkpt lat="35.91750408522785" lon="139.55397030338645">
        <ele>13.69</ele>
      </trkpt>
      <trkpt lat="35.91750333085656" lon="139.5539672859013">
        <ele>13.54</ele>
      </trkpt>
      <trkpt lat="35.917502492666245" lon="139.5539641007781">
        <ele>13.39</ele>
      </trkpt>
      <trkpt lat="35.91750173829496" lon="139.55396108329296">
        <ele>13.24</ele>
      </trkpt>
      <trkpt lat="35.917500983923674" lon="139.55395831726491">
        <ele>13.09</ele>
      </trkpt>
      <trkpt lat="35.917500061914325" lon="139.55395479686558">
        <ele>12.94</ele>
      </trkpt>
      <trkpt lat="35.91738003306091" lon="139.5535962190479">
        <ele>12.73</ele>
      </trkpt>
      <trkpt lat="35.917260088026524" lon="139.5532375574112">
        <ele>12.56</ele>
      </trkpt>
      <trkpt lat="35.91717291623354" lon="139.55297738313675">
        <ele>12.39</ele>
      </trkpt>
      <trkpt lat="35.91717199422419" lon="139.5529746171087">
        <ele>12.25</ele>
      </trkpt>
      <trkpt lat="35.91717107221484" lon="139.55297185108066">
        <ele>12.11</ele>
      </trkpt>
      <trkpt lat="35.91717006638646" lon="139.55296874977648">
        <ele>11.98</ele>
      </trkpt>
      <trkpt lat="35.91716914437711" lon="139.55296598374844">
        <ele>11.85</ele>
      </trkpt>
      <trkpt lat="35.91716813854873" lon="139.5529629662633">
        <ele>11.72</ele>
      </trkpt>
      <trkpt lat="35.91716721653938" lon="139.55296011641622">
        <ele>11.61</ele>
      </trkpt>
      <trkpt lat="35.917166378349066" lon="139.55295751802623">
        <ele>11.49</ele>
      </trkpt>
      <trkpt lat="35.91716528870165" lon="139.55295416526496">
        <ele>11.38</ele>
      </trkpt>
      <trkpt lat="35.91705322265625" lon="139.55259173177183">
        <ele>11.26</ele>
      </trkpt>
      <trkpt lat="35.91694115661085" lon="139.55222921445966">
        <ele>11.18</ele>
      </trkpt>
      <trkpt lat="35.91682909056544" lon="139.5518666971475">
        <ele>11.11</ele>
      </trkpt>
      <trkpt lat="35.916777374222875" lon="139.55169964581728">
        <ele>11.03</ele>
      </trkpt>
      <trkpt lat="35.916776452213526" lon="139.55169662833214">
        <ele>10.94</ele>
      </trkpt>
      <trkpt lat="35.91677553020418" lon="139.55169352702796">
        <ele>10.86</ele>
      </trkpt>
      <trkpt lat="35.916774524375796" lon="139.55169025808573">
        <ele>10.78</ele>
      </trkpt>
      <trkpt lat="35.91677360236645" lon="139.5516872406006">
        <ele>10.7</ele>
      </trkpt>
      <trkpt lat="35.91677259653807" lon="139.55168397165835">
        <ele>10.63</ele>
      </trkpt>
      <trkpt lat="35.91677167452872" lon="139.5516809541732">
        <ele>10.56</ele>
      </trkpt>
      <trkpt lat="35.9167708363384" lon="139.55167810432613">
        <ele>10.5</ele>
      </trkpt>
      <trkpt lat="35.91676974669099" lon="139.55167450010777">
        <ele>10.43</ele>
      </trkpt>
      <trkpt lat="35.916655166074634" lon="139.55131324008107">
        <ele>10.38</ele>
      </trkpt>
      <trkpt lat="35.91654058545828" lon="139.55095189623535">
        <ele>10.32</ele>
      </trkpt>
      <trkpt lat="35.916426004841924" lon="139.55059063620865">
        <ele>10.26</ele>
      </trkpt>
      <trkpt lat="35.91631142422557" lon="139.55022937618196">
        <ele>10.17</ele>
      </trkpt>
      <trkpt lat="35.916196843609214" lon="139.54986803233624">
        <ele>10.08</ele>
      </trkpt>
      <trkpt lat="35.91608444228768" lon="139.54951414838433">
        <ele>10.01</ele>
      </trkpt>
      <trkpt lat="35.916083604097366" lon="139.54951129853725">
        <ele>9.98</ele>
      </trkpt>
      <trkpt lat="35.91608276590705" lon="139.54950844869018">
        <ele>9.96</ele>
      </trkpt>
      <trkpt lat="35.91608226299286" lon="139.54950677230954">
        <ele>9.95</ele>
      </trkpt>
      <trkpt lat="35.91608176007867" lon="139.549505347386">
        <ele>9.94</ele>
      </trkpt>
      <trkpt lat="35.91608075425029" lon="139.54950207844377">
        <ele>9.93</ele>
      </trkpt>
      <trkpt lat="35.916079580783844" lon="139.5494984742254">
        <ele>9.94</ele>
      </trkpt>
      <trkpt lat="35.91607857495546" lon="139.54949512146413">
        <ele>9.95</ele>
      </trkpt>
      <trkpt lat="35.91607756912708" lon="139.54949202015996">
        <ele>9.96</ele>
      </trkpt>
      <trkpt lat="35.91607639566064" lon="139.54948808066547">
        <ele>9.98</ele>
      </trkpt>
      <trkpt lat="35.915958965197206" lon="139.54912816174328">
        <ele>9.96</ele>
      </trkpt>
      <trkpt lat="35.91584153473377" lon="139.5487682428211">
        <ele>10.04</ele>
      </trkpt>
      <trkpt lat="35.91572418808937" lon="139.5484083238989">
        <ele>10.12</ele>
      </trkpt>
      <trkpt lat="35.91560675762594" lon="139.54804840497673">
        <ele>10.2</ele>
      </trkpt>
      <trkpt lat="35.915489410981536" lon="139.54768848605454">
        <ele>10.35</ele>
      </trkpt>
      <trkpt lat="35.9153719805181" lon="139.54732856713235">
        <ele>10.39</ele>
      </trkpt>
      <trkpt lat="35.91527114622295" lon="139.54702011309564">
        <ele>10.35</ele>
      </trkpt>
      <trkpt lat="35.9152702242136" lon="139.54701717942953">
        <ele>10.37</ele>
      </trkpt>
      <trkpt lat="35.91526930220425" lon="139.54701432958245">
        <ele>10.39</ele>
      </trkpt>
      <trkpt lat="35.91526829637587" lon="139.54701114445925">
        <ele>10.41</ele>
      </trkpt>
      <trkpt lat="35.91526737436652" lon="139.54700821079314">
        <ele>10.42</ele>
      </trkpt>
      <trkpt lat="35.91526636853814" lon="139.54700502566993">
        <ele>10.42</ele>
      </trkpt>
      <trkpt lat="35.91526544652879" lon="139.54700209200382">
        <ele>10.42</ele>
      </trkpt>
      <trkpt lat="35.915264608338475" lon="139.5469994097948">
        <ele>10.42</ele>
      </trkpt>
      <trkpt lat="35.91526343487203" lon="139.54699580557644">
        <ele>10.42</ele>
      </trkpt>
      <trkpt lat="35.91514860279858" lon="139.5466347131878">
        <ele>10.34</ele>
      </trkpt>
      <trkpt lat="35.91503377072513" lon="139.54627353698015">
        <ele>10.3</ele>
      </trkpt>
      <trkpt lat="35.91491893865168" lon="139.5459123607725">
        <ele>10.19</ele>
      </trkpt>
      <trkpt lat="35.91480419039726" lon="139.54555118456483">
        <ele>10.1</ele>
      </trkpt>
      <trkpt lat="35.91468935832381" lon="139.54519000835717">
        <ele>9.93</ele>
      </trkpt>
      <trkpt lat="35.91457452625036" lon="139.5448288321495">
        <ele>9.91</ele>
      </trkpt>
      <trkpt lat="35.91445969417691" lon="139.54446765594184">
        <ele>10.05</ele>
      </trkpt>
      <trkpt lat="35.91434486210346" lon="139.5441065635532">
        <ele>10.16</ele>
      </trkpt>
      <trkpt lat="35.914230113849044" lon="139.54374538734555">
        <ele>10.27</ele>
      </trkpt>
      <trkpt lat="35.91414051130414" lon="139.54346476122737">
        <ele>10.33</ele>
      </trkpt>
      <trkpt lat="35.91413958929479" lon="139.54346174374223">
        <ele>10.33</ele>
      </trkpt>
      <trkpt lat="35.91413866728544" lon="139.5434587262571">
        <ele>10.31</ele>
      </trkpt>
      <trkpt lat="35.91413766145706" lon="139.54345545731485">
        <ele>10.3</ele>
      </trkpt>
      <trkpt lat="35.91413673944771" lon="139.5434524398297">
        <ele>10.27</ele>
      </trkpt>
      <trkpt lat="35.91413573361933" lon="139.54344908706844">
        <ele>10.25</ele>
      </trkpt>
      <trkpt lat="35.91413481160998" lon="139.5434460695833">
        <ele>10.21</ele>
      </trkpt>
      <trkpt lat="35.914133973419666" lon="139.54344321973622">
        <ele>10.17</ele>
      </trkpt>
      <trkpt lat="35.914132883772254" lon="139.54343961551785">
        <ele>10.13</ele>
      </trkpt>
      <trkpt lat="35.91383934952319" lon="139.54358160495758">
        <ele>10.03</ele>
      </trkpt>
      <trkpt lat="35.91354581527412" lon="139.5437235943973">
        <ele>9.9</ele>
      </trkpt>
      <trkpt lat="35.913453279063106" lon="139.54376801848412">
        <ele>9.83</ele>
      </trkpt>
      <trkpt lat="35.913450345396996" lon="139.54376944340765">
        <ele>9.77</ele>
      </trkpt>
      <trkpt lat="35.913447411730886" lon="139.54377095215023">
        <ele>9.71</ele>
      </trkpt>
      <trkpt lat="35.91344431042671" lon="139.54377254471183">
        <ele>9.65</ele>
      </trkpt>
      <trkpt lat="35.91344129294157" lon="139.5437740534544">
        <ele>9.59</ele>
      </trkpt>
      <trkpt lat="35.91343802399933" lon="139.543775646016">
        <ele>9.53</ele>
      </trkpt>
      <trkpt lat="35.91343500651419" lon="139.54377715475857">
        <ele>9.47</ele>
      </trkpt>
      <trkpt lat="35.91343215666711" lon="139.5437785796821">
        <ele>9.41</ele>
      </trkpt>
      <trkpt lat="35.91342863626778" lon="139.54378033988178">
        <ele>9.35</ele>
      </trkpt>
      <trkpt lat="35.913267536088824" lon="139.5438607223332">
        <ele>9.27</ele>
      </trkpt>
      <trkpt lat="35.91326443478465" lon="139.5438623148948">
        <ele>9.22</ele>
      </trkpt>
      <trkpt lat="35.91326133348048" lon="139.5438639074564">
        <ele>9.17</ele>
      </trkpt>
      <trkpt lat="35.91325806453824" lon="139.54386558383703">
        <ele>9.13</ele>
      </trkpt>
      <trkpt lat="35.913254879415035" lon="139.54386726021767">
        <ele>9.1</ele>
      </trkpt>
      <trkpt lat="35.91325152665377" lon="139.54386902041733">
        <ele>9.07</ele>
      </trkpt>
      <trkpt lat="35.91324834153056" lon="139.54387069679797">
        <ele>9.04</ele>
      </trkpt>
      <trkpt lat="35.91324540786445" lon="139.54387228935957">
        <ele>9.03</ele>
      </trkpt>
      <trkpt lat="35.913241719827056" lon="139.5438742171973">
        <ele>9.01</ele>
      </trkpt>
      <trkpt lat="35.913255801424384" lon="139.54393087886274">
        <ele>9.01</ele>
      </trkpt>
      <trkpt lat="35.91325672343373" lon="139.54393431544304">
        <ele>9.02</ele>
      </trkpt>
      <trkpt lat="35.91325764544308" lon="139.54393783584237">
        <ele>9.02</ele>
      </trkpt>
      <trkpt lat="35.91325865127146" lon="139.5439416076988">
        <ele>9.04</ele>
      </trkpt>
      <trkpt lat="35.91325957328081" lon="139.54394521191716">
        <ele>9.06</ele>
      </trkpt>
      <trkpt lat="35.91326057910919" lon="139.5439489837736">
        <ele>9.08</ele>
      </trkpt>
      <trkpt lat="35.91326150111854" lon="139.54395250417292">
        <ele>9.11</ele>
      </trkpt>
      <trkpt lat="35.91326233930886" lon="139.5439558569342">
        <ele>9.15</ele>
      </trkpt>
      <trkpt lat="35.91326342895627" lon="139.54396004788578">
        <ele>9.19</ele>
      </trkpt>
      <trkpt lat="35.913444478064775" lon="139.54387798905373">
        <ele>9.29</ele>
      </trkpt>
      <trkpt lat="35.913447830826044" lon="139.5438765641302">
        <ele>9.34</ele>
      </trkpt>
      <trkpt lat="35.91345118358731" lon="139.54387513920665">
        <ele>9.4</ele>
      </trkpt>
      <trkpt lat="35.913454703986645" lon="139.54387363046408">
        <ele>9.45</ele>
      </trkpt>
      <trkpt lat="35.913458140566945" lon="139.5438721217215">
        <ele>9.51</ele>
      </trkpt>
      <trkpt lat="35.91346166096628" lon="139.54387061297894">
        <ele>9.56</ele>
      </trkpt>
      <trkpt lat="35.913465013727546" lon="139.5438691880554">
        <ele>9.62</ele>
      </trkpt>
      <trkpt lat="35.91346819885075" lon="139.5438678469509">
        <ele>9.68</ele>
      </trkpt>
      <trkpt lat="35.91347213834524" lon="139.54386617057025">
        <ele>9.74</ele>
      </trkpt>
      <trkpt lat="35.9137645829469" lon="139.5437209121883">
        <ele>9.84</ele>
      </trkpt>
      <trkpt lat="35.91405702754855" lon="139.54357565380633">
        <ele>9.97</ele>
      </trkpt>
      <trkpt lat="35.91434955596924" lon="139.54343039542437">
        <ele>10.01</ele>
      </trkpt>
      <trkpt lat="35.91454653069377" lon="139.54333207570016">
        <ele>9.97</ele>
      </trkpt>
      <trkpt lat="35.914549799636006" lon="139.54333048313856">
        <ele>10.02</ele>
      </trkpt>
      <trkpt lat="35.914553152397275" lon="139.54332889057696">
        <ele>10.07</ele>
      </trkpt>
      <trkpt lat="35.914556588977575" lon="139.54332721419632">
        <ele>10.12</ele>
      </trkpt>
      <trkpt lat="35.914559941738844" lon="139.54332562163472">
        <ele>10.16</ele>
      </trkpt>
      <trkpt lat="35.91456354595721" lon="139.5433239452541">
        <ele>10.21</ele>
      </trkpt>
      <trkpt lat="35.91456698253751" lon="139.54332235269248">
        <ele>10.25</ele>
      </trkpt>
      <trkpt lat="35.91457016766071" lon="139.5433208439499">
        <ele>10.29</ele>
      </trkpt>
      <trkpt lat="35.914574107155204" lon="139.54331891611218">
        <ele>10.33</ele>
      </trkpt>
      <trkpt lat="35.91480108909309" lon="139.54304960556328">
        <ele>10.35</ele>
      </trkpt>
      <trkpt lat="35.914889350533485" lon="139.54294432885945">
        <ele>10.41</ele>
      </trkpt>
      <trkpt lat="35.91489169746637" lon="139.54294164665043">
        <ele>10.44</ele>
      </trkpt>
      <trkpt lat="35.91489396058023" lon="139.54293896444142">
        <ele>10.47</ele>
      </trkpt>
      <trkpt lat="35.91489647515118" lon="139.54293611459434">
        <ele>10.5</ele>
      </trkpt>
      <trkpt lat="35.91489882208407" lon="139.5429333485663">
        <ele>10.52</ele>
      </trkpt>
      <trkpt lat="35.91490142047405" lon="139.54293041490018">
        <ele>10.55</ele>
      </trkpt>
      <trkpt lat="35.91490376740694" lon="139.54292773269117">
        <ele>10.57</ele>
      </trkpt>
      <trkpt lat="35.9149060305208" lon="139.54292513430119">
        <ele>10.59</ele>
      </trkpt>
      <trkpt lat="35.914908880367875" lon="139.54292186535895">
        <ele>10.6</ele>
      </trkpt>
      <trkpt lat="35.915197217836976" lon="139.54276462085545">
        <ele>10.76</ele>
      </trkpt>
      <trkpt lat="35.91548555530608" lon="139.54260737635195">
        <ele>10.79</ele>
      </trkpt>
      <trkpt lat="35.91577389277518" lon="139.54245013184845">
        <ele>10.73</ele>
      </trkpt>
      <trkpt lat="35.91598302125931" lon="139.5423355512321">
        <ele>10.64</ele>
      </trkpt>
      <trkpt lat="35.91598637402058" lon="139.54233379103243">
        <ele>10.64</ele>
      </trkpt>
      <trkpt lat="35.91598964296281" lon="139.54233203083277">
        <ele>10.65</ele>
      </trkpt>
      <trkpt lat="35.915993163362145" lon="139.54233018681407">
        <ele>10.65</ele>
      </trkpt>
      <trkpt lat="35.915996599942446" lon="139.5423284266144">
        <ele>10.66</ele>
      </trkpt>
      <trkpt lat="35.91600020416081" lon="139.54232649877667">
        <ele>10.66</ele>
      </trkpt>
      <trkpt lat="35.91600364074111" lon="139.542324738577">
        <ele>10.67</ele>
      </trkpt>
      <trkpt lat="35.91600690968335" lon="139.54232297837734">
        <ele>10.68</ele>
      </trkpt>
      <trkpt lat="35.91601084917784" lon="139.54232088290155">
        <ele>10.69</ele>
      </trkpt>
      <trkpt lat="35.91630597598851" lon="139.5421838387847">
        <ele>10.61</ele>
      </trkpt>
      <trkpt lat="35.916601018980145" lon="139.54204679466784">
        <ele>10.68</ele>
      </trkpt>
      <trkpt lat="35.916896145790815" lon="139.54190983437002">
        <ele>10.78</ele>
      </trkpt>
      <trkpt lat="35.9170626103878" lon="139.54183196648955">
        <ele>10.8</ele>
      </trkpt>
      <trkpt lat="35.9170660469681" lon="139.54183045774698">
        <ele>10.83</ele>
      </trkpt>
      <trkpt lat="35.91706939972937" lon="139.5418289490044">
        <ele>10.86</ele>
      </trkpt>
      <trkpt lat="35.917073003947735" lon="139.5418273564428">
        <ele>10.9</ele>
      </trkpt>
      <trkpt lat="35.91707652434707" lon="139.5418257638812">
        <ele>10.94</ele>
      </trkpt>
      <trkpt lat="35.91708021238446" lon="139.54182408750057">
        <ele>10.99</ele>
      </trkpt>
      <trkpt lat="35.91708364896476" lon="139.541822578758">
        <ele>11.04</ele>
      </trkpt>
      <trkpt lat="35.91708700172603" lon="139.54182107001543">
        <ele>11.09</ele>
      </trkpt>
      <trkpt lat="35.917091108858585" lon="139.54181922599673">
        <ele>11.14</ele>
      </trkpt>
      <trkpt lat="35.917387744411826" lon="139.54168746247888">
        <ele>11.15</ele>
      </trkpt>
      <trkpt lat="35.9176844637841" lon="139.54155569896102">
        <ele>11.28</ele>
      </trkpt>
      <trkpt lat="35.91798109933734" lon="139.54142393544316">
        <ele>11.4</ele>
      </trkpt>
      <trkpt lat="35.91827773489058" lon="139.5412921719253">
        <ele>11.46</ele>
      </trkpt>
      <trkpt lat="35.918427435681224" lon="139.541225284338">
        <ele>11.55</ele>
      </trkpt>
      <trkpt lat="35.918430872261524" lon="139.54122377559543">
        <ele>11.62</ele>
      </trkpt>
      <trkpt lat="35.91843422502279" lon="139.5412223506719">
        <ele>11.69</ele>
      </trkpt>
      <trkpt lat="35.91843791306019" lon="139.54122075811028">
        <ele>11.75</ele>
      </trkpt>
      <trkpt lat="35.91844134964049" lon="139.5412192493677">
        <ele>11.82</ele>
      </trkpt>
      <trkpt lat="35.918445121496916" lon="139.5412176568061">
        <ele>11.88</ele>
      </trkpt>
      <trkpt lat="35.91844864189625" lon="139.54121614806354">
        <ele>11.94</ele>
      </trkpt>
      <trkpt lat="35.91845199465752" lon="139.54121472314">
        <ele>12.01</ele>
      </trkpt>
      <trkpt lat="35.91845610179007" lon="139.54121296294034">
        <ele>12.07</ele>
      </trkpt>
      <trkpt lat="35.91875709593296" lon="139.54109695740044">
        <ele>12.2</ele>
      </trkpt>
      <trkpt lat="35.91905809007585" lon="139.54098095186055">
        <ele>12.14</ele>
      </trkpt>
      <trkpt lat="35.91935908421874" lon="139.54086494632065">
        <ele>12.11</ele>
      </trkpt>
      <trkpt lat="35.91966007836163" lon="139.54074894078076">
        <ele>12.14</ele>
      </trkpt>
      <trkpt lat="35.91996107250452" lon="139.54063293524086">
        <ele>12.2</ele>
      </trkpt>
      <trkpt lat="35.92026206664741" lon="139.54051701352">
        <ele>12.26</ele>
      </trkpt>
      <trkpt lat="35.92054897919297" lon="139.5404062885791">
        <ele>12.33</ele>
      </trkpt>
      <trkpt lat="35.9205527510494" lon="139.54040486365557">
        <ele>12.39</ele>
      </trkpt>
      <trkpt lat="35.92055660672486" lon="139.54040343873203">
        <ele>12.44</ele>
      </trkpt>
      <trkpt lat="35.92056063003838" lon="139.54040192998946">
        <ele>12.5</ele>
      </trkpt>
      <trkpt lat="35.9205630607903" lon="139.5404010079801">
        <ele>12.56</ele>
      </trkpt>
      <trkpt lat="35.92056448571384" lon="139.54040033742785">
        <ele>12.61</ele>
      </trkpt>
      <trkpt lat="35.92056792229414" lon="139.54039899632335">
        <ele>12.66</ele>
      </trkpt>
      <trkpt lat="35.92057127505541" lon="139.54039773903787">
        <ele>12.7</ele>
      </trkpt>
      <trkpt lat="35.92057437635958" lon="139.54039656557143">
        <ele>12.74</ele>
      </trkpt>
      <trkpt lat="35.92057831585407" lon="139.54039505682886">
        <ele>12.77</ele>
      </trkpt>
      <trkpt lat="35.92088157311082" lon="139.54028835520148">
        <ele>12.81</ele>
      </trkpt>
      <trkpt lat="35.921184830367565" lon="139.54018173739314">
        <ele>12.92</ele>
      </trkpt>
      <trkpt lat="35.92148808762431" lon="139.54007503576577">
        <ele>12.88</ele>
      </trkpt>
      <trkpt lat="35.92179134488106" lon="139.5399683341384">
        <ele>12.99</ele>
      </trkpt>
      <trkpt lat="35.922094602137804" lon="139.53986163251102">
        <ele>13.07</ele>
      </trkpt>
      <trkpt lat="35.92210575006902" lon="139.53985744155943">
        <ele>13.01</ele>
      </trkpt>
      <trkpt lat="35.92210901901126" lon="139.539856268093">
        <ele>12.94</ele>
      </trkpt>
      <trkpt lat="35.922112287953496" lon="139.53985509462655">
        <ele>12.85</ele>
      </trkpt>
      <trkpt lat="35.92211580835283" lon="139.5398539211601">
        <ele>12.74</ele>
      </trkpt>
      <trkpt lat="35.92211924493313" lon="139.53985274769366">
        <ele>12.6</ele>
      </trkpt>
      <trkpt lat="35.92212284915149" lon="139.53985149040818">
        <ele>12.44</ele>
      </trkpt>
      <trkpt lat="35.92212628573179" lon="139.53985031694174">
        <ele>12.27</ele>
      </trkpt>
      <trkpt lat="35.92212955467403" lon="139.53984922729433">
        <ele>12.07</ele>
      </trkpt>
      <trkpt lat="35.92213357798755" lon="139.53984788618982">
        <ele>11.86</ele>
      </trkpt>
      <trkpt lat="35.922440607100725" lon="139.5397590380162">
        <ele>11.61</ele>
      </trkpt>
      <trkpt lat="35.92274772003293" lon="139.53967018984258">
        <ele>11.22</ele>
      </trkpt>
      <trkpt lat="35.923054749146104" lon="139.53958134166896">
        <ele>10.84</ele>
      </trkpt>
      <trkpt lat="35.92336177825928" lon="139.5394924096763">
        <ele>10.49</ele>
      </trkpt>
      <trkpt lat="35.92342246323824" lon="139.53947455622256">
        <ele>10.2</ele>
      </trkpt>
      <trkpt lat="35.92342598363757" lon="139.53947355039418">
        <ele>9.93</ele>
      </trkpt>
      <trkpt lat="35.9234295040369" lon="139.5394725445658">
        <ele>9.66</ele>
      </trkpt>
      <trkpt lat="35.92343327589333" lon="139.53947153873742">
        <ele>9.39</ele>
      </trkpt>
      <trkpt lat="35.923436880111694" lon="139.53947053290904">
        <ele>9.12</ele>
      </trkpt>
      <trkpt lat="35.92344073578715" lon="139.53946944326162">
        <ele>8.86</ele>
      </trkpt>
      <trkpt lat="35.92344434000552" lon="139.53946843743324">
        <ele>8.6</ele>
      </trkpt>
      <trkpt lat="35.92344777658582" lon="139.5394675154239">
        <ele>8.36</ele>
      </trkpt>
      <trkpt lat="35.923452051356435" lon="139.53946634195745">
        <ele>8.12</ele>
      </trkpt>
      <trkpt lat="35.92376025393605" lon="139.53938344493508">
        <ele>7.85</ele>
      </trkpt>
      <trkpt lat="35.92406837269664" lon="139.53930063173175">
        <ele>7.74</ele>
      </trkpt>
      <trkpt lat="35.924376575276256" lon="139.5392178185284">
        <ele>7.61</ele>
      </trkpt>
      <trkpt lat="35.92468469403684" lon="139.53913500532508">
        <ele>7.3</ele>
      </trkpt>
      <trkpt lat="35.92499214224517" lon="139.53905227594078">
        <ele>7.09</ele>
      </trkpt>
      <trkpt lat="35.92499289661646" lon="139.5390521083027">
        <ele>6.94</ele>
      </trkpt>
      <trkpt lat="35.92499624937773" lon="139.53905110247433">
        <ele>6.81</ele>
      </trkpt>
      <trkpt lat="35.92499968595803" lon="139.53905018046498">
        <ele>6.7</ele>
      </trkpt>
      <trkpt lat="35.92500337399542" lon="139.5390491746366">
        <ele>6.61</ele>
      </trkpt>
      <trkpt lat="35.925006894394755" lon="139.53904825262725">
        <ele>6.54</ele>
      </trkpt>
      <trkpt lat="35.92501066625118" lon="139.53904724679887">
        <ele>6.49</ele>
      </trkpt>
      <trkpt lat="35.925014186650515" lon="139.53904632478952">
        <ele>6.46</ele>
      </trkpt>
      <trkpt lat="35.92501753941178" lon="139.5390454865992">
        <ele>6.45</ele>
      </trkpt>
      <trkpt lat="35.92502173036337" lon="139.5390443969518">
        <ele>6.46</ele>
      </trkpt>
      <trkpt lat="35.92533353716135" lon="139.5389857236296">
        <ele>6.65</ele>
      </trkpt>
      <trkpt lat="35.92564534395933" lon="139.53892713412642">
        <ele>6.68</ele>
      </trkpt>
      <trkpt lat="35.92595715075731" lon="139.53886846080422">
        <ele>6.62</ele>
      </trkpt>
      <trkpt lat="35.926268957555294" lon="139.53880987130105">
        <ele>6.68</ele>
      </trkpt>
      <trkpt lat="35.92630407772958" lon="139.53880291432142">
        <ele>6.77</ele>
      </trkpt>
      <trkpt lat="35.92630776576698" lon="139.53880224376917">
        <ele>6.88</ele>
      </trkpt>
      <trkpt lat="35.92631136998534" lon="139.53880157321692">
        <ele>6.99</ele>
      </trkpt>
      <trkpt lat="35.92631514184177" lon="139.53880090266466">
        <ele>7.12</ele>
      </trkpt>
      <trkpt lat="35.926318829879165" lon="139.5388002321124">
        <ele>7.27</ele>
      </trkpt>
      <trkpt lat="35.926322685554624" lon="139.53879956156015">
        <ele>7.42</ele>
      </trkpt>
      <trkpt lat="35.92632637359202" lon="139.5387988910079">
        <ele>7.58</ele>
      </trkpt>
      <trkpt lat="35.92632989399135" lon="139.53879830427468">
        <ele>7.76</ele>
      </trkpt>
      <trkpt lat="35.926334252581" lon="139.5387975499034">
        <ele>7.94</ele>
      </trkpt>
      <trkpt lat="35.92664807103574" lon="139.53875865787268">
        <ele>8.14</ele>
      </trkpt>
      <trkpt lat="35.92696197330952" lon="139.53871976584196">
        <ele>8.39</ele>
      </trkpt>
      <trkpt lat="35.92727579176426" lon="139.53868087381124">
        <ele>8.78</ele>
      </trkpt>
      <trkpt lat="35.927589610219" lon="139.53864198178053">
        <ele>8.91</ele>
      </trkpt>
      <trkpt lat="35.927903512492776" lon="139.5386030897498">
        <ele>9.01</ele>
      </trkpt>
      <trkpt lat="35.92821733094752" lon="139.5385641977191">
        <ele>9.27</ele>
      </trkpt>
      <trkpt lat="35.92853114940226" lon="139.53852530568838">
        <ele>9.34</ele>
      </trkpt>
      <trkpt lat="35.928845051676035" lon="139.53848641365767">
        <ele>9.44</ele>
      </trkpt>
      <trkpt lat="35.92915887013078" lon="139.53844752162695">
        <ele>9.71</ele>
      </trkpt>
      <trkpt lat="35.92947268858552" lon="139.53840862959623">
        <ele>9.97</ele>
      </trkpt>
      <trkpt lat="35.929786590859294" lon="139.53836973756552">
        <ele>10.07</ele>
      </trkpt>
      <trkpt lat="35.930100409314036" lon="139.5383308455348">
        <ele>10.23</ele>
      </trkpt>
      <trkpt lat="35.93041422776878" lon="139.53829195350409">
        <ele>10.44</ele>
      </trkpt>
      <trkpt lat="35.93072813004255" lon="139.53825306147337">
        <ele>10.71</ele>
      </trkpt>
      <trkpt lat="35.931041948497295" lon="139.53821416944265">
        <ele>10.94</ele>
      </trkpt>
      <trkpt lat="35.93115149997175" lon="139.53820017166436">
        <ele>11.07</ele>
      </trkpt>
      <trkpt lat="35.93115543946624" lon="139.5381997525692">
        <ele>11.19</ele>
      </trkpt>
      <trkpt lat="35.9311592951417" lon="139.53819933347404">
        <ele>11.3</ele>
      </trkpt>
      <trkpt lat="35.93116340227425" lon="139.53819883055985">
        <ele>11.39</ele>
      </trkpt>
      <trkpt lat="35.93116734176874" lon="139.5381984114647">
        <ele>11.47</ele>
      </trkpt>
      <trkpt lat="35.93117153272033" lon="139.5381979085505">
        <ele>11.54</ele>
      </trkpt>
      <trkpt lat="35.93117547221482" lon="139.53819748945534">
        <ele>11.59</ele>
      </trkpt>
      <trkpt lat="35.93117932789028" lon="139.53819707036018">
        <ele>11.62</ele>
      </trkpt>
      <trkpt lat="35.93118393793702" lon="139.538196567446">
        <ele>11.65</ele>
      </trkpt>
      <trkpt lat="35.93149792402983" lon="139.5381593517959">
        <ele>11.62</ele>
      </trkpt>
      <trkpt lat="35.93181191012263" lon="139.5381220523268">
        <ele>11.55</ele>
      </trkpt>
      <trkpt lat="35.93212581239641" lon="139.53808483667672">
        <ele>11.46</ele>
      </trkpt>
      <trkpt lat="35.93243979848921" lon="139.5380475372076">
        <ele>11.41</ele>
      </trkpt>
      <trkpt lat="35.93275378458202" lon="139.5380102377385">
        <ele>11.42</ele>
      </trkpt>
      <trkpt lat="35.933067770674825" lon="139.5379730220884">
        <ele>11.42</ele>
      </trkpt>
      <trkpt lat="35.93338175676763" lon="139.5379357226193">
        <ele>11.45</ele>
      </trkpt>
      <trkpt lat="35.933695742860436" lon="139.5378985069692">
        <ele>11.4</ele>
      </trkpt>
      <trkpt lat="35.93400972895324" lon="139.5378612075001">
        <ele>11.23</ele>
      </trkpt>
      <trkpt lat="35.93432371504605" lon="139.53782399185002">
        <ele>11.21</ele>
      </trkpt>
      <trkpt lat="35.93463761731982" lon="139.5377866923809">
        <ele>11.32</ele>
      </trkpt>
      <trkpt lat="35.93495160341263" lon="139.53774947673082">
        <ele>11.2</ele>
      </trkpt>
      <trkpt lat="35.935265589505434" lon="139.5377121772617">
        <ele>11.11</ele>
      </trkpt>
      <trkpt lat="35.93557957559824" lon="139.53767496161163">
        <ele>11.08</ele>
      </trkpt>
      <trkpt lat="35.935893561691046" lon="139.53763766214252">
        <ele>10.98</ele>
      </trkpt>
      <trkpt lat="35.93620754778385" lon="139.53760044649243">
        <ele>10.85</ele>
      </trkpt>
      <trkpt lat="35.93652153387666" lon="139.53756314702332">
        <ele>10.75</ele>
      </trkpt>
      <trkpt lat="35.93683551996946" lon="139.53752593137324">
        <ele>10.65</ele>
      </trkpt>
      <trkpt lat="35.93697667121887" lon="139.53750874847174">
        <ele>10.56</ele>
      </trkpt>
      <trkpt lat="35.936980694532394" lon="139.53750832937658">
        <ele>10.5</ele>
      </trkpt>
      <trkpt lat="35.936984634026885" lon="139.53750791028142">
        <ele>10.44</ele>
      </trkpt>
      <trkpt lat="35.93698882497847" lon="139.53750749118626">
        <ele>10.38</ele>
      </trkpt>
      <trkpt lat="35.93699284829199" lon="139.5375070720911">
        <ele>10.33</ele>
      </trkpt>
      <trkpt lat="35.93699712306261" lon="139.5375065691769">
        <ele>10.29</ele>
      </trkpt>
      <trkpt lat="35.937001230195165" lon="139.53750615008175">
        <ele>10.25</ele>
      </trkpt>
      <trkpt lat="35.937005169689655" lon="139.5375057309866">
        <ele>10.21</ele>
      </trkpt>
      <trkpt lat="35.93700994737446" lon="139.5375052280724">
        <ele>10.18</ele>
      </trkpt>
      <trkpt lat="35.93732384964824" lon="139.53746683895588">
        <ele>10.15</ele>
      </trkpt>
      <trkpt lat="35.93763766810298" lon="139.53742844983935">
        <ele>10.22</ele>
      </trkpt>
      <trkpt lat="35.937951570376754" lon="139.53739014454186">
        <ele>10.28</ele>
      </trkpt>
      <trkpt lat="35.93826547265053" lon="139.53735175542533">
        <ele>10.27</ele>
      </trkpt>
      <trkpt lat="35.9385793749243" lon="139.53731345012784">
        <ele>10.3</ele>
      </trkpt>
      <trkpt lat="35.938893277198076" lon="139.53727506101131">
        <ele>10.34</ele>
      </trkpt>
      <trkpt lat="35.93920717947185" lon="139.5372366718948">
        <ele>10.33</ele>
      </trkpt>
      <trkpt lat="35.93952099792659" lon="139.5371983665973">
        <ele>10.21</ele>
      </trkpt>
      <trkpt lat="35.93983490020037" lon="139.53715997748077">
        <ele>10.1</ele>
      </trkpt>
      <trkpt lat="35.94014880247414" lon="139.53712158836424">
        <ele>10.05</ele>
      </trkpt>
      <trkpt lat="35.94021384604275" lon="139.5371132902801">
        <ele>10.06</ele>
      </trkpt>
      <trkpt lat="35.94021770171821" lon="139.53711287118495">
        <ele>10.06</ele>
      </trkpt>
      <trkpt lat="35.94022147357464" lon="139.5371124520898">
        <ele>10.06</ele>
      </trkpt>
      <trkpt lat="35.94022549688816" lon="139.53711203299463">
        <ele>10.06</ele>
      </trkpt>
      <trkpt lat="35.94022935256362" lon="139.53711161389947">
        <ele>10.06</ele>
      </trkpt>
      <trkpt lat="35.940233459696174" lon="139.53711111098528">
        <ele>10.07</ele>
      </trkpt>
      <trkpt lat="35.94023731537163" lon="139.53711069189012">
        <ele>10.09</ele>
      </trkpt>
      <trkpt lat="35.94024117104709" lon="139.53711027279496">
        <ele>10.1</ele>
      </trkpt>
      <trkpt lat="35.940245697274804" lon="139.53710976988077">
        <ele>10.12</ele>
      </trkpt>
      <trkpt lat="35.94055817462504" lon="139.5370567124337">
        <ele>10.22</ele>
      </trkpt>
      <trkpt lat="35.940870651975274" lon="139.53700373880565">
        <ele>10.26</ele>
      </trkpt>
      <trkpt lat="35.941017922014" lon="139.53697842545807">
        <ele>10.25</ele>
      </trkpt>
      <trkpt lat="35.94102202914655" lon="139.53697775490582">
        <ele>10.28</ele>
      </trkpt>
      <trkpt lat="35.941026052460074" lon="139.53697708435357">
        <ele>10.32</ele>
      </trkpt>
      <trkpt lat="35.94103032723069" lon="139.5369764138013">
        <ele>10.36</ele>
      </trkpt>
      <trkpt lat="35.941034434363246" lon="139.53697574324906">
        <ele>10.4</ele>
      </trkpt>
      <trkpt lat="35.941038792952895" lon="139.5369750726968">
        <ele>10.44</ele>
      </trkpt>
      <trkpt lat="35.94104290008545" lon="139.53697440214455">
        <ele>10.49</ele>
      </trkpt>
      <trkpt lat="35.94104692339897" lon="139.5369737315923">
        <ele>10.54</ele>
      </trkpt>
      <trkpt lat="35.94105170108378" lon="139.536972977221">
        <ele>10.6</ele>
      </trkpt>
      <trkpt lat="35.94136116094887" lon="139.53689795918763">
        <ele>10.61</ele>
      </trkpt>
      <trkpt lat="35.94151639379561" lon="139.53685990534723">
        <ele>10.72</ele>
      </trkpt>
      <trkpt lat="35.941520584747195" lon="139.53685889951885">
        <ele>10.8</ele>
      </trkpt>
      <trkpt lat="35.94152469187975" lon="139.5368579775095">
        <ele>10.88</ele>
      </trkpt>
      <trkpt lat="35.9415290504694" lon="139.53685697168112">
        <ele>10.97</ele>
      </trkpt>
      <trkpt lat="35.94153315760195" lon="139.53685604967177">
        <ele>11.06</ele>
      </trkpt>
      <trkpt lat="35.94153760001063" lon="139.5368550438434">
        <ele>11.16</ele>
      </trkpt>
      <trkpt lat="35.94154179096222" lon="139.536854038015">
        <ele>11.26</ele>
      </trkpt>
      <trkpt lat="35.94154589809477" lon="139.53685311600566">
        <ele>11.37</ele>
      </trkpt>
      <trkpt lat="35.94155067577958" lon="139.53685202635825">
        <ele>11.48</ele>
      </trkpt>
      <trkpt lat="35.9416603948921" lon="139.53689544461668">
        <ele>11.63</ele>
      </trkpt>
      <trkpt lat="35.94166433438659" lon="139.53689703717828">
        <ele>11.75</ele>
      </trkpt>
      <trkpt lat="35.941668190062046" lon="139.53689854592085">
        <ele>11.87</ele>
      </trkpt>
      <trkpt lat="35.9416722971946" lon="139.53690022230148">
        <ele>11.99</ele>
      </trkpt>
      <trkpt lat="35.94167623668909" lon="139.53690181486309">
        <ele>12.12</ele>
      </trkpt>
      <trkpt lat="35.94168042764068" lon="139.53690349124372">
        <ele>12.24</ele>
      </trkpt>
      <trkpt lat="35.94168436713517" lon="139.53690508380532">
        <ele>12.37</ele>
      </trkpt>
      <trkpt lat="35.941688222810626" lon="139.5369065925479">
        <ele>12.49</ele>
      </trkpt>
      <trkpt lat="35.94169274903834" lon="139.5369084365666">
        <ele>12.62</ele>
      </trkpt>
      <trkpt lat="35.94184370711446" lon="139.5368687901646">
        <ele>12.8</ele>
      </trkpt>
      <trkpt lat="35.941847981885076" lon="139.53686770051718">
        <ele>12.92</ele>
      </trkpt>
      <trkpt lat="35.94185217283666" lon="139.5368666946888">
        <ele>13.04</ele>
      </trkpt>
      <trkpt lat="35.94185653142631" lon="139.53686560504138">
        <ele>13.16</ele>
      </trkpt>
      <trkpt lat="35.94186080619693" lon="139.53686451539397">
        <ele>13.28</ele>
      </trkpt>
      <trkpt lat="35.94186524860561" lon="139.53686342574656">
        <ele>13.39</ele>
      </trkpt>
      <trkpt lat="35.941869523376226" lon="139.53686233609915">
        <ele>13.5</ele>
      </trkpt>
      <trkpt lat="35.94187371432781" lon="139.53686133027077">
        <ele>13.61</ele>
      </trkpt>
      <trkpt lat="35.94187857583165" lon="139.53686015680432">
        <ele>13.71</ele>
      </trkpt>
      <trkpt lat="35.941929537802935" lon="139.53687876462936">
        <ele>13.81</ele>
      </trkpt>
      <trkpt lat="35.94193356111646" lon="139.53688027337193">
        <ele>13.91</ele>
      </trkpt>
      <trkpt lat="35.941937416791916" lon="139.53688169829547">
        <ele>14.0</ele>
      </trkpt>
      <trkpt lat="35.94194152392447" lon="139.53688320703804">
        <ele>14.08</ele>
      </trkpt>
      <trkpt lat="35.94194554723799" lon="139.53688471578062">
        <ele>14.16</ele>
      </trkpt>
      <trkpt lat="35.94194973818958" lon="139.53688630834222">
        <ele>14.23</ele>
      </trkpt>
      <trkpt lat="35.94195367768407" lon="139.5368878170848">
        <ele>14.3</ele>
      </trkpt>
      <trkpt lat="35.94195761717856" lon="139.53688924200833">
        <ele>14.35</ele>
      </trkpt>
      <trkpt lat="35.941962227225304" lon="139.536891002208">
        <ele>14.41</ele>
      </trkpt>
      <trkpt lat="35.94197538681328" lon="139.5368865597993">
        <ele>14.46</ele>
      </trkpt>
      <trkpt lat="35.941979326307774" lon="139.53688530251384">
        <ele>14.51</ele>
      </trkpt>
      <trkpt lat="35.94198318198323" lon="139.53688404522836">
        <ele>14.54</ele>
      </trkpt>
      <trkpt lat="35.941987205296755" lon="139.5368827879429">
        <ele>14.57</ele>
      </trkpt>
      <trkpt lat="35.941991144791245" lon="139.5368815306574">
        <ele>14.6</ele>
      </trkpt>
      <trkpt lat="35.94199533574283" lon="139.5368801895529">
        <ele>14.62</ele>
      </trkpt>
      <trkpt lat="35.94199927523732" lon="139.53687893226743">
        <ele>14.63</ele>
      </trkpt>
      <trkpt lat="35.94200321473181" lon="139.53687767498195">
        <ele>14.64</ele>
      </trkpt>
      <trkpt lat="35.94200782477856" lon="139.5368762500584">
        <ele>14.64</ele>
      </trkpt>
      <trkpt lat="35.942015033215284" lon="139.53690860420465">
        <ele>14.63</ele>
      </trkpt>
      <trkpt lat="35.9420161228627" lon="139.53691329807043">
        <ele>14.62</ele>
      </trkpt>
      <trkpt lat="35.94201721251011" lon="139.53691790811718">
        <ele>14.6</ele>
      </trkpt>
      <trkpt lat="35.94201838597655" lon="139.53692285344005">
        <ele>14.57</ele>
      </trkpt>
      <trkpt lat="35.942019475623965" lon="139.53692754730582">
        <ele>14.54</ele>
      </trkpt>
      <trkpt lat="35.94202064909041" lon="139.5369324926287">
        <ele>14.5</ele>
      </trkpt>
      <trkpt lat="35.94202173873782" lon="139.5369372703135">
        <ele>14.46</ele>
      </trkpt>
      <trkpt lat="35.942022828385234" lon="139.53694188036025">
        <ele>14.41</ele>
      </trkpt>
      <trkpt lat="35.94202408567071" lon="139.5369473285973">
        <ele>14.35</ele>
      </trkpt>
      <trkpt lat="35.942082507535815" lon="139.5369512680918">
        <ele>14.29</ele>
      </trkpt>
      <trkpt lat="35.94208678230643" lon="139.53695160336792">
        <ele>14.22</ele>
      </trkpt>
      <trkpt lat="35.94209088943899" lon="139.53695193864405">
        <ele>14.15</ele>
      </trkpt>
      <trkpt lat="35.942095248028636" lon="139.53695227392018">
        <ele>14.07</ele>
      </trkpt>
      <trkpt lat="35.94209952279925" lon="139.5369526091963">
        <ele>13.98</ele>
      </trkpt>
      <trkpt lat="35.942103965207934" lon="139.53695294447243">
        <ele>13.89</ele>
      </trkpt>
      <trkpt lat="35.942108323797584" lon="139.53695327974856">
        <ele>13.79</ele>
      </trkpt>
      <trkpt lat="35.9421125985682" lon="139.5369536150247">
        <ele>13.69</ele>
      </trkpt>
      <trkpt lat="35.94211754389107" lon="139.53695403411984">
        <ele>13.58</ele>
      </trkpt>
      <trkpt lat="35.94211997464299" lon="139.5369499269873">
        <ele>13.47</ele>
      </trkpt>
      <trkpt lat="35.942293563857675" lon="139.5368999708444">
        <ele>13.34</ele>
      </trkpt>
      <trkpt lat="35.942298006266356" lon="139.5368987135589">
        <ele>13.22</ele>
      </trkpt>
      <trkpt lat="35.94230228103697" lon="139.53689754009247">
        <ele>13.09</ele>
      </trkpt>
      <trkpt lat="35.942306807264686" lon="139.536896282807">
        <ele>12.97</ele>
      </trkpt>
      <trkpt lat="35.94231124967337" lon="139.53689510934055">
        <ele>12.84</ele>
      </trkpt>
      <trkpt lat="35.94231585972011" lon="139.53689385205507">
        <ele>12.71</ele>
      </trkpt>
      <trkpt lat="35.94232038594782" lon="139.5368925947696">
        <ele>12.58</ele>
      </trkpt>
      <trkpt lat="35.942324828356504" lon="139.53689142130315">
        <ele>12.45</ele>
      </trkpt>
      <trkpt lat="35.94232994131744" lon="139.5368899963796">
        <ele>12.32</ele>
      </trkpt>
      <trkpt lat="35.94263504259288" lon="139.53679125756025">
        <ele>12.17</ele>
      </trkpt>
      <trkpt lat="35.94266999512911" lon="139.53677994199097">
        <ele>12.04</ele>
      </trkpt>
      <trkpt lat="35.942749958485365" lon="139.53672998584807">
        <ele>11.92</ele>
      </trkpt>
      <trkpt lat="35.943053383380175" lon="139.53662387095392">
        <ele>11.74</ele>
      </trkpt>
      <trkpt lat="35.943356808274984" lon="139.5365178398788">
        <ele>11.6</ele>
      </trkpt>
      <trkpt lat="35.943660233169794" lon="139.53641180880368">
        <ele>11.5</ele>
      </trkpt>
      <trkpt lat="35.943779926747084" lon="139.53636998310685">
        <ele>11.4</ele>
      </trkpt>
      <trkpt lat="35.94408184289932" lon="139.53625733032823">
        <ele>11.32</ele>
      </trkpt>
      <trkpt lat="35.94438367523253" lon="139.5361446775496">
        <ele>11.2</ele>
      </trkpt>
      <trkpt lat="35.94444997608662" lon="139.53611995093524">
        <ele>11.09</ele>
      </trkpt>
      <trkpt lat="35.944745521992445" lon="139.53598433174193">
        <ele>10.91</ele>
      </trkpt>
      <trkpt lat="35.94504106789827" lon="139.53584879636765">
        <ele>10.8</ele>
      </trkpt>
      <trkpt lat="35.94529998488724" lon="139.53572994098067">
        <ele>10.79</ele>
      </trkpt>
      <trkpt lat="35.945593770593405" lon="139.5355888735503">
        <ele>10.7</ele>
      </trkpt>
      <trkpt lat="35.9458876401186" lon="139.53544788993895">
        <ele>10.53</ele>
      </trkpt>
      <trkpt lat="35.94618150964379" lon="139.53530682250857">
        <ele>10.46</ele>
      </trkpt>
      <trkpt lat="35.94647537916899" lon="139.5351657550782">
        <ele>10.5</ele>
      </trkpt>
      <trkpt lat="35.946549978107214" lon="139.53512996435165">
        <ele>10.48</ele>
      </trkpt>
      <trkpt lat="35.94682993367314" lon="139.53495126217604">
        <ele>10.52</ele>
      </trkpt>
      <trkpt lat="35.94701995141804" lon="139.53482997603714">
        <ele>10.51</ele>
      </trkpt>
      <trkpt lat="35.94709999859333" lon="139.53475998714566">
        <ele>10.51</ele>
      </trkpt>
      <trkpt lat="35.94739998690784" lon="139.53468999825418">
        <ele>10.43</ele>
      </trkpt>
      <trkpt lat="35.9476887434721" lon="139.53453392721713">
        <ele>10.41</ele>
      </trkpt>
      <trkpt lat="35.94797758385539" lon="139.5343779399991">
        <ele>10.52</ele>
      </trkpt>
      <trkpt lat="35.94826634041965" lon="139.53422195278108">
        <ele>10.58</ele>
      </trkpt>
      <trkpt lat="35.94855518080294" lon="139.53406596556306">
        <ele>10.63</ele>
      </trkpt>
      <trkpt lat="35.94884402118623" lon="139.53390997834504">
        <ele>10.69</ele>
      </trkpt>
      <trkpt lat="35.94913277775049" lon="139.533753991127">
        <ele>10.78</ele>
      </trkpt>
      <trkpt lat="35.94942161813378" lon="139.533598003909">
        <ele>10.79</ele>
      </trkpt>
      <trkpt lat="35.94971037469804" lon="139.53344193287194">
        <ele>10.83</ele>
      </trkpt>
      <trkpt lat="35.949999215081334" lon="139.53328594565392">
        <ele>10.91</ele>
      </trkpt>
      <trkpt lat="35.950139947235584" lon="139.53320992179215">
        <ele>11.02</ele>
      </trkpt>
      <trkpt lat="35.9504256863147" lon="139.53304563649">
        <ele>11.17</ele>
      </trkpt>
      <trkpt lat="35.95071142539382" lon="139.53288135118783">
        <ele>11.31</ele>
      </trkpt>
      <trkpt lat="35.95093999989331" lon="139.5327499229461">
        <ele>11.34</ele>
      </trkpt>
      <trkpt lat="35.95122054219246" lon="139.53257272951305">
        <ele>11.42</ele>
      </trkpt>
      <trkpt lat="35.95150116831064" lon="139.53239553608">
        <ele>11.6</ele>
      </trkpt>
      <trkpt lat="35.951781710609794" lon="139.53221825882792">
        <ele>11.82</ele>
      </trkpt>
      <trkpt lat="35.95188992097974" lon="139.53214994631708">
        <ele>11.92</ele>
      </trkpt>
      <trkpt lat="35.95217255875468" lon="139.53197761438787">
        <ele>12.0</ele>
      </trkpt>
      <trkpt lat="35.95229996368289" lon="139.5318999979645">
        <ele>12.05</ele>
      </trkpt>
      <trkpt lat="35.952579164877534" lon="139.5317194517702">
        <ele>12.15</ele>
      </trkpt>
      <trkpt lat="35.95285836607218" lon="139.5315389893949">
        <ele>12.3</ele>
      </trkpt>
      <trkpt lat="35.95311996527016" lon="139.53136992640793">
        <ele>12.47</ele>
      </trkpt>
      <trkpt lat="35.95322993583977" lon="139.5312699303031">
        <ele>12.58</ele>
      </trkpt>
      <trkpt lat="35.95352464355528" lon="139.53113154508173">
        <ele>12.74</ele>
      </trkpt>
      <trkpt lat="35.953819351270795" lon="139.53099315986037">
        <ele>12.77</ele>
      </trkpt>
      <trkpt lat="35.95385706983507" lon="139.53097505494952">
        <ele>12.83</ele>
      </trkpt>
      <trkpt lat="35.95386100932956" lon="139.53097321093082">
        <ele>12.9</ele>
      </trkpt>
      <trkpt lat="35.95386494882405" lon="139.53097145073116">
        <ele>12.97</ele>
      </trkpt>
      <trkpt lat="35.9538690559566" lon="139.53096952289343">
        <ele>13.03</ele>
      </trkpt>
      <trkpt lat="35.95387299545109" lon="139.53096767887473">
        <ele>13.08</ele>
      </trkpt>
      <trkpt lat="35.95387718640268" lon="139.530965751037">
        <ele>13.12</ele>
      </trkpt>
      <trkpt lat="35.95388129353523" lon="139.5309639070183">
        <ele>13.16</ele>
      </trkpt>
      <trkpt lat="35.953885316848755" lon="139.5309620629996">
        <ele>13.2</ele>
      </trkpt>
      <trkpt lat="35.9538899268955" lon="139.5309599675238">
        <ele>13.22</ele>
      </trkpt>
      <trkpt lat="35.954190166667104" lon="139.53084094449878">
        <ele>13.14</ele>
      </trkpt>
      <trkpt lat="35.95446995459497" lon="139.5307299681008">
        <ele>13.13</ele>
      </trkpt>
      <trkpt lat="35.954759968444705" lon="139.53063994646072">
        <ele>13.17</ele>
      </trkpt>
      <trkpt lat="35.95507051795721" lon="139.53057213686407">
        <ele>13.15</ele>
      </trkpt>
      <trkpt lat="35.95538115128875" lon="139.5305043272674">
        <ele>13.17</ele>
      </trkpt>
      <trkpt lat="35.95569170080125" lon="139.53043651767075">
        <ele>13.25</ele>
      </trkpt>
      <trkpt lat="35.95600225031376" lon="139.5303687080741">
        <ele>13.27</ele>
      </trkpt>
      <trkpt lat="35.956179946660995" lon="139.53032998368144">
        <ele>13.3</ele>
      </trkpt>
      <trkpt lat="35.95648496411741" lon="139.53023082576692">
        <ele>13.26</ele>
      </trkpt>
      <trkpt lat="35.95657993108034" lon="139.53019998036325">
        <ele>13.28</ele>
      </trkpt>
      <trkpt lat="35.956609938293695" lon="139.5301699731499">
        <ele>13.28</ele>
      </trkpt>
      <trkpt lat="35.95667992718518" lon="139.5301699731499">
        <ele>13.3</ele>
      </trkpt>
      <trkpt lat="35.9568340703845" lon="139.53011280857027">
        <ele>13.35</ele>
      </trkpt>
      <trkpt lat="35.95683842897415" lon="139.53011121600866">
        <ele>13.33</ele>
      </trkpt>
      <trkpt lat="35.95684270374477" lon="139.5301097072661">
        <ele>13.32</ele>
      </trkpt>
      <trkpt lat="35.95684714615345" lon="139.5301081147045">
        <ele>13.29</ele>
      </trkpt>
      <trkpt lat="35.9568515047431" lon="139.5301065221429">
        <ele>13.27</ele>
      </trkpt>
      <trkpt lat="35.95685603097081" lon="139.53010492958128">
        <ele>13.24</ele>
      </trkpt>
      <trkpt lat="35.95686047337949" lon="139.53010333701968">
        <ele>13.21</ele>
      </trkpt>
      <trkpt lat="35.95686483196914" lon="139.5301018282771">
        <ele>13.17</ele>
      </trkpt>
      <trkpt lat="35.95686994493008" lon="139.5300999842584">
        <ele>13.13</ele>
      </trkpt>
      <trkpt lat="35.95716616138816" lon="139.52996662817895">
        <ele>13.03</ele>
      </trkpt>
      <trkpt lat="35.95746237784624" lon="139.52983335591853">
        <ele>12.85</ele>
      </trkpt>
      <trkpt lat="35.957469921559095" lon="139.52982991933823">
        <ele>12.81</ele>
      </trkpt>
      <trkpt lat="35.95774870365858" lon="139.52964845113456">
        <ele>12.84</ele>
      </trkpt>
      <trkpt lat="35.95789999701083" lon="139.5295499637723">
        <ele>12.8</ele>
      </trkpt>
      <trkpt lat="35.95815170556307" lon="139.52931619249284">
        <ele>12.73</ele>
      </trkpt>
      <trkpt lat="35.95817995257676" lon="139.52928995713592">
        <ele>12.71</ele>
      </trkpt>
      <trkpt lat="35.958349937573075" lon="139.52906993217766">
        <ele>12.71</ele>
      </trkpt>
      <trkpt lat="35.958535093814135" lon="139.5287557784468">
        <ele>12.76</ele>
      </trkpt>
      <trkpt lat="35.95867993310094" lon="139.52850993722677">
        <ele>12.8</ele>
      </trkpt>
      <trkpt lat="35.95884120091796" lon="139.5281765051186">
        <ele>12.75</ele>
      </trkpt>
      <trkpt lat="35.95900246873498" lon="139.5278429891914">
        <ele>12.71</ele>
      </trkpt>
      <trkpt lat="35.959119983017445" lon="139.52759999781847">
        <ele>12.64</ele>
      </trkpt>
      <trkpt lat="35.95927127636969" lon="139.52725952491164">
        <ele>12.62</ele>
      </trkpt>
      <trkpt lat="35.95942256972194" lon="139.5269190520048">
        <ele>12.63</ele>
      </trkpt>
      <trkpt lat="35.9594399202615" lon="139.52687999233603">
        <ele>12.62</ele>
      </trkpt>
      <trkpt lat="35.95956590026617" lon="139.52652426436543">
        <ele>12.58</ele>
      </trkpt>
      <trkpt lat="35.95969179645181" lon="139.52616853639483">
        <ele>12.58</ele>
      </trkpt>
      <trkpt lat="35.95981769263744" lon="139.52581280842423">
        <ele>12.63</ele>
      </trkpt>
      <trkpt lat="35.95983998849988" lon="139.52574994415045">
        <ele>12.64</ele>
      </trkpt>
      <trkpt lat="35.95995205454528" lon="139.52538734301925">
        <ele>12.63</ele>
      </trkpt>
      <trkpt lat="35.96006420440972" lon="139.52502465806901">
        <ele>12.62</ele>
      </trkpt>
      <trkpt lat="35.960176354274154" lon="139.5246620569378">
        <ele>12.57</ele>
      </trkpt>
      <trkpt lat="35.96028850413859" lon="139.52429937198758">
        <ele>12.54</ele>
      </trkpt>
      <trkpt lat="35.96030996181071" lon="139.52422996982932">
        <ele>12.56</ele>
      </trkpt>
      <trkpt lat="35.96045454964042" lon="139.52388513833284">
        <ele>12.68</ele>
      </trkpt>
      <trkpt lat="35.96056996844709" lon="139.52360996045172">
        <ele>12.74</ele>
      </trkpt>
      <trkpt lat="35.96063174307346" lon="139.5234854053706">
        <ele>12.76</ele>
      </trkpt>
      <trkpt lat="35.96063400618732" lon="139.52348104678094">
        <ele>12.76</ele>
      </trkpt>
      <trkpt lat="35.960636185482144" lon="139.52347677201033">
        <ele>12.77</ele>
      </trkpt>
      <trkpt lat="35.960638448596" lon="139.52347232960165">
        <ele>12.77</ele>
      </trkpt>
      <trkpt lat="35.960640627890825" lon="139.52346805483103">
        <ele>12.77</ele>
      </trkpt>
      <trkpt lat="35.96064289100468" lon="139.52346361242235">
        <ele>12.76</ele>
      </trkpt>
      <trkpt lat="35.96064515411854" lon="139.5234592538327">
        <ele>12.76</ele>
      </trkpt>
      <trkpt lat="35.96064733341336" lon="139.52345497906208">
        <ele>12.74</ele>
      </trkpt>
      <trkpt lat="35.960649931803346" lon="139.52344994992018">
        <ele>12.73</ele>
      </trkpt>
      <trkpt lat="35.96065999008715" lon="139.52344994992018">
        <ele>12.72</ele>
      </trkpt>
      <trkpt lat="35.960842380300164" lon="139.52313344925642">
        <ele>12.64</ele>
      </trkpt>
      <trkpt lat="35.96099996007979" lon="139.52285994775593">
        <ele>12.61</ele>
      </trkpt>
      <trkpt lat="35.96121311187744" lon="139.52257395721972">
        <ele>12.58</ele>
      </trkpt>
      <trkpt lat="35.961426263675094" lon="139.5222879666835">
        <ele>12.55</ele>
      </trkpt>
      <trkpt lat="35.961639415472746" lon="139.5220019761473">
        <ele>12.48</ele>
      </trkpt>
      <trkpt lat="35.96178995445371" lon="139.52179997228086">
        <ele>12.45</ele>
      </trkpt>
      <trkpt lat="35.961849968880415" lon="139.52163996174932">
        <ele>12.43</ele>
      </trkpt>
      <trkpt lat="35.96204669214785" lon="139.52133670449257">
        <ele>12.42</ele>
      </trkpt>
      <trkpt lat="35.962089942768216" lon="139.52126998454332">
        <ele>12.39</ele>
      </trkpt>
      <trkpt lat="35.96229881979525" lon="139.5209792163223">
        <ele>12.31</ele>
      </trkpt>
      <trkpt lat="35.962507696822286" lon="139.52068844810128">
        <ele>12.35</ele>
      </trkpt>
      <trkpt lat="35.96271657384932" lon="139.5203977636993">
        <ele>12.49</ele>
      </trkpt>
      <trkpt lat="35.96282998099923" lon="139.52023993246257">
        <ele>12.5</ele>
      </trkpt>
      <trkpt lat="35.96306752413511" lon="139.51998478733003">
        <ele>12.43</ele>
      </trkpt>
      <trkpt lat="35.96309996210039" lon="139.51994991861284">
        <ele>12.39</ele>
      </trkpt>
      <trkpt lat="35.96314991824329" lon="139.5199299696833">
        <ele>12.36</ele>
      </trkpt>
      <trkpt lat="35.96319995820522" lon="139.51986995525658">
        <ele>12.32</ele>
      </trkpt>
      <trkpt lat="35.96319995820522" lon="139.51982997357845">
        <ele>12.3</ele>
      </trkpt>
      <trkpt lat="35.9633978549391" lon="139.51952788978815">
        <ele>12.16</ele>
      </trkpt>
      <trkpt lat="35.96357999369502" lon="139.51924994587898">
        <ele>12.16</ele>
      </trkpt>
      <trkpt lat="35.96376900561154" lon="139.51893939636648">
        <ele>12.19</ele>
      </trkpt>
      <trkpt lat="35.96383882686496" lon="139.5188239775598">
        <ele>12.2</ele>
      </trkpt>
      <trkpt lat="35.96384142525494" lon="139.51881978660822">
        <ele>12.2</ele>
      </trkpt>
      <trkpt lat="35.96384393982589" lon="139.51881567947567">
        <ele>12.21</ele>
      </trkpt>
      <trkpt lat="35.96384662203491" lon="139.51881140470505">
        <ele>12.22</ele>
      </trkpt>
      <trkpt lat="35.96384913660586" lon="139.5188072975725">
        <ele>12.23</ele>
      </trkpt>
      <trkpt lat="35.963851818814874" lon="139.51880302280188">
        <ele>12.25</ele>
      </trkpt>
      <trkpt lat="35.96385441720486" lon="139.5187988318503">
        <ele>12.28</ele>
      </trkpt>
      <trkpt lat="35.96385693177581" lon="139.51879472471774">
        <ele>12.31</ele>
      </trkpt>
      <trkpt lat="35.96385994926095" lon="139.5187999214977">
        <ele>12.34</ele>
      </trkpt>
      <trkpt lat="35.96405399031937" lon="139.51849406585097">
        <ele>12.37</ele>
      </trkpt>
      <trkpt lat="35.964248115196824" lon="139.51818821020424">
        <ele>12.41</ele>
      </trkpt>
      <trkpt lat="35.964442156255245" lon="139.51788227073848">
        <ele>12.53</ele>
      </trkpt>
      <trkpt lat="35.964449951425195" lon="139.51786994934082">
        <ele>12.57</ele>
      </trkpt>
      <trkpt lat="35.96467190422118" lon="139.5175942685455">
        <ele>12.62</ele>
      </trkpt>
      <trkpt lat="35.96477994695306" lon="139.5174599904567">
        <ele>12.62</ele>
      </trkpt>
      <trkpt lat="35.96502101048827" lon="139.51720962300897">
        <ele>12.64</ele>
      </trkpt>
      <trkpt lat="35.96503995358944" lon="139.5171899255365">
        <ele>12.68</ele>
      </trkpt>
      <trkpt lat="35.96508999355137" lon="139.51717995107174">
        <ele>12.71</ele>
      </trkpt>
      <trkpt lat="35.965372463688254" lon="139.5170072838664">
        <ele>12.76</ele>
      </trkpt>
      <trkpt lat="35.96544999629259" lon="139.5169599261135">
        <ele>12.82</ele>
      </trkpt>
      <trkpt lat="35.96570991910994" lon="139.51686998829246">
        <ele>12.88</ele>
      </trkpt>
      <trkpt lat="35.96587998792529" lon="139.5168299227953">
        <ele>12.92</ele>
      </trkpt>
      <trkpt lat="35.966195398941636" lon="139.5168299227953">
        <ele>12.99</ele>
      </trkpt>
      <trkpt lat="35.96623999066651" lon="139.5168299227953">
        <ele>13.02</ele>
      </trkpt>
      <trkpt lat="35.96655238419771" lon="139.51688348315656">
        <ele>13.13</ele>
      </trkpt>
      <trkpt lat="35.966559424996376" lon="139.51688457280397">
        <ele>13.15</ele>
      </trkpt>
      <trkpt lat="35.96656369976699" lon="139.51688532717526">
        <ele>13.16</ele>
      </trkpt>
      <trkpt lat="35.96656789071858" lon="139.51688608154655">
        <ele>13.17</ele>
      </trkpt>
      <trkpt lat="35.96657241694629" lon="139.51688683591783">
        <ele>13.17</ele>
      </trkpt>
      <trkpt lat="35.96657669171691" lon="139.51688759028912">
        <ele>13.16</ele>
      </trkpt>
      <trkpt lat="35.96658121794462" lon="139.51688842847943">
        <ele>13.14</ele>
      </trkpt>
      <trkpt lat="35.9665856603533" lon="139.51688918285072">
        <ele>13.12</ele>
      </trkpt>
      <trkpt lat="35.96658993512392" lon="139.516889937222">
        <ele>13.09</ele>
      </trkpt>
      <trkpt lat="35.96689193509519" lon="139.51700208708644">
        <ele>13.0</ele>
      </trkpt>
      <trkpt lat="35.966939963400364" lon="139.5170199405402">
        <ele>12.95</ele>
      </trkpt>
      <trkpt lat="35.96723106689751" lon="139.5171693060547">
        <ele>12.78</ele>
      </trkpt>
      <trkpt lat="35.967329973354936" lon="139.51721993274987">
        <ele>12.7</ele>
      </trkpt>
      <trkpt lat="35.96760322339833" lon="139.51741388998926">
        <ele>12.76</ele>
      </trkpt>
      <trkpt lat="35.96787638962269" lon="139.51760776340961">
        <ele>12.75</ele>
      </trkpt>
      <trkpt lat="35.967949982732534" lon="139.51765998266637">
        <ele>12.7</ele>
      </trkpt>
      <trkpt lat="35.968228513374925" lon="139.51784195378423">
        <ele>12.54</ele>
      </trkpt>
      <trkpt lat="35.96850712783635" lon="139.5180240087211">
        <ele>12.44</ele>
      </trkpt>
      <trkpt lat="35.968699995428324" lon="139.51814998872578">
        <ele>12.41</ele>
      </trkpt>
      <trkpt lat="35.96899528987706" lon="139.51828627847135">
        <ele>12.38</ele>
      </trkpt>
      <trkpt lat="35.96929058432579" lon="139.51842256821692">
        <ele>12.46</ele>
      </trkpt>
      <trkpt lat="35.969585962593555" lon="139.5185588579625">
        <ele>12.48</ele>
      </trkpt>
      <trkpt lat="35.96988125704229" lon="139.51869514770806">
        <ele>12.45</ele>
      </trkpt>
      <trkpt lat="35.970176635310054" lon="139.51883152127266">
        <ele>12.44</ele>
      </trkpt>
      <trkpt lat="35.97047192975879" lon="139.51896781101823">
        <ele>12.49</ele>
      </trkpt>
      <trkpt lat="35.97076730802655" lon="139.5191041007638">
        <ele>12.47</ele>
      </trkpt>
      <trkpt lat="35.971062602475286" lon="139.51924039050937">
        <ele>12.43</ele>
      </trkpt>
      <trkpt lat="35.97135798074305" lon="139.51937668025494">
        <ele>12.35</ele>
      </trkpt>
      <trkpt lat="35.971559984609485" lon="139.51946997083724">
        <ele>12.29</ele>
      </trkpt>
      <trkpt lat="35.97185871563852" lon="139.51959444209933">
        <ele>12.3</ele>
      </trkpt>
      <trkpt lat="35.97203993238509" lon="139.5196699630469">
        <ele>12.31</ele>
      </trkpt>
      <trkpt lat="35.97213992848992" lon="139.51964993029833">
        <ele>12.28</ele>
      </trkpt>
      <trkpt lat="35.9723499789834" lon="139.51967993751168">
        <ele>12.26</ele>
      </trkpt>
      <trkpt lat="35.97242994233966" lon="139.51967993751168">
        <ele>12.23</ele>
      </trkpt>
      <trkpt lat="35.97260998561978" lon="139.5197399519384">
        <ele>12.19</ele>
      </trkpt>
      <trkpt lat="35.972924726083875" lon="139.5197648461908">
        <ele>12.21</ele>
      </trkpt>
      <trkpt lat="35.97298993729055" lon="139.51976995915174">
        <ele>12.19</ele>
      </trkpt>
      <trkpt lat="35.973219936713576" lon="139.51972997747362">
        <ele>12.18</ele>
      </trkpt>
      <trkpt lat="35.973516907542944" lon="139.51959896832705">
        <ele>12.17</ele>
      </trkpt>
      <trkpt lat="35.973559990525246" lon="139.51957994140685">
        <ele>12.14</ele>
      </trkpt>
      <trkpt lat="35.973840365186334" lon="139.51940216124058">
        <ele>11.97</ele>
      </trkpt>
      <trkpt lat="35.973969949409366" lon="139.51931993477046">
        <ele>11.9</ele>
      </trkpt>
      <trkpt lat="35.9742356557399" lon="139.51911080628633">
        <ele>11.83</ele>
      </trkpt>
      <trkpt lat="35.97441251389682" lon="139.51897099614143">
        <ele>11.85</ele>
      </trkpt>
      <trkpt lat="35.97441636957228" lon="139.5189679786563">
        <ele>11.8</ele>
      </trkpt>
      <trkpt lat="35.97442022524774" lon="139.51896504499018">
        <ele>11.76</ele>
      </trkpt>
      <trkpt lat="35.97442424856126" lon="139.518961943686">
        <ele>11.71</ele>
      </trkpt>
      <trkpt lat="35.97442810423672" lon="139.5189590100199">
        <ele>11.67</ele>
      </trkpt>
      <trkpt lat="35.974432127550244" lon="139.51895590871572">
        <ele>11.62</ele>
      </trkpt>
      <trkpt lat="35.974436067044735" lon="139.51895289123058">
        <ele>11.58</ele>
      </trkpt>
      <trkpt lat="35.974439922720194" lon="139.51894995756447">
        <ele>11.53</ele>
      </trkpt>
      <trkpt lat="35.974696073681116" lon="139.51872339472175">
        <ele>11.54</ele>
      </trkpt>
      <trkpt lat="35.97495214082301" lon="139.51849683187902">
        <ele>11.51</ele>
      </trkpt>
      <trkpt lat="35.974959935992956" lon="139.51848995871842">
        <ele>11.47</ele>
      </trkpt>
      <trkpt lat="35.97509999759495" lon="139.51832994818687">
        <ele>11.4</ele>
      </trkpt>
      <trkpt lat="35.97521994262934" lon="139.51827999204397">
        <ele>11.32</ele>
      </trkpt>
      <trkpt lat="35.97545312717557" lon="139.51801856048405">
        <ele>11.24</ele>
      </trkpt>
      <trkpt lat="35.9755499381572" lon="139.51790993101895">
        <ele>11.19</ele>
      </trkpt>
      <trkpt lat="35.975749930366874" lon="139.5176199171692">
        <ele>11.14</ele>
      </trkpt>
      <trkpt lat="35.97597758285701" lon="139.5173513609916">
        <ele>11.14</ele>
      </trkpt>
      <trkpt lat="35.97620523534715" lon="139.51708272099495">
        <ele>11.09</ele>
      </trkpt>
      <trkpt lat="35.97624999471009" lon="139.517029998824">
        <ele>11.06</ele>
      </trkpt>
      <trkpt lat="35.97650287672877" lon="139.51679807156324">
        <ele>10.98</ele>
      </trkpt>
      <trkpt lat="35.97672994248569" lon="139.5165899489075">
        <ele>10.97</ele>
      </trkpt>
      <trkpt lat="35.97698466852307" lon="139.51636103913188">
        <ele>11.08</ele>
      </trkpt>
      <trkpt lat="35.977239394560456" lon="139.5161322131753">
        <ele>11.12</ele>
      </trkpt>
      <trkpt lat="35.97741994075477" lon="139.5159699395299">
        <ele>11.09</ele>
      </trkpt>
      <trkpt lat="35.97766234539449" lon="139.51572166755795">
        <ele>11.08</ele>
      </trkpt>
      <trkpt lat="35.9778053406626" lon="139.5155745651573">
        <ele>11.12</ele>
      </trkpt>
      <trkpt lat="35.97780886106193" lon="139.51557104475796">
        <ele>11.14</ele>
      </trkpt>
      <trkpt lat="35.97781229764223" lon="139.51556760817766">
        <ele>11.16</ele>
      </trkpt>
      <trkpt lat="35.977815901860595" lon="139.5155640039593">
        <ele>11.19</ele>
      </trkpt>
      <trkpt lat="35.977819338440895" lon="139.515560567379">
        <ele>11.22</ele>
      </trkpt>
      <trkpt lat="35.97782294265926" lon="139.51555696316063">
        <ele>11.26</ele>
      </trkpt>
      <trkpt lat="35.97782646305859" lon="139.5155534427613">
        <ele>11.29</ele>
      </trkpt>
      <trkpt lat="35.97782998345792" lon="139.51554992236197">
        <ele>11.33</ele>
      </trkpt>
      <trkpt lat="35.97804958932102" lon="139.51527139171958">
        <ele>11.42</ele>
      </trkpt>
      <trkpt lat="35.97823994234204" lon="139.51502999290824">
        <ele>11.48</ele>
      </trkpt>
      <trkpt lat="35.9784597158432" lon="139.51475154608488">
        <ele>11.56</ele>
      </trkpt>
      <trkpt lat="35.97867948934436" lon="139.51447318308055">
        <ele>11.5</ele>
      </trkpt>
      <trkpt lat="35.97883991897106" lon="139.51426992192864">
        <ele>11.48</ele>
      </trkpt>
      <trkpt lat="35.97906933166087" lon="139.51400354504585">
        <ele>11.57</ele>
      </trkpt>
      <trkpt lat="35.97929874435067" lon="139.51373716816306">
        <ele>11.63</ele>
      </trkpt>
      <trkpt lat="35.97945992834866" lon="139.5135499164462">
        <ele>11.64</ele>
      </trkpt>
      <trkpt lat="35.97970166243613" lon="139.51330055482686">
        <ele>11.69</ele>
      </trkpt>
      <trkpt lat="35.97994331270456" lon="139.51305110938847">
        <ele>11.75</ele>
      </trkpt>
      <trkpt lat="35.980184962973" lon="139.51280174776912">
        <ele>11.86</ele>
      </trkpt>
      <trkpt lat="35.980426613241434" lon="139.51255230233073">
        <ele>11.95</ele>
      </trkpt>
      <trkpt lat="35.9806683473289" lon="139.51230294071138">
        <ele>11.96</ele>
      </trkpt>
      <trkpt lat="35.98070992156863" lon="139.5122599415481">
        <ele>11.99</ele>
      </trkpt>
      <trkpt lat="35.98095593042672" lon="139.51201695017517">
        <ele>12.01</ele>
      </trkpt>
      <trkpt lat="35.98120185546577" lon="139.51177404262125">
        <ele>12.03</ele>
      </trkpt>
      <trkpt lat="35.981447864323854" lon="139.5115310512483">
        <ele>12.11</ele>
      </trkpt>
      <trkpt lat="35.981529923155904" lon="139.51144999824464">
        <ele>12.15</ele>
      </trkpt>
      <trkpt lat="35.98175933584571" lon="139.51118353754282">
        <ele>12.15</ele>
      </trkpt>
      <trkpt lat="35.981988748535514" lon="139.51091716066003">
        <ele>12.13</ele>
      </trkpt>
      <trkpt lat="35.9821499325335" lon="139.5107299927622">
        <ele>12.13</ele>
      </trkpt>
      <trkpt lat="35.98236383870244" lon="139.51044475659728">
        <ele>12.1</ele>
      </trkpt>
      <trkpt lat="35.98257774487138" lon="139.51015952043235">
        <ele>12.17</ele>
      </trkpt>
      <trkpt lat="35.98259995691478" lon="139.51012993231416">
        <ele>12.18</ele>
      </trkpt>
      <trkpt lat="35.98279810510576" lon="139.50982801616192">
        <ele>12.24</ele>
      </trkpt>
      <trkpt lat="35.98299625329673" lon="139.50952601619065">
        <ele>12.2</ele>
      </trkpt>
      <trkpt lat="35.98301997408271" lon="139.509489974007">
        <ele>12.18</ele>
      </trkpt>
      <trkpt lat="35.98320906981826" lon="139.50917934067547">
        <ele>12.12</ele>
      </trkpt>
      <trkpt lat="35.98339816555381" lon="139.50886870734394">
        <ele>12.07</ele>
      </trkpt>
      <trkpt lat="35.983439991250634" lon="139.50879997573793">
        <ele>12.05</ele>
      </trkpt>
      <trkpt lat="35.98351995460689" lon="139.50870995409787">
        <ele>12.03</ele>
      </trkpt>
      <trkpt lat="35.98348994739354" lon="139.5086199324578">
        <ele>12.01</ele>
      </trkpt>
      <trkpt lat="35.9835799690336" lon="139.5084399729967">
        <ele>12.0</ele>
      </trkpt>
      <trkpt lat="35.98358994349837" lon="139.50847995467484">
        <ele>11.91</ele>
      </trkpt>
      <trkpt lat="35.983768813312054" lon="139.50816026888788">
        <ele>11.85</ele>
      </trkpt>
      <trkpt lat="35.98391993902624" lon="139.5078899525106">
        <ele>11.63</ele>
      </trkpt>
      <trkpt lat="35.98411465063691" lon="139.50758459977806">
        <ele>11.4</ele>
      </trkpt>
      <trkpt lat="35.984309362247586" lon="139.50727924704552">
        <ele>11.32</ele>
      </trkpt>
      <trkpt lat="35.98435998894274" lon="139.5071999542415">
        <ele>11.23</ele>
      </trkpt>
      <trkpt lat="35.98456836305559" lon="139.5069086831063">
        <ele>11.12</ele>
      </trkpt>
      <trkpt lat="35.98477682098746" lon="139.5066174119711">
        <ele>11.02</ele>
      </trkpt>
      <trkpt lat="35.98498527891934" lon="139.50632605701685">
        <ele>11.0</ele>
      </trkpt>
      <trkpt lat="35.985139925032854" lon="139.5061099715531">
        <ele>10.92</ele>
      </trkpt>
      <trkpt lat="35.98536296747625" lon="139.50583546422422">
        <ele>10.77</ele>
      </trkpt>
      <trkpt lat="35.985399931669235" lon="139.50578995049">
        <ele>10.64</ele>
      </trkpt>
      <trkpt lat="35.98564024083316" lon="139.50553849339485">
        <ele>10.42</ele>
      </trkpt>
      <trkpt lat="35.985829923301935" lon="139.50533992610872">
        <ele>10.33</ele>
      </trkpt>
      <trkpt lat="35.98608825355768" lon="139.50511721894145">
        <ele>10.26</ele>
      </trkpt>
      <trkpt lat="35.98634658381343" lon="139.50489442795515">
        <ele>10.16</ele>
      </trkpt>
      <trkpt lat="35.986604830250144" lon="139.50467163696885">
        <ele>10.01</ele>
      </trkpt>
      <trkpt lat="35.98662997595966" lon="139.50464992783964">
        <ele>9.9</ele>
      </trkpt>
      <trkpt lat="35.98679996095598" lon="139.5045599900186">
        <ele>9.76</ele>
      </trkpt>
      <trkpt lat="35.987100871279836" lon="139.50444356538355">
        <ele>9.66</ele>
      </trkpt>
      <trkpt lat="35.987401781603694" lon="139.50432722456753">
        <ele>9.52</ele>
      </trkpt>
      <trkpt lat="35.98754997365177" lon="139.50426997616887">
        <ele>9.4</ele>
      </trkpt>
      <trkpt lat="35.987765891477466" lon="139.50420912355185">
        <ele>9.31</ele>
      </trkpt>
      <trkpt lat="35.987770752981305" lon="139.50420778244734">
        <ele>9.28</ele>
      </trkpt>
      <trkpt lat="35.98777553066611" lon="139.50420652516186">
        <ele>9.25</ele>
      </trkpt>
      <trkpt lat="35.987780559808016" lon="139.50420518405735">
        <ele>9.25</ele>
      </trkpt>
      <trkpt lat="35.987785337492824" lon="139.50420392677188">
        <ele>9.26</ele>
      </trkpt>
      <trkpt lat="35.987790282815695" lon="139.50420258566737">
        <ele>9.28</ele>
      </trkpt>
      <trkpt lat="35.987795144319534" lon="139.50420124456286">
        <ele>9.32</ele>
      </trkpt>
      <trkpt lat="35.98779992200434" lon="139.5041999872774">
        <ele>9.38</ele>
      </trkpt>
      <trkpt lat="35.98810946568847" lon="139.5041252207011">
        <ele>9.54</ele>
      </trkpt>
      <trkpt lat="35.98841900937259" lon="139.50405053794384">
        <ele>9.72</ele>
      </trkpt>
      <trkpt lat="35.98872855305672" lon="139.50397577136755">
        <ele>9.75</ele>
      </trkpt>
      <trkpt lat="35.98895997740328" lon="139.50391994789243">
        <ele>9.84</ele>
      </trkpt>
      <trkpt lat="35.98926625214517" lon="139.50382732786238">
        <ele>10.05</ele>
      </trkpt>
      <trkpt lat="35.98938996903598" lon="139.50378994457424">
        <ele>10.21</ele>
      </trkpt>
      <trkpt lat="35.989629942923784" lon="139.50372993014753">
        <ele>10.37</ele>
      </trkpt>
      <trkpt lat="35.98973999731243" lon="139.50364996679127">
        <ele>10.47</ele>
      </trkpt>
      <trkpt lat="35.98989598453045" lon="139.50362507253885">
        <ele>10.61</ele>
      </trkpt>
      <trkpt lat="35.98990084603429" lon="139.50362431816757">
        <ele>10.74</ele>
      </trkpt>
      <trkpt lat="35.989905623719096" lon="139.50362356379628">
        <ele>10.86</ele>
      </trkpt>
      <trkpt lat="35.98991056904197" lon="139.503622809425">
        <ele>10.99</ele>
      </trkpt>
      <trkpt lat="35.989915346726775" lon="139.50362213887274">
        <ele>11.11</ele>
      </trkpt>
      <trkpt lat="35.989920292049646" lon="139.50362138450146">
        <ele>11.24</ele>
      </trkpt>
      <trkpt lat="35.989925153553486" lon="139.50362063013017">
        <ele>11.36</ele>
      </trkpt>
      <trkpt lat="35.989929931238294" lon="139.50361995957792">
        <ele>11.48</ele>
      </trkpt>
      <trkpt lat="35.99024500697851" lon="139.50360160320997">
        <ele>11.62</ele>
      </trkpt>
      <trkpt lat="35.99056008271873" lon="139.50358333066106">
        <ele>11.74</ele>
      </trkpt>
      <trkpt lat="35.990789998322725" lon="139.50356991961598">
        <ele>11.85</ele>
      </trkpt>
      <trkpt lat="35.991103146225214" lon="139.50352390296757">
        <ele>11.89</ele>
      </trkpt>
      <trkpt lat="35.99112996831536" lon="139.50351996347308">
        <ele>11.98</ele>
      </trkpt>
      <trkpt lat="35.9914387576282" lon="139.50344058685005">
        <ele>12.08</ele>
      </trkpt>
      <trkpt lat="35.99174746312201" lon="139.50336112640798">
        <ele>12.22</ele>
      </trkpt>
      <trkpt lat="35.99182994104922" lon="139.50333992019296">
        <ele>12.31</ele>
      </trkpt>
      <trkpt lat="35.99213236011565" lon="139.5032295305282">
        <ele>12.32</ele>
      </trkpt>
      <trkpt lat="35.99243477918208" lon="139.50311914086342">
        <ele>12.37</ele>
      </trkpt>
      <trkpt lat="35.99245992489159" lon="139.50310992076993">
        <ele>12.48</ele>
      </trkpt>
      <trkpt lat="35.99275354295969" lon="139.50296801514924">
        <ele>12.66</ele>
      </trkpt>
      <trkpt lat="35.99304716102779" lon="139.50282610952854">
        <ele>12.75</ele>
      </trkpt>
      <trkpt lat="35.99305998533964" lon="139.50281999073923">
        <ele>12.85</ele>
      </trkpt>
      <trkpt lat="35.99333600141108" lon="139.50263223610818">
        <ele>12.9</ele>
      </trkpt>
      <trkpt lat="35.993559965863824" lon="139.50247993692756">
        <ele>13.0</ele>
      </trkpt>
      <trkpt lat="35.9937599580735" lon="139.50230995193124">
        <ele>13.08</ele>
      </trkpt>
      <trkpt lat="35.99382994696498" lon="139.50218992307782">
        <ele>13.16</ele>
      </trkpt>
      <trkpt lat="35.994079979136586" lon="139.5020199380815">
        <ele>13.27</ele>
      </trkpt>
      <trkpt lat="35.99425993859768" lon="139.50198993086815">
        <ele>13.44</ele>
      </trkpt>
      <trkpt lat="35.99451391026378" lon="139.50175967998803">
        <ele>13.63</ele>
      </trkpt>
      <trkpt lat="35.99468993023038" lon="139.50159992091358">
        <ele>13.82</ele>
      </trkpt>
      <trkpt lat="35.99493283778429" lon="139.50135223567486">
        <ele>14.01</ele>
      </trkpt>
      <trkpt lat="35.99517566151917" lon="139.50110455043614">
        <ele>14.0</ele>
      </trkpt>
      <trkpt lat="35.99518999457359" lon="139.50108996592462">
        <ele>14.07</ele>
      </trkpt>
      <trkpt lat="35.995426280424" lon="139.50083280913532">
        <ele>14.06</ele>
      </trkpt>
      <trkpt lat="35.99552996456623" lon="139.50071998871863">
        <ele>14.12</ele>
      </trkpt>
      <trkpt lat="35.99574839696288" lon="139.50043994933367">
        <ele>14.08</ele>
      </trkpt>
      <trkpt lat="35.9959199745208" lon="139.50021992437541">
        <ele>14.17</ele>
      </trkpt>
      <trkpt lat="35.99609658122063" lon="139.49989831075072">
        <ele>14.28</ele>
      </trkpt>
      <trkpt lat="35.99619993008673" lon="139.49970996938646">
        <ele>14.3</ele>
      </trkpt>
      <trkpt lat="35.996350552886724" lon="139.4993689097464">
        <ele>14.27</ele>
      </trkpt>
      <trkpt lat="35.99650117568672" lon="139.49902785010636">
        <ele>14.27</ele>
      </trkpt>
      <trkpt lat="35.9965399838984" lon="139.4989399239421">
        <ele>14.28</ele>
      </trkpt>
      <trkpt lat="35.99667434580624" lon="139.49858880601823">
        <ele>14.32</ele>
      </trkpt>
      <trkpt lat="35.99680879153311" lon="139.49823760427535">
        <ele>14.41</ele>
      </trkpt>
      <trkpt lat="35.996849946677685" lon="139.49812998063862">
        <ele>14.44</ele>
      </trkpt>
      <trkpt lat="35.99697039462626" lon="139.49777123518288">
        <ele>14.52</ele>
      </trkpt>
      <trkpt lat="35.997090842574835" lon="139.49741248972714">
        <ele>14.5</ele>
      </trkpt>
      <trkpt lat="35.99721129052341" lon="139.4970537442714">
        <ele>14.48</ele>
      </trkpt>
      <trkpt lat="35.99730994552374" lon="139.49675995856524">
        <ele>14.46</ele>
      </trkpt>
      <trkpt lat="35.9973999671638" lon="139.49647991918027">
        <ele>14.41</ele>
      </trkpt>
      <trkpt lat="35.99750893190503" lon="139.49613408185542">
        <ele>14.38</ele>
      </trkpt>
      <trkpt lat="35.9975104406476" lon="139.49612938798964">
        <ele>14.37</ele>
      </trkpt>
      <trkpt lat="35.99751194939017" lon="139.49612486176193">
        <ele>14.35</ele>
      </trkpt>
      <trkpt lat="35.997513541951776" lon="139.49612008407712">
        <ele>14.34</ele>
      </trkpt>
      <trkpt lat="35.99751421250403" lon="139.4961181562394">
        <ele>14.32</ele>
      </trkpt>
      <trkpt lat="35.997514966875315" lon="139.49611547403038">
        <ele>14.31</ele>
      </trkpt>
      <trkpt lat="35.99751672707498" lon="139.49611010961235">
        <ele>14.29</ele>
      </trkpt>
      <trkpt lat="35.997518403455615" lon="139.49610491283238">
        <ele>14.28</ele>
      </trkpt>
      <trkpt lat="35.99751999601722" lon="139.4960999675095">
        <ele>14.26</ele>
      </trkpt>
      <trkpt lat="35.99762971512973" lon="139.4957360252738">
        <ele>14.23</ele>
      </trkpt>
      <trkpt lat="35.99773951806128" lon="139.49537216685712">
        <ele>14.12</ele>
      </trkpt>
      <trkpt lat="35.997849237173796" lon="139.49500822462142">
        <ele>14.12</ele>
      </trkpt>
      <trkpt lat="35.99795904010534" lon="139.4946442823857">
        <ele>14.22</ele>
      </trkpt>
      <trkpt lat="35.99806875921786" lon="139.49428042396903">
        <ele>14.25</ele>
      </trkpt>
      <trkpt lat="35.998178562149405" lon="139.49391648173332">
        <ele>14.2</ele>
      </trkpt>
      <trkpt lat="35.99828836508095" lon="139.49355262331665">
        <ele>14.24</ele>
      </trkpt>
      <trkpt lat="35.99839808419347" lon="139.49318868108094">
        <ele>14.28</ele>
      </trkpt>
      <trkpt lat="35.998439993709326" lon="139.49304996058345">
        <ele>14.27</ele>
      </trkpt>
      <trkpt lat="35.99858583882451" lon="139.49270579963923">
        <ele>14.22</ele>
      </trkpt>
      <trkpt lat="35.9986899420619" lon="139.4924599584192">
        <ele>14.17</ele>
      </trkpt>
      <trkpt lat="35.99884911440313" lon="139.4921248499304">
        <ele>14.15</ele>
      </trkpt>
      <trkpt lat="35.9988799598068" lon="139.49205997399986">
        <ele>14.12</ele>
      </trkpt>
      <trkpt lat="35.99909881129861" lon="139.49178035371006">
        <ele>14.1</ele>
      </trkpt>
      <trkpt lat="35.99923996254802" lon="139.4915999751538">
        <ele>14.04</ele>
      </trkpt>
      <trkpt lat="35.99949175491929" lon="139.49136612005532">
        <ele>13.97</ele>
      </trkpt>
      <trkpt lat="35.99965997971594" lon="139.49120996519923">
        <ele>13.92</ele>
      </trkpt>
      <trkpt lat="35.99993012845516" lon="139.4910095538944">
        <ele>13.92</ele>
      </trkpt>
      <trkpt lat="35.99996994249523" lon="139.4909799657762">
        <ele>13.9</ele>
      </trkpt>
      <trkpt lat="36.000254675745964" lon="139.490812914446">
        <ele>13.81</ele>
      </trkpt>
      <trkpt lat="36.0005394089967" lon="139.4906458631158">
        <ele>13.81</ele>
      </trkpt>
      <trkpt lat="36.00082414224744" lon="139.4904788956046">
        <ele>13.81</ele>
      </trkpt>
      <trkpt lat="36.001108875498176" lon="139.4903118442744">
        <ele>13.91</ele>
      </trkpt>
      <trkpt lat="36.001393692567945" lon="139.4901447929442">
        <ele>13.89</ele>
      </trkpt>
      <trkpt lat="36.00167842581868" lon="139.48997782543302">
        <ele>13.86</ele>
      </trkpt>
      <trkpt lat="36.00175998173654" lon="139.4899299647659">
        <ele>13.82</ele>
      </trkpt>
      <trkpt lat="36.00204823538661" lon="139.4897724688053">
        <ele>13.79</ele>
      </trkpt>
      <trkpt lat="36.00233657285571" lon="139.48961497284472">
        <ele>13.8</ele>
      </trkpt>
      <trkpt lat="36.00262482650578" lon="139.48945747688413">
        <ele>13.76</ele>
      </trkpt>
      <trkpt lat="36.002839989960194" lon="139.48933996260166">
        <ele>13.69</ele>
      </trkpt>
      <trkpt lat="36.00313972681761" lon="139.489219263196">
        <ele>13.76</ele>
      </trkpt>
      <trkpt lat="36.003439547494054" lon="139.48909856379032">
        <ele>13.83</ele>
      </trkpt>
      <trkpt lat="36.00360995158553" lon="139.48902999982238">
        <ele>13.81</ele>
      </trkpt>
      <trkpt lat="36.00390993990004" lon="139.48893997818232">
        <ele>13.86</ele>
      </trkpt>
      <trkpt lat="36.0039999615401" lon="139.48895992711186">
        <ele>13.82</ele>
      </trkpt>
      <trkpt lat="36.00430925376713" lon="139.48888398706913">
        <ele>13.72</ele>
      </trkpt>
      <trkpt lat="36.00456993095577" lon="139.4888199493289">
        <ele>13.61</ele>
      </trkpt>
      <trkpt lat="36.00488358177245" lon="139.48877812363207">
        <ele>13.57</ele>
      </trkpt>
      <trkpt lat="36.00516999140382" lon="139.48873998597264">
        <ele>13.6</ele>
      </trkpt>
      <trkpt lat="36.005399990826845" lon="139.48865993879735">
        <ele>13.58</ele>
      </trkpt>
      <trkpt lat="36.0056908428669" lon="139.48850981891155">
        <ele>13.45</ele>
      </trkpt>
      <trkpt lat="36.00570995360613" lon="139.4884999282658">
        <ele>13.41</ele>
      </trkpt>
      <trkpt lat="36.00589997135103" lon="139.4883899576962">
        <ele>13.38</ele>
      </trkpt>
      <trkpt lat="36.006069956347346" lon="139.48822994716465">
        <ele>13.39</ele>
      </trkpt>
      <trkpt lat="36.0062899813056" lon="139.48804998770356">
        <ele>13.41</ele>
      </trkpt>
      <trkpt lat="36.00653917528689" lon="139.48781202547252">
        <ele>13.41</ele>
      </trkpt>
      <trkpt lat="36.006703712046146" lon="139.4876544456929">
        <ele>13.35</ele>
      </trkpt>
      <trkpt lat="36.006707483902574" lon="139.48765092529356">
        <ele>13.31</ele>
      </trkpt>
      <trkpt lat="36.00671117193997" lon="139.48764748871326">
        <ele>13.28</ele>
      </trkpt>
      <trkpt lat="36.00671502761543" lon="139.4876438844949">
        <ele>13.24</ele>
      </trkpt>
      <trkpt lat="36.00671871565282" lon="139.4876404479146">
        <ele>13.2</ele>
      </trkpt>
      <trkpt lat="36.00672257132828" lon="139.48763684369624">
        <ele>13.16</ele>
      </trkpt>
      <trkpt lat="36.00672634318471" lon="139.4876333232969">
        <ele>13.11</ele>
      </trkpt>
      <trkpt lat="36.00672994740307" lon="139.48762997053564">
        <ele>13.07</ele>
      </trkpt>
      <trkpt lat="36.00697754882276" lon="139.4873894099146">
        <ele>13.04</ele>
      </trkpt>
      <trkpt lat="36.00707997567952" lon="139.48728991672397">
        <ele>12.97</ele>
      </trkpt>
      <trkpt lat="36.007339898496866" lon="139.48707005940378">
        <ele>12.84</ele>
      </trkpt>
      <trkpt lat="36.0073399823159" lon="139.48706997558475">
        <ele>12.81</ele>
      </trkpt>
      <trkpt lat="36.00761809386313" lon="139.48688674718142">
        <ele>12.7</ele>
      </trkpt>
      <trkpt lat="36.00789612159133" lon="139.48670351877809">
        <ele>12.65</ele>
      </trkpt>
      <trkpt lat="36.00817423313856" lon="139.48652029037476">
        <ele>12.71</ele>
      </trkpt>
      <trkpt lat="36.008189991116524" lon="139.48650998063385">
        <ele>12.71</ele>
      </trkpt>
      <trkpt lat="36.00846550427377" lon="139.48632096871734">
        <ele>12.66</ele>
      </trkpt>
      <trkpt lat="36.008539935573936" lon="139.48626992292702">
        <ele>12.65</ele>
      </trkpt>
      <trkpt lat="36.00881880149245" lon="139.48608837090433">
        <ele>12.72</ele>
      </trkpt>
      <trkpt lat="36.008969927206635" lon="139.4859899673611">
        <ele>12.76</ele>
      </trkpt>
      <trkpt lat="36.00924569182098" lon="139.4858012907207">
        <ele>12.81</ele>
      </trkpt>
      <trkpt lat="36.00952137261629" lon="139.48561269789934">
        <ele>12.76</ele>
      </trkpt>
      <trkpt lat="36.00953998044133" lon="139.48559995740652">
        <ele>12.77</ele>
      </trkpt>
      <trkpt lat="36.00982186384499" lon="139.48542586527765">
        <ele>12.76</ele>
      </trkpt>
      <trkpt lat="36.01010383106768" lon="139.48525168932974">
        <ele>12.83</ele>
      </trkpt>
      <trkpt lat="36.01021992042661" lon="139.4851799402386">
        <ele>12.83</ele>
      </trkpt>
      <trkpt lat="36.01049710996449" lon="139.48499453254044">
        <ele>12.86</ele>
      </trkpt>
      <trkpt lat="36.01077421568334" lon="139.48480904102325">
        <ele>12.95</ele>
      </trkpt>
      <trkpt lat="36.01105132140219" lon="139.4846236333251">
        <ele>12.93</ele>
      </trkpt>
      <trkpt lat="36.01132842712104" lon="139.48443822562695">
        <ele>12.92</ele>
      </trkpt>
      <trkpt lat="36.01154996082187" lon="139.48428994975984">
        <ele>12.91</ele>
      </trkpt>
      <trkpt lat="36.01162992417812" lon="139.48421996086836">
        <ele>12.93</ele>
      </trkpt>
      <trkpt lat="36.01190770044923" lon="139.48403597809374">
        <ele>12.97</ele>
      </trkpt>
      <trkpt lat="36.01218547672033" lon="139.48385207913816">
        <ele>13.02</ele>
      </trkpt>
      <trkpt lat="36.01246325299144" lon="139.48366809636354">
        <ele>13.01</ele>
      </trkpt>
      <trkpt lat="36.01274102926254" lon="139.48348411358893">
        <ele>12.99</ele>
      </trkpt>
      <trkpt lat="36.01301888935268" lon="139.48330021463335">
        <ele>12.96</ele>
      </trkpt>
      <trkpt lat="36.013296665623784" lon="139.48311623185873">
        <ele>12.9</ele>
      </trkpt>
      <trkpt lat="36.01357444189489" lon="139.48293233290315">
        <ele>12.95</ele>
      </trkpt>
      <trkpt lat="36.013852218165994" lon="139.48274835012853">
        <ele>13.06</ele>
      </trkpt>
      <trkpt lat="36.01387996226549" lon="139.48272999376059">
        <ele>13.09</ele>
      </trkpt>
      <trkpt lat="36.014159079641104" lon="139.48254911229014">
        <ele>13.17</ele>
      </trkpt>
      <trkpt lat="36.014438197016716" lon="139.4823682308197">
        <ele>13.2</ele>
      </trkpt>
      <trkpt lat="36.01471731439233" lon="139.48218734934926">
        <ele>13.25</ele>
      </trkpt>
      <trkpt lat="36.01499634794891" lon="139.48200646787882">
        <ele>13.28</ele>
      </trkpt>
      <trkpt lat="36.01527546532452" lon="139.48182558640838">
        <ele>13.26</ele>
      </trkpt>
      <trkpt lat="36.01555458270013" lon="139.48164470493793">
        <ele>13.27</ele>
      </trkpt>
      <trkpt lat="36.015833700075746" lon="139.4814638234675">
        <ele>13.25</ele>
      </trkpt>
      <trkpt lat="36.01611281745136" lon="139.48128294199705">
        <ele>13.27</ele>
      </trkpt>
      <trkpt lat="36.016209963709116" lon="139.48121999390423">
        <ele>13.26</ele>
      </trkpt>
      <trkpt lat="36.016502156853676" lon="139.48107381351292">
        <ele>13.27</ele>
      </trkpt>
      <trkpt lat="36.01679443381727" lon="139.48092771694064">
        <ele>13.33</ele>
      </trkpt>
      <trkpt lat="36.01708671078086" lon="139.48078162036836">
        <ele>13.31</ele>
      </trkpt>
      <trkpt lat="36.017109928652644" lon="139.48076996952295">
        <ele>13.27</ele>
      </trkpt>
      <trkpt lat="36.01739315316081" lon="139.48059889487922">
        <ele>13.15</ele>
      </trkpt>
      <trkpt lat="36.01758996024728" lon="139.48047995567322">
        <ele>13.05</ele>
      </trkpt>
      <trkpt lat="36.017640084028244" lon="139.4806646090001">
        <ele>13.0</ele>
      </trkpt>
      <trkpt lat="36.01764150895178" lon="139.48066972196102">
        <ele>12.95</ele>
      </trkpt>
      <trkpt lat="36.01764293387532" lon="139.4806746672839">
        <ele>12.9</ele>
      </trkpt>
      <trkpt lat="36.01764435879886" lon="139.48067986406386">
        <ele>12.85</ele>
      </trkpt>
      <trkpt lat="36.0176457837224" lon="139.48068489320576">
        <ele>12.8</ele>
      </trkpt>
      <trkpt lat="36.01764720864594" lon="139.48069008998573">
        <ele>12.76</ele>
      </trkpt>
      <trkpt lat="36.01764863356948" lon="139.48069511912763">
        <ele>12.71</ele>
      </trkpt>
      <trkpt lat="36.017649974673986" lon="139.48069998063147">
        <ele>12.67</ele>
      </trkpt>
      <trkpt lat="36.017709989100695" lon="139.48095998726785">
        <ele>12.6</ele>
      </trkpt>
      <trkpt lat="36.01767847314477" lon="139.48134630918503">
        <ele>12.55</ele>
      </trkpt>
      <trkpt lat="36.017647041007876" lon="139.4817326311022">
        <ele>12.48</ele>
      </trkpt>
      <trkpt lat="36.01763991639018" lon="139.48181997053325">
        <ele>12.44</ele>
      </trkpt>
      <trkpt lat="36.01778995245695" lon="139.48204996995628">
        <ele>12.41</ele>
      </trkpt>
      <trkpt lat="36.01790998131037" lon="139.4822199549526">
        <ele>12.39</ele>
      </trkpt>
      <trkpt lat="36.017989944666624" lon="139.48238993994892">
        <ele>12.41</ele>
      </trkpt>
      <trkpt lat="36.01802447810769" lon="139.48277592658997">
        <ele>12.49</ele>
      </trkpt>
      <trkpt lat="36.01804995909333" lon="139.48305998928845">
        <ele>12.57</ele>
      </trkpt>
      <trkpt lat="36.01806999184191" lon="139.48312997817993">
        <ele>12.59</ele>
      </trkpt>
      <trkpt lat="36.018119947984815" lon="139.48304993100464">
        <ele>12.62</ele>
      </trkpt>
      <trkpt lat="36.01837366819382" lon="139.48281926102936">
        <ele>12.59</ele>
      </trkpt>
      <trkpt lat="36.01844994351268" lon="139.48274994269013">
        <ele>12.62</ele>
      </trkpt>
      <trkpt lat="36.01871447637677" lon="139.48253838345408">
        <ele>12.66</ele>
      </trkpt>
      <trkpt lat="36.01894992403686" lon="139.4823499582708">
        <ele>12.68</ele>
      </trkpt>
      <trkpt lat="36.01920791901648" lon="139.48212658055127">
        <ele>12.68</ele>
      </trkpt>
      <trkpt lat="36.0194659139961" lon="139.48190320283175">
        <ele>12.82</ele>
      </trkpt>
      <trkpt lat="36.01972390897572" lon="139.48167982511222">
        <ele>13.02</ele>
      </trkpt>
      <trkpt lat="36.01976992562413" lon="139.48163992725313">
        <ele>13.12</ele>
      </trkpt>
      <trkpt lat="36.020041750743985" lon="139.4814429525286">
        <ele>13.2</ele>
      </trkpt>
      <trkpt lat="36.02031357586384" lon="139.48124597780406">
        <ele>13.27</ele>
      </trkpt>
      <trkpt lat="36.02045992389321" lon="139.48113994672894">
        <ele>13.4</ele>
      </trkpt>
      <trkpt lat="36.02056981064379" lon="139.48106895200908">
        <ele>13.45</ele>
      </trkpt>
      <trkpt lat="36.02057408541441" lon="139.48106626980007">
        <ele>13.54</ele>
      </trkpt>
      <trkpt lat="36.020578276365995" lon="139.48106367141008">
        <ele>13.64</ele>
      </trkpt>
      <trkpt lat="36.020582718774676" lon="139.481060821563">
        <ele>13.75</ele>
      </trkpt>
      <trkpt lat="36.020586993545294" lon="139.481058139354">
        <ele>13.85</ele>
      </trkpt>
      <trkpt lat="36.020591435953975" lon="139.4810552895069">
        <ele>13.94</ele>
      </trkpt>
      <trkpt lat="36.02059571072459" lon="139.4810526072979">
        <ele>14.05</ele>
      </trkpt>
      <trkpt lat="36.02059998549521" lon="139.48104992508888">
        <ele>14.16</ele>
      </trkpt>
      <trkpt lat="36.02088455110788" lon="139.48088253848255">
        <ele>14.12</ele>
      </trkpt>
      <trkpt lat="36.021109940484166" lon="139.48074993677437">
        <ele>14.26</ele>
      </trkpt>
      <trkpt lat="36.02140146307647" lon="139.48060157708824">
        <ele>14.51</ele>
      </trkpt>
      <trkpt lat="36.02165996097028" lon="139.48046998120844">
        <ele>14.66</ele>
      </trkpt>
      <trkpt lat="36.02196380496025" lon="139.48036554269493">
        <ele>14.76</ele>
      </trkpt>
      <trkpt lat="36.02197998203337" lon="139.4803599268198">
        <ele>14.86</ele>
      </trkpt>
      <trkpt lat="36.02212993428111" lon="139.48033997789025">
        <ele>14.93</ele>
      </trkpt>
      <trkpt lat="36.02221995592117" lon="139.48039999231696">
        <ele>15.02</ele>
      </trkpt>
      <trkpt lat="36.02229991927743" lon="139.48038993403316">
        <ele>15.1</ele>
      </trkpt>
      <trkpt lat="36.02246998809278" lon="139.48025993071496">
        <ele>15.18</ele>
      </trkpt>
      <trkpt lat="36.02277693338692" lon="139.48017083108425">
        <ele>15.27</ele>
      </trkpt>
      <trkpt lat="36.022779950872064" lon="139.48016999289393">
        <ele>15.33</ele>
      </trkpt>
      <trkpt lat="36.02307692170143" lon="139.48003898374736">
        <ele>15.42</ele>
      </trkpt>
      <trkpt lat="36.0231199208647" lon="139.48001995682716">
        <ele>15.48</ele>
      </trkpt>
      <trkpt lat="36.02343499660492" lon="139.47999984025955">
        <ele>15.49</ele>
      </trkpt>
      <trkpt lat="36.02355477400124" lon="139.4799917936325">
        <ele>15.5</ele>
      </trkpt>
      <trkpt lat="36.023559803143144" lon="139.4799915421754">
        <ele>15.52</ele>
      </trkpt>
      <trkpt lat="36.02356466464698" lon="139.47999129071832">
        <ele>15.52</ele>
      </trkpt>
      <trkpt lat="36.02356986142695" lon="139.4799909554422">
        <ele>15.53</ele>
      </trkpt>
      <trkpt lat="36.02357480674982" lon="139.4799907039851">
        <ele>15.52</ele>
      </trkpt>
      <trkpt lat="36.02358000352979" lon="139.479990452528">
        <ele>15.51</ele>
      </trkpt>
      <trkpt lat="36.02358494885266" lon="139.4799902010709">
        <ele>15.49</ele>
      </trkpt>
      <trkpt lat="36.02358997799456" lon="139.4799899496138">
        <ele>15.47</ele>
      </trkpt>
      <trkpt lat="36.02382995188236" lon="139.48002993129194">
        <ele>15.4</ele>
      </trkpt>
      <trkpt lat="36.02410999126732" lon="139.48014996014535">
        <ele>15.32</ele>
      </trkpt>
      <trkpt lat="36.024354826658964" lon="139.480394795537">
        <ele>15.3</ele>
      </trkpt>
      <trkpt lat="36.02453998290002" lon="139.48057995177805">
        <ele>15.27</ele>
      </trkpt>
      <trkpt lat="36.02478163316846" lon="139.48082948103547">
        <ele>15.22</ele>
      </trkpt>
      <trkpt lat="36.025023283436894" lon="139.48107909411192">
        <ele>15.2</ele>
      </trkpt>
      <trkpt lat="36.02526493370533" lon="139.48132862336934">
        <ele>15.17</ele>
      </trkpt>
      <trkpt lat="36.02545998059213" lon="139.48152995668352">
        <ele>15.13</ele>
      </trkpt>
      <trkpt lat="36.02571990340948" lon="139.48174989782274">
        <ele>15.07</ele>
      </trkpt>
      <trkpt lat="36.0258499905467" lon="139.48185995221138">
        <ele>15.07</ele>
      </trkpt>
      <trkpt lat="36.02612240239978" lon="139.4820555858314">
        <ele>15.1</ele>
      </trkpt>
      <trkpt lat="36.026394898071885" lon="139.48225130327046">
        <ele>15.12</ele>
      </trkpt>
      <trkpt lat="36.02666730992496" lon="139.48244693689048">
        <ele>15.17</ele>
      </trkpt>
      <trkpt lat="36.02693980559707" lon="139.4826425705105">
        <ele>15.19</ele>
      </trkpt>
      <trkpt lat="36.027212301269174" lon="139.48283828794956">
        <ele>15.17</ele>
      </trkpt>
      <trkpt lat="36.02748471312225" lon="139.4830339215696">
        <ele>15.13</ele>
      </trkpt>
      <trkpt lat="36.027757208794355" lon="139.4832295551896">
        <ele>15.13</ele>
      </trkpt>
      <trkpt lat="36.02802962064743" lon="139.48342527262866">
        <ele>15.19</ele>
      </trkpt>
      <trkpt lat="36.02830211631954" lon="139.4836209062487">
        <ele>15.25</ele>
      </trkpt>
      <trkpt lat="36.028574611991644" lon="139.4838165398687">
        <ele>15.25</ele>
      </trkpt>
      <trkpt lat="36.02882992476225" lon="139.4839999359101">
        <ele>15.24</ele>
      </trkpt>
      <trkpt lat="36.029059924185276" lon="139.48414997197688">
        <ele>15.28</ele>
      </trkpt>
      <trkpt lat="36.02935932576656" lon="139.48427218012512">
        <ele>15.37</ele>
      </trkpt>
      <trkpt lat="36.02965872734785" lon="139.4843944720924">
        <ele>15.37</ele>
      </trkpt>
      <trkpt lat="36.02995812892914" lon="139.48451676405966">
        <ele>15.41</ele>
      </trkpt>
      <trkpt lat="36.030257530510426" lon="139.4846389722079">
        <ele>15.5</ele>
      </trkpt>
      <trkpt lat="36.03055693209171" lon="139.48476126417518">
        <ele>15.54</ele>
      </trkpt>
      <trkpt lat="36.03085624985397" lon="139.48488355614245">
        <ele>15.57</ele>
      </trkpt>
      <trkpt lat="36.030969992280006" lon="139.48492999188602">
        <ele>15.62</ele>
      </trkpt>
      <trkpt lat="36.031276769936085" lon="139.48502018116415">
        <ele>15.66</ele>
      </trkpt>
      <trkpt lat="36.03158354759216" lon="139.4851104542613">
        <ele>15.69</ele>
      </trkpt>
      <trkpt lat="36.03189032524824" lon="139.48520064353943">
        <ele>15.77</ele>
      </trkpt>
      <trkpt lat="36.03198998607695" lon="139.48522998020053">
        <ele>15.82</ele>
      </trkpt>
      <trkpt lat="36.03229793719947" lon="139.4853139668703">
        <ele>15.91</ele>
      </trkpt>
      <trkpt lat="36.032319981604815" lon="139.48531991802156">
        <ele>15.95</ele>
      </trkpt>
      <trkpt lat="36.03235795162618" lon="139.4853361789137">
        <ele>15.99</ele>
      </trkpt>
      <trkpt lat="36.032362477853894" lon="139.48533810675144">
        <ele>16.01</ele>
      </trkpt>
      <trkpt lat="36.032366920262575" lon="139.48534003458917">
        <ele>16.03</ele>
      </trkpt>
      <trkpt lat="36.03237161412835" lon="139.48534204624593">
        <ele>16.05</ele>
      </trkpt>
      <trkpt lat="36.032376140356064" lon="139.48534397408366">
        <ele>16.05</ele>
      </trkpt>
      <trkpt lat="36.03238091804087" lon="139.48534606955945">
        <ele>16.05</ele>
      </trkpt>
      <trkpt lat="36.032385444268584" lon="139.48534799739718">
        <ele>16.05</ele>
      </trkpt>
      <trkpt lat="36.0323899704963" lon="139.4853499252349">
        <ele>16.03</ele>
      </trkpt>
      <trkpt lat="36.0326814930886" lon="139.48549820110202">
        <ele>15.99</ele>
      </trkpt>
      <trkpt lat="36.03297301568091" lon="139.48564647696912">
        <ele>15.94</ele>
      </trkpt>
      <trkpt lat="36.03297997266054" lon="139.48564999736845">
        <ele>15.91</ele>
      </trkpt>
      <trkpt lat="36.03327652439475" lon="139.48578234761953">
        <ele>15.85</ele>
      </trkpt>
      <trkpt lat="36.03353996761143" lon="139.48589994572103">
        <ele>15.78</ele>
      </trkpt>
      <trkpt lat="36.033842051401734" lon="139.48601159267128">
        <ele>15.72</ele>
      </trkpt>
      <trkpt lat="36.03414421901107" lon="139.4861231558025">
        <ele>15.65</ele>
      </trkpt>
      <trkpt lat="36.03444630280137" lon="139.4862347189337">
        <ele>15.62</ele>
      </trkpt>
      <trkpt lat="36.03464998304844" lon="139.48630998842418">
        <ele>15.59</ele>
      </trkpt>
      <trkpt lat="36.03495927527547" lon="139.48638584464788">
        <ele>15.59</ele>
      </trkpt>
      <trkpt lat="36.035179970785975" lon="139.48643999174237">
        <ele>15.5</ele>
      </trkpt>
      <trkpt lat="36.035309974104166" lon="139.48645994067192">
        <ele>15.42</ele>
      </trkpt>
      <trkpt lat="36.03562538512051" lon="139.48645994067192">
        <ele>15.32</ele>
      </trkpt>
      <trkpt lat="36.035719932988286" lon="139.48645994067192">
        <ele>15.25</ele>
      </trkpt>
      <trkpt lat="36.036034086719155" lon="139.48642440140247">
        <ele>15.2</ele>
      </trkpt>
      <trkpt lat="36.03624992072582" lon="139.4863999262452">
        <ele>15.13</ele>
      </trkpt>
      <trkpt lat="36.0365601349622" lon="139.48632943443954">
        <ele>15.1</ele>
      </trkpt>
      <trkpt lat="36.03668997064233" lon="139.48629993014038">
        <ele>15.02</ele>
      </trkpt>
      <trkpt lat="36.03696959093213" lon="139.48612022213638">
        <ele>14.91</ele>
      </trkpt>
      <trkpt lat="36.037109987810254" lon="139.48602994903922">
        <ele>14.83</ele>
      </trkpt>
      <trkpt lat="36.03733998723328" lon="139.4857999496162">
        <ele>14.68</ele>
      </trkpt>
      <trkpt lat="36.03752992115915" lon="139.4855499174446">
        <ele>14.6</ele>
      </trkpt>
      <trkpt lat="36.037694374099374" lon="139.48521849699318">
        <ele>14.55</ele>
      </trkpt>
      <trkpt lat="36.03785874322057" lon="139.48488699272275">
        <ele>14.51</ele>
      </trkpt>
      <trkpt lat="36.03802311234176" lon="139.48455557227135">
        <ele>14.41</ele>
      </trkpt>
      <trkpt lat="36.03813995607197" lon="139.4843199569732">
        <ele>14.38</ele>
      </trkpt>
      <trkpt lat="36.03827775456011" lon="139.483970599249">
        <ele>14.4</ele>
      </trkpt>
      <trkpt lat="36.03841546922922" lon="139.48362124152482">
        <ele>14.36</ele>
      </trkpt>
      <trkpt lat="36.03855326771736" lon="139.48327188380063">
        <ele>14.24</ele>
      </trkpt>
      <trkpt lat="36.0386910662055" lon="139.48292252607644">
        <ele>14.11</ele>
      </trkpt>
      <trkpt lat="36.03882886469364" lon="139.48257316835225">
        <ele>14.07</ele>
      </trkpt>
      <trkpt lat="36.03896666318178" lon="139.48222381062806">
        <ele>14.06</ele>
      </trkpt>
      <trkpt lat="36.038979990407825" lon="139.48218994773924">
        <ele>14.05</ele>
      </trkpt>
      <trkpt lat="36.03912650607526" lon="139.48184603825212">
        <ele>14.12</ele>
      </trkpt>
      <trkpt lat="36.03927310556173" lon="139.481502128765">
        <ele>14.14</ele>
      </trkpt>
      <trkpt lat="36.0394197050482" lon="139.4811583030969">
        <ele>14.2</ele>
      </trkpt>
      <trkpt lat="36.039566304534674" lon="139.48081439360976">
        <ele>14.26</ele>
      </trkpt>
      <trkpt lat="36.03971282020211" lon="139.48047048412263">
        <ele>14.26</ele>
      </trkpt>
      <trkpt lat="36.039759926497936" lon="139.4803599268198">
        <ele>14.28</ele>
      </trkpt>
      <trkpt lat="36.039911387488246" lon="139.4800192862749">
        <ele>14.24</ele>
      </trkpt>
      <trkpt lat="36.03999998420477" lon="139.4798199646175">
        <ele>14.32</ele>
      </trkpt>
      <trkpt lat="36.040104841813445" lon="139.4795742072165">
        <ele>14.45</ele>
      </trkpt>
      <trkpt lat="36.04010702110827" lon="139.47956926189363">
        <ele>14.54</ele>
      </trkpt>
      <trkpt lat="36.04010911658406" lon="139.47956448420882">
        <ele>14.65</ele>
      </trkpt>
      <trkpt lat="36.04011137969792" lon="139.4795593712479">
        <ele>14.77</ele>
      </trkpt>
      <trkpt lat="36.04011347517371" lon="139.47955459356308">
        <ele>14.89</ele>
      </trkpt>
      <trkpt lat="36.04011573828757" lon="139.47954956442118">
        <ele>15.02</ele>
      </trkpt>
      <trkpt lat="36.04011783376336" lon="139.47954470291734">
        <ele>15.16</ele>
      </trkpt>
      <trkpt lat="36.040119929239154" lon="139.47953992523253">
        <ele>15.31</ele>
      </trkpt>
      <trkpt lat="36.04026979766786" lon="139.47919819504023">
        <ele>15.55</ele>
      </trkpt>
      <trkpt lat="36.040419582277536" lon="139.4788563810289">
        <ele>15.75</ele>
      </trkpt>
      <trkpt lat="36.04043995030224" lon="139.47880994528532">
        <ele>15.9</ele>
      </trkpt>
      <trkpt lat="36.04054589755833" lon="139.47844415903091">
        <ele>16.05</ele>
      </trkpt>
      <trkpt lat="36.04064891114831" lon="139.47808776050806">
        <ele>16.25</ele>
      </trkpt>
      <trkpt lat="36.04065041989088" lon="139.47808273136616">
        <ele>16.4</ele>
      </trkpt>
      <trkpt lat="36.04065176099539" lon="139.47807828895748">
        <ele>16.55</ele>
      </trkpt>
      <trkpt lat="36.04065184481442" lon="139.4780777860433">
        <ele>16.7</ele>
      </trkpt>
      <trkpt lat="36.040653521195054" lon="139.47807208634913">
        <ele>16.83</ele>
      </trkpt>
      <trkpt lat="36.04065511375666" lon="139.47806655429304">
        <ele>16.97</ele>
      </trkpt>
      <trkpt lat="36.04065679013729" lon="139.47806085459888">
        <ele>17.09</ele>
      </trkpt>
      <trkpt lat="36.04065838269889" lon="139.47805540636182">
        <ele>17.21</ele>
      </trkpt>
      <trkpt lat="36.040659975260496" lon="139.47804995812476">
        <ele>17.31</ele>
      </trkpt>
      <trkpt lat="36.04074999690056" lon="139.47775994427502">
        <ele>17.42</ele>
      </trkpt>
      <trkpt lat="36.040900787338614" lon="139.47749289683998">
        <ele>17.5</ele>
      </trkpt>
      <trkpt lat="36.04090355336666" lon="139.47748811915517">
        <ele>17.58</ele>
      </trkpt>
      <trkpt lat="36.040906235575676" lon="139.47748350910842">
        <ele>17.65</ele>
      </trkpt>
      <trkpt lat="36.040909085422754" lon="139.47747864760458">
        <ele>17.71</ele>
      </trkpt>
      <trkpt lat="36.04091176763177" lon="139.47747403755784">
        <ele>17.75</ele>
      </trkpt>
      <trkpt lat="36.04091461747885" lon="139.477469176054">
        <ele>17.79</ele>
      </trkpt>
      <trkpt lat="36.04091729968786" lon="139.47746456600726">
        <ele>17.81</ele>
      </trkpt>
      <trkpt lat="36.04091998189688" lon="139.4774599559605">
        <ele>17.83</ele>
      </trkpt>
      <trkpt lat="36.041113352403045" lon="139.47715317830443">
        <ele>17.79</ele>
      </trkpt>
      <trkpt lat="36.04120999574661" lon="139.47699995711446">
        <ele>17.78</ele>
      </trkpt>
      <trkpt lat="36.041279984638095" lon="139.47695997543633">
        <ele>17.77</ele>
      </trkpt>
      <trkpt lat="36.04134997352958" lon="139.47694991715252">
        <ele>17.75</ele>
      </trkpt>
      <trkpt lat="36.04157452471554" lon="139.47667725384235">
        <ele>17.71</ele>
      </trkpt>
      <trkpt lat="36.0417699906975" lon="139.47643996216357">
        <ele>17.66</ele>
      </trkpt>
      <trkpt lat="36.04198867455125" lon="139.47616009041667">
        <ele>17.63</ele>
      </trkpt>
      <trkpt lat="36.04199613444507" lon="139.4761501159519">
        <ele>17.57</ele>
      </trkpt>
      <trkpt lat="36.04199948720634" lon="139.47614575736225">
        <ele>17.51</ele>
      </trkpt>
      <trkpt lat="36.04200283996761" lon="139.47614148259163">
        <ele>17.43</ele>
      </trkpt>
      <trkpt lat="36.04200636036694" lon="139.47613704018295">
        <ele>17.35</ele>
      </trkpt>
      <trkpt lat="36.04200971312821" lon="139.47613276541233">
        <ele>17.26</ele>
      </trkpt>
      <trkpt lat="36.04201323352754" lon="139.47612832300365">
        <ele>17.16</ele>
      </trkpt>
      <trkpt lat="36.04201658628881" lon="139.47612413205206">
        <ele>17.06</ele>
      </trkpt>
      <trkpt lat="36.04201993905008" lon="139.47611994110048">
        <ele>16.95</ele>
      </trkpt>
      <trkpt lat="36.042249938473105" lon="139.4758541509509">
        <ele>16.8</ele>
      </trkpt>
      <trkpt lat="36.04247993789613" lon="139.4755882769823">
        <ele>16.67</ele>
      </trkpt>
      <trkpt lat="36.04270985350013" lon="139.47532248683274">
        <ele>16.64</ele>
      </trkpt>
      <trkpt lat="36.04278998449445" lon="139.47522995062172">
        <ele>16.5</ele>
      </trkpt>
      <trkpt lat="36.0430290363729" lon="139.47497664950788">
        <ele>16.29</ele>
      </trkpt>
      <trkpt lat="36.043268172070384" lon="139.474723264575">
        <ele>16.11</ele>
      </trkpt>
      <trkpt lat="36.043507223948836" lon="139.47446996346116">
        <ele>16.02</ele>
      </trkpt>
      <trkpt lat="36.04362993501127" lon="139.47433996014297">
        <ele>15.92</ele>
      </trkpt>
      <trkpt lat="36.043887343257666" lon="139.474115408957">
        <ele>15.8</ele>
      </trkpt>
      <trkpt lat="36.04409999214113" lon="139.47392991743982">
        <ele>15.68</ele>
      </trkpt>
      <trkpt lat="36.044371565803885" lon="139.4737324398011">
        <ele>15.61</ele>
      </trkpt>
      <trkpt lat="36.04464313946664" lon="139.47353487834334">
        <ele>15.51</ele>
      </trkpt>
      <trkpt lat="36.044869953766465" lon="139.47336992248893">
        <ele>15.41</ele>
      </trkpt>
      <trkpt lat="36.045148987323046" lon="139.4731887895614">
        <ele>15.29</ele>
      </trkpt>
      <trkpt lat="36.045427937060595" lon="139.47300757281482">
        <ele>15.15</ele>
      </trkpt>
      <trkpt lat="36.045607309788465" lon="139.4728907290846">
        <ele>15.11</ele>
      </trkpt>
      <trkpt lat="36.04561200365424" lon="139.47288771159947">
        <ele>15.04</ele>
      </trkpt>
      <trkpt lat="36.045616529881954" lon="139.47288477793336">
        <ele>14.97</ele>
      </trkpt>
      <trkpt lat="36.04562130756676" lon="139.47288176044822">
        <ele>14.92</ele>
      </trkpt>
      <trkpt lat="36.045625917613506" lon="139.4728788267821">
        <ele>14.88</ele>
      </trkpt>
      <trkpt lat="36.045630695298314" lon="139.47287580929697">
        <ele>14.84</ele>
      </trkpt>
      <trkpt lat="36.04563530534506" lon="139.47287287563086">
        <ele>14.81</ele>
      </trkpt>
      <trkpt lat="36.045639999210835" lon="139.47286994196475">
        <ele>14.8</ele>
      </trkpt>
      <trkpt lat="36.04591626673937" lon="139.47268260642886">
        <ele>14.82</ele>
      </trkpt>
      <trkpt lat="36.046192618086934" lon="139.47249527089298">
        <ele>14.86</ele>
      </trkpt>
      <trkpt lat="36.04646888561547" lon="139.4723079353571">
        <ele>14.84</ele>
      </trkpt>
      <trkpt lat="36.046745236963034" lon="139.4721205998212">
        <ele>14.81</ele>
      </trkpt>
      <trkpt lat="36.04681991972029" lon="139.47206997312605">
        <ele>14.84</ele>
      </trkpt>
      <trkpt lat="36.0468299780041" lon="139.47202999144793">
        <ele>14.89</ele>
      </trkpt>
      <trkpt lat="36.04693994857371" lon="139.47199998423457">
        <ele>14.92</ele>
      </trkpt>
      <trkpt lat="36.047214372083545" lon="139.4718084577471">
        <ele>14.94</ele>
      </trkpt>
      <trkpt lat="36.04748879559338" lon="139.47161693125963">
        <ele>15.03</ele>
      </trkpt>
      <trkpt lat="36.04776321910322" lon="139.47142540477216">
        <ele>15.17</ele>
      </trkpt>
      <trkpt lat="36.04803764261305" lon="139.47123396210372">
        <ele>15.27</ele>
      </trkpt>
      <trkpt lat="36.04831206612289" lon="139.47104243561625">
        <ele>15.38</ele>
      </trkpt>
      <trkpt lat="36.048329919576645" lon="139.47102994658053">
        <ele>15.48</ele>
      </trkpt>
      <trkpt lat="36.0486051812768" lon="139.47084026411176">
        <ele>15.62</ele>
      </trkpt>
      <trkpt lat="36.04888044297695" lon="139.47065058164299">
        <ele>15.76</ele>
      </trkpt>
      <trkpt lat="36.049155704677105" lon="139.4704608991742">
        <ele>15.93</ele>
      </trkpt>
      <trkpt lat="36.04943105019629" lon="139.47027121670544">
        <ele>15.92</ele>
      </trkpt>
      <trkpt lat="36.04951998218894" lon="139.47020994499326">
        <ele>16.05</ele>
      </trkpt>
      <trkpt lat="36.04979448951781" lon="139.47001866996288">
        <ele>16.2</ele>
      </trkpt>
      <trkpt lat="36.05006908066571" lon="139.46982747875154">
        <ele>16.41</ele>
      </trkpt>
      <trkpt lat="36.050343587994576" lon="139.46963620372117">
        <ele>16.64</ele>
      </trkpt>
      <trkpt lat="36.050409972667694" lon="139.46958993561566">
        <ele>16.79</ele>
      </trkpt>
      <trkpt lat="36.0506946220994" lon="139.46942254900932">
        <ele>16.88</ele>
      </trkpt>
      <trkpt lat="36.05091992765665" lon="139.46928994730115">
        <ele>17.01</ele>
      </trkpt>
      <trkpt lat="36.05122083798051" lon="139.46917318738997">
        <ele>17.14</ele>
      </trkpt>
      <trkpt lat="36.051521664485335" lon="139.4690564274788">
        <ele>17.31</ele>
      </trkpt>
      <trkpt lat="36.05158997699618" lon="139.46902994066477">
        <ele>17.44</ele>
      </trkpt>
      <trkpt lat="36.05189616791904" lon="139.4689367339015">
        <ele>17.56</ele>
      </trkpt>
      <trkpt lat="36.05201410129666" lon="139.46890060789883">
        <ele>17.65</ele>
      </trkpt>
      <trkpt lat="36.052019130438566" lon="139.46889909915626">
        <ele>17.74</ele>
      </trkpt>
      <trkpt lat="36.05202415958047" lon="139.4688975904137">
        <ele>17.81</ele>
      </trkpt>
      <trkpt lat="36.05202944017947" lon="139.4688959978521">
        <ele>17.87</ele>
      </trkpt>
      <trkpt lat="36.05203438550234" lon="139.46889457292855">
        <ele>17.91</ele>
      </trkpt>
      <trkpt lat="36.05203974992037" lon="139.46889298036695">
        <ele>17.95</ele>
      </trkpt>
      <trkpt lat="36.0520448628813" lon="139.46889147162437">
        <ele>17.97</ele>
      </trkpt>
      <trkpt lat="36.05204997584224" lon="139.4688899628818">
        <ele>17.98</ele>
      </trkpt>
      <trkpt lat="36.052357675507665" lon="139.46880446746945">
        <ele>17.96</ele>
      </trkpt>
      <trkpt lat="36.052409978583455" lon="139.46878996677697">
        <ele>17.92</ele>
      </trkpt>
      <trkpt lat="36.05243998579681" lon="139.46873992681503">
        <ele>17.86</ele>
      </trkpt>
      <trkpt lat="36.05272497050464" lon="139.46857346221805">
        <ele>17.76</ele>
      </trkpt>
      <trkpt lat="36.053009955212474" lon="139.46840691380203">
        <ele>17.74</ele>
      </trkpt>
      <trkpt lat="36.053294939920306" lon="139.46824044920504">
        <ele>17.69</ele>
      </trkpt>
      <trkpt lat="36.05329795740545" lon="139.4682385213673">
        <ele>17.62</ele>
      </trkpt>
      <trkpt lat="36.05330256745219" lon="139.46823575533926">
        <ele>17.54</ele>
      </trkpt>
      <trkpt lat="36.05330700986087" lon="139.46823315694928">
        <ele>17.45</ele>
      </trkpt>
      <trkpt lat="36.05331170372665" lon="139.46823039092124">
        <ele>17.36</ele>
      </trkpt>
      <trkpt lat="36.05331614613533" lon="139.46822787635028">
        <ele>17.26</ele>
      </trkpt>
      <trkpt lat="36.053320840001106" lon="139.46822519414127">
        <ele>17.14</ele>
      </trkpt>
      <trkpt lat="36.05332536622882" lon="139.46822259575129">
        <ele>17.02</ele>
      </trkpt>
      <trkpt lat="36.05332997627556" lon="139.4682199973613">
        <ele>16.89</ele>
      </trkpt>
      <trkpt lat="36.05332997627556" lon="139.4682099390775">
        <ele>16.75</ele>
      </trkpt>
      <trkpt lat="36.05363700538874" lon="139.46812083944678">
        <ele>16.67</ele>
      </trkpt>
      <trkpt lat="36.05363993905485" lon="139.46811991743743">
        <ele>16.52</ele>
      </trkpt>
      <trkpt lat="36.05360993184149" lon="139.46795999072492">
        <ele>16.36</ele>
      </trkpt>
      <trkpt lat="36.05391763150692" lon="139.46787424385548">
        <ele>16.17</ele>
      </trkpt>
      <trkpt lat="36.0541810747236" lon="139.46780039928854">
        <ele>15.95</ele>
      </trkpt>
      <trkpt lat="36.054186690598726" lon="139.46779889054596">
        <ele>15.76</ele>
      </trkpt>
      <trkpt lat="36.05419213883579" lon="139.4677973818034">
        <ele>15.57</ele>
      </trkpt>
      <trkpt lat="36.054197838529944" lon="139.46779587306082">
        <ele>15.37</ele>
      </trkpt>
      <trkpt lat="36.054203202947974" lon="139.46779444813728">
        <ele>15.18</ele>
      </trkpt>
      <trkpt lat="36.05420890264213" lon="139.4677929393947">
        <ele>14.98</ele>
      </trkpt>
      <trkpt lat="36.054214434698224" lon="139.46779143065214">
        <ele>14.77</ele>
      </trkpt>
      <trkpt lat="36.05421996675432" lon="139.46778992190957">
        <ele>14.57</ele>
      </trkpt>
      <trkpt lat="36.05452783405781" lon="139.4677054323256">
        <ele>14.26</ele>
      </trkpt>
      <trkpt lat="36.0548357013613" lon="139.4676208589226">
        <ele>14.07</ele>
      </trkpt>
      <trkpt lat="36.05514356866479" lon="139.4675362855196">
        <ele>13.91</ele>
      </trkpt>
      <trkpt lat="36.05545143596828" lon="139.46745179593563">
        <ele>13.72</ele>
      </trkpt>
      <trkpt lat="36.05575930327177" lon="139.46736722253263">
        <ele>13.55</ele>
      </trkpt>
      <trkpt lat="36.05606717057526" lon="139.46728273294866">
        <ele>13.33</ele>
      </trkpt>
      <trkpt lat="36.056149983778596" lon="139.46725993417203">
        <ele>13.17</ele>
      </trkpt>
      <trkpt lat="36.05646522715688" lon="139.46724786423147">
        <ele>13.02</ele>
      </trkpt>
      <trkpt lat="36.05666999705136" lon="139.4672399852425">
        <ele>12.86</ele>
      </trkpt>
      <trkpt lat="36.05667611584067" lon="139.46685156784952">
        <ele>12.64</ele>
      </trkpt>
      <trkpt lat="36.05668223462999" lon="139.46646315045655">
        <ele>12.48</ele>
      </trkpt>
      <trkpt lat="36.056688353419304" lon="139.4660748168826">
        <ele>12.29</ele>
      </trkpt>
      <trkpt lat="36.05669447220862" lon="139.46568639948964">
        <ele>12.13</ele>
      </trkpt>
      <trkpt lat="36.056700674816966" lon="139.46529798209667">
        <ele>12.09</ele>
      </trkpt>
      <trkpt lat="36.05670679360628" lon="139.46490964852273">
        <ele>12.08</ele>
      </trkpt>
      <trkpt lat="36.0567129123956" lon="139.46452123112977">
        <ele>12.01</ele>
      </trkpt>
      <trkpt lat="36.05671903118491" lon="139.46413289755583">
        <ele>12.0</ele>
      </trkpt>
      <trkpt lat="36.05672523379326" lon="139.46374448016286">
        <ele>12.0</ele>
      </trkpt>
      <trkpt lat="36.056731352582574" lon="139.4633560627699">
        <ele>11.94</ele>
      </trkpt>
      <trkpt lat="36.05673747137189" lon="139.46296772919595">
        <ele>11.92</ele>
      </trkpt>
      <trkpt lat="36.056743673980236" lon="139.46257931180298">
        <ele>11.93</ele>
      </trkpt>
      <trkpt lat="36.05674979276955" lon="139.46219089441">
        <ele>11.97</ele>
      </trkpt>
      <trkpt lat="36.0567559953779" lon="139.46180256083608">
        <ele>12.0</ele>
      </trkpt>
      <trkpt lat="36.05675901286304" lon="139.46159033104777">
        <ele>12.0</ele>
      </trkpt>
      <trkpt lat="36.05675909668207" lon="139.46158454753458">
        <ele>12.05</ele>
      </trkpt>
      <trkpt lat="36.0567591805011" lon="139.46157884784043">
        <ele>12.11</ele>
      </trkpt>
      <trkpt lat="36.05675934813917" lon="139.46157281287014">
        <ele>12.18</ele>
      </trkpt>
      <trkpt lat="36.0567594319582" lon="139.46156728081405">
        <ele>12.25</ele>
      </trkpt>
      <trkpt lat="36.05675959959626" lon="139.46156124584377">
        <ele>12.34</ele>
      </trkpt>
      <trkpt lat="36.056759767234325" lon="139.46155562996864">
        <ele>12.44</ele>
      </trkpt>
      <trkpt lat="36.05675993487239" lon="139.4615499302745">
        <ele>12.54</ele>
      </trkpt>
      <trkpt lat="36.056765550747514" lon="139.46116159670055">
        <ele>12.66</ele>
      </trkpt>
      <trkpt lat="36.05677125044167" lon="139.46077317930758">
        <ele>12.84</ele>
      </trkpt>
      <trkpt lat="36.056776866316795" lon="139.4603847619146">
        <ele>13.0</ele>
      </trkpt>
      <trkpt lat="36.05677996762097" lon="139.46016993373632">
        <ele>13.12</ele>
      </trkpt>
      <trkpt lat="36.056859930977225" lon="139.4601899664849">
        <ele>13.25</ele>
      </trkpt>
      <trkpt lat="36.05712932534516" lon="139.46039197035134">
        <ele>13.39</ele>
      </trkpt>
      <trkpt lat="36.05737994424999" lon="139.46057997643948">
        <ele>13.55</ele>
      </trkpt>
      <trkpt lat="36.05769510380924" lon="139.46056379936635">
        <ele>13.69</ele>
      </trkpt>
      <trkpt lat="36.05776995420456" lon="139.4605599436909">
        <ele>13.81</ele>
      </trkpt>
      <trkpt lat="36.05808528140187" lon="139.46056941524148">
        <ele>13.91</ele>
      </trkpt>
      <trkpt lat="36.058400608599186" lon="139.46057888679206">
        <ele>14.0</ele>
      </trkpt>
      <trkpt lat="36.0587159357965" lon="139.46058835834265">
        <ele>14.13</ele>
      </trkpt>
      <trkpt lat="36.058769999071956" lon="139.46058995090425">
        <ele>14.27</ele>
      </trkpt>
      <trkpt lat="36.058769915252924" lon="139.46097845211625">
        <ele>14.41</ele>
      </trkpt>
      <trkpt lat="36.058769999071956" lon="139.4610499497503">
        <ele>14.55</ele>
      </trkpt>
      <trkpt lat="36.058809980750084" lon="139.4611299969256">
        <ele>14.69</ele>
      </trkpt>
      <trkpt lat="36.059013241901994" lon="139.461427051574">
        <ele>14.84</ele>
      </trkpt>
      <trkpt lat="36.059216503053904" lon="139.4617241062224">
        <ele>15.05</ele>
      </trkpt>
      <trkpt lat="36.05941976420581" lon="139.4620211608708">
        <ele>15.26</ele>
      </trkpt>
      <trkpt lat="36.059589916840196" lon="139.46226993575692">
        <ele>15.42</ele>
      </trkpt>
      <trkpt lat="36.05969779193401" lon="139.46243598125875">
        <ele>15.53</ele>
      </trkpt>
      <trkpt lat="36.05970097705722" lon="139.4624408427626">
        <ele>15.65</ele>
      </trkpt>
      <trkpt lat="36.05970407836139" lon="139.4624456204474">
        <ele>15.77</ele>
      </trkpt>
      <trkpt lat="36.05970734730363" lon="139.4624506495893">
        <ele>15.89</ele>
      </trkpt>
      <trkpt lat="36.05971036478877" lon="139.46245534345508">
        <ele>16.0</ele>
      </trkpt>
      <trkpt lat="36.05971363373101" lon="139.46246037259698">
        <ele>16.1</ele>
      </trkpt>
      <trkpt lat="36.05971673503518" lon="139.46246506646276">
        <ele>16.19</ele>
      </trkpt>
      <trkpt lat="36.059719920158386" lon="139.4624699279666">
        <ele>16.29</ele>
      </trkpt>
      <trkpt lat="36.05981991626322" lon="139.46261996403337">
        <ele>16.36</ele>
      </trkpt>
      <trkpt lat="36.05996550992131" lon="139.46296462789178">
        <ele>16.4</ele>
      </trkpt>
      <trkpt lat="36.06000993400812" lon="139.46306998841465">
        <ele>16.48</ele>
      </trkpt>
      <trkpt lat="36.06001999229193" lon="139.46312991902232">
        <ele>16.55</ele>
      </trkpt>
      <trkpt lat="36.06032928451896" lon="139.4630537275225">
        <ele>16.6</ele>
      </trkpt>
      <trkpt lat="36.06063857674599" lon="139.46297753602266">
        <ele>16.72</ele>
      </trkpt>
      <trkpt lat="36.06070999056101" lon="139.462959934026">
        <ele>16.82</ele>
      </trkpt>
      <trkpt lat="36.06090998277068" lon="139.46298994123936">
        <ele>16.93</ele>
      </trkpt>
      <trkpt lat="36.061109974980354" lon="139.4630399812013">
        <ele>16.99</ele>
      </trkpt>
      <trkpt lat="36.06142505072057" lon="139.46302221156657">
        <ele>16.99</ele>
      </trkpt>
      <trkpt lat="36.06174012646079" lon="139.46300444193184">
        <ele>17.03</ele>
      </trkpt>
      <trkpt lat="36.061819922178984" lon="139.46299999952316">
        <ele>17.08</ele>
      </trkpt>
      <trkpt lat="36.06181204319" lon="139.4626115821302">
        <ele>17.1</ele>
      </trkpt>
      <trkpt lat="36.06180994771421" lon="139.46250999346375">
        <ele>17.13</ele>
      </trkpt>
      <trkpt lat="36.06184992939234" lon="139.4624699279666">
        <ele>17.18</ele>
      </trkpt>
      <trkpt lat="36.062144972383976" lon="139.46233263239264">
        <ele>17.27</ele>
      </trkpt>
      <trkpt lat="36.06239274144173" lon="139.46221696212888">
        <ele>17.3</ele>
      </trkpt>
      <trkpt lat="36.06239810585976" lon="139.46221453137696">
        <ele>17.35</ele>
      </trkpt>
      <trkpt lat="36.062403386458755" lon="139.46221210062504">
        <ele>17.4</ele>
      </trkpt>
      <trkpt lat="36.062408834695816" lon="139.4622095860541">
        <ele>17.44</ele>
      </trkpt>
      <trkpt lat="36.06241403147578" lon="139.4622072391212">
        <ele>17.49</ele>
      </trkpt>
      <trkpt lat="36.062419479712844" lon="139.46220472455025">
        <ele>17.54</ele>
      </trkpt>
      <trkpt lat="36.06242467649281" lon="139.46220237761736">
        <ele>17.59</ele>
      </trkpt>
      <trkpt lat="36.06242995709181" lon="139.46219994686544">
        <ele>17.64</ele>
      </trkpt>
      <trkpt lat="36.062724497169256" lon="139.46206089109182">
        <ele>17.62</ele>
      </trkpt>
      <trkpt lat="36.063019037246704" lon="139.4619218353182">
        <ele>17.6</ele>
      </trkpt>
      <trkpt lat="36.06331349350512" lon="139.46178269572556">
        <ele>17.65</ele>
      </trkpt>
      <trkpt lat="36.06350996531546" lon="139.46168999187648">
        <ele>17.79</ele>
      </trkpt>
      <trkpt lat="36.063825376331806" lon="139.46169485338032">
        <ele>17.95</ele>
      </trkpt>
      <trkpt lat="36.06414078734815" lon="139.4616997987032">
        <ele>18.11</ele>
      </trkpt>
      <trkpt lat="36.06414992362261" lon="139.46169996634126">
        <ele>18.18</ele>
      </trkpt>
      <trkpt lat="36.06411145068705" lon="139.46182946674526">
        <ele>18.26</ele>
      </trkpt>
      <trkpt lat="36.06410977430642" lon="139.4618354178965">
        <ele>18.32</ele>
      </trkpt>
      <trkpt lat="36.06410809792578" lon="139.4618412014097">
        <ele>18.38</ele>
      </trkpt>
      <trkpt lat="36.06410642154515" lon="139.46184715256095">
        <ele>18.43</ele>
      </trkpt>
      <trkpt lat="36.064104828983545" lon="139.46185276843607">
        <ele>18.48</ele>
      </trkpt>
      <trkpt lat="36.06410315260291" lon="139.46185871958733">
        <ele>18.52</ele>
      </trkpt>
      <trkpt lat="36.06410156004131" lon="139.46186433546245">
        <ele>18.56</ele>
      </trkpt>
      <trkpt lat="36.064099967479706" lon="139.46186995133758">
        <ele>18.59</ele>
      </trkpt>
      <trkpt lat="36.064007095992565" lon="139.46224126964808">
        <ele>18.57</ele>
      </trkpt>
      <trkpt lat="36.06395998969674" lon="139.46242994628847">
        <ele>18.56</ele>
      </trkpt>
      <trkpt lat="36.063970886170864" lon="139.46281819604337">
        <ele>18.55</ele>
      </trkpt>
      <trkpt lat="36.06397993862629" lon="139.46313997730613">
        <ele>18.62</ele>
      </trkpt>
      <trkpt lat="36.06429425999522" lon="139.46317283436656">
        <ele>18.69</ele>
      </trkpt>
      <trkpt lat="36.064608581364155" lon="139.46320560760796">
        <ele>18.72</ele>
      </trkpt>
      <trkpt lat="36.064922818914056" lon="139.4632384646684">
        <ele>18.7</ele>
      </trkpt>
      <trkpt lat="36.06523714028299" lon="139.46327132172883">
        <ele>18.54</ele>
      </trkpt>
      <trkpt lat="36.06528265401721" lon="139.46327584795654">
        <ele>18.5</ele>
      </trkpt>
      <trkpt lat="36.06528810225427" lon="139.46327643468976">
        <ele>18.48</ele>
      </trkpt>
      <trkpt lat="36.06529338285327" lon="139.46327702142298">
        <ele>18.45</ele>
      </trkpt>
      <trkpt lat="36.06529883109033" lon="139.4632776081562">
        <ele>18.41</ele>
      </trkpt>
      <trkpt lat="36.0653040278703" lon="139.46327819488943">
        <ele>18.38</ele>
      </trkpt>
      <trkpt lat="36.06530947610736" lon="139.46327878162265">
        <ele>18.34</ele>
      </trkpt>
      <trkpt lat="36.065314672887325" lon="139.46327936835587">
        <ele>18.29</ele>
      </trkpt>
      <trkpt lat="36.06531995348632" lon="139.4632799550891">
        <ele>18.25</ele>
      </trkpt>
      <trkpt lat="36.065449956804514" lon="139.46328992955387">
        <ele>18.17</ele>
      </trkpt>
      <trkpt lat="36.06541994959116" lon="139.46350995451212">
        <ele>18.22</ele>
      </trkpt>
      <trkpt lat="36.0653299279511" lon="139.4637099467218">
        <ele>18.3</ele>
      </trkpt>
      <trkpt lat="36.06529547832906" lon="139.4640961010009">
        <ele>18.28</ele>
      </trkpt>
      <trkpt lat="36.065279971808195" lon="139.46426994167268">
        <ele>18.18</ele>
      </trkpt>
      <trkpt lat="36.06517997570336" lon="139.4643099233508">
        <ele>18.1</ele>
      </trkpt>
      <trkpt lat="36.06498995795846" lon="139.46437999606133">
        <ele>17.98</ele>
      </trkpt>
      <trkpt lat="36.064939917996526" lon="139.46453992277384">
        <ele>17.85</ele>
      </trkpt>
      <trkpt lat="36.0649065580219" lon="139.46492624469101">
        <ele>17.7</ele>
      </trkpt>
      <trkpt lat="36.06487319804728" lon="139.4653125666082">
        <ele>17.62</ele>
      </trkpt>
      <trkpt lat="36.06486992910504" lon="139.46534994989634">
        <ele>17.54</ele>
      </trkpt>
      <trkpt lat="36.06475836597383" lon="139.46536470204592">
        <ele>17.48</ele>
      </trkpt>
      <trkpt lat="36.064752750098705" lon="139.4653654564172">
        <ele>17.4</ele>
      </trkpt>
      <trkpt lat="36.064747301861644" lon="139.4653662107885">
        <ele>17.33</ele>
      </trkpt>
      <trkpt lat="36.06474168598652" lon="139.46536696515977">
        <ele>17.26</ele>
      </trkpt>
      <trkpt lat="36.06473640538752" lon="139.46536771953106">
        <ele>17.2</ele>
      </trkpt>
      <trkpt lat="36.064730789512396" lon="139.46536847390234">
        <ele>17.14</ele>
      </trkpt>
      <trkpt lat="36.064725341275334" lon="139.46536922827363">
        <ele>17.08</ele>
      </trkpt>
      <trkpt lat="36.064719976857305" lon="139.46536998264492">
        <ele>17.03</ele>
      </trkpt>
      <trkpt lat="36.064405823126435" lon="139.4654048513621">
        <ele>16.96</ele>
      </trkpt>
      <trkpt lat="36.064091669395566" lon="139.46543980389833">
        <ele>16.83</ele>
      </trkpt>
      <trkpt lat="36.063819928094745" lon="139.46546997874975">
        <ele>16.83</ele>
      </trkpt>
      <trkpt lat="36.0635045170784" lon="139.46546997874975">
        <ele>16.85</ele>
      </trkpt>
      <trkpt lat="36.063239984214306" lon="139.46546997874975">
        <ele>16.84</ele>
      </trkpt>
      <trkpt lat="36.06325255706906" lon="139.46554684080184">
        <ele>16.85</ele>
      </trkpt>
      <trkpt lat="36.063253646716475" lon="139.46555321104825">
        <ele>16.86</ele>
      </trkpt>
      <trkpt lat="36.06325473636389" lon="139.4655594136566">
        <ele>16.88</ele>
      </trkpt>
      <trkpt lat="36.0632558260113" lon="139.46556570008397">
        <ele>16.91</ele>
      </trkpt>
      <trkpt lat="36.06325683183968" lon="139.46557165123522">
        <ele>16.95</ele>
      </trkpt>
      <trkpt lat="36.06325792148709" lon="139.4655779376626">
        <ele>17.0</ele>
      </trkpt>
      <trkpt lat="36.063258927315474" lon="139.46558397263288">
        <ele>17.06</ele>
      </trkpt>
      <trkpt lat="36.063259933143854" lon="139.46558992378414">
        <ele>17.13</ele>
      </trkpt>
      <trkpt lat="36.06333645991981" lon="139.46596685796976">
        <ele>17.26</ele>
      </trkpt>
      <trkpt lat="36.06341298669577" lon="139.46634370833635">
        <ele>17.4</ele>
      </trkpt>
      <trkpt lat="36.06348951347172" lon="139.46672064252198">
        <ele>17.48</ele>
      </trkpt>
      <trkpt lat="36.06352999806404" lon="139.4669199641794">
        <ele>17.55</ele>
      </trkpt>
      <trkpt lat="36.06346998363733" lon="139.46698995307088">
        <ele>17.64</ele>
      </trkpt>
      <trkpt lat="36.063347859308124" lon="139.46702783927321">
        <ele>17.75</ele>
      </trkpt>
      <trkpt lat="36.06334232725203" lon="139.46702959947288">
        <ele>17.85</ele>
      </trkpt>
      <trkpt lat="36.063336962834" lon="139.46703135967255">
        <ele>17.96</ele>
      </trkpt>
      <trkpt lat="36.06333143077791" lon="139.4670331198722">
        <ele>18.06</ele>
      </trkpt>
      <trkpt lat="36.06332623399794" lon="139.46703479625285">
        <ele>18.18</ele>
      </trkpt>
      <trkpt lat="36.063320618122816" lon="139.4670365564525">
        <ele>18.28</ele>
      </trkpt>
      <trkpt lat="36.06331533752382" lon="139.46703823283315">
        <ele>18.39</ele>
      </trkpt>
      <trkpt lat="36.06330997310579" lon="139.4670399930328">
        <ele>18.5</ele>
      </trkpt>
      <trkpt lat="36.0630176961422" lon="139.4671860896051">
        <ele>18.62</ele>
      </trkpt>
      <trkpt lat="36.062725419178605" lon="139.4673322699964">
        <ele>18.75</ele>
      </trkpt>
      <trkpt lat="36.062433226034045" lon="139.46747845038772">
        <ele>18.85</ele>
      </trkpt>
      <trkpt lat="36.06223407201469" lon="139.46757769212127">
        <ele>18.95</ele>
      </trkpt>
      <trkpt lat="36.06222862377763" lon="139.4675804581493">
        <ele>19.05</ele>
      </trkpt>
      <trkpt lat="36.0622232593596" lon="139.46758314035833">
        <ele>19.14</ele>
      </trkpt>
      <trkpt lat="36.06221781112254" lon="139.46758590638638">
        <ele>19.23</ele>
      </trkpt>
      <trkpt lat="36.0622126981616" lon="139.46758850477636">
        <ele>19.31</ele>
      </trkpt>
      <trkpt lat="36.06220716610551" lon="139.46759135462344">
        <ele>19.39</ele>
      </trkpt>
      <trkpt lat="36.06220188550651" lon="139.46759403683245">
        <ele>19.46</ele>
      </trkpt>
      <trkpt lat="36.062196688726544" lon="139.46759671904147">
        <ele>19.53</ele>
      </trkpt>
      <trkpt lat="36.06251126155257" lon="139.4675674661994">
        <ele>19.61</ele>
      </trkpt>
      <trkpt lat="36.06282575055957" lon="139.46753821335733">
        <ele>19.66</ele>
      </trkpt>
      <trkpt lat="36.063140323385596" lon="139.46750896051526">
        <ele>19.69</ele>
      </trkpt>
      <trkpt lat="36.06330972164869" lon="139.4674929510802">
        <ele>19.73</ele>
      </trkpt>
      <trkpt lat="36.063315672799945" lon="139.467492448166">
        <ele>19.76</ele>
      </trkpt>
      <trkpt lat="36.063321540132165" lon="139.46749194525182">
        <ele>19.78</ele>
      </trkpt>
      <trkpt lat="36.063327407464385" lon="139.46749144233763">
        <ele>19.8</ele>
      </trkpt>
      <trkpt lat="36.06333310715854" lon="139.46749093942344">
        <ele>19.81</ele>
      </trkpt>
      <trkpt lat="36.063339142128825" lon="139.46749043650925">
        <ele>19.8</ele>
      </trkpt>
      <trkpt lat="36.06334492564201" lon="139.46748993359506">
        <ele>19.8</ele>
      </trkpt>
      <trkpt lat="36.0633507091552" lon="139.46748943068087">
        <ele>19.78</ele>
      </trkpt>
      <trkpt lat="36.06365547515452" lon="139.46738943457603">
        <ele>19.75</ele>
      </trkpt>
      <trkpt lat="36.06396032497287" lon="139.46728935465217">
        <ele>19.78</ele>
      </trkpt>
      <trkpt lat="36.064265090972185" lon="139.4671892747283">
        <ele>19.81</ele>
      </trkpt>
      <trkpt lat="36.064428789541125" lon="139.46713521145284">
        <ele>19.72</ele>
      </trkpt>
      <trkpt lat="36.064434573054314" lon="139.46713336743414">
        <ele>19.66</ele>
      </trkpt>
      <trkpt lat="36.06444027274847" lon="139.46713152341545">
        <ele>19.58</ele>
      </trkpt>
      <trkpt lat="36.06444597244263" lon="139.46712967939675">
        <ele>19.5</ele>
      </trkpt>
      <trkpt lat="36.06445150449872" lon="139.46712791919708">
        <ele>19.4</ele>
      </trkpt>
      <trkpt lat="36.06445728801191" lon="139.46712607517838">
        <ele>19.3</ele>
      </trkpt>
      <trkpt lat="36.06446290388703" lon="139.46712431497872">
        <ele>19.19</ele>
      </trkpt>
      <trkpt lat="36.06446851976216" lon="139.46712255477905">
        <ele>19.08</ele>
      </trkpt>
      <trkpt lat="36.0646959207952" lon="139.46685332804918">
        <ele>18.83</ele>
      </trkpt>
      <trkpt lat="36.06492340564728" lon="139.4665841013193">
        <ele>18.58</ele>
      </trkpt>
      <trkpt lat="36.06515080668032" lon="139.46631487458944">
        <ele>18.4</ele>
      </trkpt>
      <trkpt lat="36.065378207713366" lon="139.4660457316786">
        <ele>18.32</ele>
      </trkpt>
      <trkpt lat="36.06560560874641" lon="139.46577650494874">
        <ele>18.27</ele>
      </trkpt>
      <trkpt lat="36.065833093598485" lon="139.46550727821887">
        <ele>18.18</ele>
      </trkpt>
      <trkpt lat="36.06606049463153" lon="139.465238051489">
        <ele>18.08</ele>
      </trkpt>
      <trkpt lat="36.06628789566457" lon="139.46496882475913">
        <ele>17.91</ele>
      </trkpt>
      <trkpt lat="36.06651529669762" lon="139.4646996818483">
        <ele>17.81</ele>
      </trkpt>
      <trkpt lat="36.06665175408125" lon="139.46453765965998">
        <ele>17.76</ele>
      </trkpt>
      <trkpt lat="36.0666558612138" lon="139.46453288197517">
        <ele>17.67</ele>
      </trkpt>
      <trkpt lat="36.06665996834636" lon="139.46452810429037">
        <ele>17.58</ele>
      </trkpt>
      <trkpt lat="36.06666407547891" lon="139.46452332660556">
        <ele>17.5</ele>
      </trkpt>
      <trkpt lat="36.0666680149734" lon="139.4645187165588">
        <ele>17.42</ele>
      </trkpt>
      <trkpt lat="36.06667220592499" lon="139.46451385505497">
        <ele>17.34</ele>
      </trkpt>
      <trkpt lat="36.06667614541948" lon="139.46450924500823">
        <ele>17.27</ele>
      </trkpt>
      <trkpt lat="36.06668008491397" lon="139.4645046349615">
        <ele>17.2</ele>
      </trkpt>
      <trkpt lat="36.066878819838166" lon="139.46420297026634">
        <ele>17.18</ele>
      </trkpt>
      <trkpt lat="36.06707755476236" lon="139.46390122175217">
        <ele>17.15</ele>
      </trkpt>
      <trkpt lat="36.06727628968656" lon="139.46359955705702">
        <ele>17.05</ele>
      </trkpt>
      <trkpt lat="36.06747502461076" lon="139.46329789236188">
        <ele>16.91</ele>
      </trkpt>
      <trkpt lat="36.067673759534955" lon="139.4629961438477">
        <ele>16.82</ele>
      </trkpt>
      <trkpt lat="36.06787249445915" lon="139.46269447915256">
        <ele>16.83</ele>
      </trkpt>
      <trkpt lat="36.06807122938335" lon="139.46239273063838">
        <ele>16.81</ele>
      </trkpt>
      <trkpt lat="36.06826996430755" lon="139.46209106594324">
        <ele>16.71</ele>
      </trkpt>
      <trkpt lat="36.068468699231744" lon="139.46178931742907">
        <ele>16.54</ele>
      </trkpt>
      <trkpt lat="36.06866743415594" lon="139.46148765273392">
        <ele>16.43</ele>
      </trkpt>
      <trkpt lat="36.06886616908014" lon="139.46118590421975">
        <ele>16.39</ele>
      </trkpt>
      <trkpt lat="36.069064904004335" lon="139.4608842395246">
        <ele>16.31</ele>
      </trkpt>
      <trkpt lat="36.06926363892853" lon="139.46058249101043">
        <ele>16.15</ele>
      </trkpt>
      <trkpt lat="36.06946237385273" lon="139.46028082631528">
        <ele>16.1</ele>
      </trkpt>
      <trkpt lat="36.06966110877693" lon="139.45997916162014">
        <ele>16.07</ele>
      </trkpt>
      <trkpt lat="36.069859843701124" lon="139.45967741310596">
        <ele>15.96</ele>
      </trkpt>
      <trkpt lat="36.07005857862532" lon="139.45937574841082">
        <ele>15.79</ele>
      </trkpt>
      <trkpt lat="36.07024574652314" lon="139.45909126661718">
        <ele>15.6</ele>
      </trkpt>
      <trkpt lat="36.070249350741506" lon="139.45908590219915">
        <ele>15.5</ele>
      </trkpt>
      <trkpt lat="36.07025287114084" lon="139.45908062160015">
        <ele>15.39</ele>
      </trkpt>
      <trkpt lat="36.0702564753592" lon="139.45907534100115">
        <ele>15.3</ele>
      </trkpt>
      <trkpt lat="36.07025739736855" lon="139.45907399989665">
        <ele>15.2</ele>
      </trkpt>
      <trkpt lat="36.07025982812047" lon="139.45907022804022">
        <ele>15.11</ele>
      </trkpt>
      <trkpt lat="36.070263432338834" lon="139.45906469598413">
        <ele>15.02</ele>
      </trkpt>
      <trkpt lat="36.070266868919134" lon="139.45905949920416">
        <ele>14.94</ele>
      </trkpt>
      <trkpt lat="36.070270305499434" lon="139.45905438624322">
        <ele>14.86</ele>
      </trkpt>
      <trkpt lat="36.070478428155184" lon="139.4587625283748">
        <ele>14.72</ele>
      </trkpt>
      <trkpt lat="36.070686634629965" lon="139.45847067050636">
        <ele>14.78</ele>
      </trkpt>
      <trkpt lat="36.070894841104746" lon="139.4581787288189">
        <ele>14.72</ele>
      </trkpt>
      <trkpt lat="36.071102963760495" lon="139.45788687095046">
        <ele>14.59</ele>
      </trkpt>
      <trkpt lat="36.071311170235276" lon="139.457594929263">
        <ele>14.61</ele>
      </trkpt>
      <trkpt lat="36.07151937671006" lon="139.45730307139456">
        <ele>14.51</ele>
      </trkpt>
      <trkpt lat="36.07172749936581" lon="139.4570111297071">
        <ele>14.43</ele>
      </trkpt>
      <trkpt lat="36.07193570584059" lon="139.45671927183867">
        <ele>14.38</ele>
      </trkpt>
      <trkpt lat="36.07214391231537" lon="139.4564273301512">
        <ele>14.33</ele>
      </trkpt>
      <trkpt lat="36.07235203497112" lon="139.45613547228277">
        <ele>14.35</ele>
      </trkpt>
      <trkpt lat="36.0725602414459" lon="139.45584361441433">
        <ele>14.38</ele>
      </trkpt>
      <trkpt lat="36.07276844792068" lon="139.45555167272687">
        <ele>14.39</ele>
      </trkpt>
      <trkpt lat="36.07297665439546" lon="139.45525981485844">
        <ele>14.38</ele>
      </trkpt>
      <trkpt lat="36.07318477705121" lon="139.45496787317097">
        <ele>14.31</ele>
      </trkpt>
      <trkpt lat="36.07339298352599" lon="139.45467601530254">
        <ele>14.3</ele>
      </trkpt>
      <trkpt lat="36.07360119000077" lon="139.45438407361507">
        <ele>14.28</ele>
      </trkpt>
      <trkpt lat="36.07380939647555" lon="139.45409221574664">
        <ele>14.38</ele>
      </trkpt>
      <trkpt lat="36.0740175191313" lon="139.4538003578782">
        <ele>14.53</ele>
      </trkpt>
      <trkpt lat="36.074225725606084" lon="139.45350841619074">
        <ele>14.64</ele>
      </trkpt>
      <trkpt lat="36.074433932080865" lon="139.4532165583223">
        <ele>14.68</ele>
      </trkpt>
      <trkpt lat="36.074642138555646" lon="139.45292461663485">
        <ele>14.67</ele>
      </trkpt>
      <trkpt lat="36.07485034503043" lon="139.4526327587664">
        <ele>14.7</ele>
      </trkpt>
      <trkpt lat="36.07491245493293" lon="139.4525450002402">
        <ele>14.83</ele>
      </trkpt>
      <trkpt lat="36.074916226789355" lon="139.45253980346024">
        <ele>14.94</ele>
      </trkpt>
      <trkpt lat="36.07491999864578" lon="139.45253460668027">
        <ele>15.06</ele>
      </trkpt>
      <trkpt lat="36.07492377050221" lon="139.4525294099003">
        <ele>15.18</ele>
      </trkpt>
      <trkpt lat="36.07492737472057" lon="139.4525243807584">
        <ele>15.31</ele>
      </trkpt>
      <trkpt lat="36.07493123039603" lon="139.4525191001594">
        <ele>15.45</ele>
      </trkpt>
      <trkpt lat="36.074934834614396" lon="139.45251415483654">
        <ele>15.59</ele>
      </trkpt>
      <trkpt lat="36.07493843883276" lon="139.45250920951366">
        <ele>15.74</ele>
      </trkpt>
      <trkpt lat="36.07509643770754" lon="139.45217292755842">
        <ele>15.98</ele>
      </trkpt>
      <trkpt lat="36.07525443658233" lon="139.45183664560318">
        <ele>16.17</ele>
      </trkpt>
      <trkpt lat="36.07541243545711" lon="139.45150036364794">
        <ele>16.34</ele>
      </trkpt>
      <trkpt lat="36.075570434331894" lon="139.4511640816927">
        <ele>16.48</ele>
      </trkpt>
      <trkpt lat="36.07572843320668" lon="139.45082779973745">
        <ele>16.67</ele>
      </trkpt>
      <trkpt lat="36.07588643208146" lon="139.4504915177822">
        <ele>16.86</ele>
      </trkpt>
      <trkpt lat="36.076044514775276" lon="139.45015523582697">
        <ele>17.06</ele>
      </trkpt>
      <trkpt lat="36.07620251365006" lon="139.44981895387173">
        <ele>17.25</ele>
      </trkpt>
      <trkpt lat="36.07636051252484" lon="139.44948267191648">
        <ele>17.26</ele>
      </trkpt>
      <trkpt lat="36.07651851139963" lon="139.44914638996124">
        <ele>17.31</ele>
      </trkpt>
      <trkpt lat="36.07667651027441" lon="139.44881002418697">
        <ele>17.46</ele>
      </trkpt>
      <trkpt lat="36.076834509149194" lon="139.44847374223173">
        <ele>17.68</ele>
      </trkpt>
      <trkpt lat="36.07699259184301" lon="139.44813746027648">
        <ele>17.93</ele>
      </trkpt>
      <trkpt lat="36.07715059071779" lon="139.44780117832124">
        <ele>18.11</ele>
      </trkpt>
      <trkpt lat="36.077308589592576" lon="139.447464896366">
        <ele>18.21</ele>
      </trkpt>
      <trkpt lat="36.07746658846736" lon="139.44712861441076">
        <ele>18.38</ele>
      </trkpt>
      <trkpt lat="36.077624671161175" lon="139.44679233245552">
        <ele>18.53</ele>
      </trkpt>
      <trkpt lat="36.07765166088939" lon="139.44673432968557">
        <ele>18.66</ele>
      </trkpt>
      <trkpt lat="36.077654510736465" lon="139.44672829471529">
        <ele>18.78</ele>
      </trkpt>
      <trkpt lat="36.077657360583544" lon="139.446722259745">
        <ele>18.89</ele>
      </trkpt>
      <trkpt lat="36.07766021043062" lon="139.44671622477472">
        <ele>18.99</ele>
      </trkpt>
      <trkpt lat="36.07766297645867" lon="139.44671044126153">
        <ele>19.08</ele>
      </trkpt>
      <trkpt lat="36.07766591012478" lon="139.44670432247221">
        <ele>19.17</ele>
      </trkpt>
      <trkpt lat="36.077668676152825" lon="139.44669853895903">
        <ele>19.25</ele>
      </trkpt>
      <trkpt lat="36.07767135836184" lon="139.4466929230839">
        <ele>19.32</ele>
      </trkpt>
      <trkpt lat="36.07778803445399" lon="139.4463319145143">
        <ele>19.38</ele>
      </trkpt>
      <trkpt lat="36.077904710546136" lon="139.4459709059447">
        <ele>19.42</ele>
      </trkpt>
      <trkpt lat="36.078021386638284" lon="139.4456098973751">
        <ele>19.47</ele>
      </trkpt>
      <trkpt lat="36.0781379789114" lon="139.4452488888055">
        <ele>19.48</ele>
      </trkpt>
      <trkpt lat="36.07825465500355" lon="139.4448878802359">
        <ele>19.55</ele>
      </trkpt>
      <trkpt lat="36.078371331095695" lon="139.4445268716663">
        <ele>19.67</ele>
      </trkpt>
      <trkpt lat="36.07848800718784" lon="139.4441658630967">
        <ele>19.72</ele>
      </trkpt>
      <trkpt lat="36.07860468327999" lon="139.44380485452712">
        <ele>19.66</ele>
      </trkpt>
      <trkpt lat="36.07872135937214" lon="139.44344384595752">
        <ele>19.63</ele>
      </trkpt>
      <trkpt lat="36.07883803546429" lon="139.44308283738792">
        <ele>19.53</ele>
      </trkpt>
      <trkpt lat="36.078954711556435" lon="139.44272182881832">
        <ele>19.47</ele>
      </trkpt>
      <trkpt lat="36.07907138764858" lon="139.44236082024872">
        <ele>19.57</ele>
      </trkpt>
      <trkpt lat="36.07918806374073" lon="139.44199981167912">
        <ele>19.61</ele>
      </trkpt>
      <trkpt lat="36.07924749143422" lon="139.44181482307613">
        <ele>19.61</ele>
      </trkpt>
      <trkpt lat="36.07924958691001" lon="139.44180853664875">
        <ele>19.62</ele>
      </trkpt>
      <trkpt lat="36.07925159856677" lon="139.4418023340404">
        <ele>19.63</ele>
      </trkpt>
      <trkpt lat="36.07925369404256" lon="139.44179604761302">
        <ele>19.63</ele>
      </trkpt>
      <trkpt lat="36.079255705699325" lon="139.44179001264274">
        <ele>19.64</ele>
      </trkpt>
      <trkpt lat="36.07925780117512" lon="139.44178364239633">
        <ele>19.66</ele>
      </trkpt>
      <trkpt lat="36.07925981283188" lon="139.44177769124508">
        <ele>19.67</ele>
      </trkpt>
      <trkpt lat="36.07926174066961" lon="139.44177182391286">
        <ele>19.68</ele>
      </trkpt>
      <trkpt lat="36.07940951362252" lon="139.44142850115895">
        <ele>19.66</ele>
      </trkpt>
      <trkpt lat="36.079557202756405" lon="139.44108517840505">
        <ele>19.69</ele>
      </trkpt>
      <trkpt lat="36.07970489189029" lon="139.44074185565114">
        <ele>19.69</ele>
      </trkpt>
      <trkpt lat="36.0798526648432" lon="139.44039853289723">
        <ele>19.67</ele>
      </trkpt>
      <trkpt lat="36.080000353977084" lon="139.44005521014333">
        <ele>19.68</ele>
      </trkpt>
      <trkpt lat="36.08014804311097" lon="139.43971188738942">
        <ele>19.73</ele>
      </trkpt>
      <trkpt lat="36.08029581606388" lon="139.43936856463552">
        <ele>19.86</ele>
      </trkpt>
      <trkpt lat="36.08036949299276" lon="139.43919614888728">
        <ele>20.03</ele>
      </trkpt>
      <trkpt lat="36.080372175201774" lon="139.439190113917">
        <ele>20.06</ele>
      </trkpt>
      <trkpt lat="36.08037485741079" lon="139.4391840789467">
        <ele>20.1</ele>
      </trkpt>
      <trkpt lat="36.0803775396198" lon="139.43917804397643">
        <ele>20.13</ele>
      </trkpt>
      <trkpt lat="36.080380054190755" lon="139.43917226046324">
        <ele>20.15</ele>
      </trkpt>
      <trkpt lat="36.08038273639977" lon="139.43916614167392">
        <ele>20.18</ele>
      </trkpt>
      <trkpt lat="36.08038533478975" lon="139.4391602743417">
        <ele>20.2</ele>
      </trkpt>
      <trkpt lat="36.080387849360704" lon="139.43915457464755">
        <ele>20.22</ele>
      </trkpt>
      <trkpt lat="36.080533443018794" lon="139.43880991078913">
        <ele>20.26</ele>
      </trkpt>
      <trkpt lat="36.08067895285785" lon="139.4384651631117">
        <ele>20.11</ele>
      </trkpt>
      <trkpt lat="36.08082454651594" lon="139.43812041543424">
        <ele>19.99</ele>
      </trkpt>
      <trkpt lat="36.080970056355" lon="139.4377756677568">
        <ele>19.98</ele>
      </trkpt>
      <trkpt lat="36.08111565001309" lon="139.43743092007935">
        <ele>20.02</ele>
      </trkpt>
      <trkpt lat="36.08126124367118" lon="139.43708625622094">
        <ele>20.13</ele>
      </trkpt>
      <trkpt lat="36.08138504438102" lon="139.43679196760058">
        <ele>20.15</ele>
      </trkpt>
      <trkpt lat="36.081387642771006" lon="139.43678601644933">
        <ele>20.13</ele>
      </trkpt>
      <trkpt lat="36.08139024116099" lon="139.43678006529808">
        <ele>20.11</ele>
      </trkpt>
      <trkpt lat="36.08139275573194" lon="139.43677411414683">
        <ele>20.09</ele>
      </trkpt>
      <trkpt lat="36.08139527030289" lon="139.43676833063364">
        <ele>20.07</ele>
      </trkpt>
      <trkpt lat="36.081397868692875" lon="139.43676229566336">
        <ele>20.04</ele>
      </trkpt>
      <trkpt lat="36.081400383263826" lon="139.43675651215017">
        <ele>20.02</ele>
      </trkpt>
      <trkpt lat="36.081402814015746" lon="139.43675089627504">
        <ele>19.99</ele>
      </trkpt>
      <trkpt lat="36.081566512584686" lon="139.43641872145236">
        <ele>19.86</ele>
      </trkpt>
      <trkpt lat="36.0815987829119" lon="139.4363525044173">
        <ele>19.82</ele>
      </trkpt>
      <trkpt lat="36.08160180039704" lon="139.43634638562799">
        <ele>19.8</ele>
      </trkpt>
      <trkpt lat="36.08160481788218" lon="139.4363403506577">
        <ele>19.79</ele>
      </trkpt>
      <trkpt lat="36.08160783536732" lon="139.43633431568742">
        <ele>19.78</ele>
      </trkpt>
      <trkpt lat="36.08161076903343" lon="139.43632853217423">
        <ele>19.77</ele>
      </trkpt>
      <trkpt lat="36.081613870337605" lon="139.43632241338491">
        <ele>19.77</ele>
      </trkpt>
      <trkpt lat="36.081616804003716" lon="139.43631662987173">
        <ele>19.78</ele>
      </trkpt>
      <trkpt lat="36.081619653850794" lon="139.43631093017757">
        <ele>19.8</ele>
      </trkpt>
      <trkpt lat="36.0819024592638" lon="139.43648301064968">
        <ele>19.8</ele>
      </trkpt>
      <trkpt lat="36.08218526467681" lon="139.43665517494082">
        <ele>19.89</ele>
      </trkpt>
      <trkpt lat="36.082320380955935" lon="139.43673723377287">
        <ele>19.95</ele>
      </trkpt>
      <trkpt lat="36.08232591301203" lon="139.43674058653414">
        <ele>19.99</ele>
      </trkpt>
      <trkpt lat="36.08233136124909" lon="139.4367439392954">
        <ele>20.04</ele>
      </trkpt>
      <trkpt lat="36.08233680948615" lon="139.43674729205668">
        <ele>20.11</ele>
      </trkpt>
      <trkpt lat="36.08234209008515" lon="139.43675056099892">
        <ele>20.17</ele>
      </trkpt>
      <trkpt lat="36.08234762214124" lon="139.43675399757922">
        <ele>20.24</ele>
      </trkpt>
      <trkpt lat="36.08235290274024" lon="139.43675718270242">
        <ele>20.32</ele>
      </trkpt>
      <trkpt lat="36.08235818333924" lon="139.43676036782563">
        <ele>20.4</ele>
      </trkpt>
      <trkpt lat="36.08238358050585" lon="139.43682339973748">
        <ele>20.5</ele>
      </trkpt>
      <trkpt lat="36.08238626271486" lon="139.43682993762195">
        <ele>20.59</ele>
      </trkpt>
      <trkpt lat="36.082388861104846" lon="139.4368363916874">
        <ele>20.68</ele>
      </trkpt>
      <trkpt lat="36.08239145949483" lon="139.4368427619338">
        <ele>20.78</ele>
      </trkpt>
      <trkpt lat="36.08239397406578" lon="139.43684896454215">
        <ele>20.87</ele>
      </trkpt>
      <trkpt lat="36.082396572455764" lon="139.4368554186076">
        <ele>20.97</ele>
      </trkpt>
      <trkpt lat="36.082399087026715" lon="139.4368615373969">
        <ele>21.06</ele>
      </trkpt>
      <trkpt lat="36.08240160159767" lon="139.43686774000525">
        <ele>21.16</ele>
      </trkpt>
      <trkpt lat="36.08227922581136" lon="139.43722589872777">
        <ele>21.34</ele>
      </trkpt>
      <trkpt lat="36.08215685002506" lon="139.4375840574503">
        <ele>21.4</ele>
      </trkpt>
      <trkpt lat="36.082091219723225" lon="139.43777499720454">
        <ele>21.48</ele>
      </trkpt>
      <trkpt lat="36.0820890404284" lon="139.43778161890805">
        <ele>21.56</ele>
      </trkpt>
      <trkpt lat="36.082086861133575" lon="139.43778815679252">
        <ele>21.64</ele>
      </trkpt>
      <trkpt lat="36.08208468183875" lon="139.43779477849603">
        <ele>21.71</ele>
      </trkpt>
      <trkpt lat="36.08208258636296" lon="139.4378010649234">
        <ele>21.78</ele>
      </trkpt>
      <trkpt lat="36.08208040706813" lon="139.43780760280788">
        <ele>21.84</ele>
      </trkpt>
      <trkpt lat="36.08207831159234" lon="139.43781388923526">
        <ele>21.9</ele>
      </trkpt>
      <trkpt lat="36.08207621611655" lon="139.4378200918436">
        <ele>21.95</ele>
      </trkpt>
      <trkpt lat="36.08207940123975" lon="139.43799678236246">
        <ele>21.99</ele>
      </trkpt>
      <trkpt lat="36.082079568877816" lon="139.43800390698016">
        <ele>22.03</ele>
      </trkpt>
      <trkpt lat="36.08207973651588" lon="139.43801094777882">
        <ele>22.06</ele>
      </trkpt>
      <trkpt lat="36.08207990415394" lon="139.43801807239652">
        <ele>22.08</ele>
      </trkpt>
      <trkpt lat="36.08208007179201" lon="139.43802486173809">
        <ele>22.09</ele>
      </trkpt>
      <trkpt lat="36.08208023943007" lon="139.43803198635578">
        <ele>22.09</ele>
      </trkpt>
      <trkpt lat="36.08208040706813" lon="139.43803877569735">
        <ele>22.09</ele>
      </trkpt>
      <trkpt lat="36.0820805747062" lon="139.43804539740086">
        <ele>22.08</ele>
      </trkpt>
      <trkpt lat="36.082102451473475" lon="139.43786853924394">
        <ele>22.07</ele>
      </trkpt>
      <trkpt lat="36.08210337348282" lon="139.4378613308072">
        <ele>22.04</ele>
      </trkpt>
      <trkpt lat="36.08210429549217" lon="139.43785437382758">
        <ele>22.01</ele>
      </trkpt>
      <trkpt lat="36.08210521750152" lon="139.43784724920988">
        <ele>21.97</ele>
      </trkpt>
      <trkpt lat="36.08210613951087" lon="139.43784054368734">
        <ele>21.93</ele>
      </trkpt>
      <trkpt lat="36.08210706152022" lon="139.43783341906965">
        <ele>21.88</ele>
      </trkpt>
      <trkpt lat="36.08210798352957" lon="139.43782662972808">
        <ele>21.82</ele>
      </trkpt>
      <trkpt lat="36.082108821719885" lon="139.4378200918436">
        <ele>21.75</ele>
      </trkpt>
      <trkpt lat="36.082231448963284" lon="139.43746210075915">
        <ele>21.7</ele>
      </trkpt>
      <trkpt lat="36.08235399238765" lon="139.43710402585566">
        <ele>21.61</ele>
      </trkpt>
      <trkpt lat="36.08238743618131" lon="139.43700545467436">
        <ele>21.51</ele>
      </trkpt>
      <trkpt lat="36.08238986693323" lon="139.43699858151376">
        <ele>21.42</ele>
      </trkpt>
      <trkpt lat="36.082392213866115" lon="139.43699187599123">
        <ele>21.33</ele>
      </trkpt>
      <trkpt lat="36.082394560799" lon="139.43698508664966">
        <ele>21.23</ele>
      </trkpt>
      <trkpt lat="36.08239682391286" lon="139.43697854876518">
        <ele>21.14</ele>
      </trkpt>
      <trkpt lat="36.08239917084575" lon="139.4369717594236">
        <ele>21.04</ele>
      </trkpt>
      <trkpt lat="36.0824014339596" lon="139.43696530535817">
        <ele>20.94</ele>
      </trkpt>
      <trkpt lat="36.08240369707346" lon="139.43695893511176">
        <ele>20.84</ele>
      </trkpt>
      <trkpt lat="36.08242766931653" lon="139.43684418685734">
        <ele>20.72</ele>
      </trkpt>
      <trkpt lat="36.08242926187813" lon="139.43683689460158">
        <ele>20.63</ele>
      </trkpt>
      <trkpt lat="36.082430770620704" lon="139.43682993762195">
        <ele>20.53</ele>
      </trkpt>
      <trkpt lat="36.082432363182306" lon="139.43682272918522">
        <ele>20.44</ele>
      </trkpt>
      <trkpt lat="36.08243387192488" lon="139.43681593984365">
        <ele>20.35</ele>
      </trkpt>
      <trkpt lat="36.08243546448648" lon="139.43680873140693">
        <ele>20.27</ele>
      </trkpt>
      <trkpt lat="36.08243697322905" lon="139.43680194206536">
        <ele>20.18</ele>
      </trkpt>
      <trkpt lat="36.08243839815259" lon="139.43679532036185">
        <ele>20.11</ele>
      </trkpt>
      <trkpt lat="36.08216120861471" lon="139.4366099126637">
        <ele>19.98</ele>
      </trkpt>
      <trkpt lat="36.08188393525779" lon="139.43642458878458">
        <ele>19.87</ele>
      </trkpt>
      <trkpt lat="36.08163457363844" lon="139.4362578727305">
        <ele>19.84</ele>
      </trkpt>
      <trkpt lat="36.08162870630622" lon="139.436253933236">
        <ele>19.79</ele>
      </trkpt>
      <trkpt lat="36.08162292279303" lon="139.43625007756054">
        <ele>19.76</ele>
      </trkpt>
      <trkpt lat="36.08161713927984" lon="139.43624622188509">
        <ele>19.74</ele>
      </trkpt>
      <trkpt lat="36.081611439585686" lon="139.43624245002866">
        <ele>19.72</ele>
      </trkpt>
      <trkpt lat="36.08160674571991" lon="139.43623926490545">
        <ele>19.71</ele>
      </trkpt>
      <trkpt lat="36.081605572253466" lon="139.43623842671514">
        <ele>19.71</ele>
      </trkpt>
      <trkpt lat="36.08160029165447" lon="139.4362349063158">
        <ele>19.72</ele>
      </trkpt>
      <trkpt lat="36.08161998912692" lon="139.4362499937415">
        <ele>19.73</ele>
      </trkpt>
      <trkpt lat="36.08177103102207" lon="139.43590885028243">
        <ele>19.77</ele>
      </trkpt>
      <trkpt lat="36.081922156736255" lon="139.43556779064238">
        <ele>19.83</ele>
      </trkpt>
      <trkpt lat="36.08196993358433" lon="139.4354599993676">
        <ele>19.85</ele>
      </trkpt>
      <trkpt lat="36.08217353001237" lon="139.43516311235726">
        <ele>19.94</ele>
      </trkpt>
      <trkpt lat="36.082209991291165" lon="139.43510997109115">
        <ele>19.99</ele>
      </trkpt>
      <trkpt lat="36.08242993243039" lon="139.43483998999">
        <ele>20.05</ele>
      </trkpt>
      <trkpt lat="36.082507129758596" lon="139.43471568636596">
        <ele>20.08</ele>
      </trkpt>
      <trkpt lat="36.082510985434055" lon="139.43470965139568">
        <ele>20.12</ele>
      </trkpt>
      <trkpt lat="36.08251475729048" lon="139.43470378406346">
        <ele>20.15</ele>
      </trkpt>
      <trkpt lat="36.08251861296594" lon="139.43469774909317">
        <ele>20.18</ele>
      </trkpt>
      <trkpt lat="36.08252230100334" lon="139.43469196558">
        <ele>20.21</ele>
      </trkpt>
      <trkpt lat="36.082526156678796" lon="139.43468584679067">
        <ele>20.23</ele>
      </trkpt>
      <trkpt lat="36.08252992853522" lon="139.43467997945845">
        <ele>20.25</ele>
      </trkpt>
      <trkpt lat="36.08253998681903" lon="139.4346499722451">
        <ele>20.26</ele>
      </trkpt>
      <trkpt lat="36.08251995407045" lon="139.43449993617833">
        <ele>20.25</ele>
      </trkpt>
      <trkpt lat="36.08262707479298" lon="139.43413448520005">
        <ele>20.23</ele>
      </trkpt>
      <trkpt lat="36.08268993906677" lon="139.4339199922979">
        <ele>20.21</ele>
      </trkpt>
      <trkpt lat="36.082679964601994" lon="139.4337799306959">
        <ele>20.2</ele>
      </trkpt>
      <trkpt lat="36.0825499612838" lon="139.4335999712348">
        <ele>20.17</ele>
      </trkpt>
      <trkpt lat="36.082331193611026" lon="139.43332001566887">
        <ele>20.2</ele>
      </trkpt>
      <trkpt lat="36.082299929112196" lon="139.4332799501717">
        <ele>20.2</ele>
      </trkpt>
      <trkpt lat="36.082101445645094" lon="139.43297795020044">
        <ele>20.26</ele>
      </trkpt>
      <trkpt lat="36.08209348283708" lon="139.43296588025987">
        <ele>20.23</ele>
      </trkpt>
      <trkpt lat="36.08208945952356" lon="139.43295976147056">
        <ele>20.2</ele>
      </trkpt>
      <trkpt lat="36.0820856038481" lon="139.43295389413834">
        <ele>20.16</ele>
      </trkpt>
      <trkpt lat="36.08208166435361" lon="139.43294785916805">
        <ele>20.11</ele>
      </trkpt>
      <trkpt lat="36.08207780867815" lon="139.43294199183583">
        <ele>20.05</ele>
      </trkpt>
      <trkpt lat="36.08207378536463" lon="139.43293587304652">
        <ele>19.98</ele>
      </trkpt>
      <trkpt lat="36.08206992968917" lon="139.43292992189527">
        <ele>19.91</ele>
      </trkpt>
      <trkpt lat="36.08220680616796" lon="139.43283948116004">
        <ele>19.78</ele>
      </trkpt>
      <trkpt lat="36.08221267350018" lon="139.43283570930362">
        <ele>19.7</ele>
      </trkpt>
      <trkpt lat="36.08221837319434" lon="139.43283202126622">
        <ele>19.62</ele>
      </trkpt>
      <trkpt lat="36.082224156707525" lon="139.4328282494098">
        <ele>19.52</ele>
      </trkpt>
      <trkpt lat="36.08222977258265" lon="139.43282464519143">
        <ele>19.43</ele>
      </trkpt>
      <trkpt lat="36.082235807552934" lon="139.43282078951597">
        <ele>19.33</ele>
      </trkpt>
      <trkpt lat="36.08224159106612" lon="139.43281701765954">
        <ele>19.23</ele>
      </trkpt>
      <trkpt lat="36.08246094547212" lon="139.4330962188542">
        <ele>19.1</ele>
      </trkpt>
      <trkpt lat="36.08266169205308" lon="139.43335195071995">
        <ele>18.94</ele>
      </trkpt>
      <trkpt lat="36.08266621828079" lon="139.4333576504141">
        <ele>18.84</ele>
      </trkpt>
      <trkpt lat="36.08267057687044" lon="139.4333631824702">
        <ele>18.73</ele>
      </trkpt>
      <trkpt lat="36.08267501927912" lon="139.43336879834533">
        <ele>18.63</ele>
      </trkpt>
      <trkpt lat="36.08267929404974" lon="139.4333742465824">
        <ele>18.53</ele>
      </trkpt>
      <trkpt lat="36.08268029987812" lon="139.43337550386786">
        <ele>18.44</ele>
      </trkpt>
      <trkpt lat="36.082683904096484" lon="139.4333801139146">
        <ele>18.35</ele>
      </trkpt>
      <trkpt lat="36.082688346505165" lon="139.43338572978973">
        <ele>18.26</ele>
      </trkpt>
      <trkpt lat="36.082687340676785" lon="139.43339796736836">
        <ele>18.17</ele>
      </trkpt>
      <trkpt lat="36.08268675394356" lon="139.43340584635735">
        <ele>18.1</ele>
      </trkpt>
      <trkpt lat="36.08268625102937" lon="139.43341355770826">
        <ele>18.02</ele>
      </trkpt>
      <trkpt lat="36.08268566429615" lon="139.43342143669724">
        <ele>17.96</ele>
      </trkpt>
      <trkpt lat="36.08269681222737" lon="139.43340634927154">
        <ele>17.89</ele>
      </trkpt>
      <trkpt lat="36.08283528126776" lon="139.43356275558472">
        <ele>17.82</ele>
      </trkpt>
      <trkpt lat="36.08283519744873" lon="139.43356275558472">
        <ele>17.77</ele>
      </trkpt>
      <trkpt lat="36.08296402730048" lon="139.43369150161743">
        <ele>17.74</ele>
      </trkpt>
      <trkpt lat="36.082985484972596" lon="139.43373441696167">
        <ele>17.72</ele>
      </trkpt>
      <trkpt lat="36.08317852020264" lon="139.43347692489624">
        <ele>17.69</ele>
      </trkpt>
      <trkpt lat="36.0833702981472" lon="139.4332756754011">
        <ele>17.74</ele>
      </trkpt>
      <trkpt lat="36.0835621599108" lon="139.43307442590594">
        <ele>17.75</ele>
      </trkpt>
      <trkpt lat="36.08373926952481" lon="139.43288843147457">
        <ele>17.79</ele>
      </trkpt>
      <trkpt lat="36.083744298666716" lon="139.4328832346946">
        <ele>17.79</ele>
      </trkpt>
      <trkpt lat="36.08374932780862" lon="139.43287803791463">
        <ele>17.79</ele>
      </trkpt>
      <trkpt lat="36.08374932780862" lon="139.43287812173367">
        <ele>17.81</ele>
      </trkpt>
      <trkpt lat="36.083980249240994" lon="139.43263580091298">
        <ele>17.8</ele>
      </trkpt>
      <trkpt lat="36.0842112544924" lon="139.4323934800923">
        <ele>17.72</ele>
      </trkpt>
      <trkpt lat="36.08444225974381" lon="139.4321511592716">
        <ele>17.68</ele>
      </trkpt>
      <trkpt lat="36.08467326499522" lon="139.4319088384509">
        <ele>17.74</ele>
      </trkpt>
      <trkpt lat="36.084904270246625" lon="139.43166651763022">
        <ele>17.79</ele>
      </trkpt>
      <trkpt lat="36.08513527549803" lon="139.43142419680953">
        <ele>17.79</ele>
      </trkpt>
      <trkpt lat="36.08536720275879" lon="139.4311809539795">
        <ele>17.9</ele>
      </trkpt>
      <trkpt lat="36.08564573340118" lon="139.4310041796416">
        <ele>18.1</ele>
      </trkpt>
      <trkpt lat="36.08592426404357" lon="139.43082740530372">
        <ele>18.2</ele>
      </trkpt>
      <trkpt lat="36.08620279468596" lon="139.43065063096583">
        <ele>18.26</ele>
      </trkpt>
      <trkpt lat="36.086483001708984" lon="139.43047285079956">
        <ele>18.42</ele>
      </trkpt>
      <trkpt lat="36.086682910099626" lon="139.43036573007703">
        <ele>18.58</ele>
      </trkpt>
      <trkpt lat="36.08688281849027" lon="139.4302586093545">
        <ele>18.81</ele>
      </trkpt>
      <trkpt lat="36.08708381652832" lon="139.43015098571777">
        <ele>19.06</ele>
      </trkpt>
      <trkpt lat="36.08729789033532" lon="139.4300759676844">
        <ele>19.25</ele>
      </trkpt>
      <trkpt lat="36.0875129699707" lon="139.43000078201294">
        <ele>19.43</ele>
      </trkpt>
      <trkpt lat="36.08773182146251" lon="139.42995325662196">
        <ele>19.55</ele>
      </trkpt>
      <trkpt lat="36.08793784864247" lon="139.42990849725902">
        <ele>19.65</ele>
      </trkpt>
      <trkpt lat="36.0879448056221" lon="139.42990707233548">
        <ele>19.82</ele>
      </trkpt>
      <trkpt lat="36.0879516787827" lon="139.42990564741194">
        <ele>20.0</ele>
      </trkpt>
      <trkpt lat="36.08823490329087" lon="139.4298442080617">
        <ele>20.15</ele>
      </trkpt>
      <trkpt lat="36.088518211618066" lon="139.42978276871145">
        <ele>20.38</ele>
      </trkpt>
      <trkpt lat="36.088801519945264" lon="139.4297213293612">
        <ele>20.65</ele>
      </trkpt>
      <trkpt lat="36.08908482827246" lon="139.42965989001095">
        <ele>20.82</ele>
      </trkpt>
      <trkpt lat="36.08936813659966" lon="139.4295984506607">
        <ele>20.95</ele>
      </trkpt>
      <trkpt lat="36.08965144492686" lon="139.42953701131046">
        <ele>21.12</ele>
      </trkpt>
      <trkpt lat="36.089934753254056" lon="139.4294755719602">
        <ele>21.3</ele>
      </trkpt>
      <trkpt lat="36.090218061581254" lon="139.42941413260996">
        <ele>21.47</ele>
      </trkpt>
      <trkpt lat="36.09050136990845" lon="139.42935269325972">
        <ele>21.65</ele>
      </trkpt>
      <trkpt lat="36.09078459441662" lon="139.42929125390947">
        <ele>21.84</ele>
      </trkpt>
      <trkpt lat="36.09107502736151" lon="139.42922830581665">
        <ele>21.96</ele>
      </trkpt>
      <trkpt lat="36.091203689575195" lon="139.4291853904724">
        <ele>22.1</ele>
      </trkpt>
      <trkpt lat="36.09120377339423" lon="139.4291853904724">
        <ele>22.23</ele>
      </trkpt>
      <trkpt lat="36.091482639312744" lon="139.42912101745605">
        <ele>22.33</ele>
      </trkpt>
      <trkpt lat="36.09163259156048" lon="139.4290352705866">
        <ele>22.45</ele>
      </trkpt>
      <trkpt lat="36.09178304672241" lon="139.4289493560791">
        <ele>22.55</ele>
      </trkpt>
      <trkpt lat="36.091933166608214" lon="139.4287884235382">
        <ele>22.65</ele>
      </trkpt>
      <trkpt lat="36.09208345413208" lon="139.42862749099731">
        <ele>22.76</ele>
      </trkpt>
      <trkpt lat="36.092269364744425" lon="139.42836279049516">
        <ele>22.81</ele>
      </trkpt>
      <trkpt lat="36.0924553591758" lon="139.428098089993">
        <ele>22.88</ele>
      </trkpt>
      <trkpt lat="36.09264135360718" lon="139.4278335571289">
        <ele>22.94</ele>
      </trkpt>
      <trkpt lat="36.09270581044257" lon="139.4276078324765">
        <ele>22.99</ele>
      </trkpt>
      <trkpt lat="36.09277009963989" lon="139.4273829460144">
        <ele>23.04</ele>
      </trkpt>
      <trkpt lat="36.09277009963989" lon="139.42704892717302">
        <ele>23.12</ele>
      </trkpt>
      <trkpt lat="36.09277009963989" lon="139.4270414672792">
        <ele>23.11</ele>
      </trkpt>
      <trkpt lat="36.09277009963989" lon="139.4270340912044">
        <ele>23.09</ele>
      </trkpt>
      <trkpt lat="36.09277009963989" lon="139.42703400738537">
        <ele>23.06</ele>
      </trkpt>
      <trkpt lat="36.09277009963989" lon="139.42667484283447">
        <ele>23.02</ele>
      </trkpt>
      <trkpt lat="36.09294184483588" lon="139.4266963005066">
        <ele>22.96</ele>
      </trkpt>
      <trkpt lat="36.093187937512994" lon="139.42669621668756">
        <ele>22.81</ele>
      </trkpt>
      <trkpt lat="36.09343537129462" lon="139.4266963005066">
        <ele>22.63</ele>
      </trkpt>
      <trkpt lat="36.09362849034369" lon="139.4266963005066">
        <ele>22.51</ele>
      </trkpt>
      <trkpt lat="36.09362840652466" lon="139.4266963005066">
        <ele>22.42</ele>
      </trkpt>
      <trkpt lat="36.09362279064953" lon="139.42705370485783">
        <ele>22.22</ele>
      </trkpt>
      <trkpt lat="36.0936174262315" lon="139.42739468067884">
        <ele>22.17</ele>
      </trkpt>
      <trkpt lat="36.09361734241247" lon="139.4274022243917">
        <ele>22.08</ele>
      </trkpt>
      <trkpt lat="36.09361725859344" lon="139.42740968428552">
        <ele>21.99</ele>
      </trkpt>
      <trkpt lat="36.093612061813474" lon="139.4277402665466">
        <ele>21.95</ele>
      </trkpt>
      <trkpt lat="36.09360694885254" lon="139.42806959152222">
        <ele>21.84</ele>
      </trkpt>
      <trkpt lat="36.0936713218689" lon="139.42834854125977">
        <ele>21.72</ele>
      </trkpt>
      <trkpt lat="36.093778694048524" lon="139.4284987449646">
        <ele>21.63</ele>
      </trkpt>
      <trkpt lat="36.0940355155617" lon="139.42847728729248">
        <ele>21.53</ele>
      </trkpt>
      <trkpt lat="36.09429359436035" lon="139.42845582962036">
        <ele>21.46</ele>
      </trkpt>
      <trkpt lat="36.09437950886786" lon="139.42852020263672">
        <ele>21.4</ele>
      </trkpt>
      <trkpt lat="36.09459358267486" lon="139.42847024649382">
        <ele>21.36</ele>
      </trkpt>
      <trkpt lat="36.09480765648186" lon="139.4284202903509">
        <ele>21.29</ele>
      </trkpt>
      <trkpt lat="36.095023239031434" lon="139.42836999893188">
        <ele>21.22</ele>
      </trkpt>
      <trkpt lat="36.0953186172992" lon="139.42830428481102">
        <ele>21.13</ele>
      </trkpt>
      <trkpt lat="36.095614079385996" lon="139.4282386545092">
        <ele>21.06</ele>
      </trkpt>
      <trkpt lat="36.09590954147279" lon="139.42817302420735">
        <ele>20.98</ele>
      </trkpt>
      <trkpt lat="36.09620491974056" lon="139.42810739390552">
        <ele>20.85</ele>
      </trkpt>
      <trkpt lat="36.096500381827354" lon="139.42804167978466">
        <ele>20.72</ele>
      </trkpt>
      <trkpt lat="36.09678545035422" lon="139.42797831259668">
        <ele>20.58</ele>
      </trkpt>
      <trkpt lat="36.096792658790946" lon="139.42797672003508">
        <ele>20.5</ele>
      </trkpt>
      <trkpt lat="36.09679986722767" lon="139.4279752112925">
        <ele>20.42</ele>
      </trkpt>
      <trkpt lat="36.09697328880429" lon="139.42793665453792">
        <ele>20.29</ele>
      </trkpt>
      <trkpt lat="36.09714754857123" lon="139.42789793014526">
        <ele>20.21</ele>
      </trkpt>
      <trkpt lat="36.09740009531379" lon="139.42784654907882">
        <ele>20.16</ele>
      </trkpt>
      <trkpt lat="36.09765272587538" lon="139.42779516801238">
        <ele>20.14</ele>
      </trkpt>
      <trkpt lat="36.09790535643697" lon="139.42774378694594">
        <ele>20.13</ele>
      </trkpt>
      <trkpt lat="36.09815798699856" lon="139.4276924058795">
        <ele>20.06</ele>
      </trkpt>
      <trkpt lat="36.09841355122626" lon="139.42764043807983">
        <ele>20.04</ele>
      </trkpt>
      <trkpt lat="36.09854229725897" lon="139.42761898040771">
        <ele>20.01</ele>
      </trkpt>
      <trkpt lat="36.09878486953676" lon="139.4275832735002">
        <ele>20.0</ele>
      </trkpt>
      <trkpt lat="36.09902744181454" lon="139.4275475665927">
        <ele>20.01</ele>
      </trkpt>
      <trkpt lat="36.09927177429199" lon="139.42751169204712">
        <ele>20.0</ele>
      </trkpt>
      <trkpt lat="36.09954577870667" lon="139.42743030376732">
        <ele>20.04</ele>
      </trkpt>
      <trkpt lat="36.09981986694038" lon="139.42734891548753">
        <ele>20.14</ele>
      </trkpt>
      <trkpt lat="36.10009395517409" lon="139.42726752720773">
        <ele>20.18</ele>
      </trkpt>
      <trkpt lat="36.1003680434078" lon="139.42718622274697">
        <ele>20.22</ele>
      </trkpt>
      <trkpt lat="36.10064514912665" lon="139.42710399627686">
        <ele>20.27</ele>
      </trkpt>
      <trkpt lat="36.10085922293365" lon="139.42702545784414">
        <ele>20.33</ele>
      </trkpt>
      <trkpt lat="36.10107329674065" lon="139.42694691941142">
        <ele>20.42</ele>
      </trkpt>
      <trkpt lat="36.10128879547119" lon="139.42686796188354">
        <ele>20.51</ele>
      </trkpt>
      <trkpt lat="36.101513681933284" lon="139.42675547674298">
        <ele>20.61</ele>
      </trkpt>
      <trkpt lat="36.101738568395376" lon="139.42664299160242">
        <ele>20.68</ele>
      </trkpt>
      <trkpt lat="36.10196345485747" lon="139.4265305902809">
        <ele>20.78</ele>
      </trkpt>
      <trkpt lat="36.102190017700195" lon="139.42641735076904">
        <ele>20.9</ele>
      </trkpt>
      <trkpt lat="36.102457819506526" lon="139.4262351281941">
        <ele>20.96</ele>
      </trkpt>
      <trkpt lat="36.102726459503174" lon="139.42605257034302">
        <ele>21.05</ele>
      </trkpt>
      <trkpt lat="36.10295151360333" lon="139.425859618932">
        <ele>21.15</ele>
      </trkpt>
      <trkpt lat="36.103177070617676" lon="139.42566633224487">
        <ele>21.35</ele>
      </trkpt>
      <trkpt lat="36.103380834683776" lon="139.42539811134338">
        <ele>21.58</ele>
      </trkpt>
      <trkpt lat="36.10358476638794" lon="139.4251298904419">
        <ele>21.74</ele>
      </trkpt>
      <trkpt lat="36.10375642776489" lon="139.4248534552753">
        <ele>21.86</ele>
      </trkpt>
      <trkpt lat="36.10392817296088" lon="139.42457710392773">
        <ele>22.01</ele>
      </trkpt>
      <trkpt lat="36.10409991815686" lon="139.42430075258017">
        <ele>22.19</ele>
      </trkpt>
      <trkpt lat="36.10427166335285" lon="139.4240244012326">
        <ele>22.34</ele>
      </trkpt>
      <trkpt lat="36.10444340854883" lon="139.42374804988503">
        <ele>22.45</ele>
      </trkpt>
      <trkpt lat="36.10461515374482" lon="139.42347161471844">
        <ele>22.59</ele>
      </trkpt>
      <trkpt lat="36.1047868989408" lon="139.42319526337087">
        <ele>22.69</ele>
      </trkpt>
      <trkpt lat="36.104958141222596" lon="139.42291975021362">
        <ele>22.79</ele>
      </trkpt>
      <trkpt lat="36.104958057403564" lon="139.42291975021362">
        <ele>22.91</ele>
      </trkpt>
      <trkpt lat="36.10509761609137" lon="139.4226942770183">
        <ele>23.03</ele>
      </trkpt>
      <trkpt lat="36.105237090960145" lon="139.42246913909912">
        <ele>23.19</ele>
      </trkpt>
      <trkpt lat="36.105425264686346" lon="139.42217049188912">
        <ele>23.34</ele>
      </trkpt>
      <trkpt lat="36.10561343841255" lon="139.42187192849815">
        <ele>23.43</ele>
      </trkpt>
      <trkpt lat="36.10580169595778" lon="139.42157336510718">
        <ele>23.52</ele>
      </trkpt>
      <trkpt lat="36.10598986968398" lon="139.4212748017162">
        <ele>23.6</ele>
      </trkpt>
      <trkpt lat="36.10617804341018" lon="139.42097623832524">
        <ele>23.65</ele>
      </trkpt>
      <trkpt lat="36.106366300955415" lon="139.42067767493427">
        <ele>23.71</ele>
      </trkpt>
      <trkpt lat="36.106554474681616" lon="139.4203791115433">
        <ele>23.75</ele>
      </trkpt>
      <trkpt lat="36.10674273222685" lon="139.42008054815233">
        <ele>23.79</ele>
      </trkpt>
      <trkpt lat="36.10693090595305" lon="139.41978190094233">
        <ele>23.87</ele>
      </trkpt>
      <trkpt lat="36.10711907967925" lon="139.41948333755136">
        <ele>23.98</ele>
      </trkpt>
      <trkpt lat="36.10730733722448" lon="139.41918477416039">
        <ele>24.02</ele>
      </trkpt>
      <trkpt lat="36.107495510950685" lon="139.41888621076941">
        <ele>23.96</ele>
      </trkpt>
      <trkpt lat="36.107683684676886" lon="139.41858764737844">
        <ele>23.94</ele>
      </trkpt>
      <trkpt lat="36.10786280594766" lon="139.4183031655848">
        <ele>23.97</ele>
      </trkpt>
      <trkpt lat="36.107866913080215" lon="139.4182967953384">
        <ele>23.98</ele>
      </trkpt>
      <trkpt lat="36.10787102021277" lon="139.41829042509198">
        <ele>23.98</ele>
      </trkpt>
      <trkpt lat="36.10787093639374" lon="139.41829042509198">
        <ele>23.98</ele>
      </trkpt>
      <trkpt lat="36.10798090696335" lon="139.41811591386795">
        <ele>24.0</ele>
      </trkpt>
      <trkpt lat="36.10809096135199" lon="139.41794157028198">
        <ele>24.01</ele>
      </trkpt>
      <trkpt lat="36.108272010460496" lon="139.41764099523425">
        <ele>23.99</ele>
      </trkpt>
      <trkpt lat="36.108453059569" lon="139.41734050400555">
        <ele>23.98</ele>
      </trkpt>
      <trkpt lat="36.108634108677506" lon="139.41704001277685">
        <ele>23.96</ele>
      </trkpt>
      <trkpt lat="36.10881524160504" lon="139.41673943772912">
        <ele>23.96</ele>
      </trkpt>
      <trkpt lat="36.10899629071355" lon="139.41643894650042">
        <ele>23.95</ele>
      </trkpt>
      <trkpt lat="36.109177339822054" lon="139.4161383714527">
        <ele>23.93</ele>
      </trkpt>
      <trkpt lat="36.10935838893056" lon="139.415837880224">
        <ele>23.91</ele>
      </trkpt>
      <trkpt lat="36.109539521858096" lon="139.4155373889953">
        <ele>23.88</ele>
      </trkpt>
      <trkpt lat="36.1097205709666" lon="139.41523681394756">
        <ele>23.85</ele>
      </trkpt>
      <trkpt lat="36.10990162007511" lon="139.41493632271886">
        <ele>23.8</ele>
      </trkpt>
      <trkpt lat="36.11008266918361" lon="139.41463574767113">
        <ele>23.79</ele>
      </trkpt>
      <trkpt lat="36.11026380211115" lon="139.41433525644243">
        <ele>23.79</ele>
      </trkpt>
      <trkpt lat="36.110444851219654" lon="139.41403476521373">
        <ele>23.84</ele>
      </trkpt>
      <trkpt lat="36.11062590032816" lon="139.413734190166">
        <ele>23.87</ele>
      </trkpt>
      <trkpt lat="36.110806949436665" lon="139.4134336989373">
        <ele>23.85</ele>
      </trkpt>
      <trkpt lat="36.1109880823642" lon="139.41313312388957">
        <ele>23.87</ele>
      </trkpt>
      <trkpt lat="36.11116913147271" lon="139.41283263266087">
        <ele>23.92</ele>
      </trkpt>
      <trkpt lat="36.11135018058121" lon="139.41253205761313">
        <ele>23.93</ele>
      </trkpt>
      <trkpt lat="36.11153131350875" lon="139.41223156638443">
        <ele>23.94</ele>
      </trkpt>
      <trkpt lat="36.111712362617254" lon="139.4119309913367">
        <ele>23.92</ele>
      </trkpt>
      <trkpt lat="36.11189341172576" lon="139.411630500108">
        <ele>23.97</ele>
      </trkpt>
      <trkpt lat="36.112074460834265" lon="139.41132992506027">
        <ele>23.94</ele>
      </trkpt>
      <trkpt lat="36.11225366592407" lon="139.41103219985962">
        <ele>23.95</ele>
      </trkpt>
      <trkpt lat="36.11236095428467" lon="139.41071033477783">
        <ele>23.96</ele>
      </trkpt>
      <trkpt lat="36.11251551657915" lon="139.41045694984496">
        <ele>24.0</ele>
      </trkpt>
      <trkpt lat="36.112670078873634" lon="139.4102036487311">
        <ele>24.03</ele>
      </trkpt>
      <trkpt lat="36.11282464116812" lon="139.40995034761727">
        <ele>24.04</ele>
      </trkpt>
      <trkpt lat="36.1129792034626" lon="139.40969704650342">
        <ele>24.03</ele>
      </trkpt>
      <trkpt lat="36.11313351429999" lon="139.4094443321228">
        <ele>24.12</ele>
      </trkpt>
      <trkpt lat="36.11329662613571" lon="139.40915658138692">
        <ele>24.24</ele>
      </trkpt>
      <trkpt lat="36.113459737971425" lon="139.40886891447008">
        <ele>24.35</ele>
      </trkpt>
      <trkpt lat="36.113622933626175" lon="139.40858124755323">
        <ele>24.41</ele>
      </trkpt>
      <trkpt lat="36.11378604546189" lon="139.40829349681735">
        <ele>24.49</ele>
      </trkpt>
      <trkpt lat="36.113948822021484" lon="139.40800666809082">
        <ele>24.5</ele>
      </trkpt>
      <trkpt lat="36.11404538154602" lon="139.4078348390758">
        <ele>24.52</ele>
      </trkpt>
      <trkpt lat="36.11414194107056" lon="139.4076633453369">
        <ele>24.54</ele>
      </trkpt>
      <trkpt lat="36.11430287361145" lon="139.40739495679736">
        <ele>24.6</ele>
      </trkpt>
      <trkpt lat="36.114463806152344" lon="139.40712690353394">
        <ele>24.65</ele>
      </trkpt>
      <trkpt lat="36.11440932378173" lon="139.40716763958335">
        <ele>24.69</ele>
      </trkpt>
      <trkpt lat="36.11440345644951" lon="139.40717208199203">
        <ele>24.74</ele>
      </trkpt>
      <trkpt lat="36.11439775675535" lon="139.40717644058168">
        <ele>24.78</ele>
      </trkpt>
      <trkpt lat="36.114463806152344" lon="139.40712690353394">
        <ele>24.65</ele>
      </trkpt>
      <trkpt lat="36.11457654275" lon="139.40683680586517">
        <ele>24.86</ele>
      </trkpt>
      <trkpt lat="36.11468936316669" lon="139.40654679201543">
        <ele>24.9</ele>
      </trkpt>
      <trkpt lat="36.11480218358338" lon="139.4062567781657">
        <ele>24.99</ele>
      </trkpt>
      <trkpt lat="36.11491450108588" lon="139.4059681892395">
        <ele>25.05</ele>
      </trkpt>
      <trkpt lat="36.1149787902832" lon="139.40564632415771">
        <ele>25.01</ele>
      </trkpt>
      <trkpt lat="36.114957416430116" lon="139.40545320510864">
        <ele>25.02</ele>
      </trkpt>
      <trkpt lat="36.114957332611084" lon="139.4053030014038">
        <ele>25.03</ele>
      </trkpt>
      <trkpt lat="36.11502178944647" lon="139.40515279769897">
        <ele>25.08</ele>
      </trkpt>
      <trkpt lat="36.11512907780707" lon="139.40500259399414">
        <ele>25.09</ele>
      </trkpt>
      <trkpt lat="36.115231504663825" lon="139.40486412495375">
        <ele>25.09</ele>
      </trkpt>
      <trkpt lat="36.11523611471057" lon="139.4048579223454">
        <ele>25.12</ele>
      </trkpt>
      <trkpt lat="36.11524064093828" lon="139.40485188737512">
        <ele>25.14</ele>
      </trkpt>
      <trkpt lat="36.11542730592191" lon="139.40459984354675">
        <ele>25.17</ele>
      </trkpt>
      <trkpt lat="36.11561397090554" lon="139.4043478835374">
        <ele>25.18</ele>
      </trkpt>
      <trkpt lat="36.11580063588917" lon="139.40409583970904">
        <ele>25.25</ele>
      </trkpt>
      <trkpt lat="36.115987384691834" lon="139.4038438796997">
        <ele>25.28</ele>
      </trkpt>
      <trkpt lat="36.1159873008728" lon="139.4038438796997">
        <ele>25.29</ele>
      </trkpt>
      <trkpt lat="36.11608394421637" lon="139.40360751003027">
        <ele>25.36</ele>
      </trkpt>
      <trkpt lat="36.116180419921875" lon="139.4033718109131">
        <ele>25.39</ele>
      </trkpt>
      <trkpt lat="36.11622333526611" lon="139.40320014953613">
        <ele>25.4</ele>
      </trkpt>
      <trkpt lat="36.11623406410217" lon="139.40284894779325">
        <ele>25.33</ele>
      </trkpt>
      <trkpt lat="36.11624479293823" lon="139.40249774605036">
        <ele>25.28</ele>
      </trkpt>
      <trkpt lat="36.11625552177429" lon="139.40214654430747">
        <ele>25.28</ele>
      </trkpt>
      <trkpt lat="36.11626633442938" lon="139.40179542638361">
        <ele>25.3</ele>
      </trkpt>
      <trkpt lat="36.11627706326544" lon="139.40144422464073">
        <ele>25.26</ele>
      </trkpt>
      <trkpt lat="36.11628770828247" lon="139.40109729766846">
        <ele>25.23</ele>
      </trkpt>
      <trkpt lat="36.116402288898826" lon="139.40073913894594">
        <ele>25.31</ele>
      </trkpt>
      <trkpt lat="36.11651686951518" lon="139.40038098022342">
        <ele>25.37</ele>
      </trkpt>
      <trkpt lat="36.11663103103638" lon="139.4000244140625">
        <ele>25.32</ele>
      </trkpt>
      <trkpt lat="36.116727674379945" lon="139.39970204606652">
        <ele>25.25</ele>
      </trkpt>
      <trkpt lat="36.11682415008545" lon="139.39938068389893">
        <ele>25.17</ele>
      </trkpt>
      <trkpt lat="36.116879135370255" lon="139.39905915409327">
        <ele>25.08</ele>
      </trkpt>
      <trkpt lat="36.11693412065506" lon="139.3987376242876">
        <ele>25.05</ele>
      </trkpt>
      <trkpt lat="36.116986172273755" lon="139.39843319356441">
        <ele>24.96</ele>
      </trkpt>
      <trkpt lat="36.11698751337826" lon="139.39842556603253">
        <ele>24.9</ele>
      </trkpt>
      <trkpt lat="36.11698885448277" lon="139.39841793850064">
        <ele>24.83</ele>
      </trkpt>
      <trkpt lat="36.11704610288143" lon="139.398083249107">
        <ele>24.74</ele>
      </trkpt>
      <trkpt lat="36.11710318364203" lon="139.39774990081787">
        <ele>24.63</ele>
      </trkpt>
      <trkpt lat="36.11714609898627" lon="139.39764261245728">
        <ele>24.54</ele>
      </trkpt>
      <trkpt lat="36.117221200838685" lon="139.39745997078717">
        <ele>24.46</ele>
      </trkpt>
      <trkpt lat="36.11729621887207" lon="139.39727783203125">
        <ele>24.4</ele>
      </trkpt>
      <trkpt lat="36.1172963026911" lon="139.39727783203125">
        <ele>24.34</ele>
      </trkpt>
      <trkpt lat="36.11747106537223" lon="139.39695571549237">
        <ele>24.37</ele>
      </trkpt>
      <trkpt lat="36.11764591187239" lon="139.39663368277252">
        <ele>24.28</ele>
      </trkpt>
      <trkpt lat="36.117820758372545" lon="139.39631156623363">
        <ele>24.12</ele>
      </trkpt>
      <trkpt lat="36.1179956048727" lon="139.39598953351378">
        <ele>24.14</ele>
      </trkpt>
      <trkpt lat="36.11817045137286" lon="139.3956674169749">
        <ele>24.11</ele>
      </trkpt>
      <trkpt lat="36.11834529787302" lon="139.39534538425505">
        <ele>24.06</ele>
      </trkpt>
      <trkpt lat="36.11851939000189" lon="139.39502477645874">
        <ele>24.09</ele>
      </trkpt>
      <trkpt lat="36.11870940774679" lon="139.394742641598">
        <ele>24.11</ele>
      </trkpt>
      <trkpt lat="36.11889950931072" lon="139.39446059055626">
        <ele>24.15</ele>
      </trkpt>
      <trkpt lat="36.11908961087465" lon="139.39417853951454">
        <ele>24.15</ele>
      </trkpt>
      <trkpt lat="36.11927971243858" lon="139.39389648847282">
        <ele>24.12</ele>
      </trkpt>
      <trkpt lat="36.11946973018348" lon="139.39361435361207">
        <ele>24.14</ele>
      </trkpt>
      <trkpt lat="36.11965983174741" lon="139.39333230257034">
        <ele>24.15</ele>
      </trkpt>
      <trkpt lat="36.11984968185425" lon="139.39305067062378">
        <ele>24.16</ele>
      </trkpt>
      <trkpt lat="36.11984976567328" lon="139.39305067062378">
        <ele>24.19</ele>
      </trkpt>
      <trkpt lat="36.12002142705023" lon="139.39277423545718">
        <ele>24.19</ele>
      </trkpt>
      <trkpt lat="36.12019317224622" lon="139.39249788410962">
        <ele>24.17</ele>
      </trkpt>
      <trkpt lat="36.12036483362317" lon="139.39222153276205">
        <ele>24.27</ele>
      </trkpt>
      <trkpt lat="36.120536578819156" lon="139.39194518141448">
        <ele>24.39</ele>
      </trkpt>
      <trkpt lat="36.12070832401514" lon="139.39166883006692">
        <ele>24.42</ele>
      </trkpt>
      <trkpt lat="36.120879985392094" lon="139.39139239490032">
        <ele>24.44</ele>
      </trkpt>
      <trkpt lat="36.12105173058808" lon="139.39111604355276">
        <ele>24.5</ele>
      </trkpt>
      <trkpt lat="36.12122297286987" lon="139.3908405303955">
        <ele>24.56</ele>
      </trkpt>
      <trkpt lat="36.121223056688905" lon="139.3908405303955">
        <ele>24.61</ele>
      </trkpt>
      <trkpt lat="36.1213303450495" lon="139.39069032669067">
        <ele>24.65</ele>
      </trkpt>
      <trkpt lat="36.12149337306619" lon="139.3904499337077">
        <ele>24.76</ele>
      </trkpt>
      <trkpt lat="36.121656484901905" lon="139.39020954072475">
        <ele>24.84</ele>
      </trkpt>
      <trkpt lat="36.12181959673762" lon="139.3899691477418">
        <ele>24.84</ele>
      </trkpt>
      <trkpt lat="36.12198270857334" lon="139.38972883857787">
        <ele>24.81</ele>
      </trkpt>
      <trkpt lat="36.122145652770996" lon="139.389488697052">
        <ele>24.86</ele>
      </trkpt>
      <trkpt lat="36.12216928973794" lon="139.3894694186747">
        <ele>24.91</ele>
      </trkpt>
      <trkpt lat="36.12217507325113" lon="139.38946480862796">
        <ele>24.95</ele>
      </trkpt>
      <trkpt lat="36.12218085676432" lon="139.38946019858122">
        <ele>24.99</ele>
      </trkpt>
      <trkpt lat="36.12242242321372" lon="139.38926439732313">
        <ele>25.1</ele>
      </trkpt>
      <trkpt lat="36.122664073482156" lon="139.38906859606504">
        <ele>25.22</ele>
      </trkpt>
      <trkpt lat="36.12290572375059" lon="139.38887279480696">
        <ele>25.23</ele>
      </trkpt>
      <trkpt lat="36.123147290199995" lon="139.38867699354887">
        <ele>25.26</ele>
      </trkpt>
      <trkpt lat="36.12339028157294" lon="139.3884801864624">
        <ele>25.25</ele>
      </trkpt>
      <trkpt lat="36.12360988743603" lon="139.38831405714154">
        <ele>25.25</ele>
      </trkpt>
      <trkpt lat="36.12382957711816" lon="139.38814792782068">
        <ele>25.26</ele>
      </trkpt>
      <trkpt lat="36.124049266800284" lon="139.38798188231885">
        <ele>25.24</ele>
      </trkpt>
      <trkpt lat="36.12427004612982" lon="139.3878149986267">
        <ele>25.21</ele>
      </trkpt>
      <trkpt lat="36.12453424371779" lon="139.38763638027012">
        <ele>25.26</ele>
      </trkpt>
      <trkpt lat="36.12479852512479" lon="139.38745784573257">
        <ele>25.27</ele>
      </trkpt>
      <trkpt lat="36.1250638961792" lon="139.38727855682373">
        <ele>25.25</ele>
      </trkpt>
      <trkpt lat="36.125299762934446" lon="139.38702114857733">
        <ele>25.31</ele>
      </trkpt>
      <trkpt lat="36.12553596496582" lon="139.38676357269287">
        <ele>25.33</ele>
      </trkpt>
      <trkpt lat="36.12553604878485" lon="139.38676357269287">
        <ele>25.35</ele>
      </trkpt>
      <trkpt lat="36.12570762634277" lon="139.38655972480774">
        <ele>25.36</ele>
      </trkpt>
      <trkpt lat="36.12587937153876" lon="139.3863558769226">
        <ele>25.36</ele>
      </trkpt>
      <trkpt lat="36.12604022026062" lon="139.38611975871027">
        <ele>25.37</ele>
      </trkpt>
      <trkpt lat="36.126201152801514" lon="139.385883808136">
        <ele>25.49</ele>
      </trkpt>
      <trkpt lat="36.126344315707684" lon="139.3855759408325">
        <ele>25.58</ele>
      </trkpt>
      <trkpt lat="36.12648747861385" lon="139.385268073529">
        <ele>25.56</ele>
      </trkpt>
      <trkpt lat="36.12663064152002" lon="139.38496029004455">
        <ele>25.51</ele>
      </trkpt>
      <trkpt lat="36.12677380442619" lon="139.38465242274106">
        <ele>25.57</ele>
      </trkpt>
      <trkpt lat="36.126917051151395" lon="139.38434455543756">
        <ele>25.78</ele>
      </trkpt>
      <trkpt lat="36.12705945968628" lon="139.38403844833374">
        <ele>25.91</ele>
      </trkpt>
      <trkpt lat="36.12721502780914" lon="139.38377542421222">
        <ele>25.98</ele>
      </trkpt>
      <trkpt lat="36.12737067975104" lon="139.38351248390973">
        <ele>26.12</ele>
      </trkpt>
      <trkpt lat="36.127526331692934" lon="139.3832494597882">
        <ele>26.28</ele>
      </trkpt>
      <trkpt lat="36.127681732177734" lon="139.3829870223999">
        <ele>26.48</ele>
      </trkpt>
      <trkpt lat="36.127681815996766" lon="139.3829870223999">
        <ele>26.62</ele>
      </trkpt>
      <trkpt lat="36.12775691784918" lon="139.38279365189373">
        <ele>26.77</ele>
      </trkpt>
      <trkpt lat="36.12783193588257" lon="139.38260078430176">
        <ele>26.87</ele>
      </trkpt>
      <trkpt lat="36.12787485122681" lon="139.38234329223633">
        <ele>26.97</ele>
      </trkpt>
      <trkpt lat="36.12787049263716" lon="139.38198203220963">
        <ele>27.1</ele>
      </trkpt>
      <trkpt lat="36.12786621786654" lon="139.38162085600197">
        <ele>27.27</ele>
      </trkpt>
      <trkpt lat="36.12786194309592" lon="139.38125959597528">
        <ele>27.42</ele>
      </trkpt>
      <trkpt lat="36.127857668325305" lon="139.38089841976762">
        <ele>27.65</ele>
      </trkpt>
      <trkpt lat="36.12785347737372" lon="139.38054084777832">
        <ele>27.98</ele>
      </trkpt>
      <trkpt lat="36.12784626893699" lon="139.38021831214428">
        <ele>28.16</ele>
      </trkpt>
      <trkpt lat="36.127839060500264" lon="139.37989577651024">
        <ele>28.31</ele>
      </trkpt>
      <trkpt lat="36.12783193588257" lon="139.37957525253296">
        <ele>28.54</ele>
      </trkpt>
      <trkpt lat="36.12780326977372" lon="139.37928138300776">
        <ele>28.8</ele>
      </trkpt>
      <trkpt lat="36.127774603664875" lon="139.3789875973016">
        <ele>29.05</ele>
      </trkpt>
      <trkpt lat="36.12774610519409" lon="139.37869548797607">
        <ele>29.29</ele>
      </trkpt>
      <trkpt lat="36.12775683403015" lon="139.3783192243427">
        <ele>29.55</ele>
      </trkpt>
      <trkpt lat="36.12776756286621" lon="139.3779444694519">
        <ele>29.87</ele>
      </trkpt>
      <trkpt lat="36.12776052206755" lon="139.37778806313872">
        <ele>30.13</ele>
      </trkpt>
      <trkpt lat="36.12776018679142" lon="139.37777984887362">
        <ele>30.35</ele>
      </trkpt>
      <trkpt lat="36.12775985151529" lon="139.37777180224657">
        <ele>30.57</ele>
      </trkpt>
      <trkpt lat="36.12774803303182" lon="139.37750693410635">
        <ele>30.78</ele>
      </trkpt>
      <trkpt lat="36.12773629836738" lon="139.37724206596613">
        <ele>30.96</ele>
      </trkpt>
      <trkpt lat="36.12772464752197" lon="139.37697887420654">
        <ele>31.13</ele>
      </trkpt>
      <trkpt lat="36.127638816833496" lon="139.37676429748535">
        <ele>31.34</ele>
      </trkpt>
      <trkpt lat="36.12759841606021" lon="139.3767541553825">
        <ele>31.52</ele>
      </trkpt>
      <trkpt lat="36.12759154289961" lon="139.37675247900188">
        <ele>31.69</ele>
      </trkpt>
      <trkpt lat="36.12758475355804" lon="139.37675080262125">
        <ele>31.86</ele>
      </trkpt>
      <trkpt lat="36.127570420503616" lon="139.37649020925164">
        <ele>32.05</ele>
      </trkpt>
      <trkpt lat="36.12757000140846" lon="139.3764821626246">
        <ele>32.2</ele>
      </trkpt>
      <trkpt lat="36.1275695823133" lon="139.37647419981658">
        <ele>32.34</ele>
      </trkpt>
      <trkpt lat="36.127601601183414" lon="139.3764058034867">
        <ele>32.47</ele>
      </trkpt>
      <trkpt lat="36.12760512158275" lon="139.3763984274119">
        <ele>32.59</ele>
      </trkpt>
      <trkpt lat="36.12760864198208" lon="139.37639105133712">
        <ele>32.7</ele>
      </trkpt>
      <trkpt lat="36.12774392589927" lon="139.37664250843227">
        <ele>32.76</ele>
      </trkpt>
      <trkpt lat="36.127747781574726" lon="139.37664954923093">
        <ele>32.84</ele>
      </trkpt>
      <trkpt lat="36.127751637250185" lon="139.3766565900296">
        <ele>32.92</ele>
      </trkpt>
      <trkpt lat="36.127838641405106" lon="139.37703033909202">
        <ele>32.95</ele>
      </trkpt>
      <trkpt lat="36.12786705605686" lon="139.3771526310593">
        <ele>33.01</ele>
      </trkpt>
      <trkpt lat="36.12786898389459" lon="139.3771608453244">
        <ele>33.06</ele>
      </trkpt>
      <trkpt lat="36.127870911732316" lon="139.37716897577047">
        <ele>33.1</ele>
      </trkpt>
      <trkpt lat="36.12789446488023" lon="139.37714508734643">
        <ele>33.12</ele>
      </trkpt>
      <trkpt lat="36.12789999693632" lon="139.37713955529034">
        <ele>33.14</ele>
      </trkpt>
      <trkpt lat="36.127905528992414" lon="139.37713410705328">
        <ele>33.15</ele>
      </trkpt>
      <trkpt lat="36.12780821509659" lon="139.37676429748535">
        <ele>33.2</ele>
      </trkpt>
      <trkpt lat="36.12778407521546" lon="139.37667310237885">
        <ele>33.19</ele>
      </trkpt>
      <trkpt lat="36.127781895920634" lon="139.3766648042947">
        <ele>33.18</ele>
      </trkpt>
      <trkpt lat="36.12777980044484" lon="139.3766565900296">
        <ele>33.16</ele>
      </trkpt>
      <trkpt lat="36.12764795310795" lon="139.37637110240757">
        <ele>33.16</ele>
      </trkpt>
      <trkpt lat="36.12764451652765" lon="139.37636355869472">
        <ele>33.12</ele>
      </trkpt>
      <trkpt lat="36.127641163766384" lon="139.37635618261993">
        <ele>33.07</ele>
      </trkpt>
      <trkpt lat="36.12749649211764" lon="139.37627278268337">
        <ele>33.02</ele>
      </trkpt>
      <trkpt lat="36.12748961895704" lon="139.37626884318888">
        <ele>32.95</ele>
      </trkpt>
      <trkpt lat="36.127482913434505" lon="139.37626498751342">
        <ele>32.87</ele>
      </trkpt>
      <trkpt lat="36.1274969112128" lon="139.37605443410575">
        <ele>32.79</ele>
      </trkpt>
      <trkpt lat="36.127497497946024" lon="139.37604588456452">
        <ele>32.7</ele>
      </trkpt>
      <trkpt lat="36.127498084679246" lon="139.37603741884232">
        <ele>32.59</ele>
      </trkpt>
      <trkpt lat="36.12758466973901" lon="139.37582996673882">
        <ele>32.46</ele>
      </trkpt>
      <trkpt lat="36.12758802250028" lon="139.37582208774984">
        <ele>32.34</ele>
      </trkpt>
      <trkpt lat="36.12759129144251" lon="139.3758142925799">
        <ele>32.21</ele>
      </trkpt>
      <trkpt lat="36.12782129086554" lon="139.3759462237358">
        <ele>32.04</ele>
      </trkpt>
      <trkpt lat="36.127828331664205" lon="139.37595024704933">
        <ele>31.9</ele>
      </trkpt>
      <trkpt lat="36.1278354562819" lon="139.37595435418189">
        <ele>31.75</ele>
      </trkpt>
      <trkpt lat="36.1281496938318" lon="139.3759877141565">
        <ele>31.55</ele>
      </trkpt>
      <trkpt lat="36.1284639313817" lon="139.37602107413113">
        <ele>31.36</ele>
      </trkpt>
      <trkpt lat="36.128778252750635" lon="139.37605443410575">
        <ele>31.2</ele>
      </trkpt>
      <trkpt lat="36.128806080669165" lon="139.37605728395283">
        <ele>31.05</ele>
      </trkpt>
      <trkpt lat="36.12881362438202" lon="139.37605812214315">
        <ele>30.9</ele>
      </trkpt>
      <trkpt lat="36.12882108427584" lon="139.37605896033347">
        <ele>30.75</ele>
      </trkpt>
      <trkpt lat="36.12913532182574" lon="139.37609257176518">
        <ele>30.62</ele>
      </trkpt>
      <trkpt lat="36.129449559375644" lon="139.3761261831969">
        <ele>30.49</ele>
      </trkpt>
      <trkpt lat="36.129458444193006" lon="139.37612702138722">
        <ele>30.35</ele>
      </trkpt>
      <trkpt lat="36.12946590408683" lon="139.37612785957754">
        <ele>30.22</ele>
      </trkpt>
      <trkpt lat="36.12947344779968" lon="139.37612869776785">
        <ele>30.09</ele>
      </trkpt>
      <trkpt lat="36.12977519631386" lon="139.37624185346067">
        <ele>29.9</ele>
      </trkpt>
      <trkpt lat="36.130077028647065" lon="139.37635492533445">
        <ele>29.78</ele>
      </trkpt>
      <trkpt lat="36.13014576025307" lon="139.37638074159622">
        <ele>29.68</ele>
      </trkpt>
      <trkpt lat="36.13015313632786" lon="139.37638350762427">
        <ele>29.58</ele>
      </trkpt>
      <trkpt lat="36.130160512402654" lon="139.37638627365232">
        <ele>29.49</ele>
      </trkpt>
      <trkpt lat="36.130270482972264" lon="139.3763838429004">
        <ele>29.41</ele>
      </trkpt>
      <trkpt lat="36.130278361961246" lon="139.37638367526233">
        <ele>29.34</ele>
      </trkpt>
      <trkpt lat="36.130286157131195" lon="139.3763835914433">
        <ele>29.27</ele>
      </trkpt>
      <trkpt lat="36.13028992898762" lon="139.3763899616897">
        <ele>29.21</ele>
      </trkpt>
      <trkpt lat="36.13034994341433" lon="139.37625995837152">
        <ele>29.14</ele>
      </trkpt>
      <trkpt lat="36.130468966439366" lon="139.37589987181127">
        <ele>29.05</ele>
      </trkpt>
      <trkpt lat="36.1305879894644" lon="139.37553978525102">
        <ele>29.11</ele>
      </trkpt>
      <trkpt lat="36.130706928670406" lon="139.37517969869077">
        <ele>29.13</ele>
      </trkpt>
      <trkpt lat="36.13082595169544" lon="139.37481961213052">
        <ele>29.06</ele>
      </trkpt>
      <trkpt lat="36.13094497472048" lon="139.37445952557027">
        <ele>28.97</ele>
      </trkpt>
      <trkpt lat="36.131063997745514" lon="139.37409943901002">
        <ele>28.99</ele>
      </trkpt>
      <trkpt lat="36.13118293695152" lon="139.37373935244977">
        <ele>29.03</ele>
      </trkpt>
      <trkpt lat="36.131301959976554" lon="139.37337926588953">
        <ele>29.04</ele>
      </trkpt>
      <trkpt lat="36.13142098300159" lon="139.37301909551024">
        <ele>29.08</ele>
      </trkpt>
      <trkpt lat="36.131540006026626" lon="139.37265900895">
        <ele>29.11</ele>
      </trkpt>
      <trkpt lat="36.13165902905166" lon="139.37229892238975">
        <ele>29.1</ele>
      </trkpt>
      <trkpt lat="36.1317780520767" lon="139.3719388358295">
        <ele>29.12</ele>
      </trkpt>
      <trkpt lat="36.13189707510173" lon="139.37157874926925">
        <ele>29.17</ele>
      </trkpt>
      <trkpt lat="36.13189992494881" lon="139.37156994827092">
        <ele>29.23</ele>
      </trkpt>
      <trkpt lat="36.13187997601926" lon="139.37140993773937">
        <ele>29.29</ele>
      </trkpt>
      <trkpt lat="36.131929932162166" lon="139.37116996385157">
        <ele>29.38</ele>
      </trkpt>
      <trkpt lat="36.13208994269371" lon="139.3709699716419">
        <ele>29.52</ele>
      </trkpt>
      <trkpt lat="36.13220611587167" lon="139.3706084601581">
        <ele>29.63</ele>
      </trkpt>
      <trkpt lat="36.13232237286866" lon="139.37024694867432">
        <ele>29.71</ele>
      </trkpt>
      <trkpt lat="36.132438546046615" lon="139.36988552100956">
        <ele>29.76</ele>
      </trkpt>
      <trkpt lat="36.13255471922457" lon="139.36952400952578">
        <ele>29.84</ele>
      </trkpt>
      <trkpt lat="36.13267089240253" lon="139.369162498042">
        <ele>29.93</ele>
      </trkpt>
      <trkpt lat="36.13278706558049" lon="139.3688009865582">
        <ele>29.96</ele>
      </trkpt>
      <trkpt lat="36.13290332257748" lon="139.3684394750744">
        <ele>30.02</ele>
      </trkpt>
      <trkpt lat="36.133019495755434" lon="139.36807804740965">
        <ele>30.14</ele>
      </trkpt>
      <trkpt lat="36.13313566893339" lon="139.36771653592587">
        <ele>30.38</ele>
      </trkpt>
      <trkpt lat="36.13325192593038" lon="139.36735502444208">
        <ele>30.63</ele>
      </trkpt>
      <trkpt lat="36.13334999419749" lon="139.36704992316663">
        <ele>30.84</ele>
      </trkpt>
      <trkpt lat="36.13343741744757" lon="139.36667634174228">
        <ele>30.94</ele>
      </trkpt>
      <trkpt lat="36.133524840697646" lon="139.36630276031792">
        <ele>30.99</ele>
      </trkpt>
      <trkpt lat="36.13356993533671" lon="139.36610997654498">
        <ele>31.1</ele>
      </trkpt>
      <trkpt lat="36.13356993533671" lon="139.36609849333763">
        <ele>31.24</ele>
      </trkpt>
      <trkpt lat="36.13356993533671" lon="139.36608910560608">
        <ele>31.37</ele>
      </trkpt>
      <trkpt lat="36.13356993533671" lon="139.36607996933162">
        <ele>31.51</ele>
      </trkpt>
      <trkpt lat="36.133644534274936" lon="139.36570211313665">
        <ele>31.64</ele>
      </trkpt>
      <trkpt lat="36.13371904939413" lon="139.3653243407607">
        <ele>31.8</ele>
      </trkpt>
      <trkpt lat="36.133793564513326" lon="139.36494648456573">
        <ele>31.98</ele>
      </trkpt>
      <trkpt lat="36.13386816345155" lon="139.36456862837076">
        <ele>32.16</ele>
      </trkpt>
      <trkpt lat="36.13394267857075" lon="139.36419085599482">
        <ele>32.36</ele>
      </trkpt>
      <trkpt lat="36.134009985253215" lon="139.36384996399283">
        <ele>32.56</ele>
      </trkpt>
      <trkpt lat="36.13407854922116" lon="139.36347043141723">
        <ele>32.66</ele>
      </trkpt>
      <trkpt lat="36.13414719700813" lon="139.36309089884162">
        <ele>32.71</ele>
      </trkpt>
      <trkpt lat="36.134215760976076" lon="139.362711366266">
        <ele>32.8</ele>
      </trkpt>
      <trkpt lat="36.13428440876305" lon="139.3623318336904">
        <ele>32.98</ele>
      </trkpt>
      <trkpt lat="36.134352972730994" lon="139.3619523011148">
        <ele>33.17</ele>
      </trkpt>
      <trkpt lat="36.13442162051797" lon="139.3615727685392">
        <ele>33.31</ele>
      </trkpt>
      <trkpt lat="36.13447995856404" lon="139.36124998144805">
        <ele>33.41</ele>
      </trkpt>
      <trkpt lat="36.13453854806721" lon="139.36086785048246">
        <ele>33.56</ele>
      </trkpt>
      <trkpt lat="36.13459705375135" lon="139.3604858033359">
        <ele>33.72</ele>
      </trkpt>
      <trkpt lat="36.13465564325452" lon="139.36010367237031">
        <ele>33.84</ele>
      </trkpt>
      <trkpt lat="36.134714148938656" lon="139.35972162522376">
        <ele>33.9</ele>
      </trkpt>
      <trkpt lat="36.134772738441825" lon="139.35933949425817">
        <ele>33.96</ele>
      </trkpt>
      <trkpt lat="36.134831327944994" lon="139.3589574471116">
        <ele>34.07</ele>
      </trkpt>
      <trkpt lat="36.13488983362913" lon="139.35857539996505">
        <ele>34.08</ele>
      </trkpt>
      <trkpt lat="36.1349484231323" lon="139.35819326899946">
        <ele>34.19</ele>
      </trkpt>
      <trkpt lat="36.13500701263547" lon="139.3578112218529">
        <ele>34.51</ele>
      </trkpt>
      <trkpt lat="36.13506560213864" lon="139.3574290908873">
        <ele>34.85</ele>
      </trkpt>
      <trkpt lat="36.13508999347687" lon="139.35726991854608">
        <ele>35.03</ele>
      </trkpt>
      <trkpt lat="36.13515361212194" lon="139.356889128685">
        <ele>35.12</ele>
      </trkpt>
      <trkpt lat="36.13521723076701" lon="139.35650825500488">
        <ele>35.12</ele>
      </trkpt>
      <trkpt lat="36.135280849412084" lon="139.35612738132477">
        <ele>35.29</ele>
      </trkpt>
      <trkpt lat="36.135344468057156" lon="139.35574659146369">
        <ele>35.48</ele>
      </trkpt>
      <trkpt lat="36.13540817052126" lon="139.35536571778357">
        <ele>35.57</ele>
      </trkpt>
      <trkpt lat="36.13547178916633" lon="139.35498484410346">
        <ele>35.65</ele>
      </trkpt>
      <trkpt lat="36.1355354078114" lon="139.35460397042334">
        <ele>35.86</ele>
      </trkpt>
      <trkpt lat="36.13559911027551" lon="139.35422318056226">
        <ele>36.07</ele>
      </trkpt>
      <trkpt lat="36.13566272892058" lon="139.35384230688214">
        <ele>36.24</ele>
      </trkpt>
      <trkpt lat="36.13572634756565" lon="139.35346143320203">
        <ele>36.45</ele>
      </trkpt>
      <trkpt lat="36.135729951784015" lon="139.3534399755299">
        <ele>36.63</ele>
      </trkpt>
      <trkpt lat="36.13578845746815" lon="139.35305784456432">
        <ele>36.81</ele>
      </trkpt>
      <trkpt lat="36.13584696315229" lon="139.35267571359873">
        <ele>36.98</ele>
      </trkpt>
      <trkpt lat="36.135905385017395" lon="139.35229366645217">
        <ele>37.21</ele>
      </trkpt>
      <trkpt lat="36.13596389070153" lon="139.35191153548658">
        <ele>37.49</ele>
      </trkpt>
      <trkpt lat="36.13602239638567" lon="139.351529404521">
        <ele>37.75</ele>
      </trkpt>
      <trkpt lat="36.136029940098524" lon="139.35147995129228">
        <ele>37.95</ele>
      </trkpt>
      <trkpt lat="36.136133121326566" lon="139.35111248865724">
        <ele>38.14</ele>
      </trkpt>
      <trkpt lat="36.13618995063007" lon="139.3509099818766">
        <ele>38.3</ele>
      </trkpt>
      <trkpt lat="36.13631894811988" lon="139.35055509209633">
        <ele>38.39</ele>
      </trkpt>
      <trkpt lat="36.13644802942872" lon="139.35020028613508">
        <ele>38.54</ele>
      </trkpt>
      <trkpt lat="36.13650997169316" lon="139.35002996586263">
        <ele>38.69</ele>
      </trkpt>
      <trkpt lat="36.1366028431803" lon="139.349658312276">
        <ele>38.84</ele>
      </trkpt>
      <trkpt lat="36.13662991672754" lon="139.349549934268">
        <ele>38.98</ele>
      </trkpt>
      <trkpt lat="36.136686243116856" lon="139.34916730038822">
        <ele>39.16</ele>
      </trkpt>
      <trkpt lat="36.13674248568714" lon="139.34878475032747">
        <ele>39.4</ele>
      </trkpt>
      <trkpt lat="36.13677995279431" lon="139.34852994047105">
        <ele>39.61</ele>
      </trkpt>
      <trkpt lat="36.136808870360255" lon="139.34814269654453">
        <ele>39.73</ele>
      </trkpt>
      <trkpt lat="36.13682999275625" lon="139.34785997495055">
        <ele>39.86</ele>
      </trkpt>
      <trkpt lat="36.13682605326176" lon="139.34747113846242">
        <ele>39.96</ele>
      </trkpt>
      <trkpt lat="36.1368221975863" lon="139.3470823019743">
        <ele>40.0</ele>
      </trkpt>
      <trkpt lat="36.13681993447244" lon="139.34685993008316">
        <ele>40.1</ele>
      </trkpt>
      <trkpt lat="36.13674994558096" lon="139.34650998562574">
        <ele>40.37</ele>
      </trkpt>
      <trkpt lat="36.13671968691051" lon="139.34612290933728">
        <ele>40.66</ele>
      </trkpt>
      <trkpt lat="36.13669998943806" lon="139.34586994349957">
        <ele>40.79</ele>
      </trkpt>
      <trkpt lat="36.136681800708175" lon="139.34569777920842">
        <ele>40.89</ele>
      </trkpt>
      <trkpt lat="36.136680878698826" lon="139.345688726753">
        <ele>41.0</ele>
      </trkpt>
      <trkpt lat="36.13667995668948" lon="139.34567992575467">
        <ele>41.12</ele>
      </trkpt>
      <trkpt lat="36.13664994947612" lon="139.3454099446535">
        <ele>41.19</ele>
      </trkpt>
      <trkpt lat="36.13664994947612" lon="139.34514993801713">
        <ele>41.29</ele>
      </trkpt>
      <trkpt lat="36.13660049624741" lon="139.3447658792138">
        <ele>41.41</ele>
      </trkpt>
      <trkpt lat="36.1365510430187" lon="139.34438190422952">
        <ele>41.55</ele>
      </trkpt>
      <trkpt lat="36.13650158978999" lon="139.3439978454262">
        <ele>41.66</ele>
      </trkpt>
      <trkpt lat="36.136479964479804" lon="139.34382995590568">
        <ele>41.76</ele>
      </trkpt>
      <trkpt lat="36.136408634483814" lon="139.34345117770135">
        <ele>41.87</ele>
      </trkpt>
      <trkpt lat="36.13634996116161" lon="139.3431399576366">
        <ele>41.92</ele>
      </trkpt>
      <trkpt lat="36.13626278936863" lon="139.3427662923932">
        <ele>41.98</ele>
      </trkpt>
      <trkpt lat="36.13620998337865" lon="139.34253998100758">
        <ele>42.03</ele>
      </trkpt>
      <trkpt lat="36.13615147769451" lon="139.34215785004199">
        <ele>42.08</ele>
      </trkpt>
      <trkpt lat="36.136093055829406" lon="139.3417757190764">
        <ele>42.22</ele>
      </trkpt>
      <trkpt lat="36.13607998006046" lon="139.34168997220695">
        <ele>42.31</ele>
      </trkpt>
      <trkpt lat="36.13604737445712" lon="139.34130323119462">
        <ele>42.36</ele>
      </trkpt>
      <trkpt lat="36.13601468503475" lon="139.34091640636325">
        <ele>42.42</ele>
      </trkpt>
      <trkpt lat="36.136009991168976" lon="139.3408599961549">
        <ele>42.5</ele>
      </trkpt>
      <trkpt lat="36.136009991168976" lon="139.34047107584774">
        <ele>42.62</ele>
      </trkpt>
      <trkpt lat="36.136009991168976" lon="139.34008223935962">
        <ele>42.75</ele>
      </trkpt>
      <trkpt lat="36.136009991168976" lon="139.3396934028715">
        <ele>42.84</ele>
      </trkpt>
      <trkpt lat="36.136009991168976" lon="139.33930456638336">
        <ele>42.93</ele>
      </trkpt>
      <trkpt lat="36.136009991168976" lon="139.33903994970024">
        <ele>43.02</ele>
      </trkpt>
      <trkpt lat="36.1360171996057" lon="139.33865119703114">
        <ele>43.08</ele>
      </trkpt>
      <trkpt lat="36.13602440804243" lon="139.33826244436204">
        <ele>43.09</ele>
      </trkpt>
      <trkpt lat="36.13603170029819" lon="139.33787369169295">
        <ele>43.18</ele>
      </trkpt>
      <trkpt lat="36.13603890873492" lon="139.33748493902385">
        <ele>43.48</ele>
      </trkpt>
      <trkpt lat="36.13603999838233" lon="139.33742995373905">
        <ele>43.54</ele>
      </trkpt>
      <trkpt lat="36.136037735268474" lon="139.33704111725092">
        <ele>43.71</ele>
      </trkpt>
      <trkpt lat="36.13603555597365" lon="139.3366522807628">
        <ele>43.65</ele>
      </trkpt>
      <trkpt lat="36.136033376678824" lon="139.33626344427466">
        <ele>43.47</ele>
      </trkpt>
      <trkpt lat="36.136031197384" lon="139.33587460778654">
        <ele>43.39</ele>
      </trkpt>
      <trkpt lat="36.136029940098524" lon="139.33564997278154">
        <ele>43.38</ele>
      </trkpt>
      <trkpt lat="36.13601133227348" lon="139.33526180684566">
        <ele>43.41</ele>
      </trkpt>
      <trkpt lat="36.13599272444844" lon="139.3348736409098">
        <ele>43.42</ele>
      </trkpt>
      <trkpt lat="36.13597403280437" lon="139.33448547497392">
        <ele>43.26</ele>
      </trkpt>
      <trkpt lat="36.135969925671816" lon="139.33439997956157">
        <ele>43.21</ele>
      </trkpt>
      <trkpt lat="36.13590999506414" lon="139.334379946813">
        <ele>43.24</ele>
      </trkpt>
      <trkpt lat="36.135920556262136" lon="139.33399136178195">
        <ele>43.18</ele>
      </trkpt>
      <trkpt lat="36.13593111746013" lon="139.3336026929319">
        <ele>43.21</ele>
      </trkpt>
      <trkpt lat="36.13593991845846" lon="139.3332799896598">
        <ele>43.32</ele>
      </trkpt>
      <trkpt lat="36.13591996952891" lon="139.33304999023676">
        <ele>43.36</ele>
      </trkpt>
      <trkpt lat="36.13584595732391" lon="139.33267196640372">
        <ele>43.33</ele>
      </trkpt>
      <trkpt lat="36.135772028937936" lon="139.3322939425707">
        <ele>43.24</ele>
      </trkpt>
      <trkpt lat="36.13573992624879" lon="139.33212999254465">
        <ele>43.3</ele>
      </trkpt>
      <trkpt lat="36.13565216772258" lon="139.33175649493933">
        <ele>43.41</ele>
      </trkpt>
      <trkpt lat="36.13556440919638" lon="139.331382997334">
        <ele>43.5</ele>
      </trkpt>
      <trkpt lat="36.13547656685114" lon="139.33100949972868">
        <ele>43.64</ele>
      </trkpt>
      <trkpt lat="36.13538880832493" lon="139.33063600212336">
        <ele>43.83</ele>
      </trkpt>
      <trkpt lat="36.13530104979873" lon="139.33026250451803">
        <ele>43.94</ele>
      </trkpt>
      <trkpt lat="36.13521320745349" lon="139.3298890069127">
        <ele>44.0</ele>
      </trkpt>
      <trkpt lat="36.135189989581704" lon="139.32978993281722">
        <ele>44.14</ele>
      </trkpt>
      <trkpt lat="36.1351038236171" lon="139.32941584847867">
        <ele>44.37</ele>
      </trkpt>
      <trkpt lat="36.13501774147153" lon="139.32904184795916">
        <ele>44.59</ele>
      </trkpt>
      <trkpt lat="36.134931575506926" lon="139.32866776362062">
        <ele>44.79</ele>
      </trkpt>
      <trkpt lat="36.134869968518615" lon="139.32839996181428">
        <ele>45.05</ele>
      </trkpt>
      <trkpt lat="36.1348429787904" lon="139.32824757881463">
        <ele>45.3</ele>
      </trkpt>
      <trkpt lat="36.1348413862288" lon="139.32823844254017">
        <ele>45.53</ele>
      </trkpt>
      <trkpt lat="36.13483996130526" lon="139.32822997681797">
        <ele>45.77</ele>
      </trkpt>
      <trkpt lat="36.13478992134333" lon="139.3281399551779">
        <ele>46.04</ele>
      </trkpt>
      <trkpt lat="36.13453804515302" lon="139.32790601626039">
        <ele>46.35</ele>
      </trkpt>
      <trkpt lat="36.1345099657774" lon="139.32787994854152">
        <ele>46.6</ele>
      </trkpt>
      <trkpt lat="36.134419944137335" lon="139.32778992690146">
        <ele>46.85</ele>
      </trkpt>
      <trkpt lat="36.134249959141016" lon="139.32767995633185">
        <ele>47.09</ele>
      </trkpt>
      <trkpt lat="36.13425901159644" lon="139.32729128748178">
        <ele>47.36</ele>
      </trkpt>
      <trkpt lat="36.13425993360579" lon="139.32724996469915">
        <ele>47.6</ele>
      </trkpt>
      <trkpt lat="36.13425993360579" lon="139.32694997638464">
        <ele>47.85</ele>
      </trkpt>
      <trkpt lat="36.13420528359711" lon="139.32656700722873">
        <ele>48.08</ele>
      </trkpt>
      <trkpt lat="36.1341505497694" lon="139.32618403807282">
        <ele>48.3</ele>
      </trkpt>
      <trkpt lat="36.134119955822825" lon="139.32596996426582">
        <ele>48.49</ele>
      </trkpt>
      <trkpt lat="36.13409665413201" lon="139.32558213360608">
        <ele>48.63</ele>
      </trkpt>
      <trkpt lat="36.13408994860947" lon="139.32546998374164">
        <ele>48.79</ele>
      </trkpt>
      <trkpt lat="36.13403378985822" lon="139.32508734986186">
        <ele>48.98</ele>
      </trkpt>
      <trkpt lat="36.13397754728794" lon="139.32470471598208">
        <ele>49.15</ele>
      </trkpt>
      <trkpt lat="36.13392138853669" lon="139.3243220821023">
        <ele>49.36</ele>
      </trkpt>
      <trkpt lat="36.133879981935024" lon="139.32403994724154">
        <ele>49.52</ele>
      </trkpt>
      <trkpt lat="36.133799934759736" lon="139.32394992560148">
        <ele>49.64</ele>
      </trkpt>
      <trkpt lat="36.133654257282615" lon="139.3238680344075">
        <ele>49.68</ele>
      </trkpt>
      <trkpt lat="36.133646881207824" lon="139.32386392727494">
        <ele>49.72</ele>
      </trkpt>
      <trkpt lat="36.13363992422819" lon="139.32385998778045">
        <ele>49.75</ele>
      </trkpt>
      <trkpt lat="36.13346993923187" lon="139.32375999167562">
        <ele>49.71</ele>
      </trkpt>
      <trkpt lat="36.13333993591368" lon="139.32373995892704">
        <ele>49.68</ele>
      </trkpt>
      <trkpt lat="36.13302511163056" lon="139.3237630929798">
        <ele>49.65</ele>
      </trkpt>
      <trkpt lat="36.132710203528404" lon="139.32378622703254">
        <ele>49.56</ele>
      </trkpt>
      <trkpt lat="36.13267541863024" lon="139.3237887416035">
        <ele>49.47</ele>
      </trkpt>
      <trkpt lat="36.13266745582223" lon="139.32378941215575">
        <ele>49.37</ele>
      </trkpt>
      <trkpt lat="36.13265999592841" lon="139.32378999888897">
        <ele>49.25</ele>
      </trkpt>
      <trkpt lat="36.132652536034584" lon="139.32373845018446">
        <ele>49.12</ele>
      </trkpt>
      <trkpt lat="36.13265119493008" lon="139.32372897863388">
        <ele>48.97</ele>
      </trkpt>
      <trkpt lat="36.1326499376446" lon="139.32371992617846">
        <ele>48.81</ele>
      </trkpt>
      <trkpt lat="36.13296509720385" lon="139.3237025756389">
        <ele>48.66</ele>
      </trkpt>
      <trkpt lat="36.13328017294407" lon="139.32368522509933">
        <ele>48.46</ele>
      </trkpt>
      <trkpt lat="36.13359524868429" lon="139.3236679583788">
        <ele>48.31</ele>
      </trkpt>
      <trkpt lat="36.133723659440875" lon="139.3236608337611">
        <ele>48.11</ele>
      </trkpt>
      <trkpt lat="36.133731957525015" lon="139.32366041466594">
        <ele>47.91</ele>
      </trkpt>
      <trkpt lat="36.13373992033303" lon="139.32365999557078">
        <ele>47.71</ele>
      </trkpt>
      <trkpt lat="36.13405533134937" lon="139.32365287095308">
        <ele>47.45</ele>
      </trkpt>
      <trkpt lat="36.13437074236572" lon="139.32364583015442">
        <ele>47.07</ele>
      </trkpt>
      <trkpt lat="36.13468606956303" lon="139.32363878935575">
        <ele>46.73</ele>
      </trkpt>
      <trkpt lat="36.135001480579376" lon="139.3236317485571">
        <ele>46.42</ele>
      </trkpt>
      <trkpt lat="36.13531680777669" lon="139.32362470775843">
        <ele>46.26</ele>
      </trkpt>
      <trkpt lat="36.13552995957434" lon="139.32361993007362">
        <ele>46.15</ele>
      </trkpt>
      <trkpt lat="36.1358446162194" lon="139.32359310798347">
        <ele>46.06</ele>
      </trkpt>
      <trkpt lat="36.13615927286446" lon="139.32356636971235">
        <ele>45.95</ele>
      </trkpt>
      <trkpt lat="36.13647401332855" lon="139.3235395476222">
        <ele>45.85</ele>
      </trkpt>
      <trkpt lat="36.13678866997361" lon="139.32351272553205">
        <ele>45.81</ele>
      </trkpt>
      <trkpt lat="36.13710332661867" lon="139.3234859034419">
        <ele>45.82</ele>
      </trkpt>
      <trkpt lat="36.13741798326373" lon="139.32345908135176">
        <ele>45.78</ele>
      </trkpt>
      <trkpt lat="36.13773263990879" lon="139.3234322592616">
        <ele>45.83</ele>
      </trkpt>
      <trkpt lat="36.13775996491313" lon="139.32342999614775">
        <ele>45.85</ele>
      </trkpt>
      <trkpt lat="36.13807478919625" lon="139.32340619154274">
        <ele>45.93</ele>
      </trkpt>
      <trkpt lat="36.138389613479376" lon="139.32338247075677">
        <ele>46.08</ele>
      </trkpt>
      <trkpt lat="36.1387044377625" lon="139.3233587499708">
        <ele>46.2</ele>
      </trkpt>
      <trkpt lat="36.139019345864654" lon="139.32333502918482">
        <ele>46.3</ele>
      </trkpt>
      <trkpt lat="36.13933417014778" lon="139.32331130839884">
        <ele>46.38</ele>
      </trkpt>
      <trkpt lat="36.1396489944309" lon="139.32328758761287">
        <ele>46.47</ele>
      </trkpt>
      <trkpt lat="36.13974999636412" lon="139.32327996008098">
        <ele>46.57</ele>
      </trkpt>
      <trkpt lat="36.14006482064724" lon="139.32325749658048">
        <ele>46.65</ele>
      </trkpt>
      <trkpt lat="36.140379728749394" lon="139.323235116899">
        <ele>46.75</ele>
      </trkpt>
      <trkpt lat="36.14069463685155" lon="139.3232126533985">
        <ele>46.9</ele>
      </trkpt>
      <trkpt lat="36.141009544953704" lon="139.32319027371705">
        <ele>46.99</ele>
      </trkpt>
      <trkpt lat="36.14132445305586" lon="139.32316781021655">
        <ele>47.16</ele>
      </trkpt>
      <trkpt lat="36.14163936115801" lon="139.32314534671605">
        <ele>47.33</ele>
      </trkpt>
      <trkpt lat="36.14195426926017" lon="139.32312296703458">
        <ele>47.37</ele>
      </trkpt>
      <trkpt lat="36.14226917736232" lon="139.32310050353408">
        <ele>47.41</ele>
      </trkpt>
      <trkpt lat="36.14258408546448" lon="139.3230781238526">
        <ele>47.55</ele>
      </trkpt>
      <trkpt lat="36.1428989097476" lon="139.3230556603521">
        <ele>47.69</ele>
      </trkpt>
      <trkpt lat="36.143213817849755" lon="139.32303328067064">
        <ele>47.75</ele>
      </trkpt>
      <trkpt lat="36.1432599183172" lon="139.32302992790937">
        <ele>47.83</ele>
      </trkpt>
      <trkpt lat="36.14357457496226" lon="139.32300260290504">
        <ele>47.92</ele>
      </trkpt>
      <trkpt lat="36.1437036562711" lon="139.32299128733575">
        <ele>48.0</ele>
      </trkpt>
      <trkpt lat="36.14371187053621" lon="139.3229906167835">
        <ele>48.08</ele>
      </trkpt>
      <trkpt lat="36.14371991716325" lon="139.32298994623125">
        <ele>48.16</ele>
      </trkpt>
      <trkpt lat="36.14373994991183" lon="139.32298994623125">
        <ele>48.23</ele>
      </trkpt>
      <trkpt lat="36.14370994269848" lon="139.3228899501264">
        <ele>48.29</ele>
      </trkpt>
      <trkpt lat="36.143619921058416" lon="139.32274997234344">
        <ele>48.35</ele>
      </trkpt>
      <trkpt lat="36.14336997270584" lon="139.32253992184997">
        <ele>48.36</ele>
      </trkpt>
      <trkpt lat="36.14327517338097" lon="139.32248309254646">
        <ele>48.42</ele>
      </trkpt>
      <trkpt lat="36.143269976601005" lon="139.3224799912423">
        <ele>48.48</ele>
      </trkpt>
      <trkpt lat="36.14326762966812" lon="139.3224799912423">
        <ele>48.54</ele>
      </trkpt>
      <trkpt lat="36.1432599183172" lon="139.3224799912423">
        <ele>48.59</ele>
      </trkpt>
      <trkpt lat="36.143189929425716" lon="139.32249994017184">
        <ele>48.66</ele>
      </trkpt>
      <trkpt lat="36.14312999881804" lon="139.3225899618119">
        <ele>48.75</ele>
      </trkpt>
      <trkpt lat="36.14310996606946" lon="139.3226399179548">
        <ele>48.81</ele>
      </trkpt>
      <trkpt lat="36.142806708812714" lon="139.32253296487033">
        <ele>48.89</ele>
      </trkpt>
      <trkpt lat="36.14276999607682" lon="139.32251997292042">
        <ele>48.95</ele>
      </trkpt>
      <trkpt lat="36.14260998554528" lon="139.32241997681558">
        <ele>49.01</ele>
      </trkpt>
      <trkpt lat="36.1424826644361" lon="139.32230179198086">
        <ele>49.07</ele>
      </trkpt>
      <trkpt lat="36.14247612655163" lon="139.32229575701058">
        <ele>49.11</ele>
      </trkpt>
      <trkpt lat="36.14248392172158" lon="139.32228527963161">
        <ele>49.15</ele>
      </trkpt>
      <trkpt lat="36.14229440689087" lon="139.32206869125366">
        <ele>49.18</ele>
      </trkpt>
      <trkpt lat="36.14220840856433" lon="139.3218753207475">
        <ele>49.17</ele>
      </trkpt>
      <trkpt lat="36.142122745513916" lon="139.32168245315552">
        <ele>49.17</ele>
      </trkpt>
      <trkpt lat="36.14206541329622" lon="139.32134566828609">
        <ele>49.21</ele>
      </trkpt>
      <trkpt lat="36.14200808107853" lon="139.32100888341665">
        <ele>49.29</ele>
      </trkpt>
      <trkpt lat="36.141951167955995" lon="139.32067394256592">
        <ele>49.33</ele>
      </trkpt>
      <trkpt lat="36.14186198450625" lon="139.3203810788691">
        <ele>49.31</ele>
      </trkpt>
      <trkpt lat="36.141772801056504" lon="139.32008829899132">
        <ele>49.29</ele>
      </trkpt>
      <trkpt lat="36.141686802729964" lon="139.3198057450354">
        <ele>49.32</ele>
      </trkpt>
      <trkpt lat="36.14168412052095" lon="139.31979677639902">
        <ele>49.37</ele>
      </trkpt>
      <trkpt lat="36.141650676727295" lon="139.31968688964844">
        <ele>49.43</ele>
      </trkpt>
      <trkpt lat="36.1415003053844" lon="139.31936468929052">
        <ele>49.57</ele>
      </trkpt>
      <trkpt lat="36.14135026931763" lon="139.31904315948486">
        <ele>49.69</ele>
      </trkpt>
      <trkpt lat="36.1411892529577" lon="139.31878549978137">
        <ele>49.76</ele>
      </trkpt>
      <trkpt lat="36.14102840423584" lon="139.318528175354">
        <ele>49.79</ele>
      </trkpt>
      <trkpt lat="36.14082464016974" lon="139.31833514012396">
        <ele>49.84</ele>
      </trkpt>
      <trkpt lat="36.140620708465576" lon="139.31814193725586">
        <ele>49.85</ele>
      </trkpt>
      <trkpt lat="36.14047050476074" lon="139.31794160977006">
        <ele>49.83</ele>
      </trkpt>
      <trkpt lat="36.14032030105591" lon="139.3177413661033">
        <ele>49.84</ele>
      </trkpt>
      <trkpt lat="36.140170097351074" lon="139.31754112243652">
        <ele>49.92</ele>
      </trkpt>
      <trkpt lat="36.14003053866327" lon="139.3172941915691">
        <ele>50.04</ele>
      </trkpt>
      <trkpt lat="36.139891147613525" lon="139.31704759597778">
        <ele>50.13</ele>
      </trkpt>
      <trkpt lat="36.13981990143657" lon="139.31686671450734">
        <ele>50.21</ele>
      </trkpt>
      <trkpt lat="36.13975225947797" lon="139.31669522076845">
        <ele>50.28</ele>
      </trkpt>
      <trkpt lat="36.13974882289767" lon="139.31668641977012">
        <ele>50.32</ele>
      </trkpt>
      <trkpt lat="36.13973993808031" lon="139.31668994016945">
        <ele>50.36</ele>
      </trkpt>
      <trkpt lat="36.13959954120219" lon="139.3163417559117">
        <ele>50.38</ele>
      </trkpt>
      <trkpt lat="36.139489989727736" lon="139.31606993079185">
        <ele>50.38</ele>
      </trkpt>
      <trkpt lat="36.13942997530103" lon="139.31569995358586">
        <ele>50.42</ele>
      </trkpt>
      <trkpt lat="36.13939938135445" lon="139.3153128772974">
        <ele>50.46</ele>
      </trkpt>
      <trkpt lat="36.13936996087432" lon="139.3149399664253">
        <ele>50.41</ele>
      </trkpt>
      <trkpt lat="36.13934758119285" lon="139.31455205194652">
        <ele>50.4</ele>
      </trkpt>
      <trkpt lat="36.139325285330415" lon="139.31416413746774">
        <ele>50.42</ele>
      </trkpt>
      <trkpt lat="36.13930290564895" lon="139.313776306808">
        <ele>50.47</ele>
      </trkpt>
      <trkpt lat="36.13928052596748" lon="139.31338839232922">
        <ele>50.49</ele>
      </trkpt>
      <trkpt lat="36.13925823010504" lon="139.31300047785044">
        <ele>50.51</ele>
      </trkpt>
      <trkpt lat="36.139235850423574" lon="139.3126126471907">
        <ele>50.46</ele>
      </trkpt>
      <trkpt lat="36.13921355456114" lon="139.3122247327119">
        <ele>50.39</ele>
      </trkpt>
      <trkpt lat="36.13919117487967" lon="139.31183681823313">
        <ele>50.35</ele>
      </trkpt>
      <trkpt lat="36.139168879017234" lon="139.31144890375435">
        <ele>50.29</ele>
      </trkpt>
      <trkpt lat="36.139146499335766" lon="139.3110610730946">
        <ele>50.23</ele>
      </trkpt>
      <trkpt lat="36.13912420347333" lon="139.31067315861583">
        <ele>50.23</ele>
      </trkpt>
      <trkpt lat="36.13911992870271" lon="139.31059998460114">
        <ele>50.19</ele>
      </trkpt>
      <trkpt lat="36.139133255928755" lon="139.3102113995701">
        <ele>50.17</ele>
      </trkpt>
      <trkpt lat="36.139146499335766" lon="139.3098228983581">
        <ele>50.14</ele>
      </trkpt>
      <trkpt lat="36.13915982656181" lon="139.3094343971461">
        <ele>50.2</ele>
      </trkpt>
      <trkpt lat="36.13915999419987" lon="139.30942995473742">
        <ele>50.15</ele>
      </trkpt>
      <trkpt lat="36.13918664865196" lon="139.3090424593538">
        <ele>50.04</ele>
      </trkpt>
      <trkpt lat="36.139199975878" lon="139.30884992703795">
        <ele>49.94</ele>
      </trkpt>
      <trkpt lat="36.139189917594194" lon="139.30853996425867">
        <ele>49.82</ele>
      </trkpt>
      <trkpt lat="36.1392242833972" lon="139.3081533908844">
        <ele>49.77</ele>
      </trkpt>
      <trkpt lat="36.139229983091354" lon="139.3080899398774">
        <ele>49.73</ele>
      </trkpt>
      <trkpt lat="36.139294942840934" lon="139.3077094014734">
        <ele>49.71</ele>
      </trkpt>
      <trkpt lat="36.13935990259051" lon="139.30732886306942">
        <ele>49.71</ele>
      </trkpt>
      <trkpt lat="36.13936996087432" lon="139.30726993829012">
        <ele>49.69</ele>
      </trkpt>
      <trkpt lat="36.1394399497658" lon="139.30702996440232">
        <ele>49.66</ele>
      </trkpt>
      <trkpt lat="36.13949468359351" lon="139.3069477379322">
        <ele>49.64</ele>
      </trkpt>
      <trkpt lat="36.13949996419251" lon="139.30693994276226">
        <ele>49.62</ele>
      </trkpt>
      <trkpt lat="36.139579927548766" lon="139.3067999649793">
        <ele>49.62</ele>
      </trkpt>
      <trkpt lat="36.139639941975474" lon="139.30662997998297">
        <ele>49.62</ele>
      </trkpt>
      <trkpt lat="36.13971873186529" lon="139.30625338107347">
        <ele>49.66</ele>
      </trkpt>
      <trkpt lat="36.13972996361554" lon="139.30619998835027">
        <ele>49.68</ele>
      </trkpt>
      <trkpt lat="36.13982995972037" lon="139.30595993064344">
        <ele>49.67</ele>
      </trkpt>
      <trkpt lat="36.140049397945404" lon="139.30568064562976">
        <ele>49.63</ele>
      </trkpt>
      <trkpt lat="36.140049984678626" lon="139.3056799750775">
        <ele>49.66</ele>
      </trkpt>
      <trkpt lat="36.14013992249966" lon="139.3059199489653">
        <ele>49.71</ele>
      </trkpt>
      <trkpt lat="36.14037218503654" lon="139.3061831407249">
        <ele>49.78</ele>
      </trkpt>
      <trkpt lat="36.1404399946332" lon="139.30625991895795">
        <ele>49.84</ele>
      </trkpt>
      <trkpt lat="36.14054552279413" lon="139.30605825036764">
        <ele>49.89</ele>
      </trkpt>
      <trkpt lat="36.14054996520281" lon="139.3060499522835">
        <ele>49.96</ele>
      </trkpt>
      <trkpt lat="36.140669994056225" lon="139.3059199489653">
        <ele>50.06</ele>
      </trkpt>
      <trkpt lat="36.1408699862659" lon="139.3057999201119">
        <ele>50.17</ele>
      </trkpt>
      <trkpt lat="36.14103997126222" lon="139.30562993511558">
        <ele>50.26</ele>
      </trkpt>
      <trkpt lat="36.14125999622047" lon="139.30549993179739">
        <ele>50.4</ele>
      </trkpt>
      <trkpt lat="36.14132998511195" lon="139.305239925161">
        <ele>50.47</ele>
      </trkpt>
      <trkpt lat="36.14136996679008" lon="139.30492996238172">
        <ele>50.55</ele>
      </trkpt>
      <trkpt lat="36.141342809423804" lon="139.30454255081713">
        <ele>50.63</ele>
      </trkpt>
      <trkpt lat="36.14132998511195" lon="139.30435999296606">
        <ele>50.75</ele>
      </trkpt>
      <trkpt lat="36.14123619161546" lon="139.30398867465556">
        <ele>50.96</ele>
      </trkpt>
      <trkpt lat="36.14114239811897" lon="139.30361735634506">
        <ele>51.12</ele>
      </trkpt>
      <trkpt lat="36.14108992740512" lon="139.3034099880606">
        <ele>51.22</ele>
      </trkpt>
      <trkpt lat="36.14108506590128" lon="139.30302115157247">
        <ele>51.3</ele>
      </trkpt>
      <trkpt lat="36.14108012057841" lon="139.30263231508434">
        <ele>51.46</ele>
      </trkpt>
      <trkpt lat="36.141079952940345" lon="139.30261999368668">
        <ele>51.65</ele>
      </trkpt>
      <trkpt lat="36.1410441622138" lon="139.30223358795047">
        <ele>51.85</ele>
      </trkpt>
      <trkpt lat="36.14102999679744" lon="139.30207994766533">
        <ele>52.06</ele>
      </trkpt>
      <trkpt lat="36.14094299264252" lon="139.30170611478388">
        <ele>52.28</ele>
      </trkpt>
      <trkpt lat="36.1409320961684" lon="139.30165959522128">
        <ele>52.52</ele>
      </trkpt>
      <trkpt lat="36.140929916873574" lon="139.30164995603263">
        <ele>52.76</ele>
      </trkpt>
      <trkpt lat="36.140804858878255" lon="139.30129297077656">
        <ele>53.07</ele>
      </trkpt>
      <trkpt lat="36.140679800882936" lon="139.30093598552048">
        <ele>53.37</ele>
      </trkpt>
      <trkpt lat="36.140554659068584" lon="139.3005790002644">
        <ele>53.7</ele>
      </trkpt>
      <trkpt lat="36.140519957989454" lon="139.30047992616892">
        <ele>54.01</ele>
      </trkpt>
      <trkpt lat="36.14038048312068" lon="139.30013115517795">
        <ele>54.34</ele>
      </trkpt>
      <trkpt lat="36.14037998020649" lon="139.3001299817115">
        <ele>54.64</ele>
      </trkpt>
      <trkpt lat="36.140304459258914" lon="139.29975237697363">
        <ele>54.93</ele>
      </trkpt>
      <trkpt lat="36.14022893831134" lon="139.29937485605478">
        <ele>55.17</ele>
      </trkpt>
      <trkpt lat="36.14016992971301" lon="139.2990799807012">
        <ele>55.49</ele>
      </trkpt>
      <trkpt lat="36.14011569879949" lon="139.29869684390724">
        <ele>55.86</ele>
      </trkpt>
      <trkpt lat="36.14006146788597" lon="139.2983137909323">
        <ele>56.21</ele>
      </trkpt>
      <trkpt lat="36.140009919181466" lon="139.29794993251562">
        <ele>56.5</ele>
      </trkpt>
      <trkpt lat="36.13998611457646" lon="139.2975621856749">
        <ele>56.82</ele>
      </trkpt>
      <trkpt lat="36.13996993750334" lon="139.2972999997437">
        <ele>57.15</ele>
      </trkpt>
      <trkpt lat="36.13996524363756" lon="139.29691116325557">
        <ele>57.5</ele>
      </trkpt>
      <trkpt lat="36.139960549771786" lon="139.29652232676744">
        <ele>57.81</ele>
      </trkpt>
      <trkpt lat="36.139959963038564" lon="139.29646993987262">
        <ele>58.11</ele>
      </trkpt>
      <trkpt lat="36.13998997025192" lon="139.29620993323624">
        <ele>58.39</ele>
      </trkpt>
      <trkpt lat="36.140009919181466" lon="139.2959999665618">
        <ele>58.67</ele>
      </trkpt>
      <trkpt lat="36.14027160219848" lon="139.29588362574577">
        <ele>58.98</ele>
      </trkpt>
      <trkpt lat="36.14027998410165" lon="139.29587993770838">
        <ele>59.21</ele>
      </trkpt>
      <trkpt lat="36.14027495495975" lon="139.2958633415401">
        <ele>59.43</ele>
      </trkpt>
      <trkpt lat="36.14044904708862" lon="139.29578304290771">
        <ele>59.64</ele>
      </trkpt>
      <trkpt lat="36.14064183086157" lon="139.29569729603827">
        <ele>59.77</ele>
      </trkpt>
      <trkpt lat="36.1408353690058" lon="139.29561138153076">
        <ele>59.92</ele>
      </trkpt>
      <trkpt lat="36.14072791300714" lon="139.295321283862">
        <ele>60.13</ele>
      </trkpt>
      <trkpt lat="36.14062079228461" lon="139.29503202438354">
        <ele>60.32</ele>
      </trkpt>
      <trkpt lat="36.14049204625189" lon="139.29483890533447">
        <ele>60.43</ele>
      </trkpt>
      <trkpt lat="36.14044896326959" lon="139.29462390951812">
        <ele>60.48</ele>
      </trkpt>
      <trkpt lat="36.140406131744385" lon="139.2944097518921">
        <ele>60.51</ele>
      </trkpt>
      <trkpt lat="36.140384590253234" lon="139.29408721625805">
        <ele>60.55</ele>
      </trkpt>
      <trkpt lat="36.140363132581115" lon="139.293764680624">
        <ele>60.57</ele>
      </trkpt>
      <trkpt lat="36.14034175872803" lon="139.29344415664673">
        <ele>60.53</ele>
      </trkpt>
      <trkpt lat="36.14010622724891" lon="139.29346553049982">
        <ele>60.52</ele>
      </trkpt>
      <trkpt lat="36.139869689941406" lon="139.29348707199097">
        <ele>60.49</ele>
      </trkpt>
      <trkpt lat="36.13977053202689" lon="139.29345396347344">
        <ele>60.43</ele>
      </trkpt>
      <trkpt lat="36.13976231776178" lon="139.29345128126442">
        <ele>60.38</ele>
      </trkpt>
      <trkpt lat="36.13954782485962" lon="139.29337978363037">
        <ele>60.26</ele>
      </trkpt>
      <trkpt lat="36.13925663754344" lon="139.29336553439498">
        <ele>60.12</ele>
      </trkpt>
      <trkpt lat="36.13897316157818" lon="139.29335170425475">
        <ele>60.02</ele>
      </trkpt>
      <trkpt lat="36.13896410912275" lon="139.2933512851596">
        <ele>59.95</ele>
      </trkpt>
      <trkpt lat="36.138668060302734" lon="139.29333686828613">
        <ele>59.86</ele>
      </trkpt>
      <trkpt lat="36.13868239335716" lon="139.29306278005242">
        <ele>59.83</ele>
      </trkpt>
      <trkpt lat="36.13869622349739" lon="139.29279967211187">
        <ele>59.77</ele>
      </trkpt>
      <trkpt lat="36.13869681023061" lon="139.29278986528516">
        <ele>59.68</ele>
      </trkpt>
      <trkpt lat="36.13871097564697" lon="139.2925214767456">
        <ele>59.61</ele>
      </trkpt>
      <trkpt lat="36.13871097564697" lon="139.2923927307129">
        <ele>59.52</ele>
      </trkpt>
      <trkpt lat="36.138725308701396" lon="139.29208452813327">
        <ele>59.36</ele>
      </trkpt>
      <trkpt lat="36.13873964175582" lon="139.29177632555366">
        <ele>59.24</ele>
      </trkpt>
      <trkpt lat="36.13875389099121" lon="139.29147005081177">
        <ele>59.2</ele>
      </trkpt>
      <trkpt lat="36.138768224045634" lon="139.29115463979542">
        <ele>59.18</ele>
      </trkpt>
      <trkpt lat="36.13878255710006" lon="139.2908393125981">
        <ele>59.16</ele>
      </trkpt>
      <trkpt lat="36.13879689015448" lon="139.29052591323853">
        <ele>59.13</ele>
      </trkpt>
      <trkpt lat="36.138625564053655" lon="139.29051518440247">
        <ele>59.0</ele>
      </trkpt>
      <trkpt lat="36.13845348358154" lon="139.2905044555664">
        <ele>58.86</ele>
      </trkpt>
      <trkpt lat="36.13834619522095" lon="139.2903757095337">
        <ele>58.74</ele>
      </trkpt>
      <trkpt lat="36.1383072193712" lon="139.29007085971534">
        <ele>58.61</ele>
      </trkpt>
      <trkpt lat="36.138306045904756" lon="139.2900612205267">
        <ele>58.54</ele>
      </trkpt>
      <trkpt lat="36.138261621817946" lon="139.28971353918314">
        <ele>58.41</ele>
      </trkpt>
      <trkpt lat="36.13821744918823" lon="139.2893671989441">
        <ele>58.37</ele>
      </trkpt>
      <trkpt lat="36.13827117718756" lon="139.28900166414678">
        <ele>58.38</ele>
      </trkpt>
      <trkpt lat="36.13832482136786" lon="139.28863763809204">
        <ele>58.33</ele>
      </trkpt>
      <trkpt lat="36.13835700787604" lon="139.28840110078454">
        <ele>58.28</ele>
      </trkpt>
      <trkpt lat="36.138389110565186" lon="139.28816556930542">
        <ele>58.19</ele>
      </trkpt>
      <trkpt lat="36.138475108891726" lon="139.28781093098223">
        <ele>58.2</ele>
      </trkpt>
      <trkpt lat="36.13856085576117" lon="139.2874574661255">
        <ele>58.21</ele>
      </trkpt>
      <trkpt lat="36.138625144958496" lon="139.28722143173218">
        <ele>58.2</ele>
      </trkpt>
      <trkpt lat="36.13862522877753" lon="139.28722143173218">
        <ele>58.16</ele>
      </trkpt>
      <trkpt lat="36.138700330629945" lon="139.28693125024438">
        <ele>58.12</ele>
      </trkpt>
      <trkpt lat="36.13877534866333" lon="139.28664207458496">
        <ele>58.07</ele>
      </trkpt>
      <trkpt lat="36.13878968171775" lon="139.28627653978765">
        <ele>58.03</ele>
      </trkpt>
      <trkpt lat="36.13880401477218" lon="139.28591100499034">
        <ele>57.96</ele>
      </trkpt>
      <trkpt lat="36.1388183478266" lon="139.28554773330688">
        <ele>57.91</ele>
      </trkpt>
      <trkpt lat="36.13879689015448" lon="139.285569190979">
        <ele>57.87</ele>
      </trkpt>
      <trkpt lat="36.13871097564697" lon="139.28561210632324">
        <ele>57.82</ele>
      </trkpt>
      <trkpt lat="36.138646602630615" lon="139.28529024124146">
        <ele>57.76</ele>
      </trkpt>
      <trkpt lat="36.138668060302734" lon="139.2850752454251">
        <ele>57.73</ele>
      </trkpt>
      <trkpt lat="36.13868951797485" lon="139.28486108779907">
        <ele>57.73</ele>
      </trkpt>
      <trkpt lat="36.13866311497986" lon="139.28473209030926">
        <ele>57.71</ele>
      </trkpt>
      <trkpt lat="36.1386611033231" lon="139.28472219966352">
        <ele>57.7</ele>
      </trkpt>
      <trkpt lat="36.138606034219265" lon="139.28445330820978">
        <ele>57.69</ele>
      </trkpt>
      <trkpt lat="36.13855104893446" lon="139.28418441675603">
        <ele>57.68</ele>
      </trkpt>
      <trkpt lat="36.13849639892578" lon="139.28391695022583">
        <ele>57.66</ele>
      </trkpt>
      <trkpt lat="36.13847494125366" lon="139.28372383117676">
        <ele>57.67</ele>
      </trkpt>
      <trkpt lat="36.13842213526368" lon="139.28345602937043">
        <ele>57.7</ele>
      </trkpt>
      <trkpt lat="36.138420291244984" lon="139.28344630636275">
        <ele>57.7</ele>
      </trkpt>
      <trkpt lat="36.13842020742595" lon="139.28344630636275">
        <ele>57.69</ele>
      </trkpt>
      <trkpt lat="36.13835449330509" lon="139.28311287425458">
        <ele>57.71</ele>
      </trkpt>
      <trkpt lat="36.13828877918422" lon="139.28277952596545">
        <ele>57.66</ele>
      </trkpt>
      <trkpt lat="36.13822314888239" lon="139.28244617767632">
        <ele>57.59</ele>
      </trkpt>
      <trkpt lat="36.138157434761524" lon="139.2821128293872">
        <ele>57.56</ele>
      </trkpt>
      <trkpt lat="36.13809180445969" lon="139.28177948109806">
        <ele>57.57</ele>
      </trkpt>
      <trkpt lat="36.138026090338826" lon="139.28144613280892">
        <ele>57.59</ele>
      </trkpt>
      <trkpt lat="36.13796037621796" lon="139.2811127845198">
        <ele>57.6</ele>
      </trkpt>
      <trkpt lat="36.13789566792548" lon="139.28078413009644">
        <ele>57.62</ele>
      </trkpt>
      <trkpt lat="36.137895584106445" lon="139.28078413009644">
        <ele>57.61</ele>
      </trkpt>
      <trkpt lat="36.137839341536164" lon="139.2804925236851">
        <ele>57.65</ele>
      </trkpt>
      <trkpt lat="36.13778309896588" lon="139.28020091727376">
        <ele>57.64</ele>
      </trkpt>
      <trkpt lat="36.1377268563956" lon="139.27990931086242">
        <ele>57.64</ele>
      </trkpt>
      <trkpt lat="36.13767296075821" lon="139.2796296067536">
        <ele>57.64</ele>
      </trkpt>
      <trkpt lat="36.13767111673951" lon="139.27961979992688">
        <ele>57.61</ele>
      </trkpt>
      <trkpt lat="36.13757179118693" lon="139.2792506609112">
        <ele>57.58</ele>
      </trkpt>
      <trkpt lat="36.13752233795822" lon="139.27906684577465">
        <ele>57.54</ele>
      </trkpt>
      <trkpt lat="36.13751973956823" lon="139.2790569551289">
        <ele>57.49</ele>
      </trkpt>
      <trkpt lat="36.13722528330982" lon="139.27919626235962">
        <ele>57.46</ele>
      </trkpt>
      <trkpt lat="36.13714230246842" lon="139.27923548966646">
        <ele>57.41</ele>
      </trkpt>
      <trkpt lat="36.13713400438428" lon="139.27923942916095">
        <ele>57.36</ele>
      </trkpt>
      <trkpt lat="36.136852875351906" lon="139.27930690348148">
        <ele>57.32</ele>
      </trkpt>
      <trkpt lat="36.136843571439385" lon="139.27930916659534">
        <ele>57.26</ele>
      </trkpt>
      <trkpt lat="36.136529333889484" lon="139.27934227511287">
        <ele>57.16</ele>
      </trkpt>
      <trkpt lat="36.13644517958164" lon="139.2793510761112">
        <ele>57.1</ele>
      </trkpt>
      <trkpt lat="36.13643612712622" lon="139.27935208193958">
        <ele>57.05</ele>
      </trkpt>
      <trkpt lat="36.13612197339535" lon="139.2793177999556">
        <ele>56.99</ele>
      </trkpt>
      <trkpt lat="36.13600320182741" lon="139.27930472418666">
        <ele>56.94</ele>
      </trkpt>
      <trkpt lat="36.13599406555295" lon="139.2793038021773">
        <ele>56.9</ele>
      </trkpt>
      <trkpt lat="36.1356804985553" lon="139.27926138974726">
        <ele>56.76</ele>
      </trkpt>
      <trkpt lat="36.135487630963326" lon="139.2792353220284">
        <ele>56.62</ele>
      </trkpt>
      <trkpt lat="36.13547824323177" lon="139.27923406474292">
        <ele>56.61</ele>
      </trkpt>
      <trkpt lat="36.13516400568187" lon="139.27920104004443">
        <ele>56.38</ele>
      </trkpt>
      <trkpt lat="36.13484968431294" lon="139.27916801534593">
        <ele>56.33</ele>
      </trkpt>
      <trkpt lat="36.13453536294401" lon="139.27913507446647">
        <ele>56.49</ele>
      </trkpt>
      <trkpt lat="36.134221125394106" lon="139.27910204976797">
        <ele>56.72</ele>
      </trkpt>
      <trkpt lat="36.13390680402517" lon="139.27906902506948">
        <ele>56.95</ele>
      </trkpt>
      <trkpt lat="36.133801359683275" lon="139.27905787713826">
        <ele>57.11</ele>
      </trkpt>
      <trkpt lat="36.13379213958979" lon="139.2790569551289">
        <ele>57.24</ele>
      </trkpt>
      <trkpt lat="36.13347723148763" lon="139.27903541363776">
        <ele>57.43</ele>
      </trkpt>
      <trkpt lat="36.133162239566445" lon="139.2790138721466">
        <ele>57.59</ele>
      </trkpt>
      <trkpt lat="36.13293902948499" lon="139.2789985332638">
        <ele>57.79</ele>
      </trkpt>
      <trkpt lat="36.1329295579344" lon="139.27899794653058">
        <ele>57.96</ele>
      </trkpt>
      <trkpt lat="36.13261423073709" lon="139.27898755297065">
        <ele>58.21</ele>
      </trkpt>
      <trkpt lat="36.13229898735881" lon="139.27897715941072">
        <ele>58.46</ele>
      </trkpt>
      <trkpt lat="36.13228842616081" lon="139.27897674031556">
        <ele>58.65</ele>
      </trkpt>
      <trkpt lat="36.13227937370539" lon="139.27897648885846">
        <ele>58.85</ele>
      </trkpt>
      <trkpt lat="36.13223545253277" lon="139.2785915080458">
        <ele>59.0</ele>
      </trkpt>
      <trkpt lat="36.13219153136015" lon="139.2782064434141">
        <ele>59.13</ele>
      </trkpt>
      <trkpt lat="36.13214761018753" lon="139.2778213787824">
        <ele>59.34</ele>
      </trkpt>
      <trkpt lat="36.13210368901491" lon="139.2774363141507">
        <ele>59.58</ele>
      </trkpt>
      <trkpt lat="36.13205976784229" lon="139.27705133333802">
        <ele>59.84</ele>
      </trkpt>
      <trkpt lat="36.132015930488706" lon="139.27666626870632">
        <ele>60.14</ele>
      </trkpt>
      <trkpt lat="36.13197200931609" lon="139.27628120407462">
        <ele>60.32</ele>
      </trkpt>
      <trkpt lat="36.13192808814347" lon="139.27589613944292">
        <ele>60.5</ele>
      </trkpt>
      <trkpt lat="36.13192079588771" lon="139.27583277225494">
        <ele>60.68</ele>
      </trkpt>
      <trkpt lat="36.131919622421265" lon="139.27582187578082">
        <ele>60.83</ele>
      </trkpt>
      <trkpt lat="36.13223218359053" lon="139.27576990798116">
        <ele>60.95</ele>
      </trkpt>
      <trkpt lat="36.132490849122405" lon="139.2757269088179">
        <ele>61.05</ele>
      </trkpt>
      <trkpt lat="36.13250048831105" lon="139.27572531625628">
        <ele>61.17</ele>
      </trkpt>
      <trkpt lat="36.13256519660354" lon="139.27610585466027">
        <ele>61.26</ele>
      </trkpt>
      <trkpt lat="36.13261993043125" lon="139.2764283902943">
        <ele>61.4</ele>
      </trkpt>
      <trkpt lat="36.132621774449944" lon="139.27643886767328">
        <ele>61.49</ele>
      </trkpt>
      <trkpt lat="36.1329366825521" lon="139.27641548216343">
        <ele>61.51</ele>
      </trkpt>
      <trkpt lat="36.13304581493139" lon="139.27640735171735">
        <ele>61.53</ele>
      </trkpt>
      <trkpt lat="36.13305528648198" lon="139.2764066811651">
        <ele>61.59</ele>
      </trkpt>
      <trkpt lat="36.13303114660084" lon="139.27679434418678">
        <ele>61.68</ele>
      </trkpt>
      <trkpt lat="36.13300709053874" lon="139.2771820910275">
        <ele>61.76</ele>
      </trkpt>
      <trkpt lat="36.13299963064492" lon="139.27730220369995">
        <ele>61.8</ele>
      </trkpt>
      <trkpt lat="36.132998960092664" lon="139.27731335163116">
        <ele>61.83</ele>
      </trkpt>
      <trkpt lat="36.13268815912306" lon="139.27738015539944">
        <ele>61.91</ele>
      </trkpt>
      <trkpt lat="36.132377441972494" lon="139.27744695916772">
        <ele>61.88</ele>
      </trkpt>
      <trkpt lat="36.132184909656644" lon="139.27748828195035">
        <ele>61.8</ele>
      </trkpt>
      <trkpt lat="36.13217535428703" lon="139.27749037742615">
        <ele>61.79</ele>
      </trkpt>
      <trkpt lat="36.132214330136776" lon="139.27787628024817">
        <ele>61.75</ele>
      </trkpt>
      <trkpt lat="36.132253305986524" lon="139.27826209925115">
        <ele>61.72</ele>
      </trkpt>
      <trkpt lat="36.13229228183627" lon="139.27864800207317">
        <ele>61.79</ele>
      </trkpt>
      <trkpt lat="36.13231290131807" lon="139.27885277196765">
        <ele>61.81</ele>
      </trkpt>
      <trkpt lat="36.13231407478452" lon="139.27886383607984">
        <ele>61.79</ele>
      </trkpt>
      <trkpt lat="36.13202691078186" lon="139.2790246848017">
        <ele>61.79</ele>
      </trkpt>
      <trkpt lat="36.13195859827101" lon="139.27906290628016">
        <ele>61.76</ele>
      </trkpt>
      <trkpt lat="36.131949964910746" lon="139.279067767784">
        <ele>61.73</ele>
      </trkpt>
      <trkpt lat="36.131947534158826" lon="139.2794565204531">
        <ele>61.69</ele>
      </trkpt>
      <trkpt lat="36.13194518722594" lon="139.27984535694122">
        <ele>61.7</ele>
      </trkpt>
      <trkpt lat="36.1319435108453" lon="139.28010779432952">
        <ele>61.69</ele>
      </trkpt>
      <trkpt lat="36.1319435108453" lon="139.28011894226074">
        <ele>61.64</ele>
      </trkpt>
      <trkpt lat="36.13225892186165" lon="139.2801264859736">
        <ele>61.52</ele>
      </trkpt>
      <trkpt lat="36.13257424905896" lon="139.28013411350548">
        <ele>61.37</ele>
      </trkpt>
      <trkpt lat="36.132616493850946" lon="139.28013511933386">
        <ele>61.28</ele>
      </trkpt>
      <trkpt lat="36.132626133039594" lon="139.28013537079096">
        <ele>61.2</ele>
      </trkpt>
      <trkpt lat="36.13262998871505" lon="139.28015992976725">
        <ele>61.11</ele>
      </trkpt>
      <trkpt lat="36.13253301009536" lon="139.28052999079227">
        <ele>61.05</ele>
      </trkpt>
      <trkpt lat="36.13251993432641" lon="139.28057994693518">
        <ele>60.95</ele>
      </trkpt>
      <trkpt lat="36.132440557703376" lon="139.28095629438758">
        <ele>60.85</ele>
      </trkpt>
      <trkpt lat="36.13236118108034" lon="139.28133255802095">
        <ele>60.7</ele>
      </trkpt>
      <trkpt lat="36.13228993490338" lon="139.2816699296236">
        <ele>60.59</ele>
      </trkpt>
      <trkpt lat="36.132197650149465" lon="139.2820417508483">
        <ele>60.5</ele>
      </trkpt>
      <trkpt lat="36.132105281576514" lon="139.28241357207298">
        <ele>60.42</ele>
      </trkpt>
      <trkpt lat="36.132012996822596" lon="139.28278539329767">
        <ele>60.34</ele>
      </trkpt>
      <trkpt lat="36.131920628249645" lon="139.28315713070333">
        <ele>60.18</ele>
      </trkpt>
      <trkpt lat="36.13191995769739" lon="139.2831599805504">
        <ele>60.06</ele>
      </trkpt>
      <trkpt lat="36.131842005997896" lon="139.28353674709797">
        <ele>59.92</ele>
      </trkpt>
      <trkpt lat="36.1317640542984" lon="139.28391351364553">
        <ele>59.8</ele>
      </trkpt>
      <trkpt lat="36.1317399982363" lon="139.28402993828058">
        <ele>59.66</ele>
      </trkpt>
      <trkpt lat="36.13168325275183" lon="139.28441248834133">
        <ele>59.45</ele>
      </trkpt>
      <trkpt lat="36.13162659108639" lon="139.28479495458305">
        <ele>59.23</ele>
      </trkpt>
      <trkpt lat="36.131579987704754" lon="139.28510994650424">
        <ele>59.1</ele>
      </trkpt>
      <trkpt lat="36.13150170072913" lon="139.28548662923276">
        <ele>58.96</ele>
      </trkpt>
      <trkpt lat="36.13142332993448" lon="139.2858633119613">
        <ele>58.78</ele>
      </trkpt>
      <trkpt lat="36.131345042958856" lon="139.2862399108708">
        <ele>58.67</ele>
      </trkpt>
      <trkpt lat="36.13126675598323" lon="139.28661659359932">
        <ele>58.55</ele>
      </trkpt>
      <trkpt lat="36.13120992667973" lon="139.28688992746174">
        <ele>58.32</ele>
      </trkpt>
      <trkpt lat="36.131113953888416" lon="139.2872603237629">
        <ele>58.07</ele>
      </trkpt>
      <trkpt lat="36.13101789727807" lon="139.28763072006404">
        <ele>57.88</ele>
      </trkpt>
      <trkpt lat="36.13099996000528" lon="139.28769995458424">
        <ele>57.7</ele>
      </trkpt>
      <trkpt lat="36.13088998943567" lon="139.28798996843398">
        <ele>57.56</ele>
      </trkpt>
      <trkpt lat="36.13090993836522" lon="139.28820999339223">
        <ele>57.39</ele>
      </trkpt>
      <trkpt lat="36.130912620574236" lon="139.28859874606133">
        <ele>57.13</ele>
      </trkpt>
      <trkpt lat="36.13091521896422" lon="139.28898758254945">
        <ele>56.82</ele>
      </trkpt>
      <trkpt lat="36.1309178173542" lon="139.28937641903758">
        <ele>56.65</ele>
      </trkpt>
      <trkpt lat="36.13092049956322" lon="139.28976517170668">
        <ele>56.49</ele>
      </trkpt>
      <trkpt lat="36.1309230979532" lon="139.2901540081948">
        <ele>56.32</ele>
      </trkpt>
      <trkpt lat="36.130925780162215" lon="139.29054284468293">
        <ele>56.17</ele>
      </trkpt>
      <trkpt lat="36.1309283785522" lon="139.29093168117106">
        <ele>55.98</ele>
      </trkpt>
      <trkpt lat="36.1309299711138" lon="139.29115992039442">
        <ele>55.82</ele>
      </trkpt>
      <trkpt lat="36.131245382130146" lon="139.291156148538">
        <ele>55.66</ele>
      </trkpt>
      <trkpt lat="36.13156079314649" lon="139.29115237668157">
        <ele>55.42</ele>
      </trkpt>
      <trkpt lat="36.13174997270107" lon="139.29115002974868">
        <ele>55.21</ele>
      </trkpt>
      <trkpt lat="36.13175994716585" lon="139.29114994592965">
        <ele>55.04</ele>
      </trkpt>
      <trkpt lat="36.13207535818219" lon="139.29114994592965">
        <ele>54.79</ele>
      </trkpt>
      <trkpt lat="36.13236998207867" lon="139.29114994592965">
        <ele>54.57</ele>
      </trkpt>
      <trkpt lat="36.132399989292026" lon="139.29118992760777">
        <ele>54.43</ele>
      </trkpt>
      <trkpt lat="36.1324599198997" lon="139.2914199270308">
        <ele>54.33</ele>
      </trkpt>
      <trkpt lat="36.132462937384844" lon="139.29180876351893">
        <ele>54.26</ele>
      </trkpt>
      <trkpt lat="36.132465871050954" lon="139.29219760000706">
        <ele>54.16</ele>
      </trkpt>
      <trkpt lat="36.132468888536096" lon="139.29258643649518">
        <ele>54.05</ele>
      </trkpt>
      <trkpt lat="36.132471822202206" lon="139.29297518916428">
        <ele>54.01</ele>
      </trkpt>
      <trkpt lat="36.132474755868316" lon="139.2933640256524">
        <ele>53.99</ele>
      </trkpt>
      <trkpt lat="36.13247777335346" lon="139.29375286214054">
        <ele>53.99</ele>
      </trkpt>
      <trkpt lat="36.13248070701957" lon="139.29414169862866">
        <ele>53.95</ele>
      </trkpt>
      <trkpt lat="36.13248372450471" lon="139.2945305351168">
        <ele>53.94</ele>
      </trkpt>
      <trkpt lat="36.13248665817082" lon="139.2949192877859">
        <ele>53.94</ele>
      </trkpt>
      <trkpt lat="36.13248967565596" lon="139.29530812427402">
        <ele>53.93</ele>
      </trkpt>
      <trkpt lat="36.13249260932207" lon="139.29569696076214">
        <ele>54.0</ele>
      </trkpt>
      <trkpt lat="36.13249562680721" lon="139.29608579725027">
        <ele>54.07</ele>
      </trkpt>
      <trkpt lat="36.132498644292355" lon="139.29647454991937">
        <ele>54.12</ele>
      </trkpt>
      <trkpt lat="36.13249998539686" lon="139.29664998315275">
        <ele>54.21</ele>
      </trkpt>
      <trkpt lat="36.13247995264828" lon="139.29671997204423">
        <ele>54.33</ele>
      </trkpt>
      <trkpt lat="36.13234994933009" lon="139.29676992818713">
        <ele>54.48</ele>
      </trkpt>
      <trkpt lat="36.132119949907064" lon="139.29681996814907">
        <ele>54.62</ele>
      </trkpt>
      <trkpt lat="36.13223788328469" lon="139.29718064144254">
        <ele>54.8</ele>
      </trkpt>
      <trkpt lat="36.13228993490338" lon="139.29733998142183">
        <ele>54.98</ele>
      </trkpt>
      <trkpt lat="36.13246821798384" lon="139.2976607568562">
        <ele>55.22</ele>
      </trkpt>
      <trkpt lat="36.132489927113056" lon="139.29769998416305">
        <ele>55.38</ele>
      </trkpt>
      <trkpt lat="36.132529992610216" lon="139.29780995473266">
        <ele>55.54</ele>
      </trkpt>
      <trkpt lat="36.132520185783505" lon="139.29819887503982">
        <ele>55.72</ele>
      </trkpt>
      <trkpt lat="36.13252026960254" lon="139.29819862358272">
        <ele>55.86</ele>
      </trkpt>
      <trkpt lat="36.13251993432641" lon="139.298209939152">
        <ele>55.99</ele>
      </trkpt>
      <trkpt lat="36.13249646499753" lon="139.29859768599272">
        <ele>56.14</ele>
      </trkpt>
      <trkpt lat="36.13247299566865" lon="139.29898543283343">
        <ele>56.27</ele>
      </trkpt>
      <trkpt lat="36.1324599198997" lon="139.2991999257356">
        <ele>56.37</ele>
      </trkpt>
      <trkpt lat="36.132405269891024" lon="139.2995828948915">
        <ele>56.42</ele>
      </trkpt>
      <trkpt lat="36.13235053606331" lon="139.2999658640474">
        <ele>56.51</ele>
      </trkpt>
      <trkpt lat="36.1322958022356" lon="139.30034874938428">
        <ele>56.59</ele>
      </trkpt>
      <trkpt lat="36.132269985973835" lon="139.30052996613085">
        <ele>56.68</ele>
      </trkpt>
      <trkpt lat="36.13225246779621" lon="139.30091821588576">
        <ele>56.75</ele>
      </trkpt>
      <trkpt lat="36.132234865799546" lon="139.30130638182163">
        <ele>56.78</ele>
      </trkpt>
      <trkpt lat="36.13221734762192" lon="139.30169463157654">
        <ele>56.79</ele>
      </trkpt>
      <trkpt lat="36.13219982944429" lon="139.30208288133144">
        <ele>56.82</ele>
      </trkpt>
      <trkpt lat="36.13218231126666" lon="139.30247113108635">
        <ele>56.9</ele>
      </trkpt>
      <trkpt lat="36.13216479308903" lon="139.30285938084126">
        <ele>56.94</ele>
      </trkpt>
      <trkpt lat="36.132147274911404" lon="139.30324754677713">
        <ele>56.98</ele>
      </trkpt>
      <trkpt lat="36.132139982655644" lon="139.3034099880606">
        <ele>56.99</ele>
      </trkpt>
      <trkpt lat="36.132119949907064" lon="139.3034599442035">
        <ele>57.02</ele>
      </trkpt>
      <trkpt lat="36.132009979337454" lon="139.30349992588162">
        <ele>57.04</ele>
      </trkpt>
      <trkpt lat="36.13205197267234" lon="139.30388532578945">
        <ele>57.04</ele>
      </trkpt>
      <trkpt lat="36.132068736478686" lon="139.3040384631604">
        <ele>57.04</ele>
      </trkpt>
      <trkpt lat="36.13206999376416" lon="139.30404994636774">
        <ele>57.05</ele>
      </trkpt>
      <trkpt lat="36.13206999376416" lon="139.30443878285587">
        <ele>57.07</ele>
      </trkpt>
      <trkpt lat="36.13206999376416" lon="139.30461999960244">
        <ele>57.1</ele>
      </trkpt>
      <trkpt lat="36.132021211087704" lon="139.3050041422248">
        <ele>57.14</ele>
      </trkpt>
      <trkpt lat="36.131989946588874" lon="139.3052499834448">
        <ele>57.17</ele>
      </trkpt>
      <trkpt lat="36.13204996101558" lon="139.30541996844113">
        <ele>57.17</ele>
      </trkpt>
      <trkpt lat="36.132027665153146" lon="139.30580779910088">
        <ele>57.15</ele>
      </trkpt>
      <trkpt lat="36.13200545310974" lon="139.30619571357965">
        <ele>57.13</ele>
      </trkpt>
      <trkpt lat="36.131983157247305" lon="139.3065835442394">
        <ele>57.15</ele>
      </trkpt>
      <trkpt lat="36.1319799721241" lon="139.30663995444775">
        <ele>57.13</ele>
      </trkpt>
      <trkpt lat="36.13190076313913" lon="139.30701630190015">
        <ele>57.09</ele>
      </trkpt>
      <trkpt lat="36.13189992494881" lon="139.30701998993754">
        <ele>57.04</ele>
      </trkpt>
      <trkpt lat="36.13189347088337" lon="139.30740874260664">
        <ele>56.93</ele>
      </trkpt>
      <trkpt lat="36.13188701681793" lon="139.30779749527574">
        <ele>56.81</ele>
      </trkpt>
      <trkpt lat="36.131880478933454" lon="139.3081861641258">
        <ele>56.7</ele>
      </trkpt>
      <trkpt lat="36.13187997601926" lon="139.30821994319558">
        <ele>56.62</ele>
      </trkpt>
      <trkpt lat="36.13196823745966" lon="139.30859327316284">
        <ele>56.55</ele>
      </trkpt>
      <trkpt lat="36.13205658271909" lon="139.30896651931107">
        <ele>56.47</ele>
      </trkpt>
      <trkpt lat="36.132099917158484" lon="139.3091499991715">
        <ele>56.38</ele>
      </trkpt>
      <trkpt lat="36.13217996433377" lon="139.30940992198884">
        <ele>56.28</ele>
      </trkpt>
      <trkpt lat="36.13223419524729" lon="139.30950027890503">
        <ele>56.17</ele>
      </trkpt>
      <trkpt lat="36.13223997876048" lon="139.30950991809368">
        <ele>56.05</ele>
      </trkpt>
      <trkpt lat="36.132379956543446" lon="139.30978995747864">
        <ele>55.95</ele>
      </trkpt>
      <trkpt lat="36.13241733983159" lon="139.31017602793872">
        <ele>55.81</ele>
      </trkpt>
      <trkpt lat="36.132439970970154" lon="139.31040996685624">
        <ele>55.66</ele>
      </trkpt>
      <trkpt lat="36.13244994543493" lon="139.3106299918145">
        <ele>55.49</ele>
      </trkpt>
      <trkpt lat="36.13251641392708" lon="139.3110100273043">
        <ele>55.28</ele>
      </trkpt>
      <trkpt lat="36.13258288241923" lon="139.31139014661312">
        <ele>55.07</ele>
      </trkpt>
      <trkpt lat="36.13264935091138" lon="139.31177026592195">
        <ele>54.86</ele>
      </trkpt>
      <trkpt lat="36.132699977606535" lon="139.31205994449556">
        <ele>54.68</ele>
      </trkpt>
      <trkpt lat="36.13261087797582" lon="139.3124329391867">
        <ele>54.5</ele>
      </trkpt>
      <trkpt lat="36.13252186216414" lon="139.31280601769686">
        <ele>54.25</ele>
      </trkpt>
      <trkpt lat="36.13243284635246" lon="139.313179012388">
        <ele>53.99</ele>
      </trkpt>
      <trkpt lat="36.132343746721745" lon="139.31355200707912">
        <ele>53.85</ele>
      </trkpt>
      <trkpt lat="36.13232991658151" lon="139.31360992603004">
        <ele>53.68</ele>
      </trkpt>
      <trkpt lat="36.13263409584761" lon="139.31371302343905">
        <ele>53.46</ele>
      </trkpt>
      <trkpt lat="36.13290994428098" lon="139.3138064816594">
        <ele>53.26</ele>
      </trkpt>
      <trkpt lat="36.132919918745756" lon="139.3138099182397">
        <ele>53.1</ele>
      </trkpt>
      <trkpt lat="36.13322217017412" lon="139.3139213975519">
        <ele>53.0</ele>
      </trkpt>
      <trkpt lat="36.133524337783456" lon="139.31403287686408">
        <ele>52.9</ele>
      </trkpt>
      <trkpt lat="36.13382650539279" lon="139.31414435617626">
        <ele>52.76</ele>
      </trkpt>
      <trkpt lat="36.134128673002124" lon="139.31425583548844">
        <ele>52.64</ele>
      </trkpt>
      <trkpt lat="36.134139988571405" lon="139.314259942621">
        <ele>52.5</ele>
      </trkpt>
      <trkpt lat="36.13404703326523" lon="139.3146315123886">
        <ele>52.38</ele>
      </trkpt>
      <trkpt lat="36.13395416177809" lon="139.3150031659752">
        <ele>52.28</ele>
      </trkpt>
      <trkpt lat="36.133932787925005" lon="139.3150884937495">
        <ele>52.14</ele>
      </trkpt>
      <trkpt lat="36.13392993807793" lon="139.31509997695684">
        <ele>52.02</ele>
      </trkpt>
      <trkpt lat="36.13384008407593" lon="139.31547263637185">
        <ele>51.83</ele>
      </trkpt>
      <trkpt lat="36.1337501462549" lon="139.3158453796059">
        <ele>51.68</ele>
      </trkpt>
      <trkpt lat="36.13366020843387" lon="139.31621812283993">
        <ele>51.59</ele>
      </trkpt>
      <trkpt lat="36.13357035443187" lon="139.31659078225493">
        <ele>51.53</ele>
      </trkpt>
      <trkpt lat="36.13348041661084" lon="139.31696352548897">
        <ele>51.56</ele>
      </trkpt>
      <trkpt lat="36.13339056260884" lon="139.31733618490398">
        <ele>51.43</ele>
      </trkpt>
      <trkpt lat="36.13330062478781" lon="139.31770892813802">
        <ele>51.16</ele>
      </trkpt>
      <trkpt lat="36.13321077078581" lon="139.31808167137206">
        <ele>50.99</ele>
      </trkpt>
      <trkpt lat="36.13312083296478" lon="139.31845433078706">
        <ele>50.98</ele>
      </trkpt>
      <trkpt lat="36.13303097896278" lon="139.3188270740211">
        <ele>51.03</ele>
      </trkpt>
      <trkpt lat="36.132972640916705" lon="139.3190686404705">
        <ele>51.04</ele>
      </trkpt>
      <trkpt lat="36.13296995870769" lon="139.3190799560398">
        <ele>51.03</ele>
      </trkpt>
      <trkpt lat="36.13287951797247" lon="139.31945244781673">
        <ele>51.01</ele>
      </trkpt>
      <trkpt lat="36.13278899341822" lon="139.31982493959367">
        <ele>50.95</ele>
      </trkpt>
      <trkpt lat="36.132698552682996" lon="139.32019743137062">
        <ele>50.99</ele>
      </trkpt>
      <trkpt lat="36.132608111947775" lon="139.32056992314756">
        <ele>51.03</ele>
      </trkpt>
      <trkpt lat="36.13251758739352" lon="139.32094249874353">
        <ele>51.11</ele>
      </trkpt>
      <trkpt lat="36.1324271466583" lon="139.32131499052048">
        <ele>51.16</ele>
      </trkpt>
      <trkpt lat="36.13233670592308" lon="139.32168748229742">
        <ele>51.17</ele>
      </trkpt>
      <trkpt lat="36.13228993490338" lon="139.32187993079424">
        <ele>51.19</ele>
      </trkpt>
      <trkpt lat="36.132359923794866" lon="139.32195997796953">
        <ele>51.21</ele>
      </trkpt>
      <trkpt lat="36.13246997818351" lon="139.32216994464397">
        <ele>51.21</ele>
      </trkpt>
      <trkpt lat="36.13261993043125" lon="139.32238996960223">
        <ele>51.2</ele>
      </trkpt>
      <trkpt lat="36.13265999592841" lon="139.32254998013377">
        <ele>51.2</ele>
      </trkpt>
      <trkpt lat="36.13265052437782" lon="139.32272801175714">
        <ele>51.2</ele>
      </trkpt>
      <trkpt lat="36.1326499376446" lon="139.32273999787867">
        <ele>51.2</ele>
      </trkpt>
      <trkpt lat="36.13268991932273" lon="139.32310997508466">
        <ele>51.18</ele>
      </trkpt>
      <trkpt lat="36.13279997371137" lon="139.3233199417591">
        <ele>51.15</ele>
      </trkpt>
      <trkpt lat="36.132979933172464" lon="139.32358992286026">
        <ele>51.14</ele>
      </trkpt>
      <trkpt lat="36.13329526036978" lon="139.32357852347195">
        <ele>51.07</ele>
      </trkpt>
      <trkpt lat="36.133519392460585" lon="139.32357030920684">
        <ele>51.05</ele>
      </trkpt>
      <trkpt lat="36.13352995365858" lon="139.32356997393072">
        <ele>50.98</ele>
      </trkpt>
      <trkpt lat="36.13354663364589" lon="139.3237774260342">
        <ele>50.91</ele>
      </trkpt>
      <trkpt lat="36.13354763947427" lon="139.32378932833672">
        <ele>50.83</ele>
      </trkpt>
      <trkpt lat="36.13368426449597" lon="139.32386334054172">
        <ele>50.76</ele>
      </trkpt>
      <trkpt lat="36.13369373604655" lon="139.32386845350266">
        <ele>50.64</ele>
      </trkpt>
      <trkpt lat="36.133831702172756" lon="139.3239475786686">
        <ele>50.51</ele>
      </trkpt>
      <trkpt lat="36.13384108990431" lon="139.32395294308662">
        <ele>50.35</ele>
      </trkpt>
      <trkpt lat="36.133877048268914" lon="139.32399652898312">
        <ele>50.17</ele>
      </trkpt>
      <trkpt lat="36.13388434052467" lon="139.32400532998145">
        <ele>49.99</ele>
      </trkpt>
      <trkpt lat="36.13389967940748" lon="139.32406450621784">
        <ele>49.78</ele>
      </trkpt>
      <trkpt lat="36.13390278071165" lon="139.32407640852034">
        <ele>49.57</ele>
      </trkpt>
      <trkpt lat="36.133957179263234" lon="139.32445937767625">
        <ele>49.28</ele>
      </trkpt>
      <trkpt lat="36.13401157781482" lon="139.3248424306512">
        <ele>49.0</ele>
      </trkpt>
      <trkpt lat="36.1340659763664" lon="139.3252253998071">
        <ele>48.71</ele>
      </trkpt>
      <trkpt lat="36.13411341793835" lon="139.3255600053817">
        <ele>48.46</ele>
      </trkpt>
      <trkpt lat="36.13411517813802" lon="139.3255719076842">
        <ele>48.21</ele>
      </trkpt>
      <trkpt lat="36.13413278013468" lon="139.32584105059505">
        <ele>47.98</ele>
      </trkpt>
      <trkpt lat="36.134133618324995" lon="139.32585328817368">
        <ele>47.71</ele>
      </trkpt>
      <trkpt lat="36.13418131135404" lon="139.3262375984341">
        <ele>47.47</ele>
      </trkpt>
      <trkpt lat="36.13422900438309" lon="139.32662199251354">
        <ele>47.19</ele>
      </trkpt>
      <trkpt lat="36.13427493721247" lon="139.3269921373576">
        <ele>46.9</ele>
      </trkpt>
      <trkpt lat="36.13427644595504" lon="139.3270040396601">
        <ele>46.62</ele>
      </trkpt>
      <trkpt lat="36.13427443429828" lon="139.32739287614822">
        <ele>46.29</ele>
      </trkpt>
      <trkpt lat="36.1342731770128" lon="139.32762186974287">
        <ele>46.0</ele>
      </trkpt>
      <trkpt lat="36.1342731770128" lon="139.32763427495956">
        <ele>45.72</ele>
      </trkpt>
      <trkpt lat="36.1344684753567" lon="139.32779336348176">
        <ele>45.44</ele>
      </trkpt>
      <trkpt lat="36.13447744399309" lon="139.32780065573752">
        <ele>45.17</ele>
      </trkpt>
      <trkpt lat="36.13472739234567" lon="139.32803777977824">
        <ele>44.88</ele>
      </trkpt>
      <trkpt lat="36.134830908849835" lon="139.32813593186438">
        <ele>44.58</ele>
      </trkpt>
      <trkpt lat="36.13483937457204" lon="139.32814397849143">
        <ele>44.34</ele>
      </trkpt>
      <trkpt lat="36.13492654636502" lon="139.32851772755384">
        <ele>44.02</ele>
      </trkpt>
      <trkpt lat="36.13501380197704" lon="139.32889139279723">
        <ele>43.78</ele>
      </trkpt>
      <trkpt lat="36.135101057589054" lon="139.32926505804062">
        <ele>43.59</ele>
      </trkpt>
      <trkpt lat="36.13518822938204" lon="139.329638723284">
        <ele>43.34</ele>
      </trkpt>
      <trkpt lat="36.135275484994054" lon="139.3300123885274">
        <ele>43.24</ele>
      </trkpt>
      <trkpt lat="36.13534111529589" lon="139.33029376901686">
        <ele>43.16</ele>
      </trkpt>
      <trkpt lat="36.135343965142965" lon="139.33030583895743">
        <ele>43.04</ele>
      </trkpt>
      <trkpt lat="36.135426526889205" lon="139.33068109676242">
        <ele>42.95</ele>
      </trkpt>
      <trkpt lat="36.135509172454476" lon="139.33105643838644">
        <ele>42.75</ele>
      </trkpt>
      <trkpt lat="36.135591734200716" lon="139.33143169619143">
        <ele>42.67</ele>
      </trkpt>
      <trkpt lat="36.135674295946956" lon="139.33180695399642">
        <ele>42.64</ele>
      </trkpt>
      <trkpt lat="36.13575694151223" lon="139.33218229562044">
        <ele>42.59</ele>
      </trkpt>
      <trkpt lat="36.13583950325847" lon="139.33255755342543">
        <ele>42.66</ele>
      </trkpt>
      <trkpt lat="36.13591737113893" lon="139.3329116050154">
        <ele>42.81</ele>
      </trkpt>
      <trkpt lat="36.135920053347945" lon="139.33292367495596">
        <ele>42.83</ele>
      </trkpt>
      <trkpt lat="36.135961543768644" lon="139.33320094831288">
        <ele>42.9</ele>
      </trkpt>
      <trkpt lat="36.135963471606374" lon="139.33321335352957">
        <ele>42.96</ele>
      </trkpt>
      <trkpt lat="36.135953748598695" lon="139.33360202237964">
        <ele>42.9</ele>
      </trkpt>
      <trkpt lat="36.135944025591016" lon="139.3339906912297">
        <ele>42.95</ele>
      </trkpt>
      <trkpt lat="36.13593547604978" lon="139.33432747609913">
        <ele>43.12</ele>
      </trkpt>
      <trkpt lat="36.135935224592686" lon="139.3343400489539">
        <ele>43.23</ele>
      </trkpt>
      <trkpt lat="36.13598040305078" lon="139.33436846360564">
        <ele>43.32</ele>
      </trkpt>
      <trkpt lat="36.13599012605846" lon="139.33437458239496">
        <ele>43.44</ele>
      </trkpt>
      <trkpt lat="36.13601158373058" lon="139.33476258069277">
        <ele>43.71</ele>
      </trkpt>
      <trkpt lat="36.1360330414027" lon="139.33515049517155">
        <ele>43.88</ele>
      </trkpt>
      <trkpt lat="36.136040668934584" lon="139.33528997004032">
        <ele>43.99</ele>
      </trkpt>
      <trkpt lat="36.13604142330587" lon="139.33530304580927">
        <ele>44.11</ele>
      </trkpt>
      <trkpt lat="36.1360486317426" lon="139.33569179847836">
        <ele>44.2</ele>
      </trkpt>
      <trkpt lat="36.136055840179324" lon="139.33608055114746">
        <ele>44.32</ele>
      </trkpt>
      <trkpt lat="36.13606304861605" lon="139.33646930381656">
        <ele>44.59</ele>
      </trkpt>
      <trkpt lat="36.136065647006035" lon="139.33661179617047">
        <ele>44.75</ele>
      </trkpt>
      <trkpt lat="36.13606589846313" lon="139.33662495575845">
        <ele>44.83</ele>
      </trkpt>
      <trkpt lat="36.13606346771121" lon="139.3370138760656">
        <ele>44.96</ele>
      </trkpt>
      <trkpt lat="36.13606103695929" lon="139.33740271255374">
        <ele>44.9</ele>
      </trkpt>
      <trkpt lat="36.13605860620737" lon="139.33779154904187">
        <ele>44.67</ele>
      </trkpt>
      <trkpt lat="36.13605617545545" lon="139.33818038553">
        <ele>44.67</ele>
      </trkpt>
      <trkpt lat="36.13605516962707" lon="139.33833905495703">
        <ele>44.72</ele>
      </trkpt>
      <trkpt lat="36.13605508580804" lon="139.33835238218307">
        <ele>44.76</ele>
      </trkpt>
      <trkpt lat="36.13593539223075" lon="139.3386568967253">
        <ele>44.87</ele>
      </trkpt>
      <trkpt lat="36.135930782184005" lon="139.33866888284683">
        <ele>44.89</ele>
      </trkpt>
      <trkpt lat="36.13592994399369" lon="139.33866997249424">
        <ele>44.9</ele>
      </trkpt>
      <trkpt lat="36.13592214882374" lon="139.33905872516334">
        <ele>44.91</ele>
      </trkpt>
      <trkpt lat="36.13591996952891" lon="139.33916995301843">
        <ele>44.9</ele>
      </trkpt>
      <trkpt lat="36.13560573197901" lon="139.33920415118337">
        <ele>44.9</ele>
      </trkpt>
      <trkpt lat="36.13529157824814" lon="139.33923843316734">
        <ele>44.86</ele>
      </trkpt>
      <trkpt lat="36.13497734069824" lon="139.33927263133228">
        <ele>44.87</ele>
      </trkpt>
      <trkpt lat="36.13490995019674" lon="139.33927992358804">
        <ele>44.84</ele>
      </trkpt>
      <trkpt lat="36.13479997962713" lon="139.3393199890852">
        <ele>44.77</ele>
      </trkpt>
      <trkpt lat="36.13464994356036" lon="139.33929995633662">
        <ele>44.7</ele>
      </trkpt>
      <trkpt lat="36.13445992581546" lon="139.33915997855365">
        <ele>44.61</ele>
      </trkpt>
      <trkpt lat="36.13442991860211" lon="139.3391299713403">
        <ele>44.52</ele>
      </trkpt>
      <trkpt lat="36.13437996245921" lon="139.33914992026985">
        <ele>44.43</ele>
      </trkpt>
      <trkpt lat="36.13434392027557" lon="139.33953624218702">
        <ele>44.35</ele>
      </trkpt>
      <trkpt lat="36.134309973567724" lon="139.33989993296564">
        <ele>44.18</ele>
      </trkpt>
      <trkpt lat="36.13416999578476" lon="139.3401199579239">
        <ele>44.04</ele>
      </trkpt>
      <trkpt lat="36.13395994529128" lon="139.3401199579239">
        <ele>43.91</ele>
      </trkpt>
      <trkpt lat="36.13395407795906" lon="139.34050871059299">
        <ele>43.83</ele>
      </trkpt>
      <trkpt lat="36.13394997082651" lon="139.34077994897962">
        <ele>43.74</ele>
      </trkpt>
      <trkpt lat="36.133989952504635" lon="139.34099997393787">
        <ele>43.59</ele>
      </trkpt>
      <trkpt lat="36.13404996693134" lon="139.34102998115122">
        <ele>43.43</ele>
      </trkpt>
      <trkpt lat="36.13416999578476" lon="139.341039955616">
        <ele>43.25</ele>
      </trkpt>
      <trkpt lat="36.13412163220346" lon="139.34139694087207">
        <ele>43.09</ele>
      </trkpt>
      <trkpt lat="36.134119955822825" lon="139.341409932822">
        <ele>42.9</ele>
      </trkpt>
      <trkpt lat="36.13405826501548" lon="139.3417913094163">
        <ele>42.72</ele>
      </trkpt>
      <trkpt lat="36.134009985253215" lon="139.3420899566263">
        <ele>42.47</ele>
      </trkpt>
      <trkpt lat="36.13392708823085" lon="139.34246513061225">
        <ele>42.24</ele>
      </trkpt>
      <trkpt lat="36.13384410738945" lon="139.3428403045982">
        <ele>42.13</ele>
      </trkpt>
      <trkpt lat="36.13376121036708" lon="139.34321547858417">
        <ele>41.93</ele>
      </trkpt>
      <trkpt lat="36.13367831334472" lon="139.34359065257013">
        <ele>41.69</ele>
      </trkpt>
      <trkpt lat="36.13359541632235" lon="139.3439658265561">
        <ele>41.48</ele>
      </trkpt>
      <trkpt lat="36.133512519299984" lon="139.34434100054204">
        <ele>41.26</ele>
      </trkpt>
      <trkpt lat="36.13342962227762" lon="139.344716174528">
        <ele>41.05</ele>
      </trkpt>
      <trkpt lat="36.13341998308897" lon="139.34475992806256">
        <ele>40.92</ele>
      </trkpt>
      <trkpt lat="36.133114881813526" lon="139.34466127306223">
        <ele>40.75</ele>
      </trkpt>
      <trkpt lat="36.133090825751424" lon="139.34465347789228">
        <ele>40.66</ele>
      </trkpt>
      <trkpt lat="36.1330799292773" lon="139.34464995749295">
        <ele>40.58</ele>
      </trkpt>
      <trkpt lat="36.13277549855411" lon="139.34454828500748">
        <ele>40.53</ele>
      </trkpt>
      <trkpt lat="36.13247106783092" lon="139.344446612522">
        <ele>40.49</ele>
      </trkpt>
      <trkpt lat="36.13216663710773" lon="139.34434494003654">
        <ele>40.47</ele>
      </trkpt>
      <trkpt lat="36.13186212256551" lon="139.34424326755106">
        <ele>40.54</ele>
      </trkpt>
      <trkpt lat="36.13155769184232" lon="139.3441415950656">
        <ele>40.48</ele>
      </trkpt>
      <trkpt lat="36.13125326111913" lon="139.34403992258012">
        <ele>40.4</ele>
      </trkpt>
      <trkpt lat="36.13094883039594" lon="139.34393816627562">
        <ele>40.38</ele>
      </trkpt>
      <trkpt lat="36.13064439967275" lon="139.34383649379015">
        <ele>40.41</ele>
      </trkpt>
      <trkpt lat="36.130339885130525" lon="139.34373482130468">
        <ele>40.49</ele>
      </trkpt>
      <trkpt lat="36.130035454407334" lon="139.3436331488192">
        <ele>40.61</ele>
      </trkpt>
      <trkpt lat="36.129731023684144" lon="139.34353147633374">
        <ele>40.73</ele>
      </trkpt>
      <trkpt lat="36.129426592960954" lon="139.34342980384827">
        <ele>40.73</ele>
      </trkpt>
      <trkpt lat="36.12912207841873" lon="139.3433281313628">
        <ele>40.68</ele>
      </trkpt>
      <trkpt lat="36.12881764769554" lon="139.34322645887733">
        <ele>40.65</ele>
      </trkpt>
      <trkpt lat="36.12851321697235" lon="139.34312478639185">
        <ele>40.7</ele>
      </trkpt>
      <trkpt lat="36.12820878624916" lon="139.34302311390638">
        <ele>40.59</ele>
      </trkpt>
      <trkpt lat="36.12790435552597" lon="139.3429214414209">
        <ele>40.6</ele>
      </trkpt>
      <trkpt lat="36.12789999693632" lon="139.34291993267834">
        <ele>40.61</ele>
      </trkpt>
      <trkpt lat="36.127889938652515" lon="139.3429599981755">
        <ele>40.63</ele>
      </trkpt>
      <trkpt lat="36.12778994254768" lon="139.3428199365735">
        <ele>40.64</ele>
      </trkpt>
      <trkpt lat="36.12763999029994" lon="139.34256998822093">
        <ele>40.65</ele>
      </trkpt>
      <trkpt lat="36.12743999809027" lon="139.3424699921161">
        <ele>40.64</ele>
      </trkpt>
      <trkpt lat="36.127127688378096" lon="139.34241483919322">
        <ele>40.61</ele>
      </trkpt>
      <trkpt lat="36.1270999442786" lon="139.34240997768939">
        <ele>40.64</ele>
      </trkpt>
      <trkpt lat="36.1270999442786" lon="139.3424599338323">
        <ele>40.68</ele>
      </trkpt>
      <trkpt lat="36.1269099265337" lon="139.34237997047603">
        <ele>40.68</ele>
      </trkpt>
      <trkpt lat="36.12665872089565" lon="139.3421449419111">
        <ele>40.7</ele>
      </trkpt>
      <trkpt lat="36.126599963754416" lon="139.3420899566263">
        <ele>40.74</ele>
      </trkpt>
      <trkpt lat="36.12633048556745" lon="139.34188786894083">
        <ele>40.85</ele>
      </trkpt>
      <trkpt lat="36.126319924369454" lon="139.34187998995185">
        <ele>40.9</ele>
      </trkpt>
      <trkpt lat="36.1260946188122" lon="139.3416079133749">
        <ele>41.05</ele>
      </trkpt>
      <trkpt lat="36.12602999433875" lon="139.3415299616754">
        <ele>41.1</ele>
      </trkpt>
      <trkpt lat="36.125829918310046" lon="139.3413399439305">
        <ele>41.14</ele>
      </trkpt>
      <trkpt lat="36.12576998770237" lon="139.34149995446205">
        <ele>41.11</ele>
      </trkpt>
      <trkpt lat="36.125745847821236" lon="139.34154806658626">
        <ele>41.1</ele>
      </trkpt>
      <trkpt lat="36.125739980489016" lon="139.34155996888876">
        <ele>41.1</ele>
      </trkpt>
      <trkpt lat="36.12559346482158" lon="139.34190429747105">
        <ele>41.02</ele>
      </trkpt>
      <trkpt lat="36.12553998827934" lon="139.3420299421996">
        <ele>41.04</ele>
      </trkpt>
      <trkpt lat="36.12533111125231" lon="139.34232138097286">
        <ele>41.11</ele>
      </trkpt>
      <trkpt lat="36.125122318044305" lon="139.3426127359271">
        <ele>41.11</ele>
      </trkpt>
      <trkpt lat="36.12510999664664" lon="139.3426299188286">
        <ele>41.11</ele>
      </trkpt>
      <trkpt lat="36.125036822631955" lon="139.34300819411874">
        <ele>41.09</ele>
      </trkpt>
      <trkpt lat="36.12496364861727" lon="139.34338638558984">
        <ele>41.0</ele>
      </trkpt>
      <trkpt lat="36.12489055842161" lon="139.34376457706094">
        <ele>41.03</ele>
      </trkpt>
      <trkpt lat="36.124817384406924" lon="139.34414276853204">
        <ele>41.12</ele>
      </trkpt>
      <trkpt lat="36.1247599683702" lon="139.3444399908185">
        <ele>41.1</ele>
      </trkpt>
      <trkpt lat="36.124451430514455" lon="139.34435918927193">
        <ele>41.14</ele>
      </trkpt>
      <trkpt lat="36.12433995120227" lon="139.34432993642986">
        <ele>41.15</ele>
      </trkpt>
      <trkpt lat="36.12423995509744" lon="139.3444026913494">
        <ele>41.18</ele>
      </trkpt>
      <trkpt lat="36.12422998063266" lon="139.34440998360515">
        <ele>41.2</ele>
      </trkpt>
      <trkpt lat="36.12411992624402" lon="139.3444899469614">
        <ele>41.25</ele>
      </trkpt>
      <trkpt lat="36.123999981209636" lon="139.34449992142618">
        <ele>41.26</ele>
      </trkpt>
      <trkpt lat="36.1238999851048" lon="139.34449992142618">
        <ele>41.26</ele>
      </trkpt>
      <trkpt lat="36.123923705890775" lon="139.3448876682669">
        <ele>41.28</ele>
      </trkpt>
      <trkpt lat="36.123929070308805" lon="139.34497601352632">
        <ele>41.24</ele>
      </trkpt>
      <trkpt lat="36.12392999231815" lon="139.34498992748559">
        <ele>41.19</ele>
      </trkpt>
      <trkpt lat="36.12392999231815" lon="139.34528999961913">
        <ele>41.16</ele>
      </trkpt>
      <trkpt lat="36.124235428869724" lon="139.34538681060076">
        <ele>40.99</ele>
      </trkpt>
      <trkpt lat="36.12432863563299" lon="139.34541631489992">
        <ele>40.9</ele>
      </trkpt>
      <trkpt lat="36.12433995120227" lon="139.34541991911829">
        <ele>40.84</ele>
      </trkpt>
      <trkpt lat="36.124559976160526" lon="139.3454899918288">
        <ele>40.71</ele>
      </trkpt>
      <trkpt lat="36.124445144087076" lon="139.34575762599707">
        <ele>40.69</ele>
      </trkpt>
      <trkpt lat="36.12443994730711" lon="139.34576994739473">
        <ele>40.63</ele>
      </trkpt>
      <trkpt lat="36.12430994398892" lon="139.34603992849588">
        <ele>40.59</ele>
      </trkpt>
      <trkpt lat="36.12424146384001" lon="139.3464194610715">
        <ele>40.51</ele>
      </trkpt>
      <trkpt lat="36.12417994067073" lon="139.34675993397832">
        <ele>40.4</ele>
      </trkpt>
      <trkpt lat="36.12412487156689" lon="139.34714273549616">
        <ele>40.3</ele>
      </trkpt>
      <trkpt lat="36.12406971864402" lon="139.34752562083304">
        <ele>40.22</ele>
      </trkpt>
      <trkpt lat="36.124014649540186" lon="139.34790842235088">
        <ele>40.15</ele>
      </trkpt>
      <trkpt lat="36.12398992292583" lon="139.3480799999088">
        <ele>40.06</ele>
      </trkpt>
      <trkpt lat="36.12393996678293" lon="139.34839993715286">
        <ele>39.94</ele>
      </trkpt>
      <trkpt lat="36.124169966205955" lon="139.348439918831">
        <ele>39.89</ele>
      </trkpt>
      <trkpt lat="36.12447967752814" lon="139.34851334430277">
        <ele>39.76</ele>
      </trkpt>
      <trkpt lat="36.12454991787672" lon="139.34852994047105">
        <ele>39.71</ele>
      </trkpt>
      <trkpt lat="36.12478997558355" lon="139.34854997321963">
        <ele>39.73</ele>
      </trkpt>
      <trkpt lat="36.125095915049314" lon="139.34864443726838">
        <ele>39.85</ele>
      </trkpt>
      <trkpt lat="36.125401854515076" lon="139.34873890131712">
        <ele>39.84</ele>
      </trkpt>
      <trkpt lat="36.12546999938786" lon="139.34875993989408">
        <ele>39.76</ele>
      </trkpt>
      <trkpt lat="36.12536774016917" lon="139.34912782162428">
        <ele>39.7</ele>
      </trkpt>
      <trkpt lat="36.125269923359156" lon="139.34947994537652">
        <ele>39.44</ele>
      </trkpt>
      <trkpt lat="36.1255766171962" lon="139.34957114048302">
        <ele>39.37</ele>
      </trkpt>
      <trkpt lat="36.12588322721422" lon="139.3496622517705">
        <ele>39.36</ele>
      </trkpt>
      <trkpt lat="36.12599831074476" lon="139.34969644993544">
        <ele>39.29</ele>
      </trkpt>
      <trkpt lat="36.12600996159017" lon="139.34969997033477">
        <ele>39.17</ele>
      </trkpt>
      <trkpt lat="36.126317493617535" lon="139.34978655539453">
        <ele>38.99</ele>
      </trkpt>
      <trkpt lat="36.12662494182587" lon="139.34987305663526">
        <ele>38.81</ele>
      </trkpt>
      <trkpt lat="36.12693247385323" lon="139.34995964169502">
        <ele>38.74</ele>
      </trkpt>
      <trkpt lat="36.127240005880594" lon="139.35004622675478">
        <ele>38.72</ele>
      </trkpt>
      <trkpt lat="36.12735995091498" lon="139.35007992200553">
        <ele>38.65</ele>
      </trkpt>
      <trkpt lat="36.12765625119209" lon="139.3499466497451">
        <ele>38.51</ele>
      </trkpt>
      <trkpt lat="36.127759935334325" lon="139.34989996254444">
        <ele>38.42</ele>
      </trkpt>
      <trkpt lat="36.12793997861445" lon="139.34976995922625">
        <ele>38.3</ele>
      </trkpt>
      <trkpt lat="36.12818732857704" lon="139.34952864423394">
        <ele>38.19</ele>
      </trkpt>
      <trkpt lat="36.12834993749857" lon="139.3493699748069">
        <ele>38.13</ele>
      </trkpt>
      <trkpt lat="36.1285831220448" lon="139.34910812415183">
        <ele>38.07</ele>
      </trkpt>
      <trkpt lat="36.128816306591034" lon="139.34884627349675">
        <ele>38.02</ele>
      </trkpt>
      <trkpt lat="36.128919990733266" lon="139.34872993268073">
        <ele>37.94</ele>
      </trkpt>
      <trkpt lat="36.1290099285543" lon="139.34896999038756">
        <ele>37.81</ele>
      </trkpt>
      <trkpt lat="36.12909357994795" lon="139.3491279054433">
        <ele>37.65</ele>
      </trkpt>
      <trkpt lat="36.129089975729585" lon="139.34912991710007">
        <ele>37.43</ele>
      </trkpt>
      <trkpt lat="36.129199946299195" lon="139.34933996759355">
        <ele>37.19</ele>
      </trkpt>
      <trkpt lat="36.12926993519068" lon="139.34963995590806">
        <ele>36.9</ele>
      </trkpt>
      <trkpt lat="36.12941997125745" lon="139.34983994811773">
        <ele>36.72</ele>
      </trkpt>
      <trkpt lat="36.129564978182316" lon="139.3501852825284">
        <ele>36.55</ele>
      </trkpt>
      <trkpt lat="36.129629937931895" lon="139.35033992864192">
        <ele>36.42</ele>
      </trkpt>
      <trkpt lat="36.1296899523586" lon="139.3504099175334">
        <ele>36.33</ele>
      </trkpt>
      <trkpt lat="36.12976999953389" lon="139.35051997192204">
        <ele>36.25</ele>
      </trkpt>
      <trkpt lat="36.129779973998666" lon="139.35055995360017">
        <ele>36.2</ele>
      </trkpt>
      <trkpt lat="36.12958995625377" lon="139.3505999352783">
        <ele>36.15</ele>
      </trkpt>
      <trkpt lat="36.12966991961002" lon="139.35086991637945">
        <ele>36.18</ele>
      </trkpt>
      <trkpt lat="36.12967997789383" lon="139.35087997466326">
        <ele>36.19</ele>
      </trkpt>
      <trkpt lat="36.12994886934757" lon="139.35108315199614">
        <ele>36.19</ele>
      </trkpt>
      <trkpt lat="36.130217760801315" lon="139.35128641314805">
        <ele>36.28</ele>
      </trkpt>
      <trkpt lat="36.13048665225506" lon="139.35148967429996">
        <ele>36.36</ele>
      </trkpt>
      <trkpt lat="36.13075562752783" lon="139.35169285163283">
        <ele>36.55</ele>
      </trkpt>
      <trkpt lat="36.131024518981576" lon="139.35189611278474">
        <ele>36.96</ele>
      </trkpt>
      <trkpt lat="36.13129341043532" lon="139.35209937393665">
        <ele>37.4</ele>
      </trkpt>
      <trkpt lat="36.13156230188906" lon="139.35230255126953">
        <ele>37.89</ele>
      </trkpt>
      <trkpt lat="36.131831193342805" lon="139.35250581242144">
        <ele>38.23</ele>
      </trkpt>
      <trkpt lat="36.13184996880591" lon="139.3525199778378">
        <ele>38.5</ele>
      </trkpt>
      <trkpt lat="36.132021294906735" lon="139.35219350270927">
        <ele>38.89</ele>
      </trkpt>
      <trkpt lat="36.132059935480356" lon="139.35211999341846">
        <ele>39.05</ele>
      </trkpt>
      <trkpt lat="36.13210997544229" lon="139.35196995735168">
        <ele>39.23</ele>
      </trkpt>
      <trkpt lat="36.13210997544229" lon="139.35172998346388">
        <ele>39.29</ele>
      </trkpt>
      <trkpt lat="36.13218993879855" lon="139.35175999067724">
        <ele>39.31</ele>
      </trkpt>
      <trkpt lat="36.132479617372155" lon="139.35191388241947">
        <ele>39.31</ele>
      </trkpt>
      <trkpt lat="36.132509959861636" lon="139.35192997567356">
        <ele>39.34</ele>
      </trkpt>
      <trkpt lat="36.13279997371137" lon="139.35206995345652">
        <ele>39.35</ele>
      </trkpt>
      <trkpt lat="36.133115384727716" lon="139.3520746473223">
        <ele>39.29</ele>
      </trkpt>
      <trkpt lat="36.13343079574406" lon="139.35207934118807">
        <ele>39.17</ele>
      </trkpt>
      <trkpt lat="36.13346993923187" lon="139.3520799279213">
        <ele>39.19</ele>
      </trkpt>
      <trkpt lat="36.13354998640716" lon="139.3518399540335">
        <ele>39.22</ele>
      </trkpt>
      <trkpt lat="36.13367998972535" lon="139.35154994018376">
        <ele>39.19</ele>
      </trkpt>
      <trkpt lat="36.13377998583019" lon="139.3513399735093">
        <ele>39.13</ele>
      </trkpt>
      <trkpt lat="36.13403630442917" lon="139.35156653635204">
        <ele>38.93</ele>
      </trkpt>
      <trkpt lat="36.13420997746289" lon="139.35171992518008">
        <ele>38.78</ele>
      </trkpt>
      <trkpt lat="36.13435992971063" lon="139.35188999399543">
        <ele>38.6</ele>
      </trkpt>
      <trkpt lat="36.1346566490829" lon="139.35202184133232">
        <ele>38.39</ele>
      </trkpt>
      <trkpt lat="36.13480995409191" lon="139.3520899862051">
        <ele>38.15</ele>
      </trkpt>
      <trkpt lat="36.13498999737203" lon="139.35225997120142">
        <ele>37.93</ele>
      </trkpt>
      <trkpt lat="36.13519996404648" lon="139.35233993455768">
        <ele>37.73</ele>
      </trkpt>
      <trkpt lat="36.13533994182944" lon="139.35235996730626">
        <ele>37.56</ele>
      </trkpt>
      <trkpt lat="36.1356099229306" lon="139.352509919554">
        <ele>37.42</ele>
      </trkpt>
    </trkseg>
  </trk>
</gpx>
