<?xml version="1.0" encoding="UTF-8"?>
<gpx creator="Garmin Connect" version="1.1"
  xsi:schemaLocation="http://www.topografix.com/GPX/1/1 http://www.topografix.com/GPX/11.xsd"
  xmlns:ns3="http://www.garmin.com/xmlschemas/TrackPointExtension/v1"
  xmlns="http://www.topografix.com/GPX/1/1"
  xmlns:xsi="http://www.w3.org/2001/XMLSchema-instance" xmlns:ns2="http://www.garmin.com/xmlschemas/GpxExtensions/v3">
  <metadata>
    <name>return_2026_kumagaya</name>
    <link href="connect.garmin.com">
      <text>Garmin Connect</text>
    </link>
    <time>2026-05-14T04:59:38.000Z</time>
  </metadata>
  <trk>
    <name>return_2026_kumagaya</name>
    <trkseg>
      <trkpt lat="36.13564998842776" lon="139.35289984568954">
        <ele>35.36</ele>
      </trkpt>
      <trkpt lat="36.13565996289253" lon="139.35301995836198">
        <ele>35.35</ele>
      </trkpt>
      <trkpt lat="36.13568997010589" lon="139.35304996557534">
        <ele>35.32</ele>
      </trkpt>
      <trkpt lat="36.13566993735731" lon="139.35311995446682">
        <ele>35.33</ele>
      </trkpt>
      <trkpt lat="36.13569994457066" lon="139.35323998332024">
        <ele>35.36</ele>
      </trkpt>
      <trkpt lat="36.135709919035435" lon="139.3534299172461">
        <ele>35.31</ele>
      </trkpt>
      <trkpt lat="36.13571997731924" lon="139.35344994999468">
        <ele>35.28</ele>
      </trkpt>
      <trkpt lat="36.135689886286855" lon="139.35366025194526">
        <ele>35.17</ele>
      </trkpt>
      <trkpt lat="36.13568997010589" lon="139.35365991666913">
        <ele>35.09</ele>
      </trkpt>
      <trkpt lat="36.13562760874629" lon="139.35404112562537">
        <ele>35.02</ele>
      </trkpt>
      <trkpt lat="36.135565247386694" lon="139.3544223345816">
        <ele>34.88</ele>
      </trkpt>
      <trkpt lat="36.1355028860271" lon="139.35480345971882">
        <ele>34.69</ele>
      </trkpt>
      <trkpt lat="36.1354405246675" lon="139.35518466867507">
        <ele>34.55</ele>
      </trkpt>
      <trkpt lat="36.135378163307905" lon="139.3555658776313">
        <ele>34.67</ele>
      </trkpt>
      <trkpt lat="36.13531588576734" lon="139.35594700276852">
        <ele>34.68</ele>
      </trkpt>
      <trkpt lat="36.135253524407744" lon="139.35632821172476">
        <ele>34.57</ele>
      </trkpt>
      <trkpt lat="36.13519116304815" lon="139.35670933686197">
        <ele>34.66</ele>
      </trkpt>
      <trkpt lat="36.13512880168855" lon="139.3570905458182">
        <ele>34.98</ele>
      </trkpt>
      <trkpt lat="36.135066440328956" lon="139.35747175477445">
        <ele>35.02</ele>
      </trkpt>
      <trkpt lat="36.13500416278839" lon="139.35785287991166">
        <ele>34.65</ele>
      </trkpt>
      <trkpt lat="36.134941801428795" lon="139.3582340888679">
        <ele>34.12</ele>
      </trkpt>
      <trkpt lat="36.13489997573197" lon="139.35848998837173">
        <ele>33.84</ele>
      </trkpt>
      <trkpt lat="36.13484180532396" lon="139.35887211933732">
        <ele>33.84</ele>
      </trkpt>
      <trkpt lat="36.13478363491595" lon="139.35925433412194">
        <ele>33.81</ele>
      </trkpt>
      <trkpt lat="36.13472546450794" lon="139.35963646508753">
        <ele>33.82</ele>
      </trkpt>
      <trkpt lat="36.13466729409993" lon="139.36001867987216">
        <ele>33.96</ele>
      </trkpt>
      <trkpt lat="36.13460912369192" lon="139.36040081083775">
        <ele>34.01</ele>
      </trkpt>
      <trkpt lat="36.13455103710294" lon="139.36078302562237">
        <ele>33.97</ele>
      </trkpt>
      <trkpt lat="36.13449286669493" lon="139.361165240407">
        <ele>33.92</ele>
      </trkpt>
      <trkpt lat="36.13447995856404" lon="139.36124998144805">
        <ele>33.88</ele>
      </trkpt>
      <trkpt lat="36.134411143139005" lon="139.36162943020463">
        <ele>33.88</ele>
      </trkpt>
      <trkpt lat="36.134342411533" lon="139.36200896278024">
        <ele>33.79</ele>
      </trkpt>
      <trkpt lat="36.13427359610796" lon="139.3623884115368">
        <ele>33.6</ele>
      </trkpt>
      <trkpt lat="36.13420478068292" lon="139.3627678602934">
        <ele>33.39</ele>
      </trkpt>
      <trkpt lat="36.134136049076915" lon="139.363147392869">
        <ele>33.32</ele>
      </trkpt>
      <trkpt lat="36.13406723365188" lon="139.36352684162557">
        <ele>33.35</ele>
      </trkpt>
      <trkpt lat="36.13399850204587" lon="139.36390637420118">
        <ele>33.28</ele>
      </trkpt>
      <trkpt lat="36.13392968662083" lon="139.36428582295775">
        <ele>33.08</ele>
      </trkpt>
      <trkpt lat="36.13389993086457" lon="139.36444994062185">
        <ele>32.89</ele>
      </trkpt>
      <trkpt lat="36.13382273353636" lon="139.3648269586265">
        <ele>32.64</ele>
      </trkpt>
      <trkpt lat="36.13374553620815" lon="139.36520397663116">
        <ele>32.39</ele>
      </trkpt>
      <trkpt lat="36.13366833887994" lon="139.36558099463582">
        <ele>32.09</ele>
      </trkpt>
      <trkpt lat="36.13359114155173" lon="139.36595801264048">
        <ele>31.89</ele>
      </trkpt>
      <trkpt lat="36.13351394422352" lon="139.36633503064513">
        <ele>31.74</ele>
      </trkpt>
      <trkpt lat="36.13346993923187" lon="139.36654994264245">
        <ele>31.65</ele>
      </trkpt>
      <trkpt lat="36.133374301716685" lon="139.36692050658166">
        <ele>31.57</ele>
      </trkpt>
      <trkpt lat="36.13330992870033" lon="139.36716995202005">
        <ele>31.44</ele>
      </trkpt>
      <trkpt lat="36.1331938393414" lon="139.36753154732287">
        <ele>31.1</ele>
      </trkpt>
      <trkpt lat="36.13307783380151" lon="139.36789305880666">
        <ele>30.73</ele>
      </trkpt>
      <trkpt lat="36.13296174444258" lon="139.36825457029045">
        <ele>30.42</ele>
      </trkpt>
      <trkpt lat="36.132845655083656" lon="139.36861616559327">
        <ele>30.2</ele>
      </trkpt>
      <trkpt lat="36.13272956572473" lon="139.36897767707705">
        <ele>30.12</ele>
      </trkpt>
      <trkpt lat="36.132613476365805" lon="139.36933927237988">
        <ele>30.03</ele>
      </trkpt>
      <trkpt lat="36.13249738700688" lon="139.36970078386366">
        <ele>29.96</ele>
      </trkpt>
      <trkpt lat="36.13238129764795" lon="139.37006237916648">
        <ele>29.92</ele>
      </trkpt>
      <trkpt lat="36.13226529210806" lon="139.37042389065027">
        <ele>29.9</ele>
      </trkpt>
      <trkpt lat="36.13214920274913" lon="139.3707854859531">
        <ele>29.87</ele>
      </trkpt>
      <trkpt lat="36.13208994269371" lon="139.3709699716419">
        <ele>29.8</ele>
      </trkpt>
      <trkpt lat="36.13204996101558" lon="139.3710199277848">
        <ele>29.75</ele>
      </trkpt>
      <trkpt lat="36.13194518722594" lon="139.3713867198676">
        <ele>29.62</ele>
      </trkpt>
      <trkpt lat="36.13186991773546" lon="139.3716499954462">
        <ele>29.58</ele>
      </trkpt>
      <trkpt lat="36.13175139762461" lon="139.37201024964452">
        <ele>29.54</ele>
      </trkpt>
      <trkpt lat="36.131632793694735" lon="139.37237058766186">
        <ele>29.57</ele>
      </trkpt>
      <trkpt lat="36.13151418976486" lon="139.3727309256792">
        <ele>29.64</ele>
      </trkpt>
      <trkpt lat="36.13139566965401" lon="139.37309117987752">
        <ele>29.65</ele>
      </trkpt>
      <trkpt lat="36.131277065724134" lon="139.37345151789486">
        <ele>29.65</ele>
      </trkpt>
      <trkpt lat="36.13115854561329" lon="139.3738118559122">
        <ele>29.66</ele>
      </trkpt>
      <trkpt lat="36.13103994168341" lon="139.37417211011052">
        <ele>29.65</ele>
      </trkpt>
      <trkpt lat="36.130921337753534" lon="139.37453244812787">
        <ele>29.67</ele>
      </trkpt>
      <trkpt lat="36.13080281764269" lon="139.3748927861452">
        <ele>29.82</ele>
      </trkpt>
      <trkpt lat="36.13068421371281" lon="139.37525304034352">
        <ele>29.95</ele>
      </trkpt>
      <trkpt lat="36.130579859018326" lon="139.37557021155953">
        <ele>29.95</ele>
      </trkpt>
      <trkpt lat="36.13057994283736" lon="139.37556996010244">
        <ele>30.02</ele>
      </trkpt>
      <trkpt lat="36.13045496866107" lon="139.37592694535851">
        <ele>29.97</ele>
      </trkpt>
      <trkpt lat="36.130330078303814" lon="139.37628401443362">
        <ele>30.09</ele>
      </trkpt>
      <trkpt lat="36.13029998727143" lon="139.37636992894113">
        <ele>30.18</ele>
      </trkpt>
      <trkpt lat="36.130269980058074" lon="139.3763899616897">
        <ele>30.25</ele>
      </trkpt>
      <trkpt lat="36.130249947309494" lon="139.37637998722494">
        <ele>30.33</ele>
      </trkpt>
      <trkpt lat="36.13017995841801" lon="139.37655994668603">
        <ele>30.43</ele>
      </trkpt>
      <trkpt lat="36.13003117963672" lon="139.37690276652575">
        <ele>30.58</ele>
      </trkpt>
      <trkpt lat="36.129949958994985" lon="139.37708993442357">
        <ele>30.66</ele>
      </trkpt>
      <trkpt lat="36.12985993735492" lon="139.3771399743855">
        <ele>30.73</ele>
      </trkpt>
      <trkpt lat="36.129544861614704" lon="139.37712245620787">
        <ele>30.81</ele>
      </trkpt>
      <trkpt lat="36.1295001860708" lon="139.37711994163692">
        <ele>30.9</ele>
      </trkpt>
      <trkpt lat="36.129499934613705" lon="139.37711994163692">
        <ele>30.97</ele>
      </trkpt>
      <trkpt lat="36.12918536178768" lon="139.37709236517549">
        <ele>31.02</ele>
      </trkpt>
      <trkpt lat="36.12892996519804" lon="139.37706998549402">
        <ele>31.03</ele>
      </trkpt>
      <trkpt lat="36.128619918599725" lon="139.37708993442357">
        <ele>31.09</ele>
      </trkpt>
      <trkpt lat="36.12831029109657" lon="139.3771640304476">
        <ele>31.15</ele>
      </trkpt>
      <trkpt lat="36.12815991975367" lon="139.3771999888122">
        <ele>31.22</ele>
      </trkpt>
      <trkpt lat="36.127969985827804" lon="139.3771999888122">
        <ele>31.29</ele>
      </trkpt>
      <trkpt lat="36.127889938652515" lon="139.37715992331505">
        <ele>31.33</ele>
      </trkpt>
      <trkpt lat="36.12784995697439" lon="139.3770799599588">
        <ele>31.34</ele>
      </trkpt>
      <trkpt lat="36.12780989147723" lon="139.37687980011106">
        <ele>31.37</ele>
      </trkpt>
      <trkpt lat="36.12780997529626" lon="139.37687996774912">
        <ele>31.35</ele>
      </trkpt>
      <trkpt lat="36.12772992812097" lon="139.37654997222126">
        <ele>31.36</ele>
      </trkpt>
      <trkpt lat="36.12763999029994" lon="139.37639993615448">
        <ele>31.34</ele>
      </trkpt>
      <trkpt lat="36.12757997587323" lon="139.376329947263">
        <ele>31.3</ele>
      </trkpt>
      <trkpt lat="36.127499928697944" lon="139.37634998001158">
        <ele>31.21</ele>
      </trkpt>
      <trkpt lat="36.127539994195104" lon="139.3765699211508">
        <ele>31.07</ele>
      </trkpt>
      <trkpt lat="36.12754996865988" lon="139.37674996443093">
        <ele>30.91</ele>
      </trkpt>
      <trkpt lat="36.127629932016134" lon="139.3767699971795">
        <ele>30.76</ele>
      </trkpt>
      <trkpt lat="36.12768994644284" lon="139.37685993500054">
        <ele>30.58</ele>
      </trkpt>
      <trkpt lat="36.12772992812097" lon="139.37708993442357">
        <ele>30.41</ele>
      </trkpt>
      <trkpt lat="36.12774292007089" lon="139.37747843563557">
        <ele>30.27</ele>
      </trkpt>
      <trkpt lat="36.12775582820177" lon="139.37786693684757">
        <ele>30.04</ele>
      </trkpt>
      <trkpt lat="36.12776882015169" lon="139.37825543805957">
        <ele>29.7</ele>
      </trkpt>
      <trkpt lat="36.12776999361813" lon="139.37828997150064">
        <ele>29.44</ele>
      </trkpt>
      <trkpt lat="36.12776261754334" lon="139.3786786403507">
        <ele>29.14</ele>
      </trkpt>
      <trkpt lat="36.127759935334325" lon="139.37881995923817">
        <ele>28.88</ele>
      </trkpt>
      <trkpt lat="36.12779698334634" lon="139.37920611351728">
        <ele>28.59</ele>
      </trkpt>
      <trkpt lat="36.12782992422581" lon="139.37954993918538">
        <ele>28.27</ele>
      </trkpt>
      <trkpt lat="36.127829840406775" lon="139.37972000800073">
        <ele>27.97</ele>
      </trkpt>
      <trkpt lat="36.12782992422581" lon="139.3797199241817">
        <ele>27.71</ele>
      </trkpt>
      <trkpt lat="36.12784015014768" lon="139.38010859303176">
        <ele>27.55</ele>
      </trkpt>
      <trkpt lat="36.12784995697439" lon="139.3804799951613">
        <ele>27.37</ele>
      </trkpt>
      <trkpt lat="36.12784216180444" lon="139.38086866401136">
        <ele>27.02</ele>
      </trkpt>
      <trkpt lat="36.12783998250961" lon="139.38097997568548">
        <ele>26.77</ele>
      </trkpt>
      <trkpt lat="36.12784618511796" lon="139.38136872835457">
        <ele>26.55</ele>
      </trkpt>
      <trkpt lat="36.12784995697439" lon="139.38159998506308">
        <ele>26.41</ele>
      </trkpt>
      <trkpt lat="36.127868480980396" lon="139.38198806717992">
        <ele>26.24</ele>
      </trkpt>
      <trkpt lat="36.12787996418774" lon="139.38222996890545">
        <ele>26.1</ele>
      </trkpt>
      <trkpt lat="36.12785993143916" lon="139.38246994279325">
        <ele>26.04</ele>
      </trkpt>
      <trkpt lat="36.127759935334325" lon="139.38275995664299">
        <ele>26.02</ele>
      </trkpt>
      <trkpt lat="36.127669997513294" lon="139.382989956066">
        <ele>25.92</ele>
      </trkpt>
      <trkpt lat="36.12748802639544" lon="139.38330754637718">
        <ele>25.74</ele>
      </trkpt>
      <trkpt lat="36.127306055277586" lon="139.38362513668835">
        <ele>25.59</ele>
      </trkpt>
      <trkpt lat="36.12712408415973" lon="139.38394272699952">
        <ele>25.51</ele>
      </trkpt>
      <trkpt lat="36.12711997702718" lon="139.38394993543625">
        <ele>25.45</ele>
      </trkpt>
      <trkpt lat="36.12695929594338" lon="139.38428454101086">
        <ele>25.4</ele>
      </trkpt>
      <trkpt lat="36.12679861485958" lon="139.38461914658546">
        <ele>25.2</ele>
      </trkpt>
      <trkpt lat="36.12663793377578" lon="139.38495375216007">
        <ele>25.15</ele>
      </trkpt>
      <trkpt lat="36.126477252691984" lon="139.38528827391565">
        <ele>25.27</ele>
      </trkpt>
      <trkpt lat="36.12631665542722" lon="139.38562287949026">
        <ele>25.35</ele>
      </trkpt>
      <trkpt lat="36.12615597434342" lon="139.38595748506486">
        <ele>25.28</ele>
      </trkpt>
      <trkpt lat="36.126149939373136" lon="139.3859699741006">
        <ele>25.28</ele>
      </trkpt>
      <trkpt lat="36.1260499432683" lon="139.38614993356168">
        <ele>25.24</ele>
      </trkpt>
      <trkpt lat="36.12582229077816" lon="139.38641907647252">
        <ele>25.29</ele>
      </trkpt>
      <trkpt lat="36.12559455446899" lon="139.38668813556433">
        <ele>25.36</ele>
      </trkpt>
      <trkpt lat="36.12538995221257" lon="139.38692995347083">
        <ele>25.43</ele>
      </trkpt>
      <trkpt lat="36.1251484695822" lon="139.38718006946146">
        <ele>25.38</ele>
      </trkpt>
      <trkpt lat="36.12510999664664" lon="139.38721996732056">
        <ele>25.41</ele>
      </trkpt>
      <trkpt lat="36.12483657896519" lon="139.38741392455995">
        <ele>25.46</ele>
      </trkpt>
      <trkpt lat="36.12456324510276" lon="139.38760796561837">
        <ele>25.51</ele>
      </trkpt>
      <trkpt lat="36.124489987269044" lon="139.38765993341804">
        <ele>25.51</ele>
      </trkpt>
      <trkpt lat="36.124220760539174" lon="139.38786269165576">
        <ele>25.51</ele>
      </trkpt>
      <trkpt lat="36.123951617628336" lon="139.38806536607444">
        <ele>25.59</ele>
      </trkpt>
      <trkpt lat="36.1236824747175" lon="139.38826804049313">
        <ele>25.62</ele>
      </trkpt>
      <trkpt lat="36.12341333180666" lon="139.38847079873085">
        <ele>25.66</ele>
      </trkpt>
      <trkpt lat="36.12314410507679" lon="139.38867347314954">
        <ele>25.69</ele>
      </trkpt>
      <trkpt lat="36.12287496216595" lon="139.38887614756823">
        <ele>25.67</ele>
      </trkpt>
      <trkpt lat="36.12286993302405" lon="139.38887991942465">
        <ele>25.66</ele>
      </trkpt>
      <trkpt lat="36.122605400159955" lon="139.38909164629877">
        <ele>25.64</ele>
      </trkpt>
      <trkpt lat="36.12234078347683" lon="139.38930328935385">
        <ele>25.49</ele>
      </trkpt>
      <trkpt lat="36.122319996356964" lon="139.38931996934116">
        <ele>25.45</ele>
      </trkpt>
      <trkpt lat="36.12208245322108" lon="139.38957578502595">
        <ele>25.3</ele>
      </trkpt>
      <trkpt lat="36.12205998972058" lon="139.3895999249071">
        <ele>25.23</ele>
      </trkpt>
      <trkpt lat="36.121850023046136" lon="139.3898901063949">
        <ele>25.23</ele>
      </trkpt>
      <trkpt lat="36.121719935908914" lon="139.39006998203695">
        <ele>25.22</ele>
      </trkpt>
      <trkpt lat="36.12152572721243" lon="139.39037634059787">
        <ele>25.14</ele>
      </trkpt>
      <trkpt lat="36.121331602334976" lon="139.3906826991588">
        <ele>24.99</ele>
      </trkpt>
      <trkpt lat="36.12113739363849" lon="139.3909890577197">
        <ele>24.92</ele>
      </trkpt>
      <trkpt lat="36.12094318494201" lon="139.39129541628063">
        <ele>24.81</ele>
      </trkpt>
      <trkpt lat="36.12074897624552" lon="139.39160177484155">
        <ele>24.77</ele>
      </trkpt>
      <trkpt lat="36.120559964329004" lon="139.39189991913736">
        <ele>24.75</ele>
      </trkpt>
      <trkpt lat="36.12036961130798" lon="139.39220996573567">
        <ele>24.58</ele>
      </trkpt>
      <trkpt lat="36.120179342105985" lon="139.392520012334">
        <ele>24.45</ele>
      </trkpt>
      <trkpt lat="36.11998898908496" lon="139.3928300589323">
        <ele>24.5</ele>
      </trkpt>
      <trkpt lat="36.119939954951406" lon="139.39290993846953">
        <ele>24.45</ele>
      </trkpt>
      <trkpt lat="36.11973694525659" lon="139.39320749603212">
        <ele>24.42</ele>
      </trkpt>
      <trkpt lat="36.119533935561776" lon="139.3935050535947">
        <ele>24.41</ele>
      </trkpt>
      <trkpt lat="36.11936001107097" lon="139.39375969581306">
        <ele>24.37</ele>
      </trkpt>
      <trkpt lat="36.119359927251935" lon="139.39375994727015">
        <ele>24.36</ele>
      </trkpt>
      <trkpt lat="36.119156666100025" lon="139.39405725337565">
        <ele>24.4</ele>
      </trkpt>
      <trkpt lat="36.118953404948115" lon="139.3943544756621">
        <ele>24.44</ele>
      </trkpt>
      <trkpt lat="36.118750143796206" lon="139.3946517817676">
        <ele>24.4</ele>
      </trkpt>
      <trkpt lat="36.11855995841324" lon="139.39492997713387">
        <ele>24.38</ele>
      </trkpt>
      <trkpt lat="36.11838745884597" lon="139.39525544643402">
        <ele>24.37</ele>
      </trkpt>
      <trkpt lat="36.1182149592787" lon="139.39558091573417">
        <ele>24.43</ele>
      </trkpt>
      <trkpt lat="36.118042543530464" lon="139.39590646885335">
        <ele>24.52</ele>
      </trkpt>
      <trkpt lat="36.117870043963194" lon="139.3962319381535">
        <ele>24.52</ele>
      </trkpt>
      <trkpt lat="36.117697544395924" lon="139.39655740745366">
        <ele>24.66</ele>
      </trkpt>
      <trkpt lat="36.11752504482865" lon="139.3968828767538">
        <ele>24.85</ele>
      </trkpt>
      <trkpt lat="36.11735254526138" lon="139.397208429873">
        <ele>24.89</ele>
      </trkpt>
      <trkpt lat="36.117319939658046" lon="139.39726995304227">
        <ele>24.97</ele>
      </trkpt>
      <trkpt lat="36.11717493273318" lon="139.3976152036339">
        <ele>25.08</ele>
      </trkpt>
      <trkpt lat="36.1171099729836" lon="139.39776993356645">
        <ele>25.22</ele>
      </trkpt>
      <trkpt lat="36.11702489666641" lon="139.3981442693621">
        <ele>25.38</ele>
      </trkpt>
      <trkpt lat="36.11700997687876" lon="139.39820998348296">
        <ele>25.5</ele>
      </trkpt>
      <trkpt lat="36.1169474478811" lon="139.39859102480114">
        <ele>25.63</ele>
      </trkpt>
      <trkpt lat="36.116885002702475" lon="139.3989720661193">
        <ele>25.71</ele>
      </trkpt>
      <trkpt lat="36.11682255752385" lon="139.3993531074375">
        <ele>25.83</ele>
      </trkpt>
      <trkpt lat="36.11680998466909" lon="139.39942996948957">
        <ele>25.92</ele>
      </trkpt>
      <trkpt lat="36.116710072383285" lon="139.3997986894101">
        <ele>26.02</ele>
      </trkpt>
      <trkpt lat="36.1166799813509" lon="139.39990991726518">
        <ele>26.08</ele>
      </trkpt>
      <trkpt lat="36.116629941388965" lon="139.40004997886717">
        <ele>26.13</ele>
      </trkpt>
      <trkpt lat="36.116629941388965" lon="139.40015994943678">
        <ele>26.14</ele>
      </trkpt>
      <trkpt lat="36.116569926962256" lon="139.40020998939872">
        <ele>26.16</ele>
      </trkpt>
      <trkpt lat="36.11645299941301" lon="139.40057099796832">
        <ele>26.12</ele>
      </trkpt>
      <trkpt lat="36.11633992753923" lon="139.40091993659735">
        <ele>25.95</ele>
      </trkpt>
      <trkpt lat="36.11627999693155" lon="139.40121992491186">
        <ele>25.84</ele>
      </trkpt>
      <trkpt lat="36.116264406591654" lon="139.4016082584858">
        <ele>25.81</ele>
      </trkpt>
      <trkpt lat="36.11625996418297" lon="139.40171998925507">
        <ele>25.73</ele>
      </trkpt>
      <trkpt lat="36.11625443212688" lon="139.40210865810513">
        <ele>25.6</ele>
      </trkpt>
      <trkpt lat="36.116248816251755" lon="139.4024973269552">
        <ele>25.48</ele>
      </trkpt>
      <trkpt lat="36.11624328419566" lon="139.4028860796243">
        <ele>25.44</ele>
      </trkpt>
      <trkpt lat="36.11623993143439" lon="139.40311993472278">
        <ele>25.38</ele>
      </trkpt>
      <trkpt lat="36.116159968078136" lon="139.40344993025064">
        <ele>25.21</ele>
      </trkpt>
      <trkpt lat="36.11601261422038" lon="139.4037936720997">
        <ele>25.02</ele>
      </trkpt>
      <trkpt lat="36.116009932011366" lon="139.4037999585271">
        <ele>24.87</ele>
      </trkpt>
      <trkpt lat="36.115789990872145" lon="139.4040785729885">
        <ele>24.67</ele>
      </trkpt>
      <trkpt lat="36.11570994369686" lon="139.40417999401689">
        <ele>24.47</ele>
      </trkpt>
      <trkpt lat="36.11551565118134" lon="139.40448618493974">
        <ele>24.27</ele>
      </trkpt>
      <trkpt lat="36.11537994816899" lon="139.40469992347062">
        <ele>24.11</ele>
      </trkpt>
      <trkpt lat="36.11514567397535" lon="139.40496026538312">
        <ele>23.94</ele>
      </trkpt>
      <trkpt lat="36.11510996706784" lon="139.40499999560416">
        <ele>23.77</ele>
      </trkpt>
      <trkpt lat="36.11485063098371" lon="139.4047786295414">
        <ele>23.53</ele>
      </trkpt>
      <trkpt lat="36.11470025964081" lon="139.40465030260384">
        <ele>23.32</ele>
      </trkpt>
      <trkpt lat="36.114699924364686" lon="139.4046499673277">
        <ele>23.14</ele>
      </trkpt>
      <trkpt lat="36.11459992825985" lon="139.40457997843623">
        <ele>22.97</ele>
      </trkpt>
      <trkpt lat="36.114459950476885" lon="139.4044199679047">
        <ele>22.82</ele>
      </trkpt>
      <trkpt lat="36.11423992551863" lon="139.40430999733508">
        <ele>22.7</ele>
      </trkpt>
      <trkpt lat="36.11393138766289" lon="139.4042294472456">
        <ele>22.55</ele>
      </trkpt>
      <trkpt lat="36.11377992667258" lon="139.40418996848166">
        <ele>22.37</ele>
      </trkpt>
      <trkpt lat="36.11346568912268" lon="139.404156524688">
        <ele>22.18</ele>
      </trkpt>
      <trkpt lat="36.11331054009497" lon="139.40413992851973">
        <ele>22.08</ele>
      </trkpt>
      <trkpt lat="36.11330995336175" lon="139.40413992851973">
        <ele>21.96</ele>
      </trkpt>
      <trkpt lat="36.11318992450833" lon="139.40401998348534">
        <ele>21.86</ele>
      </trkpt>
      <trkpt lat="36.11304994672537" lon="139.40402995795012">
        <ele>21.78</ele>
      </trkpt>
      <trkpt lat="36.11304265446961" lon="139.40364128910005">
        <ele>21.65</ele>
      </trkpt>
      <trkpt lat="36.11303527839482" lon="139.40325270406902">
        <ele>21.54</ele>
      </trkpt>
      <trkpt lat="36.11302999779582" lon="139.40296998247504">
        <ele>21.43</ele>
      </trkpt>
      <trkpt lat="36.11271475441754" lon="139.4029846508056">
        <ele>21.4</ele>
      </trkpt>
      <trkpt lat="36.11239959485829" lon="139.40299931913614">
        <ele>21.31</ele>
      </trkpt>
      <trkpt lat="36.11208435148001" lon="139.40301390364766">
        <ele>21.24</ele>
      </trkpt>
      <trkpt lat="36.11176919192076" lon="139.4030285719782">
        <ele>21.19</ele>
      </trkpt>
      <trkpt lat="36.111740274354815" lon="139.40302991308272">
        <ele>21.15</ele>
      </trkpt>
      <trkpt lat="36.11173993907869" lon="139.40302999690175">
        <ele>21.11</ele>
      </trkpt>
      <trkpt lat="36.11142469570041" lon="139.4030419830233">
        <ele>21.11</ele>
      </trkpt>
      <trkpt lat="36.111109368503094" lon="139.40305396914482">
        <ele>21.13</ele>
      </trkpt>
      <trkpt lat="36.11079412512481" lon="139.4030660390854">
        <ele>21.12</ele>
      </trkpt>
      <trkpt lat="36.11047888174653" lon="139.40307802520692">
        <ele>21.11</ele>
      </trkpt>
      <trkpt lat="36.11016355454922" lon="139.4030900951475">
        <ele>21.1</ele>
      </trkpt>
      <trkpt lat="36.109848311170936" lon="139.40310208126903">
        <ele>21.06</ele>
      </trkpt>
      <trkpt lat="36.109533067792654" lon="139.4031141512096">
        <ele>21.02</ele>
      </trkpt>
      <trkpt lat="36.10937993042171" lon="139.40311993472278">
        <ele>21.02</ele>
      </trkpt>
      <trkpt lat="36.10908882692456" lon="139.40297048538923">
        <ele>21.03</ele>
      </trkpt>
      <trkpt lat="36.10900995321572" lon="139.40292991697788">
        <ele>21.05</ele>
      </trkpt>
      <trkpt lat="36.10872513614595" lon="139.4027629494667">
        <ele>21.09</ele>
      </trkpt>
      <trkpt lat="36.10872019082308" lon="139.40276009961963">
        <ele>21.1</ele>
      </trkpt>
      <trkpt lat="36.10871993936598" lon="139.40275993198156">
        <ele>21.12</ele>
      </trkpt>
      <trkpt lat="36.10843637958169" lon="139.40258977934718">
        <ele>21.1</ele>
      </trkpt>
      <trkpt lat="36.108152735978365" lon="139.4024196267128">
        <ele>21.08</ele>
      </trkpt>
      <trkpt lat="36.10786917619407" lon="139.40224947407842">
        <ele>21.14</ele>
      </trkpt>
      <trkpt lat="36.10771997831762" lon="139.40215995535254">
        <ele>21.17</ele>
      </trkpt>
      <trkpt lat="36.10786071047187" lon="139.40181210637093">
        <ele>21.22</ele>
      </trkpt>
      <trkpt lat="36.10788996331394" lon="139.40173993818462">
        <ele>21.24</ele>
      </trkpt>
      <trkpt lat="36.10776993446052" lon="139.40176994539797">
        <ele>21.29</ele>
      </trkpt>
      <trkpt lat="36.107600536197424" lon="139.4018596317619">
        <ele>21.3</ele>
      </trkpt>
      <trkpt lat="36.1075999494642" lon="139.40185996703804">
        <ele>21.34</ele>
      </trkpt>
      <trkpt lat="36.10731312073767" lon="139.40202157013118">
        <ele>21.36</ele>
      </trkpt>
      <trkpt lat="36.10702620819211" lon="139.40218325704336">
        <ele>21.38</ele>
      </trkpt>
      <trkpt lat="36.10673937946558" lon="139.4023448601365">
        <ele>21.41</ele>
      </trkpt>
      <trkpt lat="36.10645246692002" lon="139.40250646322966">
        <ele>21.46</ele>
      </trkpt>
      <trkpt lat="36.10616563819349" lon="139.40266815014184">
        <ele>21.54</ele>
      </trkpt>
      <trkpt lat="36.10587880946696" lon="139.40282975323498">
        <ele>21.56</ele>
      </trkpt>
      <trkpt lat="36.105629950761795" lon="139.40296998247504">
        <ele>21.58</ele>
      </trkpt>
      <trkpt lat="36.10558192245662" lon="139.40258575603366">
        <ele>21.67</ele>
      </trkpt>
      <trkpt lat="36.10557999461889" lon="139.40257033333182">
        <ele>21.71</ele>
      </trkpt>
      <trkpt lat="36.10557999461889" lon="139.4025699980557">
        <ele>21.73</ele>
      </trkpt>
      <trkpt lat="36.105530709028244" lon="139.4021860230714">
        <ele>21.8</ele>
      </trkpt>
      <trkpt lat="36.10552995465696" lon="139.40217998810112">
        <ele>21.81</ele>
      </trkpt>
      <trkpt lat="36.1052599735558" lon="139.40217998810112">
        <ele>21.86</ele>
      </trkpt>
      <trkpt lat="36.104944897815585" lon="139.40219775773585">
        <ele>21.8</ele>
      </trkpt>
      <trkpt lat="36.10472998581827" lon="139.40220999531448">
        <ele>21.73</ele>
      </trkpt>
      <trkpt lat="36.104418598115444" lon="139.402272189036">
        <ele>21.65</ele>
      </trkpt>
      <trkpt lat="36.10417996533215" lon="139.4023199658841">
        <ele>21.67</ele>
      </trkpt>
      <trkpt lat="36.10389992594719" lon="139.40241996198893">
        <ele>21.71</ele>
      </trkpt>
      <trkpt lat="36.10369783826172" lon="139.40271835774183">
        <ele>21.7</ele>
      </trkpt>
      <trkpt lat="36.10368995927274" lon="139.4027299247682">
        <ele>21.65</ele>
      </trkpt>
      <trkpt lat="36.10344998538494" lon="139.4028699863702">
        <ele>21.58</ele>
      </trkpt>
      <trkpt lat="36.10315200872719" lon="139.4029976427555">
        <ele>21.51</ele>
      </trkpt>
      <trkpt lat="36.10288999043405" lon="139.403109960258">
        <ele>21.41</ele>
      </trkpt>
      <trkpt lat="36.10260173678398" lon="139.40326779149473">
        <ele>21.34</ele>
      </trkpt>
      <trkpt lat="36.102469973266125" lon="139.40333995968103">
        <ele>21.26</ele>
      </trkpt>
      <trkpt lat="36.10216478817165" lon="139.40343836322427">
        <ele>21.12</ele>
      </trkpt>
      <trkpt lat="36.101859686896205" lon="139.40353685058653">
        <ele>20.98</ele>
      </trkpt>
      <trkpt lat="36.101849963888526" lon="139.4035399518907">
        <ele>20.86</ele>
      </trkpt>
      <trkpt lat="36.101878294721246" lon="139.4039271119982">
        <ele>20.69</ele>
      </trkpt>
      <trkpt lat="36.101906625553966" lon="139.40431418828666">
        <ele>20.54</ele>
      </trkpt>
      <trkpt lat="36.101934956386685" lon="139.40470126457512">
        <ele>20.36</ele>
      </trkpt>
      <trkpt lat="36.10193998552859" lon="139.40476999618113">
        <ele>20.24</ele>
      </trkpt>
      <trkpt lat="36.10198977403343" lon="139.40515371970832">
        <ele>20.17</ele>
      </trkpt>
      <trkpt lat="36.1020396463573" lon="139.40553752705455">
        <ele>20.09</ele>
      </trkpt>
      <trkpt lat="36.10203989781439" lon="139.40553945489228">
        <ele>19.99</ele>
      </trkpt>
      <trkpt lat="36.102039981633425" lon="139.40553995780647">
        <ele>19.89</ele>
      </trkpt>
      <trkpt lat="36.10208993777633" lon="139.4058899860829">
        <ele>19.64</ele>
      </trkpt>
      <trkpt lat="36.101778550073504" lon="139.40595159307122">
        <ele>19.56</ele>
      </trkpt>
      <trkpt lat="36.10146707855165" lon="139.40601328387856">
        <ele>19.51</ele>
      </trkpt>
      <trkpt lat="36.10115569084883" lon="139.4060749746859">
        <ele>19.46</ele>
      </trkpt>
      <trkpt lat="36.10084421932697" lon="139.40613666549325">
        <ele>19.44</ele>
      </trkpt>
      <trkpt lat="36.10053283162415" lon="139.40619827248156">
        <ele>19.42</ele>
      </trkpt>
      <trkpt lat="36.100221360102296" lon="139.4062599632889">
        <ele>19.43</ele>
      </trkpt>
      <trkpt lat="36.10006998293102" lon="139.40628997050226">
        <ele>19.49</ele>
      </trkpt>
      <trkpt lat="36.09978533349931" lon="139.40645744092762">
        <ele>19.55</ele>
      </trkpt>
      <trkpt lat="36.09972992911935" lon="139.40648996271193">
        <ele>19.63</ele>
      </trkpt>
      <trkpt lat="36.099719954654574" lon="139.40632006153464">
        <ele>19.69</ele>
      </trkpt>
      <trkpt lat="36.099719954654574" lon="139.4063199777156">
        <ele>19.76</ele>
      </trkpt>
      <trkpt lat="36.099679972976446" lon="139.40615996718407">
        <ele>19.86</ele>
      </trkpt>
      <trkpt lat="36.09963999129832" lon="139.4061299599707">
        <ele>19.97</ele>
      </trkpt>
      <trkpt lat="36.09953999519348" lon="139.4061299599707">
        <ele>20.07</ele>
      </trkpt>
      <trkpt lat="36.0995199624449" lon="139.40604999661446">
        <ele>20.16</ele>
      </trkpt>
      <trkpt lat="36.09948995523155" lon="139.40589015372097">
        <ele>20.26</ele>
      </trkpt>
      <trkpt lat="36.09948995523155" lon="139.4058899860829">
        <ele>20.36</ele>
      </trkpt>
      <trkpt lat="36.09946992248297" lon="139.40573995001614">
        <ele>20.46</ele>
      </trkpt>
      <trkpt lat="36.099309995770454" lon="139.40579996444285">
        <ele>20.55</ele>
      </trkpt>
      <trkpt lat="36.099130706861615" lon="139.40581982955337">
        <ele>20.63</ele>
      </trkpt>
      <trkpt lat="36.09912995249033" lon="139.40581999719143">
        <ele>20.72</ele>
      </trkpt>
      <trkpt lat="36.09887992031872" lon="139.40585997886956">
        <ele>20.8</ele>
      </trkpt>
      <trkpt lat="36.098729968070984" lon="139.40591999329627">
        <ele>20.87</ele>
      </trkpt>
      <trkpt lat="36.098519917577505" lon="139.40603993833065">
        <ele>20.94</ele>
      </trkpt>
      <trkpt lat="36.09824993647635" lon="139.40610992722213">
        <ele>21.04</ele>
      </trkpt>
      <trkpt lat="36.0980399698019" lon="139.40602996386588">
        <ele>21.08</ele>
      </trkpt>
      <trkpt lat="36.09783997759223" lon="139.40605997107923">
        <ele>21.13</ele>
      </trkpt>
      <trkpt lat="36.09753026627004" lon="139.4061338994652">
        <ele>21.19</ele>
      </trkpt>
      <trkpt lat="36.097220638766885" lon="139.40620782785118">
        <ele>21.15</ele>
      </trkpt>
      <trkpt lat="36.0971699282527" lon="139.40621998161077">
        <ele>21.16</ele>
      </trkpt>
      <trkpt lat="36.096909921616316" lon="139.4062599632889">
        <ele>21.15</ele>
      </trkpt>
      <trkpt lat="36.096818558871746" lon="139.40588797442615">
        <ele>21.12</ele>
      </trkpt>
      <trkpt lat="36.09676994383335" lon="139.40568999387324">
        <ele>21.08</ele>
      </trkpt>
      <trkpt lat="36.09647531993687" lon="139.4058286305517">
        <ele>20.99</ele>
      </trkpt>
      <trkpt lat="36.096259988844395" lon="139.40592996776104">
        <ele>20.9</ele>
      </trkpt>
      <trkpt lat="36.09618999995291" lon="139.4059399422258">
        <ele>20.84</ele>
      </trkpt>
      <trkpt lat="36.096130572259426" lon="139.40555823035538">
        <ele>20.79</ele>
      </trkpt>
      <trkpt lat="36.0961199272424" lon="139.40548991784453">
        <ele>20.72</ele>
      </trkpt>
      <trkpt lat="36.09605999663472" lon="139.40540995448828">
        <ele>20.64</ele>
      </trkpt>
      <trkpt lat="36.095787081867456" lon="139.40560491755605">
        <ele>20.56</ele>
      </trkpt>
      <trkpt lat="36.09570996835828" lon="139.40565998665988">
        <ele>20.47</ele>
      </trkpt>
      <trkpt lat="36.09553998336196" lon="139.405699968338">
        <ele>20.37</ele>
      </trkpt>
      <trkpt lat="36.095490362495184" lon="139.40569988451898">
        <ele>20.27</ele>
      </trkpt>
      <trkpt lat="36.095489943400025" lon="139.405699968338">
        <ele>20.17</ele>
      </trkpt>
      <trkpt lat="36.09532993286848" lon="139.40565998665988">
        <ele>20.04</ele>
      </trkpt>
      <trkpt lat="36.095038494095206" lon="139.40551129169762">
        <ele>19.91</ele>
      </trkpt>
      <trkpt lat="36.094747139140964" lon="139.40536259673536">
        <ele>19.75</ele>
      </trkpt>
      <trkpt lat="36.09445570036769" lon="139.4052139017731">
        <ele>19.58</ele>
      </trkpt>
      <trkpt lat="36.094349920749664" lon="139.40515992231667">
        <ele>19.46</ele>
      </trkpt>
      <trkpt lat="36.0941599868238" lon="139.40497996285558">
        <ele>19.36</ele>
      </trkpt>
      <trkpt lat="36.09393727965653" lon="139.40470470115542">
        <ele>19.3</ele>
      </trkpt>
      <trkpt lat="36.09371457248926" lon="139.40442943945527">
        <ele>19.29</ele>
      </trkpt>
      <trkpt lat="36.093491949141026" lon="139.40415417775512">
        <ele>19.26</ele>
      </trkpt>
      <trkpt lat="36.09343998134136" lon="139.40408997237682">
        <ele>19.21</ele>
      </trkpt>
      <trkpt lat="36.09318416565657" lon="139.40431737340987">
        <ele>19.1</ele>
      </trkpt>
      <trkpt lat="36.093079978600144" lon="139.4044099934399">
        <ele>19.02</ele>
      </trkpt>
      <trkpt lat="36.09284620732069" lon="139.40467092208564">
        <ele>18.97</ele>
      </trkpt>
      <trkpt lat="36.092649986967444" lon="139.40488994121552">
        <ele>18.95</ele>
      </trkpt>
      <trkpt lat="36.092589972540736" lon="139.40491994842887">
        <ele>18.91</ele>
      </trkpt>
      <trkpt lat="36.09263992868364" lon="139.4050799589604">
        <ele>18.88</ele>
      </trkpt>
      <trkpt lat="36.09254873357713" lon="139.40545194782317">
        <ele>18.83</ele>
      </trkpt>
      <trkpt lat="36.09250992536545" lon="139.40560994669795">
        <ele>18.79</ele>
      </trkpt>
      <trkpt lat="36.09241512604058" lon="139.4059805944562">
        <ele>18.87</ele>
      </trkpt>
      <trkpt lat="36.09239995479584" lon="139.40603993833065">
        <ele>18.89</ele>
      </trkpt>
      <trkpt lat="36.09226324595511" lon="139.4063902180642">
        <ele>18.87</ele>
      </trkpt>
      <trkpt lat="36.09223994426429" lon="139.4064499810338">
        <ele>18.85</ele>
      </trkpt>
      <trkpt lat="36.09211765229702" lon="139.40680813975632">
        <ele>18.79</ele>
      </trkpt>
      <trkpt lat="36.09209996648133" lon="139.40685993991792">
        <ele>18.8</ele>
      </trkpt>
      <trkpt lat="36.092015812173486" lon="139.40723452717066">
        <ele>18.77</ele>
      </trkpt>
      <trkpt lat="36.09193165786564" lon="139.40760903060436">
        <ele>18.81</ele>
      </trkpt>
      <trkpt lat="36.091899974271655" lon="139.40774967893958">
        <ele>18.86</ele>
      </trkpt>
      <trkpt lat="36.091899974271655" lon="139.40774993039668">
        <ele>18.91</ele>
      </trkpt>
      <trkpt lat="36.09180299565196" lon="139.4081197399646">
        <ele>19.04</ele>
      </trkpt>
      <trkpt lat="36.0917061008513" lon="139.40848963335156">
        <ele>19.14</ele>
      </trkpt>
      <trkpt lat="36.0916299931705" lon="139.40877998247743">
        <ele>19.22</ele>
      </trkpt>
      <trkpt lat="36.09153997153044" lon="139.40900998190045">
        <ele>19.34</ele>
      </trkpt>
      <trkpt lat="36.09152697958052" lon="139.40939823165536">
        <ele>19.42</ele>
      </trkpt>
      <trkpt lat="36.09151993878186" lon="139.40960995852947">
        <ele>19.53</ele>
      </trkpt>
      <trkpt lat="36.091579953208566" lon="139.40966997295618">
        <ele>19.64</ele>
      </trkpt>
      <trkpt lat="36.09187910333276" lon="139.40979310311377">
        <ele>19.72</ele>
      </trkpt>
      <trkpt lat="36.09217825345695" lon="139.4099163170904">
        <ele>19.87</ele>
      </trkpt>
      <trkpt lat="36.09247740358114" lon="139.410039531067">
        <ele>20.07</ele>
      </trkpt>
      <trkpt lat="36.09259927645326" lon="139.41008965484798">
        <ele>20.25</ele>
      </trkpt>
      <trkpt lat="36.09259994700551" lon="139.4100899901241">
        <ele>20.41</ele>
      </trkpt>
      <trkpt lat="36.09259022399783" lon="139.41015226766467">
        <ele>20.56</ele>
      </trkpt>
      <trkpt lat="36.09259022399783" lon="139.41015277057886">
        <ele>20.74</ele>
      </trkpt>
      <trkpt lat="36.09229174442589" lon="139.41002737730742">
        <ele>20.86</ele>
      </trkpt>
      <trkpt lat="36.09199318103492" lon="139.40990190021694">
        <ele>21.02</ele>
      </trkpt>
      <trkpt lat="36.09169461764395" lon="139.4097765069455">
        <ele>21.23</ele>
      </trkpt>
      <trkpt lat="36.09156293794513" lon="139.40972118638456">
        <ele>21.45</ele>
      </trkpt>
      <trkpt lat="36.091562267392874" lon="139.40972093492746">
        <ele>21.65</ele>
      </trkpt>
      <trkpt lat="36.091484650969505" lon="139.4096541311592">
        <ele>21.87</ele>
      </trkpt>
      <trkpt lat="36.09148423187435" lon="139.40965379588306">
        <ele>22.07</ele>
      </trkpt>
      <trkpt lat="36.09149227850139" lon="139.40926529467106">
        <ele>22.28</ele>
      </trkpt>
      <trkpt lat="36.09149940311909" lon="139.40892138518393">
        <ele>22.48</ele>
      </trkpt>
      <trkpt lat="36.09149940311909" lon="139.40892146900296">
        <ele>22.68</ele>
      </trkpt>
      <trkpt lat="36.09150996431708" lon="139.4088999275118">
        <ele>22.86</ele>
      </trkpt>
      <trkpt lat="36.091209976002574" lon="139.40877998247743">
        <ele>23.15</ele>
      </trkpt>
      <trkpt lat="36.0910599399358" lon="139.40871996805072">
        <ele>23.36</ele>
      </trkpt>
      <trkpt lat="36.09074452891946" lon="139.40871996805072">
        <ele>23.54</ele>
      </trkpt>
      <trkpt lat="36.09072994440794" lon="139.40871996805072">
        <ele>23.69</ele>
      </trkpt>
      <trkpt lat="36.0904229991138" lon="139.4088092353195">
        <ele>23.69</ele>
      </trkpt>
      <trkpt lat="36.09017992392182" lon="139.40887997858226">
        <ele>23.74</ele>
      </trkpt>
      <trkpt lat="36.09023926779628" lon="139.4092616904527">
        <ele>23.91</ele>
      </trkpt>
      <trkpt lat="36.09029861167073" lon="139.4096433185041">
        <ele>24.07</ele>
      </trkpt>
      <trkpt lat="36.090357871726155" lon="139.41002503037453">
        <ele>24.27</ele>
      </trkpt>
      <trkpt lat="36.09040992334485" lon="139.41035997122526">
        <ele>24.43</ele>
      </trkpt>
      <trkpt lat="36.090419897809625" lon="139.41060975193977">
        <ele>24.42</ele>
      </trkpt>
      <trkpt lat="36.090419981628656" lon="139.41060991957784">
        <ele>24.4</ele>
      </trkpt>
      <trkpt lat="36.090419981628656" lon="139.41079993732274">
        <ele>24.32</ele>
      </trkpt>
      <trkpt lat="36.09035996720195" lon="139.41111995838583">
        <ele>24.14</ele>
      </trkpt>
      <trkpt lat="36.09023197554052" lon="139.41147518344223">
        <ele>23.94</ele>
      </trkpt>
      <trkpt lat="36.09010406769812" lon="139.41183040849864">
        <ele>23.79</ele>
      </trkpt>
      <trkpt lat="36.08997607603669" lon="139.41218554973602">
        <ele>23.62</ele>
      </trkpt>
      <trkpt lat="36.08984808437526" lon="139.41254077479243">
        <ele>23.44</ele>
      </trkpt>
      <trkpt lat="36.08977993950248" lon="139.41272995434701">
        <ele>23.31</ele>
      </trkpt>
      <trkpt lat="36.09006249345839" lon="139.41290262155235">
        <ele>23.09</ele>
      </trkpt>
      <trkpt lat="36.090139942243695" lon="139.41294997930527">
        <ele>22.89</ele>
      </trkpt>
      <trkpt lat="36.09044118784368" lon="139.41306514665484">
        <ele>22.72</ele>
      </trkpt>
      <trkpt lat="36.090479996055365" lon="139.41307998262346">
        <ele>22.52</ele>
      </trkpt>
      <trkpt lat="36.0907906293869" lon="139.4131469540298">
        <ele>22.3</ele>
      </trkpt>
      <trkpt lat="36.09098995104432" lon="139.41318995319307">
        <ele>22.11</ele>
      </trkpt>
      <trkpt lat="36.09122992493212" lon="139.41320998594165">
        <ele>21.89</ele>
      </trkpt>
      <trkpt lat="36.0915454197675" lon="139.41320998594165">
        <ele>21.73</ele>
      </trkpt>
      <trkpt lat="36.091639967635274" lon="139.41320998594165">
        <ele>21.54</ele>
      </trkpt>
      <trkpt lat="36.09184993430972" lon="139.41325994208455">
        <ele>21.35</ele>
      </trkpt>
      <trkpt lat="36.092089992016554" lon="139.41333998925984">
        <ele>21.11</ele>
      </trkpt>
      <trkpt lat="36.092299958691" lon="139.4133499637246">
        <ele>20.87</ele>
      </trkpt>
      <trkpt lat="36.09255996532738" lon="139.41327997483313">
        <ele>20.73</ele>
      </trkpt>
      <trkpt lat="36.092856181785464" lon="139.4131464511156">
        <ele>20.69</ele>
      </trkpt>
      <trkpt lat="36.09315239824355" lon="139.41301292739809">
        <ele>20.59</ele>
      </trkpt>
      <trkpt lat="36.09326999634504" lon="139.41295995377004">
        <ele>20.45</ele>
      </trkpt>
      <trkpt lat="36.093549616634846" lon="139.412780161947">
        <ele>20.31</ele>
      </trkpt>
      <trkpt lat="36.09382923692465" lon="139.41260037012398">
        <ele>20.17</ele>
      </trkpt>
      <trkpt lat="36.09410894103348" lon="139.41242066211998">
        <ele>19.98</ele>
      </trkpt>
      <trkpt lat="36.09424992464483" lon="139.41232996992767">
        <ele>19.87</ele>
      </trkpt>
      <trkpt lat="36.094538094475865" lon="139.41217188723385">
        <ele>19.8</ele>
      </trkpt>
      <trkpt lat="36.09455997124314" lon="139.41215998493135">
        <ele>19.72</ele>
      </trkpt>
      <trkpt lat="36.094868341460824" lon="139.41207834519446">
        <ele>19.66</ele>
      </trkpt>
      <trkpt lat="36.09489994123578" lon="139.4120699632913">
        <ele>19.58</ele>
      </trkpt>
      <trkpt lat="36.095215352252126" lon="139.4120699632913">
        <ele>19.47</ele>
      </trkpt>
      <trkpt lat="36.09528995119035" lon="139.4120699632913">
        <ele>19.41</ele>
      </trkpt>
      <trkpt lat="36.09560301527381" lon="139.41211740486324">
        <ele>19.31</ele>
      </trkpt>
      <trkpt lat="36.095916079357266" lon="139.4121648464352">
        <ele>19.28</ele>
      </trkpt>
      <trkpt lat="36.09594994224608" lon="139.41216995939612">
        <ele>19.27</ele>
      </trkpt>
      <trkpt lat="36.096265353262424" lon="139.4121746532619">
        <ele>19.18</ele>
      </trkpt>
      <trkpt lat="36.09658076427877" lon="139.41217934712768">
        <ele>19.1</ele>
      </trkpt>
      <trkpt lat="36.096896175295115" lon="139.41218404099345">
        <ele>19.18</ele>
      </trkpt>
      <trkpt lat="36.09721158631146" lon="139.41218881867826">
        <ele>19.24</ele>
      </trkpt>
      <trkpt lat="36.097526997327805" lon="139.41219351254404">
        <ele>19.36</ele>
      </trkpt>
      <trkpt lat="36.09784240834415" lon="139.4121982064098">
        <ele>19.51</ele>
      </trkpt>
      <trkpt lat="36.097959000617266" lon="139.41219988279045">
        <ele>19.58</ele>
      </trkpt>
      <trkpt lat="36.097959922626615" lon="139.41219996660948">
        <ele>19.65</ele>
      </trkpt>
      <trkpt lat="36.09826996922493" lon="139.41216995939612">
        <ele>19.72</ele>
      </trkpt>
      <trkpt lat="36.09849996864796" lon="139.41208999603987">
        <ele>19.78</ele>
      </trkpt>
      <trkpt lat="36.098781265318394" lon="139.41191414371133">
        <ele>19.88</ele>
      </trkpt>
      <trkpt lat="36.0988999530673" lon="139.41183996386826">
        <ele>19.94</ele>
      </trkpt>
      <trkpt lat="36.0988999530673" lon="139.4121799338609">
        <ele>20.03</ele>
      </trkpt>
      <trkpt lat="36.09891998581588" lon="139.41229996271431">
        <ele>20.11</ele>
      </trkpt>
      <trkpt lat="36.098989974707365" lon="139.41238998435438">
        <ele>20.19</ele>
      </trkpt>
      <trkpt lat="36.0990899708122" lon="139.41256994381547">
        <ele>20.25</ele>
      </trkpt>
      <trkpt lat="36.099238246679306" lon="139.41291293129325">
        <ele>20.31</ele>
      </trkpt>
      <trkpt lat="36.099249981343746" lon="139.41293992102146">
        <ele>20.38</ele>
      </trkpt>
      <trkpt lat="36.099309995770454" lon="139.4129899609834">
        <ele>20.45</ele>
      </trkpt>
      <trkpt lat="36.09949992969632" lon="139.4129299465567">
        <ele>20.53</ele>
      </trkpt>
      <trkpt lat="36.09962993301451" lon="139.41289993934333">
        <ele>20.59</ele>
      </trkpt>
      <trkpt lat="36.09978994354606" lon="139.41290999762714">
        <ele>20.63</ele>
      </trkpt>
      <trkpt lat="36.09983998350799" lon="139.4129199720919">
        <ele>20.66</ele>
      </trkpt>
      <trkpt lat="36.09996244311333" lon="139.41327813081443">
        <ele>20.7</ele>
      </trkpt>
      <trkpt lat="36.09996998682618" lon="139.41329992376268">
        <ele>20.72</ele>
      </trkpt>
      <trkpt lat="36.099999994039536" lon="139.41340997815132">
        <ele>20.73</ele>
      </trkpt>
      <trkpt lat="36.10031532123685" lon="139.41340008750558">
        <ele>20.75</ele>
      </trkpt>
      <trkpt lat="36.10031993128359" lon="139.41339991986752">
        <ele>20.75</ele>
      </trkpt>
      <trkpt lat="36.10063483938575" lon="139.41342246718705">
        <ele>20.77</ele>
      </trkpt>
      <trkpt lat="36.100879926234484" lon="139.41343998536468">
        <ele>20.76</ele>
      </trkpt>
      <trkpt lat="36.10087095759809" lon="139.41382848657668">
        <ele>20.69</ele>
      </trkpt>
      <trkpt lat="36.10086995176971" lon="139.41386997699738">
        <ele>20.68</ele>
      </trkpt>
      <trkpt lat="36.10092996619642" lon="139.41412998363376">
        <ele>20.59</ele>
      </trkpt>
      <trkpt lat="36.10104731284082" lon="139.41449074074626">
        <ele>20.54</ele>
      </trkpt>
      <trkpt lat="36.10116465948522" lon="139.41485149785876">
        <ele>20.55</ele>
      </trkpt>
      <trkpt lat="36.10119977965951" lon="139.4149594567716">
        <ele>20.56</ele>
      </trkpt>
      <trkpt lat="36.10119994729757" lon="139.4149599596858">
        <ele>20.57</ele>
      </trkpt>
      <trkpt lat="36.1012399289757" lon="139.41523999907076">
        <ele>20.6</ele>
      </trkpt>
      <trkpt lat="36.101365238428116" lon="139.4155966490507">
        <ele>20.69</ele>
      </trkpt>
      <trkpt lat="36.10136993229389" lon="139.41560997627676">
        <ele>20.71</ele>
      </trkpt>
      <trkpt lat="36.101612420752645" lon="139.4153613690287">
        <ele>20.67</ele>
      </trkpt>
      <trkpt lat="36.10176991671324" lon="139.4151999335736">
        <ele>20.71</ele>
      </trkpt>
      <trkpt lat="36.10206428915262" lon="139.4150601234287">
        <ele>20.82</ele>
      </trkpt>
      <trkpt lat="36.102169984951615" lon="139.41500999964774">
        <ele>20.88</ele>
      </trkpt>
      <trkpt lat="36.10245555639267" lon="139.41484487615526">
        <ele>20.93</ele>
      </trkpt>
      <trkpt lat="36.10274104401469" lon="139.41467975266278">
        <ele>21.03</ele>
      </trkpt>
      <trkpt lat="36.10302661545575" lon="139.41451471298933">
        <ele>21.11</ele>
      </trkpt>
      <trkpt lat="36.1033121868968" lon="139.41434958949685">
        <ele>21.16</ele>
      </trkpt>
      <trkpt lat="36.10344998538494" lon="139.41426996141672">
        <ele>21.23</ele>
      </trkpt>
      <trkpt lat="36.10375885851681" lon="139.41419125534594">
        <ele>21.33</ele>
      </trkpt>
      <trkpt lat="36.10406773164868" lon="139.41411254927516">
        <ele>21.36</ele>
      </trkpt>
      <trkpt lat="36.104376604780555" lon="139.41403384320438">
        <ele>21.37</ele>
      </trkpt>
      <trkpt lat="36.10468556173146" lon="139.4139551371336">
        <ele>21.52</ele>
      </trkpt>
      <trkpt lat="36.10499443486333" lon="139.41387643106282">
        <ele>21.66</ele>
      </trkpt>
      <trkpt lat="36.1053033079952" lon="139.41379772499204">
        <ele>21.77</ele>
      </trkpt>
      <trkpt lat="36.10552995465696" lon="139.41373997367918">
        <ele>21.85</ele>
      </trkpt>
      <trkpt lat="36.10557999461889" lon="139.41412369720638">
        <ele>21.93</ele>
      </trkpt>
      <trkpt lat="36.105589885264635" lon="139.41419930197299">
        <ele>22.0</ele>
      </trkpt>
      <trkpt lat="36.10558996908367" lon="139.41419997252524">
        <ele>22.07</ele>
      </trkpt>
      <trkpt lat="36.10553992912173" lon="139.413816165179">
        <ele>22.15</ele>
      </trkpt>
      <trkpt lat="36.10552995465696" lon="139.41373997367918">
        <ele>21.85</ele>
      </trkpt>
      <trkpt lat="36.10583740286529" lon="139.41365322098136">
        <ele>22.23</ele>
      </trkpt>
      <trkpt lat="36.10591996461153" lon="139.41362991929054">
        <ele>22.29</ele>
      </trkpt>
      <trkpt lat="36.106224060058594" lon="139.4135267380625">
        <ele>22.35</ele>
      </trkpt>
      <trkpt lat="36.10647995956242" lon="139.41343998536468">
        <ele>22.42</ele>
      </trkpt>
      <trkpt lat="36.106619937345386" lon="139.41345993429422">
        <ele>22.47</ele>
      </trkpt>
      <trkpt lat="36.10692059621215" lon="139.41357761621475">
        <ele>22.53</ele>
      </trkpt>
      <trkpt lat="36.10707993619144" lon="139.41363997757435">
        <ele>22.58</ele>
      </trkpt>
      <trkpt lat="36.107259979471564" lon="139.41374994814396">
        <ele>22.59</ele>
      </trkpt>
      <trkpt lat="36.10732996836305" lon="139.41383996978402">
        <ele>22.62</ele>
      </trkpt>
      <trkpt lat="36.1073599755764" lon="139.41391993314028">
        <ele>22.65</ele>
      </trkpt>
      <trkpt lat="36.107624508440495" lon="139.41413157619536">
        <ele>22.64</ele>
      </trkpt>
      <trkpt lat="36.10765996389091" lon="139.4141599908471">
        <ele>22.66</ele>
      </trkpt>
      <trkpt lat="36.10777999274433" lon="139.41430994309485">
        <ele>22.7</ele>
      </trkpt>
      <trkpt lat="36.107710590586066" lon="139.41435939632356">
        <ele>22.72</ele>
      </trkpt>
      <trkpt lat="36.10770992003381" lon="139.41435998305678">
        <ele>22.74</ele>
      </trkpt>
      <trkpt lat="36.107988031581044" lon="139.41417650319636">
        <ele>22.84</ele>
      </trkpt>
      <trkpt lat="36.108266143128276" lon="139.41399302333593">
        <ele>22.86</ele>
      </trkpt>
      <trkpt lat="36.108544170856476" lon="139.4138095434755">
        <ele>22.83</ele>
      </trkpt>
      <trkpt lat="36.10882228240371" lon="139.41362606361508">
        <ele>22.8</ele>
      </trkpt>
      <trkpt lat="36.10910031013191" lon="139.41344258375466">
        <ele>22.78</ele>
      </trkpt>
      <trkpt lat="36.10937842167914" lon="139.41325910389423">
        <ele>22.81</ele>
      </trkpt>
      <trkpt lat="36.1096499953419" lon="139.41307998262346">
        <ele>22.85</ele>
      </trkpt>
      <trkpt lat="36.109932381659746" lon="139.41290689632297">
        <ele>22.89</ele>
      </trkpt>
      <trkpt lat="36.110214767977595" lon="139.41273372620344">
        <ele>22.92</ele>
      </trkpt>
      <trkpt lat="36.110269920900464" lon="139.41269994713366">
        <ele>22.9</ele>
      </trkpt>
      <trkpt lat="36.1105649638921" lon="139.41256231628358">
        <ele>22.87</ele>
      </trkpt>
      <trkpt lat="36.110569993034005" lon="139.4125599693507">
        <ele>22.84</ele>
      </trkpt>
      <trkpt lat="36.110849948599935" lon="139.41250992938876">
        <ele>22.81</ele>
      </trkpt>
      <trkpt lat="36.11091993749142" lon="139.41250992938876">
        <ele>22.77</ele>
      </trkpt>
      <trkpt lat="36.110999984666705" lon="139.41246994771063">
        <ele>22.71</ele>
      </trkpt>
      <trkpt lat="36.111180279403925" lon="139.41215101629496">
        <ele>22.6</ele>
      </trkpt>
      <trkpt lat="36.111360574141145" lon="139.41183200106025">
        <ele>22.49</ele>
      </trkpt>
      <trkpt lat="36.11138999462128" lon="139.41177994944155">
        <ele>22.39</ele>
      </trkpt>
      <trkpt lat="36.111377673223615" lon="139.41139153204858">
        <ele>22.24</ele>
      </trkpt>
      <trkpt lat="36.111365435644984" lon="139.4110031146556">
        <ele>22.12</ele>
      </trkpt>
      <trkpt lat="36.11135998740792" lon="139.41083061508834">
        <ele>22.02</ele>
      </trkpt>
      <trkpt lat="36.11135998740792" lon="139.4108299445361">
        <ele>21.91</ele>
      </trkpt>
      <trkpt lat="36.11135219223797" lon="139.41044135950506">
        <ele>21.81</ele>
      </trkpt>
      <trkpt lat="36.11134992912412" lon="139.4103299640119">
        <ele>21.7</ele>
      </trkpt>
      <trkpt lat="36.111665004864335" lon="139.4103114400059">
        <ele>21.56</ele>
      </trkpt>
      <trkpt lat="36.11198008060455" lon="139.4102929159999">
        <ele>21.45</ele>
      </trkpt>
      <trkpt lat="36.112029952928424" lon="139.41028998233378">
        <ele>21.36</ele>
      </trkpt>
      <trkpt lat="36.11227856017649" lon="139.41019048914313">
        <ele>21.3</ele>
      </trkpt>
      <trkpt lat="36.11227998510003" lon="139.41018998622894">
        <ele>21.2</ele>
      </trkpt>
      <trkpt lat="36.11225299537182" lon="139.41012661904097">
        <ele>21.11</ele>
      </trkpt>
      <trkpt lat="36.11225257627666" lon="139.41012561321259">
        <ele>21.02</ele>
      </trkpt>
      <trkpt lat="36.11201553605497" lon="139.4102268666029">
        <ele>20.91</ele>
      </trkpt>
      <trkpt lat="36.11201411113143" lon="139.41022753715515">
        <ele>20.83</ele>
      </trkpt>
      <trkpt lat="36.111698783934116" lon="139.410237679258">
        <ele>20.76</ele>
      </trkpt>
      <trkpt lat="36.1113834567368" lon="139.41024790517986">
        <ele>20.75</ele>
      </trkpt>
      <trkpt lat="36.111351856961846" lon="139.41024891100824">
        <ele>20.7</ele>
      </trkpt>
      <trkpt lat="36.111350767314434" lon="139.41024899482727">
        <ele>20.65</ele>
      </trkpt>
      <trkpt lat="36.11134992912412" lon="139.41024991683662">
        <ele>20.62</ele>
      </trkpt>
      <trkpt lat="36.11133945174515" lon="139.40986141562462">
        <ele>20.56</ele>
      </trkpt>
      <trkpt lat="36.11132897436619" lon="139.40947291441262">
        <ele>20.49</ele>
      </trkpt>
      <trkpt lat="36.11131841316819" lon="139.40908441320062">
        <ele>20.47</ele>
      </trkpt>
      <trkpt lat="36.11130793578923" lon="139.40869591198862">
        <ele>20.41</ele>
      </trkpt>
      <trkpt lat="36.11129745841026" lon="139.40830741077662">
        <ele>20.41</ele>
      </trkpt>
      <trkpt lat="36.11128689721227" lon="139.40791890956461">
        <ele>20.48</ele>
      </trkpt>
      <trkpt lat="36.1112764198333" lon="139.40753032453358">
        <ele>20.52</ele>
      </trkpt>
      <trkpt lat="36.11126594245434" lon="139.40714182332158">
        <ele>20.53</ele>
      </trkpt>
      <trkpt lat="36.11125538125634" lon="139.40675332210958">
        <ele>20.67</ele>
      </trkpt>
      <trkpt lat="36.11124490387738" lon="139.40636482089758">
        <ele>20.69</ele>
      </trkpt>
      <trkpt lat="36.11123442649841" lon="139.40597631968558">
        <ele>20.85</ele>
      </trkpt>
      <trkpt lat="36.11122394911945" lon="139.40558781847358">
        <ele>20.95</ele>
      </trkpt>
      <trkpt lat="36.11121338792145" lon="139.40519923344254">
        <ele>20.96</ele>
      </trkpt>
      <trkpt lat="36.11120291054249" lon="139.40481073223054">
        <ele>21.06</ele>
      </trkpt>
      <trkpt lat="36.111192433163524" lon="139.40442223101854">
        <ele>21.22</ele>
      </trkpt>
      <trkpt lat="36.11118991859257" lon="139.40432994626462">
        <ele>21.31</ele>
      </trkpt>
      <trkpt lat="36.111505245789886" lon="139.40431946888566">
        <ele>21.44</ele>
      </trkpt>
      <trkpt lat="36.111788135021925" lon="139.40430999733508">
        <ele>21.5</ele>
      </trkpt>
      <trkpt lat="36.11178997904062" lon="139.40430999733508">
        <ele>21.57</ele>
      </trkpt>
      <trkpt lat="36.112105222418904" lon="139.4042981788516">
        <ele>21.68</ele>
      </trkpt>
      <trkpt lat="36.11242054961622" lon="139.40428644418716">
        <ele>21.79</ele>
      </trkpt>
      <trkpt lat="36.1127357929945" lon="139.4042746257037">
        <ele>21.84</ele>
      </trkpt>
      <trkpt lat="36.11305112019181" lon="139.40426289103925">
        <ele>21.78</ele>
      </trkpt>
      <trkpt lat="36.11312999390066" lon="139.40425995737314">
        <ele>21.8</ele>
      </trkpt>
      <trkpt lat="36.11344498582184" lon="139.4042789004743">
        <ele>21.81</ele>
      </trkpt>
      <trkpt lat="36.11362997442484" lon="139.4042899645865">
        <ele>21.87</ele>
      </trkpt>
      <trkpt lat="36.113919988274574" lon="139.40435995347798">
        <ele>21.96</ele>
      </trkpt>
      <trkpt lat="36.114179994910955" lon="139.40445994958282">
        <ele>22.0</ele>
      </trkpt>
      <trkpt lat="36.114459950476885" lon="139.40460998564959">
        <ele>21.97</ele>
      </trkpt>
      <trkpt lat="36.11472590826452" lon="139.40481894649565">
        <ele>21.99</ele>
      </trkpt>
      <trkpt lat="36.11487996764481" lon="139.40493998117745">
        <ele>22.04</ele>
      </trkpt>
      <trkpt lat="36.1151360347867" lon="139.4051668792963">
        <ele>22.09</ele>
      </trkpt>
      <trkpt lat="36.11539218574762" lon="139.4053938612342">
        <ele>22.05</ele>
      </trkpt>
      <trkpt lat="36.115648252889514" lon="139.40562075935304">
        <ele>21.96</ele>
      </trkpt>
      <trkpt lat="36.115904403850436" lon="139.4058476574719">
        <ele>21.95</ele>
      </trkpt>
      <trkpt lat="36.11616047099233" lon="139.40607463940978">
        <ele>22.0</ele>
      </trkpt>
      <trkpt lat="36.11641662195325" lon="139.40630153752863">
        <ele>22.1</ele>
      </trkpt>
      <trkpt lat="36.11667268909514" lon="139.40652851946652">
        <ele>22.15</ele>
      </trkpt>
      <trkpt lat="36.11692884005606" lon="139.40675541758537">
        <ele>22.16</ele>
      </trkpt>
      <trkpt lat="36.11718490719795" lon="139.40698231570423">
        <ele>22.15</ele>
      </trkpt>
      <trkpt lat="36.117441058158875" lon="139.4072092976421">
        <ele>22.14</ele>
      </trkpt>
      <trkpt lat="36.117697125300765" lon="139.40743619576097">
        <ele>22.07</ele>
      </trkpt>
      <trkpt lat="36.11795327626169" lon="139.40766317769885">
        <ele>22.01</ele>
      </trkpt>
      <trkpt lat="36.11820934340358" lon="139.4078900758177">
        <ele>22.07</ele>
      </trkpt>
      <trkpt lat="36.1184654943645" lon="139.4081170577556">
        <ele>22.21</ele>
      </trkpt>
      <trkpt lat="36.11872156150639" lon="139.40834395587444">
        <ele>22.36</ele>
      </trkpt>
      <trkpt lat="36.11897771246731" lon="139.4085708539933">
        <ele>22.52</ele>
      </trkpt>
      <trkpt lat="36.1192337796092" lon="139.40879783593118">
        <ele>22.69</ele>
      </trkpt>
      <trkpt lat="36.119489930570126" lon="139.40902473405004">
        <ele>22.88</ele>
      </trkpt>
      <trkpt lat="36.119745997712016" lon="139.40925171598792">
        <ele>23.1</ele>
      </trkpt>
      <trkpt lat="36.12000214867294" lon="139.40947861410677">
        <ele>23.3</ele>
      </trkpt>
      <trkpt lat="36.12025821581483" lon="139.40970551222563">
        <ele>23.42</ele>
      </trkpt>
      <trkpt lat="36.12051436677575" lon="139.4099324941635">
        <ele>23.56</ele>
      </trkpt>
      <trkpt lat="36.12077043391764" lon="139.41015939228237">
        <ele>23.81</ele>
      </trkpt>
      <trkpt lat="36.121026584878564" lon="139.41038637422025">
        <ele>24.14</ele>
      </trkpt>
      <trkpt lat="36.12119883298874" lon="139.410539008677">
        <ele>24.45</ele>
      </trkpt>
      <trkpt lat="36.12119992263615" lon="139.41053993068635">
        <ele>24.66</ele>
      </trkpt>
      <trkpt lat="36.12127996981144" lon="139.41062995232642">
        <ele>24.89</ele>
      </trkpt>
      <trkpt lat="36.12132992595434" lon="139.4104599673301">
        <ele>25.06</ele>
      </trkpt>
      <trkpt lat="36.121381809934974" lon="139.41007649526">
        <ele>25.18</ele>
      </trkpt>
      <trkpt lat="36.12142992205918" lon="139.40971992909908">
        <ele>25.29</ele>
      </trkpt>
      <trkpt lat="36.12144316546619" lon="139.4093315117061">
        <ele>25.49</ele>
      </trkpt>
      <trkpt lat="36.12144995480776" lon="139.40912992693484">
        <ele>25.74</ele>
      </trkpt>
      <trkpt lat="36.12140997312963" lon="139.40904996357858">
        <ele>25.94</ele>
      </trkpt>
      <trkpt lat="36.12136068753898" lon="139.40866590477526">
        <ele>26.18</ele>
      </trkpt>
      <trkpt lat="36.121359933167696" lon="139.408659953624">
        <ele>26.31</ele>
      </trkpt>
      <trkpt lat="36.121359933167696" lon="139.4082712009549">
        <ele>26.36</ele>
      </trkpt>
      <trkpt lat="36.121359933167696" lon="139.40804991871119">
        <ele>26.4</ele>
      </trkpt>
      <trkpt lat="36.121412236243486" lon="139.40766653046012">
        <ele>26.45</ele>
      </trkpt>
      <trkpt lat="36.121419947594404" lon="139.4076099526137">
        <ele>26.54</ele>
      </trkpt>
      <trkpt lat="36.12149387598038" lon="139.4072320125997">
        <ele>26.66</ele>
      </trkpt>
      <trkpt lat="36.12150996923447" lon="139.40714995376766">
        <ele>26.72</ele>
      </trkpt>
      <trkpt lat="36.12150996923447" lon="139.40676120109856">
        <ele>26.75</ele>
      </trkpt>
      <trkpt lat="36.12150996923447" lon="139.40670998767018">
        <ele>26.79</ele>
      </trkpt>
      <trkpt lat="36.12151994369924" lon="139.40660999156535">
        <ele>26.82</ele>
      </trkpt>
      <trkpt lat="36.12166997976601" lon="139.40634998492897">
        <ele>26.81</ele>
      </trkpt>
      <trkpt lat="36.1218692176044" lon="139.40607086755335">
        <ele>26.84</ele>
      </trkpt>
      <trkpt lat="36.121869971975684" lon="139.406069945544">
        <ele>26.86</ele>
      </trkpt>
      <trkpt lat="36.12202998250723" lon="139.40584992058575">
        <ele>26.88</ele>
      </trkpt>
      <trkpt lat="36.12206996418536" lon="139.4058299716562">
        <ele>26.9</ele>
      </trkpt>
      <trkpt lat="36.122276494279504" lon="139.405536102131">
        <ele>26.83</ele>
      </trkpt>
      <trkpt lat="36.12232997082174" lon="139.4054599944502">
        <ele>26.8</ele>
      </trkpt>
      <trkpt lat="36.12254957668483" lon="139.4051808770746">
        <ele>26.82</ele>
      </trkpt>
      <trkpt lat="36.12276918254793" lon="139.404901759699">
        <ele>26.87</ele>
      </trkpt>
      <trkpt lat="36.12280991859734" lon="139.4048499595374">
        <ele>26.86</ele>
      </trkpt>
      <trkpt lat="36.12303597852588" lon="139.40457872115076">
        <ele>26.86</ele>
      </trkpt>
      <trkpt lat="36.12305911257863" lon="139.40455089323223">
        <ele>26.85</ele>
      </trkpt>
      <trkpt lat="36.12305995076895" lon="139.40454997122288">
        <ele>26.85</ele>
      </trkpt>
      <trkpt lat="36.123065650463104" lon="139.40459079109132">
        <ele>26.85</ele>
      </trkpt>
      <trkpt lat="36.1230659019202" lon="139.40459221601486">
        <ele>26.85</ele>
      </trkpt>
      <trkpt lat="36.122848223894835" lon="139.40487359650433">
        <ele>26.85</ele>
      </trkpt>
      <trkpt lat="36.1226306296885" lon="139.4051549769938">
        <ele>26.81</ele>
      </trkpt>
      <trkpt lat="36.12241295166314" lon="139.4054364413023">
        <ele>26.77</ele>
      </trkpt>
      <trkpt lat="36.1221953574568" lon="139.40571782179177">
        <ele>26.83</ele>
      </trkpt>
      <trkpt lat="36.122102066874504" lon="139.40583835355937">
        <ele>26.85</ele>
      </trkpt>
      <trkpt lat="36.12210131250322" lon="139.4058394432068">
        <ele>26.84</ele>
      </trkpt>
      <trkpt lat="36.1219191737473" lon="139.4061568658799">
        <ele>26.8</ele>
      </trkpt>
      <trkpt lat="36.12188966944814" lon="139.40620824694633">
        <ele>26.8</ele>
      </trkpt>
      <trkpt lat="36.121888998895884" lon="139.40620958805084">
        <ele>26.78</ele>
      </trkpt>
      <trkpt lat="36.12177399918437" lon="139.4065715186298">
        <ele>26.73</ele>
      </trkpt>
      <trkpt lat="36.12171549350023" lon="139.4067555014044">
        <ele>26.72</ele>
      </trkpt>
      <trkpt lat="36.121715158224106" lon="139.40675675868988">
        <ele>26.7</ele>
      </trkpt>
      <trkpt lat="36.12170996144414" lon="139.40675994381309">
        <ele>26.67</ele>
      </trkpt>
      <trkpt lat="36.12164516933262" lon="139.40714048221707">
        <ele>26.63</ele>
      </trkpt>
      <trkpt lat="36.12158046104014" lon="139.40752093680203">
        <ele>26.58</ele>
      </trkpt>
      <trkpt lat="36.121549950912595" lon="139.40769997425377">
        <ele>26.51</ele>
      </trkpt>
      <trkpt lat="36.12150913104415" lon="139.40808545798063">
        <ele>26.51</ele>
      </trkpt>
      <trkpt lat="36.121468311175704" lon="139.4084709417075">
        <ele>26.56</ele>
      </trkpt>
      <trkpt lat="36.12145992927253" lon="139.4085499830544">
        <ele>26.5</ele>
      </trkpt>
      <trkpt lat="36.12144995480776" lon="139.40870999358594">
        <ele>26.43</ele>
      </trkpt>
      <trkpt lat="36.12149999476969" lon="139.40886992029846">
        <ele>26.33</ele>
      </trkpt>
      <trkpt lat="36.12154978327453" lon="139.4092538114637">
        <ele>26.09</ele>
      </trkpt>
      <trkpt lat="36.1215996555984" lon="139.409637786448">
        <ele>25.92</ele>
      </trkpt>
      <trkpt lat="36.12164952792227" lon="139.41002167761326">
        <ele>25.86</ele>
      </trkpt>
      <trkpt lat="36.12169940024614" lon="139.41040556877851">
        <ele>25.8</ele>
      </trkpt>
      <trkpt lat="36.12169973552227" lon="139.41040825098753">
        <ele>25.68</ele>
      </trkpt>
      <trkpt lat="36.121699986979365" lon="139.41040992736816">
        <ele>25.55</ele>
      </trkpt>
      <trkpt lat="36.12174994312227" lon="139.41059994511306">
        <ele>25.4</ele>
      </trkpt>
      <trkpt lat="36.12183996476233" lon="139.41079993732274">
        <ele>25.23</ele>
      </trkpt>
      <trkpt lat="36.12184977158904" lon="139.410898424685">
        <ele>25.08</ele>
      </trkpt>
      <trkpt lat="36.121849939227104" lon="139.41089993342757">
        <ele>24.94</ele>
      </trkpt>
      <trkpt lat="36.12185999751091" lon="139.4109499733895">
        <ele>24.8</ele>
      </trkpt>
      <trkpt lat="36.12177995033562" lon="139.4109999295324">
        <ele>24.65</ele>
      </trkpt>
      <trkpt lat="36.12172999419272" lon="139.41108995117247">
        <ele>24.5</ele>
      </trkpt>
      <trkpt lat="36.121719935908914" lon="139.41116999834776">
        <ele>24.38</ele>
      </trkpt>
      <trkpt lat="36.12164156511426" lon="139.41116999834776">
        <ele>24.25</ele>
      </trkpt>
      <trkpt lat="36.12163997255266" lon="139.41116999834776">
        <ele>24.13</ele>
      </trkpt>
      <trkpt lat="36.12146998755634" lon="139.41116999834776">
        <ele>24.02</ele>
      </trkpt>
      <trkpt lat="36.1213699914515" lon="139.41122992895544">
        <ele>23.92</ele>
      </trkpt>
      <trkpt lat="36.12111057154834" lon="139.41145121119916">
        <ele>23.79</ele>
      </trkpt>
      <trkpt lat="36.12102993763983" lon="139.41151994280517">
        <ele>23.63</ele>
      </trkpt>
      <trkpt lat="36.120802788063884" lon="139.41178967244923">
        <ele>23.45</ele>
      </trkpt>
      <trkpt lat="36.12070991657674" lon="139.41189997829497">
        <ele>23.35</ele>
      </trkpt>
      <trkpt lat="36.120579997077584" lon="139.41201992332935">
        <ele>23.33</ele>
      </trkpt>
      <trkpt lat="36.120480336248875" lon="139.412288563326">
        <ele>23.27</ele>
      </trkpt>
      <trkpt lat="36.120479917153716" lon="139.41228998824954">
        <ele>23.21</ele>
      </trkpt>
      <trkpt lat="36.12039157189429" lon="139.41266315057874">
        <ele>23.14</ele>
      </trkpt>
      <trkpt lat="36.120389979332685" lon="139.4126699399203">
        <ele>23.1</ele>
      </trkpt>
      <trkpt lat="36.12032996490598" lon="139.41296992823482">
        <ele>23.08</ele>
      </trkpt>
      <trkpt lat="36.1202803440392" lon="139.4133539032191">
        <ele>23.02</ele>
      </trkpt>
      <trkpt lat="36.12023080699146" lon="139.41373779438436">
        <ele>22.95</ele>
      </trkpt>
      <trkpt lat="36.12018118612468" lon="139.41412176936865">
        <ele>22.95</ele>
      </trkpt>
      <trkpt lat="36.12013156525791" lon="139.41450574435294">
        <ele>22.94</ele>
      </trkpt>
      <trkpt lat="36.12008202821016" lon="139.4148896355182">
        <ele>23.01</ele>
      </trkpt>
      <trkpt lat="36.12003240734339" lon="139.41527361050248">
        <ele>23.09</ele>
      </trkpt>
      <trkpt lat="36.12001991830766" lon="139.41536991856992">
        <ele>23.11</ele>
      </trkpt>
      <trkpt lat="36.11994448117912" lon="139.41574743948877">
        <ele>23.12</ele>
      </trkpt>
      <trkpt lat="36.119919922202826" lon="139.41586998291314">
        <ele>23.12</ele>
      </trkpt>
      <trkpt lat="36.119809029623866" lon="139.41623392514884">
        <ele>23.07</ele>
      </trkpt>
      <trkpt lat="36.11969813704491" lon="139.41659786738455">
        <ele>23.11</ele>
      </trkpt>
      <trkpt lat="36.11958724446595" lon="139.41696180962026">
        <ele>23.07</ele>
      </trkpt>
      <trkpt lat="36.11947635188699" lon="139.41732575185597">
        <ele>22.96</ele>
      </trkpt>
      <trkpt lat="36.11936545930803" lon="139.41768969409168">
        <ele>22.87</ele>
      </trkpt>
      <trkpt lat="36.11925456672907" lon="139.4180536363274">
        <ele>22.89</ele>
      </trkpt>
      <trkpt lat="36.11914367415011" lon="139.41841766238213">
        <ele>22.86</ele>
      </trkpt>
      <trkpt lat="36.119139986112714" lon="139.4184299837798">
        <ele>22.82</ele>
      </trkpt>
      <trkpt lat="36.11899992451072" lon="139.41871999762952">
        <ele>22.81</ele>
      </trkpt>
      <trkpt lat="36.118819965049624" lon="139.41895997151732">
        <ele>22.74</ele>
      </trkpt>
      <trkpt lat="36.118741258978844" lon="139.41902870312333">
        <ele>22.68</ele>
      </trkpt>
      <trkpt lat="36.118739917874336" lon="139.4190299604088">
        <ele>22.62</ele>
      </trkpt>
      <trkpt lat="36.118486281484365" lon="139.41926096566021">
        <ele>22.53</ele>
      </trkpt>
      <trkpt lat="36.11823256127536" lon="139.41949197091162">
        <ele>22.47</ele>
      </trkpt>
      <trkpt lat="36.11797884106636" lon="139.41972297616303">
        <ele>22.34</ele>
      </trkpt>
      <trkpt lat="36.11772520467639" lon="139.41995398141444">
        <ele>22.31</ele>
      </trkpt>
      <trkpt lat="36.117509957402945" lon="139.4201499503106">
        <ele>22.25</ele>
      </trkpt>
      <trkpt lat="36.117273503914475" lon="139.42040727473795">
        <ele>22.17</ele>
      </trkpt>
      <trkpt lat="36.117037050426006" lon="139.42066459916532">
        <ele>22.1</ele>
      </trkpt>
      <trkpt lat="36.11682993359864" lon="139.4208899885416">
        <ele>22.02</ele>
      </trkpt>
      <trkpt lat="36.11660395748913" lon="139.4211611431092">
        <ele>21.94</ele>
      </trkpt>
      <trkpt lat="36.11657998524606" lon="139.4211899768561">
        <ele>21.9</ele>
      </trkpt>
      <trkpt lat="36.116382759064436" lon="139.4214933179319">
        <ele>21.9</ele>
      </trkpt>
      <trkpt lat="36.11631997860968" lon="139.42158996127546">
        <ele>21.86</ele>
      </trkpt>
      <trkpt lat="36.11615569330752" lon="139.42192188464105">
        <ele>21.76</ele>
      </trkpt>
      <trkpt lat="36.11599149182439" lon="139.4222537241876">
        <ele>21.8</ele>
      </trkpt>
      <trkpt lat="36.11583994701505" lon="139.4225599989295">
        <ele>21.91</ele>
      </trkpt>
      <trkpt lat="36.11563492566347" lon="139.42285537719727">
        <ele>21.91</ele>
      </trkpt>
      <trkpt lat="36.11549997702241" lon="139.42304992116988">
        <ele>21.92</ele>
      </trkpt>
      <trkpt lat="36.11527685075998" lon="139.42332476377487">
        <ele>21.94</ele>
      </trkpt>
      <trkpt lat="36.11505380831659" lon="139.42359960637987">
        <ele>22.01</ele>
      </trkpt>
      <trkpt lat="36.11483068205416" lon="139.42387444898486">
        <ele>22.05</ele>
      </trkpt>
      <trkpt lat="36.11480997875333" lon="139.4238999299705">
        <ele>22.06</ele>
      </trkpt>
      <trkpt lat="36.11461157910526" lon="139.42420218139887">
        <ele>22.12</ele>
      </trkpt>
      <trkpt lat="36.11441326327622" lon="139.42450443282723">
        <ele>22.07</ele>
      </trkpt>
      <trkpt lat="36.1143899615854" lon="139.42453997209668">
        <ele>22.08</ele>
      </trkpt>
      <trkpt lat="36.1142157856375" lon="139.4248640164733">
        <ele>22.07</ele>
      </trkpt>
      <trkpt lat="36.11404152587056" lon="139.42518814466894">
        <ele>22.1</ele>
      </trkpt>
      <trkpt lat="36.1139599699527" lon="139.42533994093537">
        <ele>22.07</ele>
      </trkpt>
      <trkpt lat="36.113793505355716" lon="139.42567018792033">
        <ele>22.02</ele>
      </trkpt>
      <trkpt lat="36.11362704075873" lon="139.42600035108626">
        <ele>21.98</ele>
      </trkpt>
      <trkpt lat="36.11346057616174" lon="139.4263305142522">
        <ele>22.03</ele>
      </trkpt>
      <trkpt lat="36.11335068941116" lon="139.4265483599156">
        <ele>22.1</ele>
      </trkpt>
      <trkpt lat="36.11334993503988" lon="139.42654995247722">
        <ele>22.11</ele>
      </trkpt>
      <trkpt lat="36.113183638080955" lon="139.4268802832812">
        <ele>22.16</ele>
      </trkpt>
      <trkpt lat="36.11301734112203" lon="139.4272106140852">
        <ele>22.15</ele>
      </trkpt>
      <trkpt lat="36.11285104416311" lon="139.4275409448892">
        <ele>22.16</ele>
      </trkpt>
      <trkpt lat="36.112684747204185" lon="139.42787127569318">
        <ele>22.28</ele>
      </trkpt>
      <trkpt lat="36.11261995509267" lon="139.42799993790686">
        <ele>22.32</ele>
      </trkpt>
      <trkpt lat="36.11245198175311" lon="139.42832901142538">
        <ele>22.43</ele>
      </trkpt>
      <trkpt lat="36.112284092232585" lon="139.4286580849439">
        <ele>22.41</ele>
      </trkpt>
      <trkpt lat="36.11211611889303" lon="139.4289871584624">
        <ele>22.29</ele>
      </trkpt>
      <trkpt lat="36.1119482293725" lon="139.42931623198092">
        <ele>22.23</ele>
      </trkpt>
      <trkpt lat="36.11188067123294" lon="139.42944824695587">
        <ele>22.21</ele>
      </trkpt>
      <trkpt lat="36.11187991686165" lon="139.4294499233365">
        <ele>22.19</ele>
      </trkpt>
      <trkpt lat="36.11169124022126" lon="139.42976139485836">
        <ele>22.18</ele>
      </trkpt>
      <trkpt lat="36.11167992465198" lon="139.42977991886437">
        <ele>22.16</ele>
      </trkpt>
      <trkpt lat="36.11146132461727" lon="139.4300601258874">
        <ele>22.02</ele>
      </trkpt>
      <trkpt lat="36.11135998740792" lon="139.43018996156752">
        <ele>21.97</ele>
      </trkpt>
      <trkpt lat="36.111128982156515" lon="139.4304547458887">
        <ele>21.98</ele>
      </trkpt>
      <trkpt lat="36.11094994470477" lon="139.43065993487835">
        <ele>22.0</ele>
      </trkpt>
      <trkpt lat="36.110734697431326" lon="139.43094408139586">
        <ele>22.04</ele>
      </trkpt>
      <trkpt lat="36.11051945015788" lon="139.43122822791338">
        <ele>22.05</ele>
      </trkpt>
      <trkpt lat="36.11044996418059" lon="139.43131992593408">
        <ele>22.01</ele>
      </trkpt>
      <trkpt lat="36.11024712212384" lon="139.43161765113473">
        <ele>21.76</ele>
      </trkpt>
      <trkpt lat="36.11004436388612" lon="139.43191537633538">
        <ele>21.74</ele>
      </trkpt>
      <trkpt lat="36.10997999086976" lon="139.43200992420316">
        <ele>21.81</ele>
      </trkpt>
      <trkpt lat="36.109759379178286" lon="139.43228786811233">
        <ele>22.03</ele>
      </trkpt>
      <trkpt lat="36.10953885130584" lon="139.4325658120215">
        <ele>22.08</ele>
      </trkpt>
      <trkpt lat="36.1093183234334" lon="139.43284367211163">
        <ele>22.16</ele>
      </trkpt>
      <trkpt lat="36.109097795560956" lon="139.4331216160208">
        <ele>22.26</ele>
      </trkpt>
      <trkpt lat="36.10887726768851" lon="139.43339955992997">
        <ele>22.19</ele>
      </trkpt>
      <trkpt lat="36.10874994657934" lon="139.43355998955667">
        <ele>22.26</ele>
      </trkpt>
      <trkpt lat="36.10870996490121" lon="139.43361992016435">
        <ele>22.3</ele>
      </trkpt>
      <trkpt lat="36.10854199156165" lon="139.43394899368286">
        <ele>22.36</ele>
      </trkpt>
      <trkpt lat="36.10846999101341" lon="139.4340899772942">
        <ele>22.4</ele>
      </trkpt>
      <trkpt lat="36.10833085142076" lon="139.4343183003366">
        <ele>22.42</ele>
      </trkpt>
      <trkpt lat="36.10832992941141" lon="139.43431997671723">
        <ele>22.45</ele>
      </trkpt>
      <trkpt lat="36.108269998803735" lon="139.43448996171355">
        <ele>22.49</ele>
      </trkpt>
      <trkpt lat="36.10831995494664" lon="139.43466992117465">
        <ele>22.56</ele>
      </trkpt>
      <trkpt lat="36.10831266269088" lon="139.4350585900247">
        <ele>22.5</ele>
      </trkpt>
      <trkpt lat="36.10830998048186" lon="139.4351999927312">
        <ele>22.46</ele>
      </trkpt>
      <trkpt lat="36.10829992219806" lon="139.43547994829714">
        <ele>22.35</ele>
      </trkpt>
      <trkpt lat="36.108249966055155" lon="139.43566996604204">
        <ele>22.29</ele>
      </trkpt>
      <trkpt lat="36.108099929988384" lon="139.4358899910003">
        <ele>22.31</ele>
      </trkpt>
      <trkpt lat="36.10786381177604" lon="139.4361476507038">
        <ele>22.4</ele>
      </trkpt>
      <trkpt lat="36.10776993446052" lon="139.4362499937415">
        <ele>22.44</ele>
      </trkpt>
      <trkpt lat="36.10750900581479" lon="139.43646842613816">
        <ele>22.48</ele>
      </trkpt>
      <trkpt lat="36.10734153538942" lon="139.4366085715592">
        <ele>22.44</ele>
      </trkpt>
      <trkpt lat="36.10733994282782" lon="139.43660999648273">
        <ele>22.44</ele>
      </trkpt>
      <trkpt lat="36.10715478658676" lon="139.4364090822637">
        <ele>22.54</ele>
      </trkpt>
      <trkpt lat="36.10710382461548" lon="139.43648099899292">
        <ele>22.51</ele>
      </trkpt>
      <trkpt lat="36.10696451738477" lon="139.4365988485515">
        <ele>22.43</ele>
      </trkpt>
      <trkpt lat="36.10682495869696" lon="139.43671703338623">
        <ele>22.33</ele>
      </trkpt>
      <trkpt lat="36.106583727523685" lon="139.43691526539624">
        <ele>22.32</ele>
      </trkpt>
      <trkpt lat="36.10634258016944" lon="139.43711358122528">
        <ele>22.42</ele>
      </trkpt>
      <trkpt lat="36.106101432815194" lon="139.43731181323528">
        <ele>22.47</ele>
      </trkpt>
      <trkpt lat="36.10585927963257" lon="139.43751096725464">
        <ele>22.42</ele>
      </trkpt>
      <trkpt lat="36.10574344173074" lon="139.43759327754378">
        <ele>22.38</ele>
      </trkpt>
      <trkpt lat="36.105741849169135" lon="139.43759453482926">
        <ele>22.37</ele>
      </trkpt>
      <trkpt lat="36.1055123526603" lon="139.43775781430304">
        <ele>22.31</ele>
      </trkpt>
      <trkpt lat="36.10528293997049" lon="139.43792117759585">
        <ele>22.29</ele>
      </trkpt>
      <trkpt lat="36.10505352728069" lon="139.43808445706964">
        <ele>22.32</ele>
      </trkpt>
      <trkpt lat="36.10482411459088" lon="139.43824773654342">
        <ele>22.36</ele>
      </trkpt>
      <trkpt lat="36.10459327697754" lon="139.43841218948364">
        <ele>22.38</ele>
      </trkpt>
      <trkpt lat="36.10441013239324" lon="139.43833507597446">
        <ele>22.44</ele>
      </trkpt>
      <trkpt lat="36.10422832891345" lon="139.4382585491985">
        <ele>22.46</ele>
      </trkpt>
      <trkpt lat="36.10422631725669" lon="139.4382577110082">
        <ele>22.44</ele>
      </trkpt>
      <trkpt lat="36.104185581207275" lon="139.4382405281067">
        <ele>22.41</ele>
      </trkpt>
      <trkpt lat="36.10400344245136" lon="139.43811194971204">
        <ele>22.38</ele>
      </trkpt>
      <trkpt lat="36.10382088460028" lon="139.43798303604126">
        <ele>22.33</ele>
      </trkpt>
      <trkpt lat="36.10353933647275" lon="139.4378932658583">
        <ele>22.29</ele>
      </trkpt>
      <trkpt lat="36.10325896181166" lon="139.43780391477048">
        <ele>22.25</ele>
      </trkpt>
      <trkpt lat="36.103256614878774" lon="139.43780324421823">
        <ele>22.19</ele>
      </trkpt>
      <trkpt lat="36.10297950915992" lon="139.4377148989588">
        <ele>22.06</ele>
      </trkpt>
      <trkpt lat="36.10270240344107" lon="139.43762655369937">
        <ele>21.92</ele>
      </trkpt>
      <trkpt lat="36.10242529772222" lon="139.43753829225898">
        <ele>21.87</ele>
      </trkpt>
      <trkpt lat="36.10214819200337" lon="139.43744994699955">
        <ele>21.8</ele>
      </trkpt>
      <trkpt lat="36.10186815261841" lon="139.4373607635498">
        <ele>21.72</ele>
      </trkpt>
      <trkpt lat="36.10159331001341" lon="139.43728934973478">
        <ele>21.59</ele>
      </trkpt>
      <trkpt lat="36.10131855122745" lon="139.4372180197388">
        <ele>21.5</ele>
      </trkpt>
      <trkpt lat="36.10104379244149" lon="139.43714660592377">
        <ele>21.47</ele>
      </trkpt>
      <trkpt lat="36.100769033655524" lon="139.43707527592778">
        <ele>21.44</ele>
      </trkpt>
      <trkpt lat="36.10049427486956" lon="139.43700386211276">
        <ele>21.34</ele>
      </trkpt>
      <trkpt lat="36.100215911865234" lon="139.43693161010742">
        <ele>21.21</ele>
      </trkpt>
      <trkpt lat="36.09995900653303" lon="139.4369244016707">
        <ele>21.13</ele>
      </trkpt>
      <trkpt lat="36.09970210120082" lon="139.436917277053">
        <ele>21.02</ele>
      </trkpt>
      <trkpt lat="36.099443435668945" lon="139.4369101524353">
        <ele>20.86</ele>
      </trkpt>
      <trkpt lat="36.09927210956812" lon="139.43698508664966">
        <ele>20.76</ele>
      </trkpt>
      <trkpt lat="36.09910019673407" lon="139.43706035614014">
        <ele>20.72</ele>
      </trkpt>
      <trkpt lat="36.09910011291504" lon="139.43706035614014">
        <ele>20.68</ele>
      </trkpt>
      <trkpt lat="36.09888562001288" lon="139.4372534751892">
        <ele>20.68</ele>
      </trkpt>
      <trkpt lat="36.09869250096381" lon="139.4374535512179">
        <ele>20.63</ele>
      </trkpt>
      <trkpt lat="36.09849946573377" lon="139.43765371106565">
        <ele>20.62</ele>
      </trkpt>
      <trkpt lat="36.09830617904663" lon="139.43785429000854">
        <ele>20.61</ele>
      </trkpt>
      <trkpt lat="36.09814549796283" lon="139.4379292242229">
        <ele>20.62</ele>
      </trkpt>
      <trkpt lat="36.097984313964844" lon="139.43800449371338">
        <ele>20.62</ele>
      </trkpt>
      <trkpt lat="36.09774827957153" lon="139.43798303604126">
        <ele>20.7</ele>
      </trkpt>
      <trkpt lat="36.09746279194951" lon="139.43789016455412">
        <ele>20.78</ele>
      </trkpt>
      <trkpt lat="36.09717730432749" lon="139.437797376886">
        <ele>20.77</ele>
      </trkpt>
      <trkpt lat="36.0968900565058" lon="139.4377040863037">
        <ele>20.8</ele>
      </trkpt>
      <trkpt lat="36.096782768145204" lon="139.43766117095947">
        <ele>20.86</ele>
      </trkpt>
      <trkpt lat="36.096561485901475" lon="139.43758263252676">
        <ele>20.95</ele>
      </trkpt>
      <trkpt lat="36.096340203657746" lon="139.43750409409404">
        <ele>21.01</ele>
      </trkpt>
      <trkpt lat="36.09611758030951" lon="139.43742513656616">
        <ele>21.06</ele>
      </trkpt>
      <trkpt lat="36.09591054730117" lon="139.43737509660423">
        <ele>21.11</ele>
      </trkpt>
      <trkpt lat="36.09570359811187" lon="139.43732514046133">
        <ele>21.13</ele>
      </trkpt>
      <trkpt lat="36.095495307818055" lon="139.43727493286133">
        <ele>21.21</ele>
      </trkpt>
      <trkpt lat="36.095281234011054" lon="139.4372748490423">
        <ele>21.24</ele>
      </trkpt>
      <trkpt lat="36.09506716020405" lon="139.4372748490423">
        <ele>21.27</ele>
      </trkpt>
      <trkpt lat="36.09485157765448" lon="139.43727493286133">
        <ele>21.31</ele>
      </trkpt>
      <trkpt lat="36.09462669119239" lon="139.43733913823962">
        <ele>21.36</ele>
      </trkpt>
      <trkpt lat="36.09440096653998" lon="139.43740367889404">
        <ele>21.33</ele>
      </trkpt>
      <trkpt lat="36.09420784749091" lon="139.43755388259888">
        <ele>21.23</ele>
      </trkpt>
      <trkpt lat="36.09397307038307" lon="139.43768246099353">
        <ele>21.09</ele>
      </trkpt>
      <trkpt lat="36.0939699690789" lon="139.43765999749303">
        <ele>21.01</ele>
      </trkpt>
      <trkpt lat="36.09368238598108" lon="139.43781967274845">
        <ele>20.83</ele>
      </trkpt>
      <trkpt lat="36.0933948867023" lon="139.4379794318229">
        <ele>20.73</ele>
      </trkpt>
      <trkpt lat="36.093107303604484" lon="139.43813919089735">
        <ele>20.6</ele>
      </trkpt>
      <trkpt lat="36.09306992031634" lon="139.4381599780172">
        <ele>20.46</ele>
      </trkpt>
      <trkpt lat="36.09279432334006" lon="139.43834898993373">
        <ele>20.36</ele>
      </trkpt>
      <trkpt lat="36.09251872636378" lon="139.43853791803122">
        <ele>20.19</ele>
      </trkpt>
      <trkpt lat="36.09236994758248" lon="139.4386399257928">
        <ele>20.04</ele>
      </trkpt>
      <trkpt lat="36.092329965904355" lon="139.43875995464623">
        <ele>19.9</ele>
      </trkpt>
      <trkpt lat="36.092179929837584" lon="139.43900998681784">
        <ele>19.76</ele>
      </trkpt>
      <trkpt lat="36.092022182419896" lon="139.43934652023017">
        <ele>19.69</ele>
      </trkpt>
      <trkpt lat="36.091879941523075" lon="139.43964994512498">
        <ele>19.55</ele>
      </trkpt>
      <trkpt lat="36.09188999980688" lon="139.4397099595517">
        <ele>19.42</ele>
      </trkpt>
      <trkpt lat="36.092009944841266" lon="139.43983996286988">
        <ele>19.26</ele>
      </trkpt>
      <trkpt lat="36.09198999591172" lon="139.44003995507956">
        <ele>19.12</ele>
      </trkpt>
      <trkpt lat="36.09198999591172" lon="139.44042862392962">
        <ele>19.05</ele>
      </trkpt>
      <trkpt lat="36.09198999591172" lon="139.44081720896065">
        <ele>19.03</ele>
      </trkpt>
      <trkpt lat="36.09198999591172" lon="139.44085995666683">
        <ele>18.96</ele>
      </trkpt>
      <trkpt lat="36.0919875651598" lon="139.44124854169786">
        <ele>18.87</ele>
      </trkpt>
      <trkpt lat="36.09198513440788" lon="139.44163721054792">
        <ele>18.77</ele>
      </trkpt>
      <trkpt lat="36.09198278747499" lon="139.44202579557896">
        <ele>18.72</ele>
      </trkpt>
      <trkpt lat="36.09198035672307" lon="139.44241446442902">
        <ele>18.65</ele>
      </trkpt>
      <trkpt lat="36.09197993762791" lon="139.4424799270928">
        <ele>18.62</ele>
      </trkpt>
      <trkpt lat="36.09171993099153" lon="139.44239996373653">
        <ele>18.64</ele>
      </trkpt>
      <trkpt lat="36.09141600318253" lon="139.44229594431818">
        <ele>18.65</ele>
      </trkpt>
      <trkpt lat="36.091339979320765" lon="139.44226996041834">
        <ele>18.63</ele>
      </trkpt>
      <trkpt lat="36.09110997989774" lon="139.44217993877828">
        <ele>18.64</ele>
      </trkpt>
      <trkpt lat="36.0908339638263" lon="139.44199176505208">
        <ele>18.7</ele>
      </trkpt>
      <trkpt lat="36.09066992998123" lon="139.44187995046377">
        <ele>18.69</ele>
      </trkpt>
      <trkpt lat="36.09041973017156" lon="139.44164332933724">
        <ele>18.6</ele>
      </trkpt>
      <trkpt lat="36.09029995277524" lon="139.44152992218733">
        <ele>18.62</ele>
      </trkpt>
      <trkpt lat="36.090058302506804" lon="139.44128022529185">
        <ele>18.69</ele>
      </trkpt>
      <trkpt lat="36.08981656841934" lon="139.44103052839637">
        <ele>18.7</ele>
      </trkpt>
      <trkpt lat="36.0895749181509" lon="139.44078074768186">
        <ele>18.54</ele>
      </trkpt>
      <trkpt lat="36.08939998783171" lon="139.44059995003045">
        <ele>18.5</ele>
      </trkpt>
      <trkpt lat="36.08915649354458" lon="139.44035293534398">
        <ele>18.45</ele>
      </trkpt>
      <trkpt lat="36.088912999257445" lon="139.44010583683848">
        <ele>18.38</ele>
      </trkpt>
      <trkpt lat="36.08866950497031" lon="139.439858738333">
        <ele>18.3</ele>
      </trkpt>
      <trkpt lat="36.08842601068318" lon="139.43961172364652">
        <ele>18.28</ele>
      </trkpt>
      <trkpt lat="36.08818260021508" lon="139.43936462514102">
        <ele>18.31</ele>
      </trkpt>
      <trkpt lat="36.0880399402231" lon="139.43921995349228">
        <ele>18.22</ele>
      </trkpt>
      <trkpt lat="36.08780273236334" lon="139.43896380253136">
        <ele>18.08</ele>
      </trkpt>
      <trkpt lat="36.08756560832262" lon="139.43870765157044">
        <ele>17.93</ele>
      </trkpt>
      <trkpt lat="36.087539959698915" lon="139.43867999128997">
        <ele>17.86</ele>
      </trkpt>
      <trkpt lat="36.0872988961637" lon="139.43842937238514">
        <ele>17.77</ele>
      </trkpt>
      <trkpt lat="36.08705783262849" lon="139.43817875348032">
        <ele>17.69</ele>
      </trkpt>
      <trkpt lat="36.086816769093275" lon="139.4379281345755">
        <ele>17.69</ele>
      </trkpt>
      <trkpt lat="36.08657562173903" lon="139.43767751567066">
        <ele>17.71</ele>
      </trkpt>
      <trkpt lat="36.086334558203816" lon="139.43742689676583">
        <ele>17.59</ele>
      </trkpt>
      <trkpt lat="36.0860934946686" lon="139.437176277861">
        <ele>17.43</ele>
      </trkpt>
      <trkpt lat="36.08585243113339" lon="139.4369257427752">
        <ele>17.33</ele>
      </trkpt>
      <trkpt lat="36.08576995320618" lon="139.43683999590576">
        <ele>17.33</ele>
      </trkpt>
      <trkpt lat="36.0855445638299" lon="139.43656808696687">
        <ele>17.39</ele>
      </trkpt>
      <trkpt lat="36.085319174453616" lon="139.436296178028">
        <ele>17.54</ele>
      </trkpt>
      <trkpt lat="36.08513996936381" lon="139.43607992492616">
        <ele>17.68</ele>
      </trkpt>
      <trkpt lat="36.08489924110472" lon="139.43582880310714">
        <ele>17.73</ele>
      </trkpt>
      <trkpt lat="36.08465859666467" lon="139.43557768128812">
        <ele>17.67</ele>
      </trkpt>
      <trkpt lat="36.08444997109473" lon="139.43535991944373">
        <ele>17.76</ele>
      </trkpt>
      <trkpt lat="36.08421594835818" lon="139.43509940989316">
        <ele>17.88</ele>
      </trkpt>
      <trkpt lat="36.08398192562163" lon="139.43483881652355">
        <ele>17.99</ele>
      </trkpt>
      <trkpt lat="36.08374798670411" lon="139.43457822315395">
        <ele>18.03</ele>
      </trkpt>
      <trkpt lat="36.08356995508075" lon="139.43437999114394">
        <ele>18.09</ele>
      </trkpt>
      <trkpt lat="36.08333308249712" lon="139.43412333726883">
        <ele>18.17</ele>
      </trkpt>
      <trkpt lat="36.08320995233953" lon="139.43398998118937">
        <ele>18.25</ele>
      </trkpt>
      <trkpt lat="36.082954136654735" lon="139.43376258015633">
        <ele>18.35</ele>
      </trkpt>
      <trkpt lat="36.082939971238375" lon="139.43374992348254">
        <ele>18.43</ele>
      </trkpt>
      <trkpt lat="36.082788510248065" lon="139.43409081548452">
        <ele>18.57</ele>
      </trkpt>
      <trkpt lat="36.082636965438724" lon="139.43443162366748">
        <ele>18.72</ele>
      </trkpt>
      <trkpt lat="36.08253998681903" lon="139.4346499722451">
        <ele>18.8</ele>
      </trkpt>
      <trkpt lat="36.082379976287484" lon="139.43491995334625">
        <ele>18.92</ele>
      </trkpt>
      <trkpt lat="36.08215341344476" lon="139.43519035354257">
        <ele>18.91</ele>
      </trkpt>
      <trkpt lat="36.08206992968917" lon="139.43528993055224">
        <ele>18.95</ele>
      </trkpt>
      <trkpt lat="36.08196993358433" lon="139.4354599993676">
        <ele>18.98</ele>
      </trkpt>
      <trkpt lat="36.08182040043175" lon="139.43580214865506">
        <ele>19.02</ele>
      </trkpt>
      <trkpt lat="36.081670951098204" lon="139.43614429794252">
        <ele>19.01</ele>
      </trkpt>
      <trkpt lat="36.08152141794562" lon="139.43648644722998">
        <ele>19.15</ele>
      </trkpt>
      <trkpt lat="36.08144992031157" lon="139.43664997816086">
        <ele>19.24</ele>
      </trkpt>
      <trkpt lat="36.08129007741809" lon="139.4369849190116">
        <ele>19.29</ele>
      </trkpt>
      <trkpt lat="36.08113023452461" lon="139.43731985986233">
        <ele>19.2</ele>
      </trkpt>
      <trkpt lat="36.081029986962676" lon="139.43752999417484">
        <ele>19.13</ele>
      </trkpt>
      <trkpt lat="36.08094993978739" lon="139.43776996806264">
        <ele>19.13</ele>
      </trkpt>
      <trkpt lat="36.08081113547087" lon="139.43811890669167">
        <ele>19.16</ele>
      </trkpt>
      <trkpt lat="36.08067241497338" lon="139.4384678453207">
        <ele>19.32</ele>
      </trkpt>
      <trkpt lat="36.080599995329976" lon="139.43864998407662">
        <ele>19.42</ele>
      </trkpt>
      <trkpt lat="36.080469992011786" lon="139.43891996517777">
        <ele>19.54</ele>
      </trkpt>
      <trkpt lat="36.08033185824752" lon="139.43926932290196">
        <ele>19.35</ele>
      </trkpt>
      <trkpt lat="36.080299923196435" lon="139.43934995681047">
        <ele>19.29</ele>
      </trkpt>
      <trkpt lat="36.080148462206125" lon="139.43969076499343">
        <ele>19.16</ele>
      </trkpt>
      <trkpt lat="36.079997001215816" lon="139.44003165699542">
        <ele>19.16</ele>
      </trkpt>
      <trkpt lat="36.079845540225506" lon="139.44037246517837">
        <ele>19.19</ele>
      </trkpt>
      <trkpt lat="36.07981997542083" lon="139.44042996503413">
        <ele>19.2</ele>
      </trkpt>
      <trkpt lat="36.07968502677977" lon="139.44078116677701">
        <ele>19.28</ele>
      </trkpt>
      <trkpt lat="36.07955016195774" lon="139.44113245233893">
        <ele>19.31</ele>
      </trkpt>
      <trkpt lat="36.07941529713571" lon="139.44148365408182">
        <ele>19.34</ele>
      </trkpt>
      <trkpt lat="36.079289987683296" lon="139.4418099615723">
        <ele>19.42</ele>
      </trkpt>
      <trkpt lat="36.07916509732604" lon="139.4421667791903">
        <ele>19.44</ele>
      </trkpt>
      <trkpt lat="36.079040206968784" lon="139.44252359680831">
        <ele>19.39</ele>
      </trkpt>
      <trkpt lat="36.07891531661153" lon="139.44288041442633">
        <ele>19.38</ele>
      </trkpt>
      <trkpt lat="36.07879042625427" lon="139.44323723204434">
        <ele>19.53</ele>
      </trkpt>
      <trkpt lat="36.078729992732406" lon="139.4434099830687">
        <ele>19.61</ele>
      </trkpt>
      <trkpt lat="36.07855539768934" lon="139.44373360835016">
        <ele>19.67</ele>
      </trkpt>
      <trkpt lat="36.07838080264628" lon="139.4440572336316">
        <ele>19.74</ele>
      </trkpt>
      <trkpt lat="36.078319950029254" lon="139.44416997022927">
        <ele>19.76</ele>
      </trkpt>
      <trkpt lat="36.07820997945964" lon="139.44438999518752">
        <ele>19.8</ele>
      </trkpt>
      <trkpt lat="36.078169997781515" lon="139.44442997686565">
        <ele>19.79</ele>
      </trkpt>
      <trkpt lat="36.07818994671106" lon="139.44453994743526">
        <ele>19.78</ele>
      </trkpt>
      <trkpt lat="36.07811744324863" lon="139.44491813890636">
        <ele>19.66</ele>
      </trkpt>
      <trkpt lat="36.07804502360523" lon="139.44529633037746">
        <ele>19.62</ele>
      </trkpt>
      <trkpt lat="36.077972520142794" lon="139.44567443802953">
        <ele>19.64</ele>
      </trkpt>
      <trkpt lat="36.077959947288036" lon="139.44573998451233">
        <ele>19.61</ele>
      </trkpt>
      <trkpt lat="36.077889958396554" lon="139.44595992565155">
        <ele>19.53</ele>
      </trkpt>
      <trkpt lat="36.077849976718426" lon="139.44610996171832">
        <ele>19.48</ele>
      </trkpt>
      <trkpt lat="36.07783991843462" lon="139.44621993228793">
        <ele>19.42</ele>
      </trkpt>
      <trkpt lat="36.07771469280124" lon="139.44657658226788">
        <ele>19.34</ele>
      </trkpt>
      <trkpt lat="36.077589467167854" lon="139.44693323224783">
        <ele>19.23</ele>
      </trkpt>
      <trkpt lat="36.07746415771544" lon="139.44728979840875">
        <ele>19.13</ele>
      </trkpt>
      <trkpt lat="36.07733893208206" lon="139.4476464483887">
        <ele>19.01</ele>
      </trkpt>
      <trkpt lat="36.077213706448674" lon="139.4480030145496">
        <ele>18.91</ele>
      </trkpt>
      <trkpt lat="36.077119996771216" lon="139.44826997816563">
        <ele>18.79</ele>
      </trkpt>
      <trkpt lat="36.077108178287745" lon="139.44826344028115">
        <ele>18.66</ele>
      </trkpt>
      <trkpt lat="36.07698957435787" lon="139.44859251379967">
        <ele>18.4</ele>
      </trkpt>
      <trkpt lat="36.07687105424702" lon="139.44892158731818">
        <ele>18.18</ele>
      </trkpt>
      <trkpt lat="36.076752534136176" lon="139.4492506608367">
        <ele>18.1</ele>
      </trkpt>
      <trkpt lat="36.07663401402533" lon="139.4495797343552">
        <ele>18.06</ele>
      </trkpt>
      <trkpt lat="36.076515493914485" lon="139.44990880787373">
        <ele>18.04</ele>
      </trkpt>
      <trkpt lat="36.07639789581299" lon="139.4502353668213">
        <ele>17.87</ele>
      </trkpt>
      <trkpt lat="36.07626361772418" lon="139.4504822138697">
        <ele>17.62</ele>
      </trkpt>
      <trkpt lat="36.076129423454404" lon="139.45072914473712">
        <ele>17.44</ele>
      </trkpt>
      <trkpt lat="36.07599522918463" lon="139.45097607560456">
        <ele>17.23</ele>
      </trkpt>
      <trkpt lat="36.07586145401001" lon="139.45122241973877">
        <ele>17.0</ele>
      </trkpt>
      <trkpt lat="36.07568115927279" lon="139.45147127844393">
        <ele>16.82</ele>
      </trkpt>
      <trkpt lat="36.0755009483546" lon="139.45172022096813">
        <ele>16.67</ele>
      </trkpt>
      <trkpt lat="36.07532065361738" lon="139.45196916349232">
        <ele>16.51</ele>
      </trkpt>
      <trkpt lat="36.075140442699194" lon="139.45221810601652">
        <ele>16.27</ele>
      </trkpt>
      <trkpt lat="36.074960231781006" lon="139.45246696472168">
        <ele>16.01</ele>
      </trkpt>
      <trkpt lat="36.07496031560004" lon="139.45246696472168">
        <ele>15.85</ele>
      </trkpt>
      <trkpt lat="36.074765184894204" lon="139.4527302403003">
        <ele>15.63</ele>
      </trkpt>
      <trkpt lat="36.0745701380074" lon="139.45299359969795">
        <ele>15.57</ele>
      </trkpt>
      <trkpt lat="36.0743750911206" lon="139.4532569590956">
        <ele>15.49</ele>
      </trkpt>
      <trkpt lat="36.07417996041477" lon="139.45352031849325">
        <ele>15.38</ele>
      </trkpt>
      <trkpt lat="36.073984913527966" lon="139.4537836778909">
        <ele>15.2</ele>
      </trkpt>
      <trkpt lat="36.073789866641164" lon="139.45404703728855">
        <ele>14.99</ele>
      </trkpt>
      <trkpt lat="36.07359481975436" lon="139.4543103966862">
        <ele>14.83</ele>
      </trkpt>
      <trkpt lat="36.07339968904853" lon="139.45457375608385">
        <ele>14.81</ele>
      </trkpt>
      <trkpt lat="36.07320464216173" lon="139.45483703166246">
        <ele>14.76</ele>
      </trkpt>
      <trkpt lat="36.073009595274925" lon="139.4551003910601">
        <ele>14.76</ele>
      </trkpt>
      <trkpt lat="36.07281454838812" lon="139.45536375045776">
        <ele>14.78</ele>
      </trkpt>
      <trkpt lat="36.072630900889635" lon="139.45562199689448">
        <ele>14.76</ele>
      </trkpt>
      <trkpt lat="36.07244733721018" lon="139.4558802433312">
        <ele>14.75</ele>
      </trkpt>
      <trkpt lat="36.07226368971169" lon="139.4561384897679">
        <ele>14.7</ele>
      </trkpt>
      <trkpt lat="36.07208012603223" lon="139.45639682002366">
        <ele>14.69</ele>
      </trkpt>
      <trkpt lat="36.07189664617181" lon="139.45665498264134">
        <ele>14.74</ele>
      </trkpt>
      <trkpt lat="36.07189664617181" lon="139.4566548988223">
        <ele>14.78</ele>
      </trkpt>
      <trkpt lat="36.071722470223904" lon="139.45689981803298">
        <ele>14.84</ele>
      </trkpt>
      <trkpt lat="36.07154846191406" lon="139.45714473724365">
        <ele>14.93</ele>
      </trkpt>
      <trkpt lat="36.071548545733094" lon="139.45714473724365">
        <ele>15.01</ele>
      </trkpt>
      <trkpt lat="36.07135534286499" lon="139.45740935392678">
        <ele>15.15</ele>
      </trkpt>
      <trkpt lat="36.07116222381592" lon="139.45767405442894">
        <ele>15.21</ele>
      </trkpt>
      <trkpt lat="36.070969104766846" lon="139.45793867111206">
        <ele>15.27</ele>
      </trkpt>
      <trkpt lat="36.07077598571777" lon="139.4582032877952">
        <ele>15.46</ele>
      </trkpt>
      <trkpt lat="36.0705828666687" lon="139.45846798829734">
        <ele>15.5</ele>
      </trkpt>
      <trkpt lat="36.0703896638006" lon="139.45873260498047">
        <ele>15.49</ele>
      </trkpt>
      <trkpt lat="36.070196544751525" lon="139.45899730548263">
        <ele>15.66</ele>
      </trkpt>
      <trkpt lat="36.07000342570245" lon="139.45926192216575">
        <ele>15.9</ele>
      </trkpt>
      <trkpt lat="36.06981039047241" lon="139.45952653884888">
        <ele>16.08</ele>
      </trkpt>
      <trkpt lat="36.06962498277426" lon="139.4598133675754">
        <ele>16.23</ele>
      </trkpt>
      <trkpt lat="36.0694395750761" lon="139.46010019630194">
        <ele>16.3</ele>
      </trkpt>
      <trkpt lat="36.06925425119698" lon="139.46038702502847">
        <ele>16.35</ele>
      </trkpt>
      <trkpt lat="36.069068843498826" lon="139.460673853755">
        <ele>16.52</ele>
      </trkpt>
      <trkpt lat="36.0688835196197" lon="139.46096068248153">
        <ele>16.65</ele>
      </trkpt>
      <trkpt lat="36.06869811192155" lon="139.4612475950271">
        <ele>16.71</ele>
      </trkpt>
      <trkpt lat="36.068512788042426" lon="139.46153442375362">
        <ele>16.8</ele>
      </trkpt>
      <trkpt lat="36.06832738034427" lon="139.46182125248015">
        <ele>16.93</ele>
      </trkpt>
      <trkpt lat="36.06814205646515" lon="139.46210808120668">
        <ele>17.07</ele>
      </trkpt>
      <trkpt lat="36.067956648766994" lon="139.4623949099332">
        <ele>17.14</ele>
      </trkpt>
      <trkpt lat="36.067771911621094" lon="139.4626808166504">
        <ele>17.16</ele>
      </trkpt>
      <trkpt lat="36.06756588444114" lon="139.46296186186373">
        <ele>17.16</ele>
      </trkpt>
      <trkpt lat="36.06735985726118" lon="139.4632429908961">
        <ele>17.26</ele>
      </trkpt>
      <trkpt lat="36.067153913900256" lon="139.46352411992848">
        <ele>17.4</ele>
      </trkpt>
      <trkpt lat="36.0669478867203" lon="139.46380524896085">
        <ele>17.46</ele>
      </trkpt>
      <trkpt lat="36.06674185954034" lon="139.4640862941742">
        <ele>17.51</ele>
      </trkpt>
      <trkpt lat="36.06653591617942" lon="139.46436742320657">
        <ele>17.52</ele>
      </trkpt>
      <trkpt lat="36.06632988899946" lon="139.46464855223894">
        <ele>17.5</ele>
      </trkpt>
      <trkpt lat="36.066123861819506" lon="139.46492959745228">
        <ele>17.62</ele>
      </trkpt>
      <trkpt lat="36.06591791845858" lon="139.46521072648466">
        <ele>17.71</ele>
      </trkpt>
      <trkpt lat="36.065711975097656" lon="139.465491771698">
        <ele>17.79</ele>
      </trkpt>
      <trkpt lat="36.06571205891669" lon="139.465491771698">
        <ele>17.86</ele>
      </trkpt>
      <trkpt lat="36.065529668703675" lon="139.46570626460016">
        <ele>17.88</ele>
      </trkpt>
      <trkpt lat="36.06534727849066" lon="139.46592075750232">
        <ele>17.91</ele>
      </trkpt>
      <trkpt lat="36.06516497209668" lon="139.46613525040448">
        <ele>17.91</ele>
      </trkpt>
      <trkpt lat="36.064982414245605" lon="139.46635007858276">
        <ele>18.05</ele>
      </trkpt>
      <trkpt lat="36.06473229825497" lon="139.46655727922916">
        <ele>18.18</ele>
      </trkpt>
      <trkpt lat="36.06448218226433" lon="139.46676447987556">
        <ele>18.37</ele>
      </trkpt>
      <trkpt lat="36.064231395721436" lon="139.46697235107422">
        <ele>18.55</ele>
      </trkpt>
      <trkpt lat="36.064078006893396" lon="139.46704636327922">
        <ele>18.63</ele>
      </trkpt>
      <trkpt lat="36.06392411515117" lon="139.46712071076035">
        <ele>18.66</ele>
      </trkpt>
      <trkpt lat="36.06376687064767" lon="139.46719656698406">
        <ele>18.68</ele>
      </trkpt>
      <trkpt lat="36.06360912322998" lon="139.4672727584839">
        <ele>18.68</ele>
      </trkpt>
      <trkpt lat="36.06332221068442" lon="139.4673412386328">
        <ele>18.67</ele>
      </trkpt>
      <trkpt lat="36.06303529813886" lon="139.4674097187817">
        <ele>18.71</ele>
      </trkpt>
      <trkpt lat="36.062748385593295" lon="139.46747828274965">
        <ele>18.75</ele>
      </trkpt>
      <trkpt lat="36.062461556866765" lon="139.46754676289856">
        <ele>18.73</ele>
      </trkpt>
      <trkpt lat="36.062171459198" lon="139.4676160812378">
        <ele>18.71</ele>
      </trkpt>
      <trkpt lat="36.06217154301703" lon="139.4676160812378">
        <ele>18.68</ele>
      </trkpt>
      <trkpt lat="36.062171459198" lon="139.4676160812378">
        <ele>18.71</ele>
      </trkpt>
      <trkpt lat="36.06193567626178" lon="139.4677982199937">
        <ele>18.59</ele>
      </trkpt>
      <trkpt lat="36.06169939041138" lon="139.46798086166382">
        <ele>18.5</ele>
      </trkpt>
      <trkpt lat="36.06150669045746" lon="139.4680022355169">
        <ele>18.42</ele>
      </trkpt>
      <trkpt lat="36.06131315231323" lon="139.46802377700806">
        <ele>18.4</ele>
      </trkpt>
      <trkpt lat="36.061270236968994" lon="139.4680881500244">
        <ele>18.3</ele>
      </trkpt>
      <trkpt lat="36.06130954809487" lon="139.46840305812657">
        <ele>18.05</ele>
      </trkpt>
      <trkpt lat="36.061348943039775" lon="139.46871796622872">
        <ele>17.94</ele>
      </trkpt>
      <trkpt lat="36.061388086527586" lon="139.46903119795024">
        <ele>17.82</ele>
      </trkpt>
      <trkpt lat="36.06142052449286" lon="139.4692897796631">
        <ele>17.76</ele>
      </trkpt>
      <trkpt lat="36.06144198216498" lon="139.46966595947742">
        <ele>17.74</ele>
      </trkpt>
      <trkpt lat="36.061463356018066" lon="139.47004079818726">
        <ele>17.6</ele>
      </trkpt>
      <trkpt lat="36.06127057224512" lon="139.4701371062547">
        <ele>17.49</ele>
      </trkpt>
      <trkpt lat="36.06107711791992" lon="139.47023391723633">
        <ele>17.32</ele>
      </trkpt>
      <trkpt lat="36.06091618537903" lon="139.47040541097522">
        <ele>17.15</ele>
      </trkpt>
      <trkpt lat="36.060755252838135" lon="139.47057723999023">
        <ele>17.04</ele>
      </trkpt>
      <trkpt lat="36.06064804829657" lon="139.4707703590393">
        <ele>16.97</ele>
      </trkpt>
      <trkpt lat="36.060540759935975" lon="139.4711136817932">
        <ele>16.86</ele>
      </trkpt>
      <trkpt lat="36.06041201390326" lon="139.47145700454712">
        <ele>16.63</ele>
      </trkpt>
      <trkpt lat="36.06026893481612" lon="139.4716572482139">
        <ele>16.44</ele>
      </trkpt>
      <trkpt lat="36.060125855728984" lon="139.4718575756997">
        <ele>16.3</ele>
      </trkpt>
      <trkpt lat="36.05998286046088" lon="139.47205781936646">
        <ele>16.19</ele>
      </trkpt>
      <trkpt lat="36.05998286046088" lon="139.47207927703857">
        <ele>16.07</ele>
      </trkpt>
      <trkpt lat="36.05983257293701" lon="139.47230994701385">
        <ele>16.02</ele>
      </trkpt>
      <trkpt lat="36.05968236923218" lon="139.47254070080817">
        <ele>16.03</ele>
      </trkpt>
      <trkpt lat="36.05953208170831" lon="139.47277145460248">
        <ele>15.99</ele>
      </trkpt>
      <trkpt lat="36.05938204564154" lon="139.4730019569397">
        <ele>15.85</ele>
      </trkpt>
      <trkpt lat="36.059296214953065" lon="139.47319507598877">
        <ele>15.7</ele>
      </trkpt>
      <trkpt lat="36.059263944625854" lon="139.47349598631263">
        <ele>15.5</ele>
      </trkpt>
      <trkpt lat="36.05923184193671" lon="139.4737958908081">
        <ele>15.38</ele>
      </trkpt>
      <trkpt lat="36.05923184193671" lon="139.474096884951">
        <ele>15.31</ele>
      </trkpt>
      <trkpt lat="36.05923184193671" lon="139.47439787909389">
        <ele>15.3</ele>
      </trkpt>
      <trkpt lat="36.05923184193671" lon="139.4746971130371">
        <ele>15.21</ele>
      </trkpt>
      <trkpt lat="36.0591995716095" lon="139.4748905673623">
        <ele>15.13</ele>
      </trkpt>
      <trkpt lat="36.05916746892035" lon="139.47508335113525">
        <ele>15.14</ele>
      </trkpt>
      <trkpt lat="36.05916738510132" lon="139.47508335113525">
        <ele>15.14</ele>
      </trkpt>
      <trkpt lat="36.05916746892035" lon="139.47508335113525">
        <ele>15.14</ele>
      </trkpt>
      <trkpt lat="36.05907426215708" lon="139.47542717680335">
        <ele>15.31</ele>
      </trkpt>
      <trkpt lat="36.05898113921285" lon="139.47577100247145">
        <ele>15.4</ele>
      </trkpt>
      <trkpt lat="36.0588885191828" lon="139.47611331939697">
        <ele>15.44</ele>
      </trkpt>
      <trkpt lat="36.05880788527429" lon="139.47645178064704">
        <ele>15.54</ele>
      </trkpt>
      <trkpt lat="36.05872725136578" lon="139.47679032571614">
        <ele>15.59</ele>
      </trkpt>
      <trkpt lat="36.0586467012763" lon="139.47712887078524">
        <ele>15.57</ele>
      </trkpt>
      <trkpt lat="36.058566654101014" lon="139.47746515274048">
        <ele>15.64</ele>
      </trkpt>
      <trkpt lat="36.058480655774474" lon="139.47778752073646">
        <ele>15.7</ele>
      </trkpt>
      <trkpt lat="36.058394657447934" lon="139.47810988873243">
        <ele>15.75</ele>
      </trkpt>
      <trkpt lat="36.058308742940426" lon="139.4784322567284">
        <ele>15.91</ele>
      </trkpt>
      <trkpt lat="36.058222744613886" lon="139.4787546247244">
        <ele>16.11</ele>
      </trkpt>
      <trkpt lat="36.05813750065863" lon="139.4790744781494">
        <ele>16.28</ele>
      </trkpt>
      <trkpt lat="36.05803859420121" lon="139.47942257858813">
        <ele>16.39</ele>
      </trkpt>
      <trkpt lat="36.05793968774378" lon="139.47977076284587">
        <ele>16.45</ele>
      </trkpt>
      <trkpt lat="36.05784086510539" lon="139.4801188632846">
        <ele>16.6</ele>
      </trkpt>
      <trkpt lat="36.057741958647966" lon="139.48046704754233">
        <ele>16.83</ele>
      </trkpt>
      <trkpt lat="36.05764389038086" lon="139.48081254959106">
        <ele>17.04</ele>
      </trkpt>
      <trkpt lat="36.05733702890575" lon="139.48079109191895">
        <ele>17.21</ele>
      </trkpt>
      <trkpt lat="36.05703025124967" lon="139.48076971806586">
        <ele>17.44</ele>
      </trkpt>
      <trkpt lat="36.05672129429877" lon="139.4807481765747">
        <ele>17.56</ele>
      </trkpt>
      <trkpt lat="36.05646438896656" lon="139.4807481765747">
        <ele>17.67</ele>
      </trkpt>
      <trkpt lat="36.05620631016791" lon="139.4807481765747">
        <ele>17.8</ele>
      </trkpt>
      <trkpt lat="36.05620622634888" lon="139.4807481765747">
        <ele>17.95</ele>
      </trkpt>
      <trkpt lat="36.05594923719764" lon="139.48081590235233">
        <ele>18.06</ele>
      </trkpt>
      <trkpt lat="36.05569233186543" lon="139.480883711949">
        <ele>18.24</ele>
      </trkpt>
      <trkpt lat="36.05543542653322" lon="139.48095152154565">
        <ele>18.47</ele>
      </trkpt>
      <trkpt lat="36.055178521201015" lon="139.4810193311423">
        <ele>18.65</ele>
      </trkpt>
      <trkpt lat="36.05492161586881" lon="139.48108714073896">
        <ele>18.82</ele>
      </trkpt>
      <trkpt lat="36.05466135777533" lon="139.48115587234497">
        <ele>18.88</ele>
      </trkpt>
      <trkpt lat="36.05436866171658" lon="139.48122720234096">
        <ele>18.95</ele>
      </trkpt>
      <trkpt lat="36.05407604947686" lon="139.48129853233695">
        <ele>19.03</ele>
      </trkpt>
      <trkpt lat="36.053781509399414" lon="139.48137044906616">
        <ele>19.19</ele>
      </trkpt>
      <trkpt lat="36.0535454750061" lon="139.481520652771">
        <ele>19.36</ele>
      </trkpt>
      <trkpt lat="36.05336316861212" lon="139.48172433301806">
        <ele>19.5</ele>
      </trkpt>
      <trkpt lat="36.05318077839911" lon="139.48192834854126">
        <ele>19.63</ele>
      </trkpt>
      <trkpt lat="36.05298765935004" lon="139.48213739320636">
        <ele>19.7</ele>
      </trkpt>
      <trkpt lat="36.05279462412" lon="139.4823465216905">
        <ele>19.78</ele>
      </trkpt>
      <trkpt lat="36.05260158888996" lon="139.48255565017462">
        <ele>19.81</ele>
      </trkpt>
      <trkpt lat="36.05240821838379" lon="139.4827651977539">
        <ele>19.83</ele>
      </trkpt>
      <trkpt lat="36.052160281687975" lon="139.4829181674868">
        <ele>19.72</ele>
      </trkpt>
      <trkpt lat="36.05191234499216" lon="139.4830712210387">
        <ele>19.59</ele>
      </trkpt>
      <trkpt lat="36.05166440829635" lon="139.4832242745906">
        <ele>19.55</ele>
      </trkpt>
      <trkpt lat="36.05141647160053" lon="139.48337732814252">
        <ele>19.55</ele>
      </trkpt>
      <trkpt lat="36.05116861872375" lon="139.48353038169444">
        <ele>19.53</ele>
      </trkpt>
      <trkpt lat="36.050920682027936" lon="139.48368335142732">
        <ele>19.57</ele>
      </trkpt>
      <trkpt lat="36.05067014694214" lon="139.48383808135986">
        <ele>19.59</ele>
      </trkpt>
      <trkpt lat="36.05049865320325" lon="139.48397738859057">
        <ele>19.53</ele>
      </trkpt>
      <trkpt lat="36.05032682418823" lon="139.4841170310974">
        <ele>19.42</ele>
      </trkpt>
      <trkpt lat="36.050208723172545" lon="139.48432096280158">
        <ele>19.31</ele>
      </trkpt>
      <trkpt lat="36.05009078979492" lon="139.48452472686768">
        <ele>19.22</ele>
      </trkpt>
      <trkpt lat="36.05000479146838" lon="139.48486855253577">
        <ele>19.23</ele>
      </trkpt>
      <trkpt lat="36.04991879314184" lon="139.4852124620229">
        <ele>19.18</ele>
      </trkpt>
      <trkpt lat="36.049832878634334" lon="139.485556287691">
        <ele>19.11</ele>
      </trkpt>
      <trkpt lat="36.049746880307794" lon="139.48590019717813">
        <ele>19.01</ele>
      </trkpt>
      <trkpt lat="36.049660881981254" lon="139.48624410666525">
        <ele>18.9</ele>
      </trkpt>
      <trkpt lat="36.04957580566406" lon="139.4865846633911">
        <ele>18.87</ele>
      </trkpt>
      <trkpt lat="36.04937195777893" lon="139.4868206139654">
        <ele>18.98</ele>
      </trkpt>
      <trkpt lat="36.0491681098938" lon="139.48705673217773">
        <ele>18.98</ele>
      </trkpt>
      <trkpt lat="36.0490177385509" lon="139.48732721619308">
        <ele>18.91</ele>
      </trkpt>
      <trkpt lat="36.048867451027036" lon="139.48759778402746">
        <ele>18.81</ele>
      </trkpt>
      <trkpt lat="36.04871716350317" lon="139.4878682680428">
        <ele>18.81</ele>
      </trkpt>
      <trkpt lat="36.048566875979304" lon="139.48813883587718">
        <ele>18.84</ele>
      </trkpt>
      <trkpt lat="36.04841709136963" lon="139.48840856552124">
        <ele>18.76</ele>
      </trkpt>
      <trkpt lat="36.048266887664795" lon="139.4886016845703">
        <ele>18.69</ele>
      </trkpt>
      <trkpt lat="36.04805247858167" lon="139.4887874275446">
        <ele>18.69</ele>
      </trkpt>
      <trkpt lat="36.04783815331757" lon="139.4889732543379">
        <ele>18.64</ele>
      </trkpt>
      <trkpt lat="36.04762324132025" lon="139.4891595840454">
        <ele>18.54</ele>
      </trkpt>
      <trkpt lat="36.04762315750122" lon="139.4891595840454">
        <ele>18.5</ele>
      </trkpt>
      <trkpt lat="36.04751595295966" lon="139.48928833007812">
        <ele>18.44</ele>
      </trkpt>
      <trkpt lat="36.04738712310791" lon="139.48943853378296">
        <ele>18.38</ele>
      </trkpt>
      <trkpt lat="36.04736574925482" lon="139.48956727981567">
        <ele>18.34</ele>
      </trkpt>
      <trkpt lat="36.04747303761542" lon="139.48983575217426">
        <ele>18.31</ele>
      </trkpt>
      <trkpt lat="36.04758024215698" lon="139.49010372161865">
        <ele>18.31</ele>
      </trkpt>
      <trkpt lat="36.04755878448486" lon="139.4902539253235">
        <ele>18.31</ele>
      </trkpt>
      <trkpt lat="36.04741939343512" lon="139.49038250371814">
        <ele>18.28</ele>
      </trkpt>
      <trkpt lat="36.047279834747314" lon="139.49051141738892">
        <ele>18.22</ele>
      </trkpt>
      <trkpt lat="36.04706450365484" lon="139.4906281773001">
        <ele>18.14</ele>
      </trkpt>
      <trkpt lat="36.04684925638139" lon="139.4907450210303">
        <ele>18.08</ele>
      </trkpt>
      <trkpt lat="36.04663300327957" lon="139.49086253531277">
        <ele>18.08</ele>
      </trkpt>
      <trkpt lat="36.046528900042176" lon="139.49091911315918">
        <ele>18.04</ele>
      </trkpt>
      <trkpt lat="36.04641071520746" lon="139.4906398281455">
        <ele>18.0</ele>
      </trkpt>
      <trkpt lat="36.046292781829834" lon="139.49036121368408">
        <ele>17.96</ele>
      </trkpt>
      <trkpt lat="36.04612153954804" lon="139.4903718587011">
        <ele>17.93</ele>
      </trkpt>
      <trkpt lat="36.04594954289496" lon="139.4903826713562">
        <ele>17.87</ele>
      </trkpt>
      <trkpt lat="36.04571401141584" lon="139.49031838215888">
        <ele>17.72</ele>
      </trkpt>
      <trkpt lat="36.04547747410834" lon="139.4902539253235">
        <ele>17.58</ele>
      </trkpt>
      <trkpt lat="36.045227609574795" lon="139.49017538689077">
        <ele>17.49</ele>
      </trkpt>
      <trkpt lat="36.04497774504125" lon="139.49009684845805">
        <ele>17.44</ele>
      </trkpt>
      <trkpt lat="36.04472637176514" lon="139.49001789093018">
        <ele>17.41</ele>
      </trkpt>
      <trkpt lat="36.04449058882892" lon="139.4898303039372">
        <ele>17.35</ele>
      </trkpt>
      <trkpt lat="36.044254805892706" lon="139.48964271694422">
        <ele>17.29</ele>
      </trkpt>
      <trkpt lat="36.04401902295649" lon="139.48945521377027">
        <ele>17.22</ele>
      </trkpt>
      <trkpt lat="36.043782234191895" lon="139.489266872406">
        <ele>17.12</ele>
      </trkpt>
      <trkpt lat="36.04352097027004" lon="139.4891812093556">
        <ele>16.95</ele>
      </trkpt>
      <trkpt lat="36.04325970634818" lon="139.48909554630518">
        <ele>16.8</ele>
      </trkpt>
      <trkpt lat="36.042998526245356" lon="139.48900988325477">
        <ele>16.73</ele>
      </trkpt>
      <trkpt lat="36.0427372623235" lon="139.48892422020435">
        <ele>16.78</ele>
      </trkpt>
      <trkpt lat="36.04247331619263" lon="139.48883771896362">
        <ele>16.83</ele>
      </trkpt>
      <trkpt lat="36.042237281799316" lon="139.48883771896362">
        <ele>16.84</ele>
      </trkpt>
      <trkpt lat="36.04198029264808" lon="139.48890619911253">
        <ele>16.84</ele>
      </trkpt>
      <trkpt lat="36.04172338731587" lon="139.48897467926145">
        <ele>16.88</ele>
      </trkpt>
      <trkpt lat="36.04146648198366" lon="139.4890432432294">
        <ele>16.88</ele>
      </trkpt>
      <trkpt lat="36.041209576651454" lon="139.4891117233783">
        <ele>16.91</ele>
      </trkpt>
      <trkpt lat="36.04094982147217" lon="139.48918104171753">
        <ele>16.92</ele>
      </trkpt>
      <trkpt lat="36.04066081345081" lon="139.4892237894237">
        <ele>16.91</ele>
      </trkpt>
      <trkpt lat="36.04037046432495" lon="139.489266872406">
        <ele>16.98</ele>
      </trkpt>
      <trkpt lat="36.04015588760376" lon="139.48945999145508">
        <ele>17.06</ele>
      </trkpt>
      <trkpt lat="36.04005924426019" lon="139.48965319432318">
        <ele>17.14</ele>
      </trkpt>
      <trkpt lat="36.03996276855469" lon="139.48984622955322">
        <ele>17.21</ele>
      </trkpt>
      <trkpt lat="36.039705695584416" lon="139.49000691063702">
        <ele>17.29</ele>
      </trkpt>
      <trkpt lat="36.03944786824286" lon="139.490168094635">
        <ele>17.35</ele>
      </trkpt>
      <trkpt lat="36.03944778442383" lon="139.490168094635">
        <ele>17.41</ele>
      </trkpt>
      <trkpt lat="36.039206217974424" lon="139.49025275185704">
        <ele>17.52</ele>
      </trkpt>
      <trkpt lat="36.0389638133347" lon="139.49033791199327">
        <ele>17.62</ele>
      </trkpt>
      <trkpt lat="36.03871788829565" lon="139.4904241617769">
        <ele>17.59</ele>
      </trkpt>
      <trkpt lat="36.03847204707563" lon="139.49051041156054">
        <ele>17.55</ele>
      </trkpt>
      <trkpt lat="36.03822469711304" lon="139.4905972480774">
        <ele>17.58</ele>
      </trkpt>
      <trkpt lat="36.03803174570203" lon="139.49075440876186">
        <ele>17.67</ele>
      </trkpt>
      <trkpt lat="36.03783887811005" lon="139.49091156944633">
        <ele>17.73</ele>
      </trkpt>
      <trkpt lat="36.03764542378485" lon="139.491069316864">
        <ele>17.77</ele>
      </trkpt>
      <trkpt lat="36.03740117512643" lon="139.49117635376751">
        <ele>17.84</ele>
      </trkpt>
      <trkpt lat="36.037157010287046" lon="139.49128347449005">
        <ele>17.9</ele>
      </trkpt>
      <trkpt lat="36.03691284544766" lon="139.49139051139355">
        <ele>17.98</ele>
      </trkpt>
      <trkpt lat="36.03666868060827" lon="139.49149763211608">
        <ele>18.03</ele>
      </trkpt>
      <trkpt lat="36.03642225265503" lon="139.491605758667">
        <ele>18.09</ele>
      </trkpt>
      <trkpt lat="36.03633642196655" lon="139.49156284332275">
        <ele>18.13</ele>
      </trkpt>
      <trkpt lat="36.036272048950195" lon="139.49145555496216">
        <ele>18.16</ele>
      </trkpt>
      <trkpt lat="36.036272048950195" lon="139.4911007490009">
        <ele>18.15</ele>
      </trkpt>
      <trkpt lat="36.036272048950195" lon="139.49074745178223">
        <ele>18.13</ele>
      </trkpt>
      <trkpt lat="36.03622921742499" lon="139.49066162109375">
        <ele>18.16</ele>
      </trkpt>
      <trkpt lat="36.0361647605896" lon="139.4907259941101">
        <ele>18.2</ele>
      </trkpt>
      <trkpt lat="36.036128886044025" lon="139.49101257137954">
        <ele>18.24</ele>
      </trkpt>
      <trkpt lat="36.03609309531748" lon="139.491299232468">
        <ele>18.29</ele>
      </trkpt>
      <trkpt lat="36.036057472229004" lon="139.49158430099487">
        <ele>18.32</ele>
      </trkpt>
      <trkpt lat="36.035960745066404" lon="139.4918420445174">
        <ele>18.27</ele>
      </trkpt>
      <trkpt lat="36.03586435317993" lon="139.49209928512573">
        <ele>18.23</ele>
      </trkpt>
      <trkpt lat="36.03588581085205" lon="139.492303468287">
        <ele>18.25</ele>
      </trkpt>
      <trkpt lat="36.03590726852417" lon="139.492506980896">
        <ele>18.28</ele>
      </trkpt>
      <trkpt lat="36.035735523328185" lon="139.49278601445258">
        <ele>18.25</ele>
      </trkpt>
      <trkpt lat="36.0355637781322" lon="139.49306504800916">
        <ele>18.23</ele>
      </trkpt>
      <trkpt lat="36.03539228439331" lon="139.49334383010864">
        <ele>18.24</ele>
      </trkpt>
      <trkpt lat="36.035223891958594" lon="139.49347282759845">
        <ele>18.27</ele>
      </trkpt>
      <trkpt lat="36.03505524806678" lon="139.49360224418342">
        <ele>18.27</ele>
      </trkpt>
      <trkpt lat="36.03490202687681" lon="139.49371959082782">
        <ele>18.25</ele>
      </trkpt>
      <trkpt lat="36.034748554229736" lon="139.49383735656738">
        <ele>18.21</ele>
      </trkpt>
      <trkpt lat="36.0344950016588" lon="139.49399443343282">
        <ele>18.09</ele>
      </trkpt>
      <trkpt lat="36.03424144908786" lon="139.49415159411728">
        <ele>18.02</ele>
      </trkpt>
      <trkpt lat="36.03398789651692" lon="139.49430867098272">
        <ele>18.0</ele>
      </trkpt>
      <trkpt lat="36.03373442776501" lon="139.49446583166718">
        <ele>18.01</ele>
      </trkpt>
      <trkpt lat="36.03348087519407" lon="139.49462290853262">
        <ele>17.93</ele>
      </trkpt>
      <trkpt lat="36.03322505950928" lon="139.49478149414062">
        <ele>17.84</ele>
      </trkpt>
      <trkpt lat="36.033003525808454" lon="139.4949672371149">
        <ele>17.83</ele>
      </trkpt>
      <trkpt lat="36.03278199210763" lon="139.4951529800892">
        <ele>17.81</ele>
      </trkpt>
      <trkpt lat="36.032559871673584" lon="139.49533939361572">
        <ele>17.67</ele>
      </trkpt>
      <trkpt lat="36.03235384449363" lon="139.49561834335327">
        <ele>17.52</ele>
      </trkpt>
      <trkpt lat="36.0321479011327" lon="139.49589729309082">
        <ele>17.51</ele>
      </trkpt>
      <trkpt lat="36.031941873952746" lon="139.49617624282837">
        <ele>17.45</ele>
      </trkpt>
      <trkpt lat="36.03173593059182" lon="139.49645519256592">
        <ele>17.33</ele>
      </trkpt>
      <trkpt lat="36.0315299872309" lon="139.49673414230347">
        <ele>17.07</ele>
      </trkpt>
      <trkpt lat="36.03134969249368" lon="139.4969916343689">
        <ele>16.83</ele>
      </trkpt>
      <trkpt lat="36.03116939775646" lon="139.49724912643433">
        <ele>16.68</ele>
      </trkpt>
      <trkpt lat="36.03098918683827" lon="139.4975067023188">
        <ele>16.58</ele>
      </trkpt>
      <trkpt lat="36.03080889210105" lon="139.49776419438422">
        <ele>16.46</ele>
      </trkpt>
      <trkpt lat="36.03062876500189" lon="139.49802160263062">
        <ele>16.35</ele>
      </trkpt>
      <trkpt lat="36.03040765039623" lon="139.49829627759755">
        <ele>16.17</ele>
      </trkpt>
      <trkpt lat="36.030186619609594" lon="139.49857112020254">
        <ele>16.02</ele>
      </trkpt>
      <trkpt lat="36.030186619609594" lon="139.49857120402157">
        <ele>15.87</ele>
      </trkpt>
      <trkpt lat="36.030010683462024" lon="139.49878988787532">
        <ele>15.69</ele>
      </trkpt>
      <trkpt lat="36.02983474731445" lon="139.4990086555481">
        <ele>15.53</ele>
      </trkpt>
      <trkpt lat="36.02964900434017" lon="139.49913715012372">
        <ele>15.3</ele>
      </trkpt>
      <trkpt lat="36.02946326136589" lon="139.49926572851837">
        <ele>15.06</ele>
      </trkpt>
      <trkpt lat="36.029276847839355" lon="139.49939489364624">
        <ele>14.94</ele>
      </trkpt>
      <trkpt lat="36.0291054379195" lon="139.49948055669665">
        <ele>14.83</ele>
      </trkpt>
      <trkpt lat="36.02893352508545" lon="139.4995665550232">
        <ele>14.78</ele>
      </trkpt>
      <trkpt lat="36.02872649207711" lon="139.49964500963688">
        <ele>14.72</ele>
      </trkpt>
      <trkpt lat="36.028519459068775" lon="139.4997235480696">
        <ele>14.67</ele>
      </trkpt>
      <trkpt lat="36.028311252593994" lon="139.4998025894165">
        <ele>14.61</ele>
      </trkpt>
      <trkpt lat="36.028054263442755" lon="139.49985606595874">
        <ele>14.5</ele>
      </trkpt>
      <trkpt lat="36.027796268463135" lon="139.4999098777771">
        <ele>14.39</ele>
      </trkpt>
      <trkpt lat="36.027787551283836" lon="139.4999098777771">
        <ele>14.31</ele>
      </trkpt>
      <trkpt lat="36.02748999372125" lon="139.4999098777771">
        <ele>14.23</ele>
      </trkpt>
      <trkpt lat="36.02719251997769" lon="139.4999098777771">
        <ele>14.12</ele>
      </trkpt>
      <trkpt lat="36.0268949624151" lon="139.4999098777771">
        <ele>13.98</ele>
      </trkpt>
      <trkpt lat="36.02659463882446" lon="139.4999098777771">
        <ele>13.91</ele>
      </trkpt>
      <trkpt lat="36.0263249091804" lon="139.49985849671066">
        <ele>13.96</ele>
      </trkpt>
      <trkpt lat="36.02605517953634" lon="139.49980711564422">
        <ele>13.94</ele>
      </trkpt>
      <trkpt lat="36.02578544989228" lon="139.49975573457778">
        <ele>13.8</ele>
      </trkpt>
      <trkpt lat="36.02551572024822" lon="139.49970435351133">
        <ele>13.73</ele>
      </trkpt>
      <trkpt lat="36.02524288929999" lon="139.49965238571167">
        <ele>13.74</ele>
      </trkpt>
      <trkpt lat="36.02498590014875" lon="139.4995988253504">
        <ele>13.77</ele>
      </trkpt>
      <trkpt lat="36.02472790516913" lon="139.49954509735107">
        <ele>13.76</ele>
      </trkpt>
      <trkpt lat="36.02455012500286" lon="139.49951123446226">
        <ele>13.74</ele>
      </trkpt>
      <trkpt lat="36.02437167428434" lon="139.49947728775442">
        <ele>13.76</ele>
      </trkpt>
      <trkpt lat="36.024277210235596" lon="139.4994592666626">
        <ele>13.81</ele>
      </trkpt>
      <trkpt lat="36.024003122001886" lon="139.49940788559616">
        <ele>13.97</ele>
      </trkpt>
      <trkpt lat="36.02372911758721" lon="139.49935650452971">
        <ele>14.01</ele>
      </trkpt>
      <trkpt lat="36.02345511317253" lon="139.49930512346327">
        <ele>14.04</ele>
      </trkpt>
      <trkpt lat="36.02318110875785" lon="139.49925374239683">
        <ele>14.06</ele>
      </trkpt>
      <trkpt lat="36.022904003039" lon="139.49920177459717">
        <ele>14.0</ele>
      </trkpt>
      <trkpt lat="36.02260418236256" lon="139.49913748539984">
        <ele>13.96</ele>
      </trkpt>
      <trkpt lat="36.02230444550514" lon="139.49907328002155">
        <ele>13.99</ele>
      </trkpt>
      <trkpt lat="36.02200470864773" lon="139.49900907464325">
        <ele>14.1</ele>
      </trkpt>
      <trkpt lat="36.021704971790314" lon="139.49894478544593">
        <ele>14.19</ele>
      </trkpt>
      <trkpt lat="36.02140188217163" lon="139.49887990951538">
        <ele>14.26</ele>
      </trkpt>
      <trkpt lat="36.02135896682739" lon="139.49877262115479">
        <ele>14.29</ele>
      </trkpt>
      <trkpt lat="36.02113927714527" lon="139.49869802221656">
        <ele>14.36</ele>
      </trkpt>
      <trkpt lat="36.02091028355062" lon="139.49862023815513">
        <ele>14.44</ele>
      </trkpt>
      <trkpt lat="36.020681373775005" lon="139.4985424540937">
        <ele>14.51</ele>
      </trkpt>
      <trkpt lat="36.02045246399939" lon="139.4984647538513">
        <ele>14.56</ele>
      </trkpt>
      <trkpt lat="36.02022171020508" lon="139.49838638305664">
        <ele>14.59</ele>
      </trkpt>
      <trkpt lat="36.02023243904114" lon="139.4981605745852">
        <ele>14.59</ele>
      </trkpt>
      <trkpt lat="36.02024325169623" lon="139.49793577194214">
        <ele>14.56</ele>
      </trkpt>
      <trkpt lat="36.0202431678772" lon="139.49793577194214">
        <ele>14.58</ele>
      </trkpt>
      <trkpt lat="36.01997260004282" lon="139.4978767633438">
        <ele>14.6</ele>
      </trkpt>
      <trkpt lat="36.019969917833805" lon="139.49786997400224">
        <ele>14.61</ele>
      </trkpt>
      <trkpt lat="36.01993999443948" lon="139.49785999953747">
        <ele>14.61</ele>
      </trkpt>
      <trkpt lat="36.01987352594733" lon="139.49823953211308">
        <ele>14.67</ele>
      </trkpt>
      <trkpt lat="36.01986992172897" lon="139.4982599839568">
        <ele>14.66</ele>
      </trkpt>
      <trkpt lat="36.01980999112129" lon="139.49828999117017">
        <ele>14.65</ele>
      </trkpt>
      <trkpt lat="36.01950170472264" lon="139.49820742942393">
        <ele>14.6</ele>
      </trkpt>
      <trkpt lat="36.0192499961704" lon="139.4981399551034">
        <ele>14.55</ele>
      </trkpt>
      <trkpt lat="36.018945733085275" lon="139.49803752824664">
        <ele>14.48</ele>
      </trkpt>
      <trkpt lat="36.01864147000015" lon="139.49793510138988">
        <ele>14.44</ele>
      </trkpt>
      <trkpt lat="36.01833720691502" lon="139.49783267453313">
        <ele>14.41</ele>
      </trkpt>
      <trkpt lat="36.01823997683823" lon="139.49779998511076">
        <ele>14.38</ele>
      </trkpt>
      <trkpt lat="36.01793998852372" lon="139.49767995625734">
        <ele>14.35</ele>
      </trkpt>
      <trkpt lat="36.017689956352115" lon="139.4975799601525">
        <ele>14.36</ele>
      </trkpt>
      <trkpt lat="36.01739348843694" lon="139.49744735844433">
        <ele>14.24</ele>
      </trkpt>
      <trkpt lat="36.01730992086232" lon="139.4974099751562">
        <ele>14.17</ele>
      </trkpt>
      <trkpt lat="36.01702996529639" lon="139.49731995351613">
        <ele>14.1</ele>
      </trkpt>
      <trkpt lat="36.01673995144665" lon="139.49722993187606">
        <ele>14.07</ele>
      </trkpt>
      <trkpt lat="36.01649997755885" lon="139.49716991744936">
        <ele>14.01</ele>
      </trkpt>
      <trkpt lat="36.01641993038356" lon="139.49713999405503">
        <ele>13.94</ele>
      </trkpt>
      <trkpt lat="36.01649997755885" lon="139.49716991744936">
        <ele>14.01</ele>
      </trkpt>
      <trkpt lat="36.016509952023625" lon="139.49715994298458">
        <ele>13.85</ele>
      </trkpt>
      <trkpt lat="36.01659997366369" lon="139.49725993908942">
        <ele>13.81</ele>
      </trkpt>
      <trkpt lat="36.01687992922962" lon="139.49739991687238">
        <ele>13.77</ele>
      </trkpt>
      <trkpt lat="36.01717463694513" lon="139.49753838591278">
        <ele>13.72</ele>
      </trkpt>
      <trkpt lat="36.01746942847967" lon="139.49767677113414">
        <ele>13.71</ele>
      </trkpt>
      <trkpt lat="36.01776413619518" lon="139.4978151563555">
        <ele>13.7</ele>
      </trkpt>
      <trkpt lat="36.01802992634475" lon="139.49793996289372">
        <ele>13.64</ele>
      </trkpt>
      <trkpt lat="36.01833418942988" lon="139.4980424735695">
        <ele>13.6</ele>
      </trkpt>
      <trkpt lat="36.018638452515006" lon="139.4981449842453">
        <ele>13.56</ele>
      </trkpt>
      <trkpt lat="36.0189426317811" lon="139.4982474949211">
        <ele>13.54</ele>
      </trkpt>
      <trkpt lat="36.01894992403686" lon="139.498249925673">
        <ele>13.52</ele>
      </trkpt>
      <trkpt lat="36.01925611495972" lon="139.4983434677124">
        <ele>13.57</ele>
      </trkpt>
      <trkpt lat="36.01956222206354" lon="139.4984370097518">
        <ele>13.57</ele>
      </trkpt>
      <trkpt lat="36.019669929519296" lon="139.49846995063126">
        <ele>13.57</ele>
      </trkpt>
      <trkpt lat="36.01998198777437" lon="139.49852669611573">
        <ele>13.6</ele>
      </trkpt>
      <trkpt lat="36.01999992504716" lon="139.49852996505797">
        <ele>13.63</ele>
      </trkpt>
      <trkpt lat="36.01994996890426" lon="139.49891335330904">
        <ele>13.64</ele>
      </trkpt>
      <trkpt lat="36.01993999443948" lon="139.49898996390402">
        <ele>13.71</ele>
      </trkpt>
      <trkpt lat="36.01988383568823" lon="139.49937201105058">
        <ele>13.82</ele>
      </trkpt>
      <trkpt lat="36.019827676936984" lon="139.49975414201617">
        <ele>13.93</ele>
      </trkpt>
      <trkpt lat="36.019771518185735" lon="139.50013618916273">
        <ele>13.98</ele>
      </trkpt>
      <trkpt lat="36.019715359434485" lon="139.5005182363093">
        <ele>13.91</ele>
      </trkpt>
      <trkpt lat="36.019659200683236" lon="139.50090036727488">
        <ele>13.76</ele>
      </trkpt>
      <trkpt lat="36.01960304193199" lon="139.50128241442144">
        <ele>13.96</ele>
      </trkpt>
      <trkpt lat="36.01954688318074" lon="139.50166454538703">
        <ele>14.37</ele>
      </trkpt>
      <trkpt lat="36.01949072442949" lon="139.5020465925336">
        <ele>14.76</ele>
      </trkpt>
      <trkpt lat="36.01943464949727" lon="139.50242863968015">
        <ele>15.25</ele>
      </trkpt>
      <trkpt lat="36.01937849074602" lon="139.50281077064574">
        <ele>15.54</ele>
      </trkpt>
      <trkpt lat="36.01932233199477" lon="139.5031928177923">
        <ele>15.63</ele>
      </trkpt>
      <trkpt lat="36.01926617324352" lon="139.50357486493886">
        <ele>15.89</ele>
      </trkpt>
      <trkpt lat="36.01921001449227" lon="139.50395699590445">
        <ele>16.29</ele>
      </trkpt>
      <trkpt lat="36.019153939560056" lon="139.504339043051">
        <ele>16.72</ele>
      </trkpt>
      <trkpt lat="36.019097780808806" lon="139.5047211740166">
        <ele>17.09</ele>
      </trkpt>
      <trkpt lat="36.01904162205756" lon="139.50510322116315">
        <ele>17.43</ele>
      </trkpt>
      <trkpt lat="36.01898554712534" lon="139.5054852683097">
        <ele>17.74</ele>
      </trkpt>
      <trkpt lat="36.01892938837409" lon="139.5058673992753">
        <ele>18.16</ele>
      </trkpt>
      <trkpt lat="36.01887322962284" lon="139.50624944642186">
        <ele>18.7</ele>
      </trkpt>
      <trkpt lat="36.01885998621583" lon="139.50633997097611">
        <ele>19.0</ele>
      </trkpt>
      <trkpt lat="36.018849927932024" lon="139.50649998150766">
        <ele>19.32</ele>
      </trkpt>
      <trkpt lat="36.018939949572086" lon="139.50648992322385">
        <ele>19.56</ele>
      </trkpt>
      <trkpt lat="36.01894992403686" lon="139.50647994875908">
        <ele>19.76</ele>
      </trkpt>
      <trkpt lat="36.0190499201417" lon="139.50635991990566">
        <ele>19.9</ele>
      </trkpt>
      <trkpt lat="36.01915997453034" lon="139.50611994601786">
        <ele>19.91</ele>
      </trkpt>
      <trkpt lat="36.01920993067324" lon="139.50581995770335">
        <ele>19.8</ele>
      </trkpt>
      <trkpt lat="36.019238932058215" lon="139.50543330051005">
        <ele>19.79</ele>
      </trkpt>
      <trkpt lat="36.019239937886596" lon="139.505419973284">
        <ele>19.86</ele>
      </trkpt>
      <trkpt lat="36.01892502978444" lon="139.50544092804193">
        <ele>19.89</ele>
      </trkpt>
      <trkpt lat="36.01863996125758" lon="139.50545995496213">
        <ele>19.96</ele>
      </trkpt>
      <trkpt lat="36.01832505315542" lon="139.50543707236648">
        <ele>20.07</ele>
      </trkpt>
      <trkpt lat="36.01808994077146" lon="139.505419973284">
        <ele>20.11</ele>
      </trkpt>
      <trkpt lat="36.017775535583496" lon="139.5053892955184">
        <ele>20.06</ele>
      </trkpt>
      <trkpt lat="36.01767998188734" lon="139.50537999160588">
        <ele>20.03</ele>
      </trkpt>
      <trkpt lat="36.017365073785186" lon="139.50540245510638">
        <ele>19.96</ele>
      </trkpt>
      <trkpt lat="36.01705016568303" lon="139.50542491860688">
        <ele>19.99</ele>
      </trkpt>
      <trkpt lat="36.016979925334454" lon="139.50542994774878">
        <ele>20.01</ele>
      </trkpt>
      <trkpt lat="36.01666568778455" lon="139.50539683923125">
        <ele>20.07</ele>
      </trkpt>
      <trkpt lat="36.01635136641562" lon="139.50536381453276">
        <ele>20.1</ele>
      </trkpt>
      <trkpt lat="36.01621993817389" lon="139.50534998439252">
        <ele>20.13</ele>
      </trkpt>
      <trkpt lat="36.0160399787128" lon="139.50530991889536">
        <ele>20.12</ele>
      </trkpt>
      <trkpt lat="36.01575918495655" lon="139.50513306073844">
        <ele>20.01</ele>
      </trkpt>
      <trkpt lat="36.015478391200304" lon="139.5049561187625">
        <ele>20.02</ele>
      </trkpt>
      <trkpt lat="36.01530999876559" lon="139.5048499200493">
        <ele>20.09</ele>
      </trkpt>
      <trkpt lat="36.01510992273688" lon="139.50480993837118">
        <ele>20.23</ele>
      </trkpt>
      <trkpt lat="36.01479459553957" lon="139.5048039034009">
        <ele>20.35</ele>
      </trkpt>
      <trkpt lat="36.01458999328315" lon="139.5047999639064">
        <ele>20.38</ele>
      </trkpt>
      <trkpt lat="36.014274498447776" lon="139.5047999639064">
        <ele>20.4</ele>
      </trkpt>
      <trkpt lat="36.014209957793355" lon="139.5047999639064">
        <ele>20.4</ele>
      </trkpt>
      <trkpt lat="36.013900162652135" lon="139.504872886464">
        <ele>20.38</ele>
      </trkpt>
      <trkpt lat="36.01386998780072" lon="139.50487992726266">
        <ele>20.36</ele>
      </trkpt>
      <trkpt lat="36.01355457678437" lon="139.50488420203328">
        <ele>20.19</ele>
      </trkpt>
      <trkpt lat="36.01323916576803" lon="139.5048884768039">
        <ele>20.09</ele>
      </trkpt>
      <trkpt lat="36.0131299495697" lon="139.50488998554647">
        <ele>20.06</ele>
      </trkpt>
      <trkpt lat="36.01281470619142" lon="139.5049043186009">
        <ele>20.05</ele>
      </trkpt>
      <trkpt lat="36.01268998347223" lon="139.50490993447602">
        <ele>20.02</ele>
      </trkpt>
      <trkpt lat="36.01247993297875" lon="139.5049899816513">
        <ele>19.99</ele>
      </trkpt>
      <trkpt lat="36.01225999183953" lon="139.50515996664762">
        <ele>19.9</ele>
      </trkpt>
      <trkpt lat="36.01210995577276" lon="139.505419973284">
        <ele>19.78</ele>
      </trkpt>
      <trkpt lat="36.01221992634237" lon="139.50568995438516">
        <ele>19.66</ele>
      </trkpt>
      <trkpt lat="36.01198992691934" lon="139.5056599471718">
        <ele>19.44</ele>
      </trkpt>
      <trkpt lat="36.0116761084646" lon="139.50562071986496">
        <ele>19.19</ele>
      </trkpt>
      <trkpt lat="36.011589942499995" lon="139.5056099910289">
        <ele>18.94</ele>
      </trkpt>
      <trkpt lat="36.01127453148365" lon="139.5056099910289">
        <ele>18.65</ele>
      </trkpt>
      <trkpt lat="36.01124997250736" lon="139.5056099910289">
        <ele>18.39</ele>
      </trkpt>
      <trkpt lat="36.01110999472439" lon="139.5054899621755">
        <ele>18.05</ele>
      </trkpt>
      <trkpt lat="36.010899944230914" lon="139.50537999160588">
        <ele>17.7</ele>
      </trkpt>
      <trkpt lat="36.01058998145163" lon="139.50531997717917">
        <ele>17.36</ele>
      </trkpt>
      <trkpt lat="36.01027591153979" lon="139.50528351590037">
        <ele>17.08</ele>
      </trkpt>
      <trkpt lat="36.009961841627955" lon="139.5052471384406">
        <ele>16.78</ele>
      </trkpt>
      <trkpt lat="36.00989998318255" lon="139.50523993000388">
        <ele>16.47</ele>
      </trkpt>
      <trkpt lat="36.00968993268907" lon="139.50519994832575">
        <ele>16.22</ele>
      </trkpt>
      <trkpt lat="36.009609969332814" lon="139.5051099266857">
        <ele>15.91</ele>
      </trkpt>
      <trkpt lat="36.00950066931546" lon="139.5047457329929">
        <ele>15.48</ele>
      </trkpt>
      <trkpt lat="36.0094899404794" lon="139.50470994226635">
        <ele>15.19</ele>
      </trkpt>
      <trkpt lat="36.00933998823166" lon="139.5045499317348">
        <ele>14.88</ele>
      </trkpt>
      <trkpt lat="36.00919992662966" lon="139.5044199284166">
        <ele>14.57</ele>
      </trkpt>
      <trkpt lat="36.00892164744437" lon="139.5042372867465">
        <ele>14.29</ele>
      </trkpt>
      <trkpt lat="36.008879989385605" lon="139.50420996174216">
        <ele>14.06</ele>
      </trkpt>
      <trkpt lat="36.00857421755791" lon="139.504114408046">
        <ele>13.86</ele>
      </trkpt>
      <trkpt lat="36.008559968322515" lon="139.50410996563733">
        <ele>13.68</ele>
      </trkpt>
      <trkpt lat="36.008409932255745" lon="139.5041199401021">
        <ele>13.52</ele>
      </trkpt>
      <trkpt lat="36.00809887982905" lon="139.50418431311846">
        <ele>13.46</ele>
      </trkpt>
      <trkpt lat="36.00778782740235" lon="139.50424868613482">
        <ele>13.44</ele>
      </trkpt>
      <trkpt lat="36.00747677497566" lon="139.50431305915117">
        <ele>13.36</ele>
      </trkpt>
      <trkpt lat="36.007249960675836" lon="139.50435999780893">
        <ele>13.25</ele>
      </trkpt>
      <trkpt lat="36.00695324130356" lon="139.50449184514582">
        <ele>13.12</ele>
      </trkpt>
      <trkpt lat="36.00688995793462" lon="139.50451992452145">
        <ele>13.06</ele>
      </trkpt>
      <trkpt lat="36.00659592077136" lon="139.50466057285666">
        <ele>12.97</ele>
      </trkpt>
      <trkpt lat="36.006429959088564" lon="139.5047399494797">
        <ele>12.94</ele>
      </trkpt>
      <trkpt lat="36.00624999962747" lon="139.50475998222828">
        <ele>12.9</ele>
      </trkpt>
      <trkpt lat="36.00603994913399" lon="139.50470994226635">
        <ele>12.83</ele>
      </trkpt>
      <trkpt lat="36.00587993860245" lon="139.50471991673112">
        <ele>12.84</ele>
      </trkpt>
      <trkpt lat="36.00559470243752" lon="139.50455429032445">
        <ele>12.81</ele>
      </trkpt>
      <trkpt lat="36.005569975823164" lon="139.50453995727003">
        <ele>12.78</ele>
      </trkpt>
      <trkpt lat="36.00530996918678" lon="139.50439997948706">
        <ele>12.7</ele>
      </trkpt>
      <trkpt lat="36.00519999861717" lon="139.5044199284166">
        <ele>12.67</ele>
      </trkpt>
      <trkpt lat="36.00491266697645" lon="139.50458019040525">
        <ele>12.7</ele>
      </trkpt>
      <trkpt lat="36.00467998534441" lon="139.50470994226635">
        <ele>12.65</ele>
      </trkpt>
      <trkpt lat="36.004689959809184" lon="139.50477993115783">
        <ele>12.63</ele>
      </trkpt>
      <trkpt lat="36.00465995259583" lon="139.50475998222828">
        <ele>12.54</ele>
      </trkpt>
      <trkpt lat="36.00434470921755" lon="139.50474640354514">
        <ele>12.39</ele>
      </trkpt>
      <trkpt lat="36.00402946583927" lon="139.504732824862">
        <ele>12.33</ele>
      </trkpt>
      <trkpt lat="36.00372998043895" lon="139.50471991673112">
        <ele>12.28</ele>
      </trkpt>
      <trkpt lat="36.00341498851776" lon="139.50474095530808">
        <ele>12.07</ele>
      </trkpt>
      <trkpt lat="36.0031299199909" lon="139.50475998222828">
        <ele>11.85</ele>
      </trkpt>
      <trkpt lat="36.00281685590744" lon="139.50480742380023">
        <ele>11.72</ele>
      </trkpt>
      <trkpt lat="36.002799924463034" lon="139.50480993837118">
        <ele>11.61</ele>
      </trkpt>
      <trkpt lat="36.00249180570245" lon="139.50489291921258">
        <ele>11.5</ele>
      </trkpt>
      <trkpt lat="36.00218368694186" lon="139.50497590005398">
        <ele>11.35</ele>
      </trkpt>
      <trkpt lat="36.00201998837292" lon="139.50501998886466">
        <ele>11.22</ele>
      </trkpt>
      <trkpt lat="36.00171849131584" lon="139.50513431802392">
        <ele>11.14</ele>
      </trkpt>
      <trkpt lat="36.00143996067345" lon="139.50523993000388">
        <ele>11.07</ele>
      </trkpt>
      <trkpt lat="36.00115992128849" lon="139.50536993332207">
        <ele>11.07</ele>
      </trkpt>
      <trkpt lat="36.00086730904877" lon="139.50551494024694">
        <ele>10.99</ele>
      </trkpt>
      <trkpt lat="36.00057469680905" lon="139.50565986335278">
        <ele>10.86</ele>
      </trkpt>
      <trkpt lat="36.000282084569335" lon="139.5058047864586">
        <ele>10.77</ele>
      </trkpt>
      <trkpt lat="36.00008997134864" lon="139.5058999210596">
        <ele>10.72</ele>
      </trkpt>
      <trkpt lat="35.99983214400709" lon="139.50612355023623">
        <ele>10.7</ele>
      </trkpt>
      <trkpt lat="35.99957431666553" lon="139.50634717941284">
        <ele>10.57</ele>
      </trkpt>
      <trkpt lat="35.99931640550494" lon="139.50657080858946">
        <ele>10.4</ele>
      </trkpt>
      <trkpt lat="35.999058578163385" lon="139.50679443776608">
        <ele>10.35</ele>
      </trkpt>
      <trkpt lat="35.998959923163056" lon="139.50687993317842">
        <ele>10.31</ele>
      </trkpt>
      <trkpt lat="35.99868692457676" lon="139.50707430951297">
        <ele>10.19</ele>
      </trkpt>
      <trkpt lat="35.99841384217143" lon="139.5072686020285">
        <ele>10.05</ele>
      </trkpt>
      <trkpt lat="35.9981407597661" lon="139.507462894544">
        <ele>9.96</ele>
      </trkpt>
      <trkpt lat="35.997884441167116" lon="139.50764536857605">
        <ele>9.87</ele>
      </trkpt>
      <trkpt lat="35.997602473944426" lon="139.50781946070492">
        <ele>9.8</ele>
      </trkpt>
      <trkpt lat="35.99732059054077" lon="139.50799363665283">
        <ele>9.78</ele>
      </trkpt>
      <trkpt lat="35.997276501730084" lon="139.50802087783813">
        <ele>9.74</ele>
      </trkpt>
      <trkpt lat="35.996963353827596" lon="139.50806748121977">
        <ele>9.65</ele>
      </trkpt>
      <trkpt lat="35.99665020592511" lon="139.5081140846014">
        <ele>9.57</ele>
      </trkpt>
      <trkpt lat="35.996555741876364" lon="139.50812816619873">
        <ele>9.56</ele>
      </trkpt>
      <trkpt lat="35.996555741876364" lon="139.50825691223145">
        <ele>9.61</ele>
      </trkpt>
      <trkpt lat="35.99687031470239" lon="139.5082287490368">
        <ele>9.7</ele>
      </trkpt>
      <trkpt lat="35.99718497134745" lon="139.50820066966116">
        <ele>9.83</ele>
      </trkpt>
      <trkpt lat="35.997276501730084" lon="139.5081925392151">
        <ele>9.92</ele>
      </trkpt>
      <trkpt lat="35.99756207317114" lon="139.5080274157226">
        <ele>9.97</ele>
      </trkpt>
      <trkpt lat="35.99784756079316" lon="139.50786237604916">
        <ele>10.06</ele>
      </trkpt>
      <trkpt lat="35.9981116745621" lon="139.5077097415924">
        <ele>10.22</ele>
      </trkpt>
      <trkpt lat="35.99787077866495" lon="139.50796019285917">
        <ele>10.31</ele>
      </trkpt>
      <trkpt lat="35.997629798948765" lon="139.50821072794497">
        <ele>10.48</ele>
      </trkpt>
      <trkpt lat="35.997388903051615" lon="139.50846126303077">
        <ele>10.73</ele>
      </trkpt>
      <trkpt lat="35.99714792333543" lon="139.50871179811656">
        <ele>10.91</ele>
      </trkpt>
      <trkpt lat="35.99690702743828" lon="139.50896233320236">
        <ele>11.07</ele>
      </trkpt>
      <trkpt lat="35.9966660477221" lon="139.50921286828816">
        <ele>11.27</ele>
      </trkpt>
      <trkpt lat="35.996512323617935" lon="139.50937271118164">
        <ele>11.51</ele>
      </trkpt>
      <trkpt lat="35.99650997668505" lon="139.5093699451536">
        <ele>11.73</ele>
      </trkpt>
      <trkpt lat="35.996264051645994" lon="139.50961302034557">
        <ele>11.97</ele>
      </trkpt>
      <trkpt lat="35.99601804278791" lon="139.50985609553754">
        <ele>12.16</ele>
      </trkpt>
      <trkpt lat="35.99577211774886" lon="139.5100990869105">
        <ele>12.36</ele>
      </trkpt>
      <trkpt lat="35.99565996788442" lon="139.51020997948945">
        <ele>12.61</ele>
      </trkpt>
      <trkpt lat="35.99540641531348" lon="139.51044090092182">
        <ele>12.95</ele>
      </trkpt>
      <trkpt lat="35.99515286274254" lon="139.5106718223542">
        <ele>13.25</ele>
      </trkpt>
      <trkpt lat="35.994899393990636" lon="139.51090274378657">
        <ele>13.54</ele>
      </trkpt>
      <trkpt lat="35.99464994855225" lon="139.51112997718155">
        <ele>13.96</ele>
      </trkpt>
      <trkpt lat="35.99439136683941" lon="139.5113523490727">
        <ele>14.27</ele>
      </trkpt>
      <trkpt lat="35.99414996802807" lon="139.51155996881425">
        <ele>14.48</ele>
      </trkpt>
      <trkpt lat="35.99414996802807" lon="139.51156994327903">
        <ele>14.76</ele>
      </trkpt>
      <trkpt lat="35.99391996860504" lon="139.5117699354887">
        <ele>14.95</ele>
      </trkpt>
      <trkpt lat="35.994099928066134" lon="139.51207998208702">
        <ele>15.3</ele>
      </trkpt>
      <trkpt lat="35.994059946388006" lon="139.51212993822992">
        <ele>15.57</ele>
      </trkpt>
      <trkpt lat="35.994059946388006" lon="139.51222993433475">
        <ele>15.84</ele>
      </trkpt>
      <trkpt lat="35.99404997192323" lon="139.51237997040153">
        <ele>16.11</ele>
      </trkpt>
      <trkpt lat="35.99386992864311" lon="139.51235993765295">
        <ele>16.29</ele>
      </trkpt>
      <trkpt lat="35.99363992922008" lon="139.51245993375778">
        <ele>16.6</ele>
      </trkpt>
      <trkpt lat="35.9935699403286" lon="139.5125199481845">
        <ele>16.85</ele>
      </trkpt>
      <trkpt lat="35.99346994422376" lon="139.5126299187541">
        <ele>17.06</ele>
      </trkpt>
      <trkpt lat="35.99324991926551" lon="139.51274994760752">
        <ele>17.22</ele>
      </trkpt>
      <trkpt lat="35.99307993426919" lon="139.51273997314274">
        <ele>17.26</ele>
      </trkpt>
      <trkpt lat="35.99290994927287" lon="139.51290995813906">
        <ele>17.23</ele>
      </trkpt>
      <trkpt lat="35.992630664259195" lon="139.5130903366953">
        <ele>17.26</ele>
      </trkpt>
      <trkpt lat="35.99242991767824" lon="139.51321992091835">
        <ele>17.29</ele>
      </trkpt>
      <trkpt lat="35.99216999486089" lon="139.51342997141182">
        <ele>17.25</ele>
      </trkpt>
      <trkpt lat="35.9920399915427" lon="139.51318999752402">
        <ele>17.18</ele>
      </trkpt>
      <trkpt lat="35.99177126772702" lon="139.51339325867593">
        <ele>17.12</ele>
      </trkpt>
      <trkpt lat="35.99166993051767" lon="139.51346995308995">
        <ele>17.05</ele>
      </trkpt>
      <trkpt lat="35.99157999269664" lon="139.51350993476808">
        <ele>16.97</ele>
      </trkpt>
      <trkpt lat="35.99155995994806" lon="139.51344992034137">
        <ele>16.91</ele>
      </trkpt>
      <trkpt lat="35.99128779955208" lon="139.51364622451365">
        <ele>16.79</ele>
      </trkpt>
      <trkpt lat="35.991015722975135" lon="139.51384252868593">
        <ele>16.74</ele>
      </trkpt>
      <trkpt lat="35.99094992503524" lon="139.51388997025788">
        <ele>16.61</ele>
      </trkpt>
      <trkpt lat="35.99071992561221" lon="139.51407998800278">
        <ele>16.47</ele>
      </trkpt>
      <trkpt lat="35.99071992561221" lon="139.51406992971897">
        <ele>16.32</ele>
      </trkpt>
      <trkpt lat="35.99045505747199" lon="139.51428073458374">
        <ele>16.14</ele>
      </trkpt>
      <trkpt lat="35.99019018933177" lon="139.5144915394485">
        <ele>15.93</ele>
      </trkpt>
      <trkpt lat="35.98992540501058" lon="139.51470234431326">
        <ele>15.82</ele>
      </trkpt>
      <trkpt lat="35.98966053687036" lon="139.514913065359">
        <ele>15.74</ele>
      </trkpt>
      <trkpt lat="35.98939566873014" lon="139.51512387022376">
        <ele>15.62</ele>
      </trkpt>
      <trkpt lat="35.98913080058992" lon="139.51533467508852">
        <ele>15.45</ele>
      </trkpt>
      <trkpt lat="35.9888659324497" lon="139.5155454799533">
        <ele>15.2</ele>
      </trkpt>
      <trkpt lat="35.98860106430948" lon="139.51575628481805">
        <ele>14.81</ele>
      </trkpt>
      <trkpt lat="35.98833619616926" lon="139.51596700586379">
        <ele>14.32</ele>
      </trkpt>
      <trkpt lat="35.988319935277104" lon="139.5159799978137">
        <ele>13.96</ele>
      </trkpt>
      <trkpt lat="35.988049199804664" lon="139.51617906801403">
        <ele>13.54</ele>
      </trkpt>
      <trkpt lat="35.98797996528447" lon="139.51622994616628">
        <ele>13.14</ele>
      </trkpt>
      <trkpt lat="35.987711073830724" lon="139.5164329558611">
        <ele>12.7</ele>
      </trkpt>
      <trkpt lat="35.98748995922506" lon="139.51659992337227">
        <ele>12.28</ele>
      </trkpt>
      <trkpt lat="35.987474117428064" lon="139.51621234416962">
        <ele>11.75</ele>
      </trkpt>
      <trkpt lat="35.98745827563107" lon="139.51582468114793">
        <ele>11.21</ele>
      </trkpt>
      <trkpt lat="35.98744997754693" lon="139.51561999507248">
        <ele>10.71</ele>
      </trkpt>
      <trkpt lat="35.98738996312022" lon="139.51551999896765">
        <ele>10.24</ele>
      </trkpt>
      <trkpt lat="35.98725995980203" lon="139.515409944579">
        <ele>9.75</ele>
      </trkpt>
      <trkpt lat="35.987159963697195" lon="139.51541991904378">
        <ele>9.34</ele>
      </trkpt>
      <trkpt lat="35.98692996427417" lon="139.51561999507248">
        <ele>9.05</ele>
      </trkpt>
      <trkpt lat="35.986859975382686" lon="139.51576994732022">
        <ele>8.71</ele>
      </trkpt>
      <trkpt lat="35.98679996095598" lon="139.5159099251032">
        <ele>8.35</ele>
      </trkpt>
      <trkpt lat="35.98667993210256" lon="139.51598997227848">
        <ele>7.93</ele>
      </trkpt>
      <trkpt lat="35.98641992546618" lon="139.51607999391854">
        <ele>7.52</ele>
      </trkpt>
      <trkpt lat="35.986149022355676" lon="139.5162786450237">
        <ele>7.33</ele>
      </trkpt>
      <trkpt lat="35.98611993715167" lon="139.51629993505776">
        <ele>7.08</ele>
      </trkpt>
      <trkpt lat="35.98586227744818" lon="139.51652381569147">
        <ele>6.88</ele>
      </trkpt>
      <trkpt lat="35.985604617744684" lon="139.51674769632518">
        <ele>6.58</ele>
      </trkpt>
      <trkpt lat="35.98534695804119" lon="139.5169715769589">
        <ele>6.39</ele>
      </trkpt>
      <trkpt lat="35.9850892983377" lon="139.5171954575926">
        <ele>6.31</ele>
      </trkpt>
      <trkpt lat="35.98489995114505" lon="139.51735999435186">
        <ele>6.17</ele>
      </trkpt>
      <trkpt lat="35.98465100862086" lon="139.51759829185903">
        <ele>5.97</ele>
      </trkpt>
      <trkpt lat="35.98440198227763" lon="139.5178365893662">
        <ele>5.97</ele>
      </trkpt>
      <trkpt lat="35.9841999784112" lon="139.51802995987236">
        <ele>6.04</ele>
      </trkpt>
      <trkpt lat="35.983958495780826" lon="139.51827974058688">
        <ele>6.01</ele>
      </trkpt>
      <trkpt lat="35.98390996456146" lon="139.51832994818687">
        <ele>6.01</ele>
      </trkpt>
      <trkpt lat="35.98391683772206" lon="139.51834050938487">
        <ele>6.03</ele>
      </trkpt>
      <trkpt lat="35.983755234628916" lon="139.518502028659">
        <ele>6.02</ele>
      </trkpt>
      <trkpt lat="35.983593463897705" lon="139.51866388320923">
        <ele>6.07</ele>
      </trkpt>
      <trkpt lat="35.98355054855347" lon="139.5187497138977">
        <ele>6.14</ele>
      </trkpt>
      <trkpt lat="35.98348617553711" lon="139.51877117156982">
        <ele>6.23</ele>
      </trkpt>
      <trkpt lat="35.98325022496283" lon="139.51901776716113">
        <ele>6.38</ele>
      </trkpt>
      <trkpt lat="35.98301410675049" lon="139.51926469802856">
        <ele>6.54</ele>
      </trkpt>
      <trkpt lat="35.98294973373413" lon="139.51939344406128">
        <ele>6.68</ele>
      </trkpt>
      <trkpt lat="35.98301410675049" lon="139.51926469802856">
        <ele>6.54</ele>
      </trkpt>
      <trkpt lat="35.983249973505735" lon="139.51901801861823">
        <ele>7.03</ele>
      </trkpt>
      <trkpt lat="35.98348617553711" lon="139.51877117156982">
        <ele>6.23</ele>
      </trkpt>
      <trkpt lat="35.98355054855347" lon="139.5187497138977">
        <ele>6.14</ele>
      </trkpt>
      <trkpt lat="35.98377929069102" lon="139.51899991370738">
        <ele>7.67</ele>
      </trkpt>
      <trkpt lat="35.9840081166476" lon="139.51925011351705">
        <ele>7.97</ele>
      </trkpt>
      <trkpt lat="35.98423727788031" lon="139.51950073242188">
        <ele>8.27</ele>
      </trkpt>
      <trkpt lat="35.98402270115912" lon="139.51975814066827">
        <ele>8.48</ele>
      </trkpt>
      <trkpt lat="35.98380812443793" lon="139.52001554891467">
        <ele>8.8</ele>
      </trkpt>
      <trkpt lat="35.98359363153577" lon="139.52027295716107">
        <ele>9.12</ele>
      </trkpt>
      <trkpt lat="35.983378887176514" lon="139.5205307006836">
        <ele>9.31</ele>
      </trkpt>
      <trkpt lat="35.98317503929138" lon="139.52081317082047">
        <ele>9.35</ele>
      </trkpt>
      <trkpt lat="35.98297119140625" lon="139.5210957247764">
        <ele>9.56</ele>
      </trkpt>
      <trkpt lat="35.98276734352112" lon="139.5213782787323">
        <ele>9.81</ele>
      </trkpt>
      <trkpt lat="35.982563495635986" lon="139.5216608326882">
        <ele>10.12</ele>
      </trkpt>
      <trkpt lat="35.982359647750854" lon="139.52194338664412">
        <ele>10.44</ele>
      </trkpt>
      <trkpt lat="35.982155883684754" lon="139.522225856781">
        <ele>10.67</ele>
      </trkpt>
      <trkpt lat="35.982112884521484" lon="139.52224731445312">
        <ele>10.85</ele>
      </trkpt>
      <trkpt lat="35.981887662783265" lon="139.5220220927149">
        <ele>10.81</ele>
      </trkpt>
      <trkpt lat="35.98166227340698" lon="139.52179670333862">
        <ele>10.81</ele>
      </trkpt>
      <trkpt lat="35.98148130811751" lon="139.52207875438035">
        <ele>11.07</ele>
      </trkpt>
      <trkpt lat="35.98130042664707" lon="139.5223608892411">
        <ele>11.33</ele>
      </trkpt>
      <trkpt lat="35.98111946135759" lon="139.52264294028282">
        <ele>11.47</ele>
      </trkpt>
      <trkpt lat="35.98093857988715" lon="139.52292507514358">
        <ele>11.64</ele>
      </trkpt>
      <trkpt lat="35.98075769841671" lon="139.52320721000433">
        <ele>11.91</ele>
      </trkpt>
      <trkpt lat="35.980576733127236" lon="139.52348926104605">
        <ele>12.06</ele>
      </trkpt>
      <trkpt lat="35.98039627075195" lon="139.52377080917358">
        <ele>12.19</ele>
      </trkpt>
      <trkpt lat="35.980589305981994" lon="139.52400675974786">
        <ele>12.48</ele>
      </trkpt>
      <trkpt lat="35.9807825088501" lon="139.5242428779602">
        <ele>12.81</ele>
      </trkpt>
      <trkpt lat="35.98099708557129" lon="139.52437162399292">
        <ele>13.08</ele>
      </trkpt>
      <trkpt lat="35.98121174611151" lon="139.52426433563232">
        <ele>13.23</ele>
      </trkpt>
      <trkpt lat="35.98110429011285" lon="139.5244682673365">
        <ele>13.31</ele>
      </trkpt>
      <trkpt lat="35.98099708557129" lon="139.5246720314026">
        <ele>13.25</ele>
      </trkpt>
      <trkpt lat="35.98076121881604" lon="139.52489708550274">
        <ele>13.09</ele>
      </trkpt>
      <trkpt lat="35.98052501678467" lon="139.5251226425171">
        <ele>13.05</ele>
      </trkpt>
      <trkpt lat="35.98032142035663" lon="139.52497260645032">
        <ele>13.04</ele>
      </trkpt>
      <trkpt lat="35.980117321014404" lon="139.52482223510742">
        <ele>13.03</ele>
      </trkpt>
      <trkpt lat="35.98005294799805" lon="139.52482223510742">
        <ele>13.04</ele>
      </trkpt>
      <trkpt lat="35.97994121722877" lon="139.52497780323029">
        <ele>13.11</ele>
      </trkpt>
      <trkpt lat="35.979829570278525" lon="139.52513337135315">
        <ele>13.16</ele>
      </trkpt>
      <trkpt lat="35.97994121722877" lon="139.52497771941125">
        <ele>13.14</ele>
      </trkpt>
      <trkpt lat="35.98005294799805" lon="139.52482223510742">
        <ele>13.04</ele>
      </trkpt>
      <trkpt lat="35.980117321014404" lon="139.52482223510742">
        <ele>13.03</ele>
      </trkpt>
      <trkpt lat="35.98032083362341" lon="139.52497218735516">
        <ele>13.15</ele>
      </trkpt>
      <trkpt lat="35.98052501678467" lon="139.5251226425171">
        <ele>13.05</ele>
      </trkpt>
      <trkpt lat="35.98076079972088" lon="139.5248975045979">
        <ele>13.28</ele>
      </trkpt>
      <trkpt lat="35.98099708557129" lon="139.5246720314026">
        <ele>13.25</ele>
      </trkpt>
      <trkpt lat="35.98095417022705" lon="139.52486515045166">
        <ele>13.4</ele>
      </trkpt>
      <trkpt lat="35.98074168898165" lon="139.52515047043562">
        <ele>13.23</ele>
      </trkpt>
      <trkpt lat="35.980529291555285" lon="139.5254358742386">
        <ele>13.17</ele>
      </trkpt>
      <trkpt lat="35.98031689412892" lon="139.5257212780416">
        <ele>13.12</ele>
      </trkpt>
      <trkpt lat="35.98010441288352" lon="139.5260066818446">
        <ele>13.1</ele>
      </trkpt>
      <trkpt lat="35.97989201545715" lon="139.52629208564758">
        <ele>13.09</ele>
      </trkpt>
      <trkpt lat="35.97967961803079" lon="139.52657740563154">
        <ele>13.01</ele>
      </trkpt>
      <trkpt lat="35.97946713678539" lon="139.52686280943453">
        <ele>12.95</ele>
      </trkpt>
      <trkpt lat="35.97925473935902" lon="139.52714821323752">
        <ele>12.94</ele>
      </trkpt>
      <trkpt lat="35.979042341932654" lon="139.52743361704051">
        <ele>12.86</ele>
      </trkpt>
      <trkpt lat="35.978829860687256" lon="139.5277190208435">
        <ele>12.65</ele>
      </trkpt>
      <trkpt lat="35.97869021818042" lon="139.52801967971027">
        <ele>12.61</ele>
      </trkpt>
      <trkpt lat="35.97855091094971" lon="139.52831983566284">
        <ele>12.63</ele>
      </trkpt>
      <trkpt lat="35.97852945327759" lon="139.52857732772827">
        <ele>12.64</ele>
      </trkpt>
      <trkpt lat="35.97844353877008" lon="139.52875980176032">
        <ele>12.62</ele>
      </trkpt>
      <trkpt lat="35.97835787571967" lon="139.5289421081543">
        <ele>12.54</ele>
      </trkpt>
      <trkpt lat="35.978357791900635" lon="139.5289421081543">
        <ele>12.42</ele>
      </trkpt>
      <trkpt lat="35.97834697924554" lon="139.52867330051959">
        <ele>12.25</ele>
      </trkpt>
      <trkpt lat="35.978336334228516" lon="139.52840566635132">
        <ele>12.05</ele>
      </trkpt>
      <trkpt lat="35.978143298998475" lon="139.52836275100708">
        <ele>11.9</ele>
      </trkpt>
      <trkpt lat="35.977885723114014" lon="139.52842712402344">
        <ele>11.74</ele>
      </trkpt>
      <trkpt lat="35.977671230211854" lon="139.5285987854004">
        <ele>11.58</ele>
      </trkpt>
      <trkpt lat="35.97767114639282" lon="139.5285987854004">
        <ele>11.39</ele>
      </trkpt>
      <trkpt lat="35.97748883999884" lon="139.52878100797534">
        <ele>11.15</ele>
      </trkpt>
      <trkpt lat="35.9773063659668" lon="139.52896356582642">
        <ele>10.98</ele>
      </trkpt>
      <trkpt lat="35.97717761993408" lon="139.52878109179437">
        <ele>10.64</ele>
      </trkpt>
      <trkpt lat="35.9770489577204" lon="139.5285987854004">
        <ele>10.3</ele>
      </trkpt>
      <trkpt lat="35.97704887390137" lon="139.5285987854004">
        <ele>10.06</ele>
      </trkpt>
      <trkpt lat="35.97698458470404" lon="139.5285987854004">
        <ele>9.81</ele>
      </trkpt>
      <trkpt lat="35.97698450088501" lon="139.5285987854004">
        <ele>9.58</ele>
      </trkpt>
      <trkpt lat="35.97679163329303" lon="139.52879458665848">
        <ele>9.38</ele>
      </trkpt>
      <trkpt lat="35.97659884952009" lon="139.52899038791656">
        <ele>9.12</ele>
      </trkpt>
      <trkpt lat="35.97640606574714" lon="139.52918618917465">
        <ele>8.84</ele>
      </trkpt>
      <trkpt lat="35.976212779060006" lon="139.52938257716596">
        <ele>8.58</ele>
      </trkpt>
      <trkpt lat="35.976012367755175" lon="139.52958608977497">
        <ele>8.37</ele>
      </trkpt>
      <trkpt lat="35.975812040269375" lon="139.52978960238397">
        <ele>8.2</ele>
      </trkpt>
      <trkpt lat="35.97561129368842" lon="139.52999353408813">
        <ele>8.04</ele>
      </trkpt>
      <trkpt lat="35.97538967616856" lon="139.53020794317126">
        <ele>7.93</ele>
      </trkpt>
      <trkpt lat="35.97516814246774" lon="139.5304223522544">
        <ele>7.79</ele>
      </trkpt>
      <trkpt lat="35.97494610585272" lon="139.5306372642517">
        <ele>7.54</ele>
      </trkpt>
      <trkpt lat="35.97478525713086" lon="139.53077657148242">
        <ele>7.37</ele>
      </trkpt>
      <trkpt lat="35.974624156951904" lon="139.53091621398926">
        <ele>7.24</ele>
      </trkpt>
      <trkpt lat="35.97447395324707" lon="139.53070163726807">
        <ele>7.1</ele>
      </trkpt>
      <trkpt lat="35.97427563741803" lon="139.53088922426105">
        <ele>7.01</ele>
      </trkpt>
      <trkpt lat="35.97407732158899" lon="139.53107681125402">
        <ele>6.95</ele>
      </trkpt>
      <trkpt lat="35.973879005759954" lon="139.531264398247">
        <ele>6.81</ele>
      </trkpt>
      <trkpt lat="35.973680103197694" lon="139.53145265579224">
        <ele>6.6</ele>
      </trkpt>
      <trkpt lat="35.97368001937866" lon="139.53145265579224">
        <ele>6.51</ele>
      </trkpt>
      <trkpt lat="35.97341665998101" lon="139.53165776096284">
        <ele>6.34</ele>
      </trkpt>
      <trkpt lat="35.973153384402394" lon="139.53186294995248">
        <ele>6.35</ele>
      </trkpt>
      <trkpt lat="35.972890025004745" lon="139.5320680551231">
        <ele>6.34</ele>
      </trkpt>
      <trkpt lat="35.97262674942613" lon="139.53227324411273">
        <ele>6.36</ele>
      </trkpt>
      <trkpt lat="35.97236347384751" lon="139.53247834928334">
        <ele>6.26</ele>
      </trkpt>
      <trkpt lat="35.97210011444986" lon="139.53268345445395">
        <ele>6.12</ele>
      </trkpt>
      <trkpt lat="35.97183474339545" lon="139.53289031982422">
        <ele>6.04</ele>
      </trkpt>
      <trkpt lat="35.971834659576416" lon="139.53289031982422">
        <ele>6.01</ele>
      </trkpt>
      <trkpt lat="35.971573144197464" lon="139.5330831874162">
        <ele>5.85</ele>
      </trkpt>
      <trkpt lat="35.971311712637544" lon="139.53327605500817">
        <ele>5.9</ele>
      </trkpt>
      <trkpt lat="35.97105028107762" lon="139.53346892260015">
        <ele>5.93</ele>
      </trkpt>
      <trkpt lat="35.97078876569867" lon="139.53366179019213">
        <ele>5.81</ele>
      </trkpt>
      <trkpt lat="35.97052574157715" lon="139.53385591506958">
        <ele>5.73</ele>
      </trkpt>
      <trkpt lat="35.97052574157715" lon="139.53396320343018">
        <ele>5.82</ele>
      </trkpt>
      <trkpt lat="35.97059363499284" lon="139.53411131165922">
        <ele>5.96</ele>
      </trkpt>
      <trkpt lat="35.97067778930068" lon="139.53429487533867">
        <ele>6.17</ele>
      </trkpt>
      <trkpt lat="35.97076185978949" lon="139.53447818756104">
        <ele>6.39</ele>
      </trkpt>
      <trkpt lat="35.97053303383291" lon="139.53471405431628">
        <ele>6.38</ele>
      </trkpt>
      <trkpt lat="35.970304291695356" lon="139.53494992107153">
        <ele>6.37</ele>
      </trkpt>
      <trkpt lat="35.97007513046265" lon="139.53518629074097">
        <ele>6.37</ele>
      </trkpt>
      <trkpt lat="35.96987119875848" lon="139.53547596931458">
        <ele>6.46</ele>
      </trkpt>
      <trkpt lat="35.96966743469238" lon="139.53576564788818">
        <ele>6.59</ele>
      </trkpt>
      <trkpt lat="35.969538604840636" lon="139.53601609915495">
        <ele>6.72</ele>
      </trkpt>
      <trkpt lat="35.96940977498889" lon="139.53626663424075">
        <ele>6.74</ele>
      </trkpt>
      <trkpt lat="35.96928128041327" lon="139.53651666641235">
        <ele>6.64</ele>
      </trkpt>
      <trkpt lat="35.96919536590576" lon="139.53638792037964">
        <ele>6.61</ele>
      </trkpt>
      <trkpt lat="35.96900241449475" lon="139.53624861314893">
        <ele>6.46</ele>
      </trkpt>
      <trkpt lat="35.96880912780762" lon="139.5361089706421">
        <ele>6.34</ele>
      </trkpt>
      <trkpt lat="35.968584241345525" lon="139.53601257875562">
        <ele>6.26</ele>
      </trkpt>
      <trkpt lat="35.968358516693115" lon="139.53591585159302">
        <ele>6.22</ele>
      </trkpt>
      <trkpt lat="35.96813346259296" lon="139.53576581552625">
        <ele>6.13</ele>
      </trkpt>
      <trkpt lat="35.96790790557861" lon="139.53561544418335">
        <ele>5.95</ele>
      </trkpt>
      <trkpt lat="35.96775770187378" lon="139.5355725288391">
        <ele>5.76</ele>
      </trkpt>
      <trkpt lat="35.967586040496826" lon="139.53563690185547">
        <ele>5.63</ele>
      </trkpt>
      <trkpt lat="35.96738236024976" lon="139.5358029473573">
        <ele>5.63</ele>
      </trkpt>
      <trkpt lat="35.96717876382172" lon="139.53596907667816">
        <ele>5.59</ele>
      </trkpt>
      <trkpt lat="35.96697508357465" lon="139.53613520599902">
        <ele>5.46</ele>
      </trkpt>
      <trkpt lat="35.9667706489563" lon="139.53630208969116">
        <ele>5.39</ele>
      </trkpt>
      <trkpt lat="35.96677073277533" lon="139.53630208969116">
        <ele>5.33</ele>
      </trkpt>
      <trkpt lat="35.9665563236922" lon="139.5364591665566">
        <ele>5.41</ele>
      </trkpt>
      <trkpt lat="35.966341998428106" lon="139.53661632724106">
        <ele>5.37</ele>
      </trkpt>
      <trkpt lat="35.966126918792725" lon="139.53677415847778">
        <ele>5.3</ele>
      </trkpt>
      <trkpt lat="35.96588585525751" lon="139.5369026530534">
        <ele>5.14</ele>
      </trkpt>
      <trkpt lat="35.96564487554133" lon="139.53703114762902">
        <ele>5.15</ele>
      </trkpt>
      <trkpt lat="35.96540389582515" lon="139.53715972602367">
        <ele>5.21</ele>
      </trkpt>
      <trkpt lat="35.96516132354736" lon="139.53728914260864">
        <ele>5.27</ele>
      </trkpt>
      <trkpt lat="35.964925456792116" lon="139.5375070720911">
        <ele>5.4</ele>
      </trkpt>
      <trkpt lat="35.96468959003687" lon="139.5377250853926">
        <ele>5.53</ele>
      </trkpt>
      <trkpt lat="35.96445372328162" lon="139.53794301487505">
        <ele>5.58</ele>
      </trkpt>
      <trkpt lat="35.96421794034541" lon="139.53816102817655">
        <ele>5.6</ele>
      </trkpt>
      <trkpt lat="35.96398207359016" lon="139.538378957659">
        <ele>5.66</ele>
      </trkpt>
      <trkpt lat="35.9637451171875" lon="139.5385980606079">
        <ele>5.93</ele>
      </trkpt>
      <trkpt lat="35.963521990925074" lon="139.53883820213377">
        <ele>6.17</ele>
      </trkpt>
      <trkpt lat="35.96329894848168" lon="139.53907842747867">
        <ele>6.39</ele>
      </trkpt>
      <trkpt lat="35.963075906038284" lon="139.53931865282357">
        <ele>6.65</ele>
      </trkpt>
      <trkpt lat="35.96285286359489" lon="139.53955887816846">
        <ele>7.0</ele>
      </trkpt>
      <trkpt lat="35.962629318237305" lon="139.53979969024658">
        <ele>7.28</ele>
      </trkpt>
      <trkpt lat="35.962423123419285" lon="139.53997780568898">
        <ele>7.37</ele>
      </trkpt>
      <trkpt lat="35.962290270254016" lon="139.54009247012436">
        <ele>7.55</ele>
      </trkpt>
      <trkpt lat="35.962157249450684" lon="139.54020738601685">
        <ele>7.78</ele>
      </trkpt>
      <trkpt lat="35.96230041235685" lon="139.54047217033803">
        <ele>8.15</ele>
      </trkpt>
      <trkpt lat="35.96244357526302" lon="139.54073695465922">
        <ele>8.54</ele>
      </trkpt>
      <trkpt lat="35.9625864867121" lon="139.54100131988525">
        <ele>8.88</ele>
      </trkpt>
      <trkpt lat="35.962865352630615" lon="139.54102277755737">
        <ele>9.24</ele>
      </trkpt>
      <trkpt lat="35.96316576004028" lon="139.54095840454102">
        <ele>9.62</ele>
      </trkpt>
      <trkpt lat="35.963380336761475" lon="139.54085111618042">
        <ele>9.96</ele>
      </trkpt>
      <trkpt lat="35.96344470977783" lon="139.54089403152466">
        <ele>10.27</ele>
      </trkpt>
      <trkpt lat="35.963444793596864" lon="139.54102277755737">
        <ele>10.56</ele>
      </trkpt>
      <trkpt lat="35.9633444622159" lon="139.54135227017105">
        <ele>10.81</ele>
      </trkpt>
      <trkpt lat="35.96324413083494" lon="139.54168176278472">
        <ele>11.08</ele>
      </trkpt>
      <trkpt lat="35.963144302368164" lon="139.54200983047485">
        <ele>11.37</ele>
      </trkpt>
      <trkpt lat="35.96316576004028" lon="139.5422892831266">
        <ele>11.74</ele>
      </trkpt>
      <trkpt lat="35.9631872177124" lon="139.54256772994995">
        <ele>12.19</ele>
      </trkpt>
      <trkpt lat="35.963187301531434" lon="139.54256772994995">
        <ele>12.52</ele>
      </trkpt>
      <trkpt lat="35.963187301531434" lon="139.5428471826017">
        <ele>12.9</ele>
      </trkpt>
      <trkpt lat="35.963187301531434" lon="139.54312562942505">
        <ele>13.27</ele>
      </trkpt>
      <trkpt lat="35.96320875920355" lon="139.54336166381836">
        <ele>13.62</ele>
      </trkpt>
      <trkpt lat="35.96327321603894" lon="139.54366257414222">
        <ele>13.96</ele>
      </trkpt>
      <trkpt lat="35.96333750523627" lon="139.5439624786377">
        <ele>14.3</ele>
      </trkpt>
      <trkpt lat="35.963380420580506" lon="139.54425626434386">
        <ele>14.63</ele>
      </trkpt>
      <trkpt lat="35.963423419743776" lon="139.54455005005002">
        <ele>14.91</ele>
      </trkpt>
      <trkpt lat="35.96346625126898" lon="139.54484224319458">
        <ele>15.21</ele>
      </trkpt>
      <trkpt lat="35.963523499667645" lon="139.54509294591844">
        <ele>15.47</ele>
      </trkpt>
      <trkpt lat="35.96358083188534" lon="139.54534373246133">
        <ele>15.67</ele>
      </trkpt>
      <trkpt lat="35.963637912645936" lon="139.54559326171875">
        <ele>15.86</ele>
      </trkpt>
      <trkpt lat="35.96372248604894" lon="139.545871457085">
        <ele>16.08</ele>
      </trkpt>
      <trkpt lat="35.96383052878082" lon="139.5462263468653">
        <ele>16.28</ele>
      </trkpt>
      <trkpt lat="35.963938320055604" lon="139.54658031463623">
        <ele>16.44</ele>
      </trkpt>
      <trkpt lat="35.96381418406963" lon="139.54667427577078">
        <ele>16.66</ele>
      </trkpt>
      <trkpt lat="35.963619723916054" lon="139.5468215458095">
        <ele>16.84</ele>
      </trkpt>
      <trkpt lat="35.963425263762474" lon="139.54696889966726">
        <ele>16.97</ele>
      </trkpt>
      <trkpt lat="35.96323013305664" lon="139.5471167564392">
        <ele>17.04</ele>
      </trkpt>
      <trkpt lat="35.96329458989203" lon="139.54720258712769">
        <ele>17.17</ele>
      </trkpt>
      <trkpt lat="35.96357278525829" lon="139.54718112945557">
        <ele>17.34</ele>
      </trkpt>
      <trkpt lat="35.963852405548096" lon="139.54715967178345">
        <ele>17.44</ele>
      </trkpt>
      <trkpt lat="35.96392943523824" lon="139.54717895016074">
        <ele>17.52</ele>
      </trkpt>
      <trkpt lat="35.96402406692505" lon="139.54720258712769">
        <ele>17.59</ele>
      </trkpt>
      <trkpt lat="35.96420637331903" lon="139.54743853770196">
        <ele>17.7</ele>
      </trkpt>
      <trkpt lat="35.964388847351074" lon="139.5476746559143">
        <ele>17.8</ele>
      </trkpt>
      <trkpt lat="35.96447853371501" lon="139.54796156845987">
        <ele>17.86</ele>
      </trkpt>
      <trkpt lat="35.96447995863855" lon="139.54795997589827">
        <ele>17.91</ele>
      </trkpt>
      <trkpt lat="35.96451994031668" lon="139.54806994646788">
        <ele>17.96</ele>
      </trkpt>
      <trkpt lat="35.96434995532036" lon="139.54815996810794">
        <ele>17.99</ele>
      </trkpt>
      <trkpt lat="35.96406999975443" lon="139.54832995310426">
        <ele>17.99</ele>
      </trkpt>
      <trkpt lat="35.96398995257914" lon="139.5484099164605">
        <ele>18.0</ele>
      </trkpt>
      <trkpt lat="35.96374997869134" lon="139.54855995252728">
        <ele>18.08</ele>
      </trkpt>
      <trkpt lat="35.96357999369502" lon="139.548249989748">
        <ele>18.16</ele>
      </trkpt>
      <trkpt lat="35.963431214913726" lon="139.54790784046054">
        <ele>18.11</ele>
      </trkpt>
      <trkpt lat="35.963379917666316" lon="139.54778999090195">
        <ele>18.06</ele>
      </trkpt>
      <trkpt lat="35.963295847177505" lon="139.54741599038243">
        <ele>18.04</ele>
      </trkpt>
      <trkpt lat="35.963289979845285" lon="139.54738992266357">
        <ele>18.04</ele>
      </trkpt>
      <trkpt lat="35.96329995431006" lon="139.54728992655873">
        <ele>18.04</ele>
      </trkpt>
      <trkpt lat="35.963329961523414" lon="139.54722999595106">
        <ele>18.04</ele>
      </trkpt>
      <trkpt lat="35.96324999816716" lon="139.5471199415624">
        <ele>18.01</ele>
      </trkpt>
      <trkpt lat="35.96300516277552" lon="139.5468751899898">
        <ele>18.01</ele>
      </trkpt>
      <trkpt lat="35.96276041120291" lon="139.5466304384172">
        <ele>18.0</ele>
      </trkpt>
      <trkpt lat="35.9625156596303" lon="139.5463856868446">
        <ele>17.95</ele>
      </trkpt>
      <trkpt lat="35.962469978258014" lon="139.54633992165327">
        <ele>17.91</ele>
      </trkpt>
      <trkpt lat="35.96222933381796" lon="139.54608905129135">
        <ele>17.89</ele>
      </trkpt>
      <trkpt lat="35.961988773196936" lon="139.5458380971104">
        <ele>17.85</ele>
      </trkpt>
      <trkpt lat="35.96176992170513" lon="139.54560994170606">
        <ele>17.77</ele>
      </trkpt>
      <trkpt lat="35.9615193028003" lon="139.54537449404597">
        <ele>17.68</ele>
      </trkpt>
      <trkpt lat="35.96143992617726" lon="139.54529997892678">
        <ele>17.6</ele>
      </trkpt>
      <trkpt lat="35.96127999946475" lon="139.54515991732478">
        <ele>17.52</ele>
      </trkpt>
      <trkpt lat="35.961051089689136" lon="139.54489295370877">
        <ele>17.41</ele>
      </trkpt>
      <trkpt lat="35.96097992733121" lon="139.54480997286737">
        <ele>17.24</ele>
      </trkpt>
      <trkpt lat="35.96071371808648" lon="139.54460193403065">
        <ele>17.06</ele>
      </trkpt>
      <trkpt lat="35.96065999008715" lon="139.54455994069576">
        <ele>16.84</ele>
      </trkpt>
      <trkpt lat="35.96036025322974" lon="139.54443882219493">
        <ele>16.52</ele>
      </trkpt>
      <trkpt lat="35.96018993295729" lon="139.54436992295086">
        <ele>16.23</ele>
      </trkpt>
      <trkpt lat="35.95994995906949" lon="139.54418996348977">
        <ele>15.91</ele>
      </trkpt>
      <trkpt lat="35.95974133349955" lon="139.54389894381166">
        <ele>15.6</ele>
      </trkpt>
      <trkpt lat="35.95956992357969" lon="139.54365997575223">
        <ele>15.24</ele>
      </trkpt>
      <trkpt lat="35.95938803628087" lon="139.5433429721743">
        <ele>15.06</ele>
      </trkpt>
      <trkpt lat="35.95921997912228" lon="139.5430499408394">
        <ele>14.9</ele>
      </trkpt>
      <trkpt lat="35.959119983017445" lon="139.5428299997002">
        <ele>14.54</ele>
      </trkpt>
      <trkpt lat="35.95899224281311" lon="139.54247519373894">
        <ele>14.1</ele>
      </trkpt>
      <trkpt lat="35.95893993973732" lon="139.54232993535697">
        <ele>13.68</ele>
      </trkpt>
      <trkpt lat="35.95878655090928" lon="139.5419908873737">
        <ele>13.18</ele>
      </trkpt>
      <trkpt lat="35.95874992199242" lon="139.54190991818905">
        <ele>12.74</ele>
      </trkpt>
      <trkpt lat="35.958689991384745" lon="139.54178997315466">
        <ele>12.25</ele>
      </trkpt>
      <trkpt lat="35.95858999527991" lon="139.54162996262312">
        <ele>11.72</ele>
      </trkpt>
      <trkpt lat="35.95832998864353" lon="139.54171998426318">
        <ele>11.35</ele>
      </trkpt>
      <trkpt lat="35.95801608636975" lon="139.54175820574164">
        <ele>10.91</ele>
      </trkpt>
      <trkpt lat="35.957919945940375" lon="139.54176994040608">
        <ele>10.47</ele>
      </trkpt>
      <trkpt lat="35.95760696567595" lon="139.54181813634932">
        <ele>9.98</ele>
      </trkpt>
      <trkpt lat="35.957529935985804" lon="139.5418299548328">
        <ele>9.58</ele>
      </trkpt>
      <trkpt lat="35.95723363570869" lon="139.54196297563612">
        <ele>9.13</ele>
      </trkpt>
      <trkpt lat="35.956937335431576" lon="139.54209599643946">
        <ele>8.8</ele>
      </trkpt>
      <trkpt lat="35.95664103515446" lon="139.54222910106182">
        <ele>8.65</ele>
      </trkpt>
      <trkpt lat="35.95654992386699" lon="139.54226992093027">
        <ele>8.46</ele>
      </trkpt>
      <trkpt lat="35.95626141875982" lon="139.5424267463386">
        <ele>8.31</ele>
      </trkpt>
      <trkpt lat="35.95608992502093" lon="139.54251995310187">
        <ele>8.0</ele>
      </trkpt>
      <trkpt lat="35.9558136574924" lon="139.5427071209997">
        <ele>7.63</ele>
      </trkpt>
      <trkpt lat="35.95577996224165" lon="139.54272991977632">
        <ele>7.49</ele>
      </trkpt>
      <trkpt lat="35.95567996613681" lon="139.5428599230945">
        <ele>7.39</ele>
      </trkpt>
      <trkpt lat="35.95558994449675" lon="139.5430499408394">
        <ele>7.39</ele>
      </trkpt>
      <trkpt lat="35.95533060841262" lon="139.54327072016895">
        <ele>7.4</ele>
      </trkpt>
      <trkpt lat="35.95511997118592" lon="139.54344992525876">
        <ele>7.39</ele>
      </trkpt>
      <trkpt lat="35.95486524514854" lon="139.54367875121534">
        <ele>7.47</ele>
      </trkpt>
      <trkpt lat="35.95461051911116" lon="139.54390757717192">
        <ele>7.65</ele>
      </trkpt>
      <trkpt lat="35.95452996902168" lon="139.54397999681532">
        <ele>7.82</ele>
      </trkpt>
      <trkpt lat="35.9542699623853" lon="139.54418996348977">
        <ele>8.02</ele>
      </trkpt>
      <trkpt lat="35.95405999571085" lon="139.5443599484861">
        <ele>8.31</ele>
      </trkpt>
      <trkpt lat="35.953989923000336" lon="139.54444997012615">
        <ele>8.59</ele>
      </trkpt>
      <trkpt lat="35.95391993410885" lon="139.5445999223739">
        <ele>9.01</ele>
      </trkpt>
      <trkpt lat="35.95366118475795" lon="139.54482179135084">
        <ele>9.32</ele>
      </trkpt>
      <trkpt lat="35.953429928049445" lon="139.54501993954182">
        <ele>9.47</ele>
      </trkpt>
      <trkpt lat="35.953339990228415" lon="139.54515991732478">
        <ele>9.67</ele>
      </trkpt>
      <trkpt lat="35.953319957479835" lon="139.5452799461782">
        <ele>9.96</ele>
      </trkpt>
      <trkpt lat="35.95334996469319" lon="139.5453399606049">
        <ele>10.27</ele>
      </trkpt>
      <trkpt lat="35.95348994247615" lon="139.54537994228303">
        <ele>10.64</ele>
      </trkpt>
      <trkpt lat="35.9536499530077" lon="139.54541992396116">
        <ele>11.07</ele>
      </trkpt>
      <trkpt lat="35.95366998575628" lon="139.545519920066">
        <ele>11.34</ele>
      </trkpt>
      <trkpt lat="35.95365992747247" lon="139.54567993059754">
        <ele>11.56</ele>
      </trkpt>
      <trkpt lat="35.953599996864796" lon="139.5457699522376">
        <ele>11.75</ele>
      </trkpt>
      <trkpt lat="35.95337997190654" lon="139.54588998109102">
        <ele>11.89</ele>
      </trkpt>
      <trkpt lat="35.95310848206282" lon="139.54608745872974">
        <ele>12.09</ele>
      </trkpt>
      <trkpt lat="35.95293992199004" lon="139.54620991833508">
        <ele>12.29</ele>
      </trkpt>
      <trkpt lat="35.95266901887953" lon="139.54640865325928">
        <ele>12.44</ele>
      </trkpt>
      <trkpt lat="35.95239811576903" lon="139.54660730436444">
        <ele>12.64</ele>
      </trkpt>
      <trkpt lat="35.95212712883949" lon="139.54680603928864">
        <ele>12.84</ele>
      </trkpt>
      <trkpt lat="35.95185622572899" lon="139.5470046903938">
        <ele>12.99</ele>
      </trkpt>
      <trkpt lat="35.951739968732" lon="139.54708993434906">
        <ele>12.99</ele>
      </trkpt>
      <trkpt lat="35.95169998705387" lon="139.54715992324054">
        <ele>12.94</ele>
      </trkpt>
      <trkpt lat="35.95169998705387" lon="139.54717995598912">
        <ele>12.86</ele>
      </trkpt>
      <trkpt lat="35.95145992934704" lon="139.5473299920559">
        <ele>12.75</ele>
      </trkpt>
      <trkpt lat="35.95141835510731" lon="139.54694543033838">
        <ele>12.68</ele>
      </trkpt>
      <trkpt lat="35.95137996599078" lon="139.54658995382488">
        <ele>12.52</ele>
      </trkpt>
      <trkpt lat="35.95133998431265" lon="139.5464599505067">
        <ele>12.27</ele>
      </trkpt>
      <trkpt lat="35.95126999542117" lon="139.54625995829701">
        <ele>11.96</ele>
      </trkpt>
      <trkpt lat="35.951149966567755" lon="139.54605996608734">
        <ele>11.58</ele>
      </trkpt>
      <trkpt lat="35.95083790831268" lon="139.54600322060287">
        <ele>11.15</ele>
      </trkpt>
      <trkpt lat="35.95081997103989" lon="139.54599995166063">
        <ele>10.78</ele>
      </trkpt>
      <trkpt lat="35.95051101408899" lon="139.5459219161421">
        <ele>10.32</ele>
      </trkpt>
      <trkpt lat="35.950201973319054" lon="139.54584388062358">
        <ele>9.85</ele>
      </trkpt>
      <trkpt lat="35.94989301636815" lon="139.54576576128602">
        <ele>9.41</ele>
      </trkpt>
      <trkpt lat="35.94986996613443" lon="139.54575997777283">
        <ele>8.99</ele>
      </trkpt>
      <trkpt lat="35.94974993728101" lon="139.54573994502425">
        <ele>8.55</ele>
      </trkpt>
      <trkpt lat="35.94943871721625" lon="139.5456766616553">
        <ele>7.98</ele>
      </trkpt>
      <trkpt lat="35.94915993511677" lon="139.54561999998987">
        <ele>7.48</ele>
      </trkpt>
      <trkpt lat="35.94885122962296" lon="139.54554045572877">
        <ele>6.99</ele>
      </trkpt>
      <trkpt lat="35.94854252412915" lon="139.54546091146767">
        <ele>6.58</ele>
      </trkpt>
      <trkpt lat="35.94849994406104" lon="139.54544993117452">
        <ele>6.27</ele>
      </trkpt>
      <trkpt lat="35.94838997349143" lon="139.54534993506968">
        <ele>5.91</ele>
      </trkpt>
      <trkpt lat="35.948359966278076" lon="139.54524993896484">
        <ele>5.67</ele>
      </trkpt>
      <trkpt lat="35.948046231642365" lon="139.545290004462">
        <ele>5.36</ele>
      </trkpt>
      <trkpt lat="35.94788999296725" lon="139.54530995339155">
        <ele>5.29</ele>
      </trkpt>
      <trkpt lat="35.94758338294923" lon="139.54540131613612">
        <ele>5.58</ele>
      </trkpt>
      <trkpt lat="35.94741993583739" lon="139.54544993117452">
        <ele>5.72</ele>
      </trkpt>
      <trkpt lat="35.94726998358965" lon="139.54548999667168">
        <ele>5.82</ele>
      </trkpt>
      <trkpt lat="35.946956500411034" lon="139.54553291201591">
        <ele>5.92</ele>
      </trkpt>
      <trkpt lat="35.946642933413386" lon="139.54557582736015">
        <ele>5.84</ele>
      </trkpt>
      <trkpt lat="35.94632945023477" lon="139.54561882652342">
        <ele>5.85</ele>
      </trkpt>
      <trkpt lat="35.946015967056155" lon="139.54566174186766">
        <ele>5.95</ele>
      </trkpt>
      <trkpt lat="35.9458099398762" lon="139.54568998888135">
        <ele>6.07</ele>
      </trkpt>
      <trkpt lat="35.945499977096915" lon="139.54576182179153">
        <ele>6.33</ele>
      </trkpt>
      <trkpt lat="35.94519001431763" lon="139.54583357088268">
        <ele>6.52</ele>
      </trkpt>
      <trkpt lat="35.94498993828893" lon="139.54587992280722">
        <ele>6.72</ele>
      </trkpt>
      <trkpt lat="35.94468173570931" lon="139.54596240073442">
        <ele>6.94</ele>
      </trkpt>
      <trkpt lat="35.94437353312969" lon="139.54604496248066">
        <ele>7.17</ele>
      </trkpt>
      <trkpt lat="35.944065330550075" lon="139.54612744040787">
        <ele>7.42</ele>
      </trkpt>
      <trkpt lat="35.943757044151425" lon="139.54620991833508">
        <ele>7.74</ele>
      </trkpt>
      <trkpt lat="35.94356996007264" lon="139.54625995829701">
        <ele>8.1</ele>
      </trkpt>
      <trkpt lat="35.9435199201107" lon="139.54631997272372">
        <ele>8.46</ele>
      </trkpt>
      <trkpt lat="35.9435199201107" lon="139.54635995440185">
        <ele>8.8</ele>
      </trkpt>
      <trkpt lat="35.94353995285928" lon="139.54639993607998">
        <ele>9.15</ele>
      </trkpt>
      <trkpt lat="35.943629974499345" lon="139.54653999768198">
        <ele>9.49</ele>
      </trkpt>
      <trkpt lat="35.94344993121922" lon="139.54655994661152">
        <ele>9.85</ele>
      </trkpt>
      <trkpt lat="35.94313527457416" lon="139.54658618196845">
        <ele>10.1</ele>
      </trkpt>
      <trkpt lat="35.943089928478" lon="139.54658995382488">
        <ele>10.4</ele>
      </trkpt>
      <trkpt lat="35.94279404729605" lon="139.54672448337078">
        <ele>10.61</ele>
      </trkpt>
      <trkpt lat="35.94275993295014" lon="139.54673998989165">
        <ele>10.93</ele>
      </trkpt>
      <trkpt lat="35.942795891314745" lon="139.54712530598044">
        <ele>11.48</ele>
      </trkpt>
      <trkpt lat="35.94283176586032" lon="139.54751070588827">
        <ele>11.92</ele>
      </trkpt>
      <trkpt lat="35.942867724224925" lon="139.5478961057961">
        <ele>12.31</ele>
      </trkpt>
      <trkpt lat="35.94286998733878" lon="139.54791999422014">
        <ele>12.61</ele>
      </trkpt>
      <trkpt lat="35.942899994552135" lon="139.54794991761446">
        <ele>12.91</ele>
      </trkpt>
      <trkpt lat="35.94296998344362" lon="139.54819994978607">
        <ele>13.15</ele>
      </trkpt>
      <trkpt lat="35.942989932373166" lon="139.54834998585284">
        <ele>13.38</ele>
      </trkpt>
      <trkpt lat="35.943178022280335" lon="139.54866137355566">
        <ele>13.66</ele>
      </trkpt>
      <trkpt lat="35.943309953436255" lon="139.54887997359037">
        <ele>13.94</ele>
      </trkpt>
      <trkpt lat="35.94337994232774" lon="139.54908994026482">
        <ele>14.17</ele>
      </trkpt>
      <trkpt lat="35.94340994954109" lon="139.5492999907583">
        <ele>14.4</ele>
      </trkpt>
      <trkpt lat="35.94339997507632" lon="139.54950995743275">
        <ele>14.61</ele>
      </trkpt>
      <trkpt lat="35.943414056673646" lon="139.54989745281637">
        <ele>14.83</ele>
      </trkpt>
      <trkpt lat="35.943419924005866" lon="139.55005997791886">
        <ele>15.02</ele>
      </trkpt>
      <trkpt lat="35.94335999339819" lon="139.55008998513222">
        <ele>15.17</ele>
      </trkpt>
      <trkpt lat="35.94345931895077" lon="139.5504581183195">
        <ele>15.32</ele>
      </trkpt>
      <trkpt lat="35.94352997839451" lon="139.5507199689746">
        <ele>15.45</ele>
      </trkpt>
      <trkpt lat="35.94366207718849" lon="139.55107217654586">
        <ele>15.55</ele>
      </trkpt>
      <trkpt lat="35.9437099378556" lon="139.5511999167502">
        <ele>15.64</ele>
      </trkpt>
      <trkpt lat="35.94380993396044" lon="139.55136998556554">
        <ele>15.67</ele>
      </trkpt>
      <trkpt lat="35.943739945068955" lon="139.55141994170845">
        <ele>15.77</ele>
      </trkpt>
      <trkpt lat="35.943499971181154" lon="139.55143997445703">
        <ele>16.01</ele>
      </trkpt>
      <trkpt lat="35.94323996454477" lon="139.5515099633485">
        <ele>16.06</ele>
      </trkpt>
      <trkpt lat="35.94314994290471" lon="139.55156997777522">
        <ele>16.14</ele>
      </trkpt>
      <trkpt lat="35.942989932373166" lon="139.55156997777522">
        <ele>16.2</ele>
      </trkpt>
      <trkpt lat="35.9428499545902" lon="139.5515299960971">
        <ele>16.28</ele>
      </trkpt>
      <trkpt lat="35.942619955167174" lon="139.55135992728174">
        <ele>16.37</ele>
      </trkpt>
      <trkpt lat="35.942509984597564" lon="139.55122992396355">
        <ele>16.42</ele>
      </trkpt>
      <trkpt lat="35.94240998849273" lon="139.55106999725103">
        <ele>16.49</ele>
      </trkpt>
      <trkpt lat="35.942244781181216" lon="139.55073949880898">
        <ele>16.61</ele>
      </trkpt>
      <trkpt lat="35.94221997074783" lon="139.55068996176124">
        <ele>16.64</ele>
      </trkpt>
      <trkpt lat="35.942209996283054" lon="139.5506499800831">
        <ele>16.67</ele>
      </trkpt>
      <trkpt lat="35.94192249700427" lon="139.55080965533853">
        <ele>16.61</ele>
      </trkpt>
      <trkpt lat="35.94184999354184" lon="139.55084997229278">
        <ele>16.6</ele>
      </trkpt>
      <trkpt lat="35.94171512871981" lon="139.55049927346408">
        <ele>16.67</ele>
      </trkpt>
      <trkpt lat="35.94158026389778" lon="139.55014865845442">
        <ele>16.66</ele>
      </trkpt>
      <trkpt lat="35.941549921408296" lon="139.55006995238364">
        <ele>16.63</ele>
      </trkpt>
      <trkpt lat="35.941459983587265" lon="139.5498399529606">
        <ele>16.54</ele>
      </trkpt>
      <trkpt lat="35.94117483124137" lon="139.55000583082438">
        <ele>16.44</ele>
      </trkpt>
      <trkpt lat="35.94090996310115" lon="139.5501599740237">
        <ele>16.39</ele>
      </trkpt>
      <trkpt lat="35.94079999253154" lon="139.55016994848847">
        <ele>16.35</ele>
      </trkpt>
      <trkpt lat="35.94063998199999" lon="139.5500799268484">
        <ele>16.3</ele>
      </trkpt>
      <trkpt lat="35.940449964255095" lon="139.54994992353022">
        <ele>16.2</ele>
      </trkpt>
      <trkpt lat="35.940259946510196" lon="139.54992997460067">
        <ele>16.12</ele>
      </trkpt>
      <trkpt lat="35.93998996540904" lon="139.54993994906545">
        <ele>16.01</ele>
      </trkpt>
      <trkpt lat="35.93972995877266" lon="139.54987993463874">
        <ele>15.86</ele>
      </trkpt>
      <trkpt lat="35.939679918810725" lon="139.54987993463874">
        <ele>15.77</ele>
      </trkpt>
      <trkpt lat="35.939529966562986" lon="139.54992997460067">
        <ele>15.67</ele>
      </trkpt>
      <trkpt lat="35.939291920512915" lon="139.55018444918096">
        <ele>15.63</ele>
      </trkpt>
      <trkpt lat="35.93923995271325" lon="139.55023993737996">
        <ele>15.57</ele>
      </trkpt>
      <trkpt lat="35.939006600528955" lon="139.5505008660257">
        <ele>15.52</ele>
      </trkpt>
      <trkpt lat="35.93877316452563" lon="139.55076179467142">
        <ele>15.42</ele>
      </trkpt>
      <trkpt lat="35.93853981234133" lon="139.55102272331715">
        <ele>15.37</ele>
      </trkpt>
      <trkpt lat="35.938306376338005" lon="139.55128365196288">
        <ele>15.33</ele>
      </trkpt>
      <trkpt lat="35.93807302415371" lon="139.5515445806086">
        <ele>15.39</ele>
      </trkpt>
      <trkpt lat="35.93783958815038" lon="139.55180550925434">
        <ele>15.4</ele>
      </trkpt>
      <trkpt lat="35.937606235966086" lon="139.55206643790007">
        <ele>15.39</ele>
      </trkpt>
      <trkpt lat="35.93745997175574" lon="139.55222996883094">
        <ele>15.28</ele>
      </trkpt>
      <trkpt lat="35.937225949019194" lon="139.55248997546732">
        <ele>15.08</ele>
      </trkpt>
      <trkpt lat="35.93699184246361" lon="139.55275006592274">
        <ele>14.89</ele>
      </trkpt>
      <trkpt lat="35.93682998791337" lon="139.5529299415648">
        <ele>14.68</ele>
      </trkpt>
      <trkpt lat="35.93669998459518" lon="139.5529899559915">
        <ele>14.45</ele>
      </trkpt>
      <trkpt lat="35.93659998849034" lon="139.55289993435144">
        <ele>14.22</ele>
      </trkpt>
      <trkpt lat="35.93656998127699" lon="139.55285995267332">
        <ele>14.0</ele>
      </trkpt>
      <trkpt lat="35.93635414727032" lon="139.5525771472603">
        <ele>13.84</ele>
      </trkpt>
      <trkpt lat="35.936279967427254" lon="139.55247991718352">
        <ele>13.64</ele>
      </trkpt>
      <trkpt lat="35.93612993136048" lon="139.552319990471">
        <ele>13.44</ele>
      </trkpt>
      <trkpt lat="35.93586590141058" lon="139.55210784450173">
        <ele>13.16</ele>
      </trkpt>
      <trkpt lat="35.935601787641644" lon="139.55189569853246">
        <ele>12.78</ele>
      </trkpt>
      <trkpt lat="35.93551998026669" lon="139.5518299844116">
        <ele>12.44</ele>
      </trkpt>
      <trkpt lat="35.9353899769485" lon="139.5517699699849">
        <ele>12.11</ele>
      </trkpt>
      <trkpt lat="35.93508127145469" lon="139.55169025808573">
        <ele>11.73</ele>
      </trkpt>
      <trkpt lat="35.935079930350184" lon="139.5516899228096">
        <ele>11.41</ele>
      </trkpt>
      <trkpt lat="35.934764938429" lon="139.55167106352746">
        <ele>11.03</ele>
      </trkpt>
      <trkpt lat="35.93444986268878" lon="139.5516521204263">
        <ele>10.82</ele>
      </trkpt>
      <trkpt lat="35.93413478694856" lon="139.55163326114416">
        <ele>10.54</ele>
      </trkpt>
      <trkpt lat="35.93407996930182" lon="139.55162999220192">
        <ele>10.2</ele>
      </trkpt>
      <trkpt lat="35.933764558285475" lon="139.5516232866794">
        <ele>9.91</ele>
      </trkpt>
      <trkpt lat="35.93360999599099" lon="139.55161993391812">
        <ele>9.57</ele>
      </trkpt>
      <trkpt lat="35.933294501155615" lon="139.55162378959358">
        <ele>9.14</ele>
      </trkpt>
      <trkpt lat="35.93297909013927" lon="139.55162764526904">
        <ele>8.61</ele>
      </trkpt>
      <trkpt lat="35.93278999440372" lon="139.55162999220192">
        <ele>8.21</ele>
      </trkpt>
      <trkpt lat="35.93247542157769" lon="139.551659245044">
        <ele>7.9</ele>
      </trkpt>
      <trkpt lat="35.93235991895199" lon="139.55166997388005">
        <ele>7.54</ele>
      </trkpt>
      <trkpt lat="35.93204827979207" lon="139.5517293177545">
        <ele>7.2</ele>
      </trkpt>
      <trkpt lat="35.931939985603094" lon="139.5517499372363">
        <ele>6.85</ele>
      </trkpt>
      <trkpt lat="35.931629771366715" lon="139.55182042904198">
        <ele>6.53</ele>
      </trkpt>
      <trkpt lat="35.93131955713034" lon="139.55189092084765">
        <ele>6.19</ele>
      </trkpt>
      <trkpt lat="35.93127999454737" lon="139.55189997330308">
        <ele>5.94</ele>
      </trkpt>
      <trkpt lat="35.9311299584806" lon="139.55190994776785">
        <ele>5.71</ele>
      </trkpt>
      <trkpt lat="35.930822510272264" lon="139.55199670046568">
        <ele>5.46</ele>
      </trkpt>
      <trkpt lat="35.930739948526025" lon="139.55201991833746">
        <ele>5.28</ele>
      </trkpt>
      <trkpt lat="35.930431578308344" lon="139.5521016418934">
        <ele>5.07</ele>
      </trkpt>
      <trkpt lat="35.93012320809066" lon="139.5521833654493">
        <ele>4.92</ele>
      </trkpt>
      <trkpt lat="35.929814921692014" lon="139.55226508900523">
        <ele>4.92</ele>
      </trkpt>
      <trkpt lat="35.92950655147433" lon="139.55234681256115">
        <ele>4.99</ele>
      </trkpt>
      <trkpt lat="35.92919818125665" lon="139.55242853611708">
        <ele>5.05</ele>
      </trkpt>
      <trkpt lat="35.92888981103897" lon="139.552510259673">
        <ele>5.2</ele>
      </trkpt>
      <trkpt lat="35.928739942610264" lon="139.55254998989403">
        <ele>5.27</ele>
      </trkpt>
      <trkpt lat="35.92842947691679" lon="139.55261830240488">
        <ele>5.25</ele>
      </trkpt>
      <trkpt lat="35.92823996208608" lon="139.55265996046364">
        <ele>5.38</ele>
      </trkpt>
      <trkpt lat="35.92792823910713" lon="139.55271963961422">
        <ele>5.55</ele>
      </trkpt>
      <trkpt lat="35.92776998877525" lon="139.5527499821037">
        <ele>5.81</ele>
      </trkpt>
      <trkpt lat="35.92745700851083" lon="139.5527985971421">
        <ele>6.19</ele>
      </trkpt>
      <trkpt lat="35.92731996439397" lon="139.5528199709952">
        <ele>6.46</ele>
      </trkpt>
      <trkpt lat="35.92700773850083" lon="139.55287545919418">
        <ele>6.69</ele>
      </trkpt>
      <trkpt lat="35.92686994001269" lon="139.55289993435144">
        <ele>6.97</ele>
      </trkpt>
      <trkpt lat="35.92655804939568" lon="139.55295760184526">
        <ele>7.3</ele>
      </trkpt>
      <trkpt lat="35.926246074959636" lon="139.55301526933908">
        <ele>7.55</ele>
      </trkpt>
      <trkpt lat="35.925949942320585" lon="139.55306991934776">
        <ele>7.86</ele>
      </trkpt>
      <trkpt lat="35.92571994289756" lon="139.553059944883">
        <ele>8.1</ele>
      </trkpt>
      <trkpt lat="35.92540981248021" lon="139.55298928543925">
        <ele>8.32</ele>
      </trkpt>
      <trkpt lat="35.925099682062864" lon="139.55291862599552">
        <ele>8.64</ele>
      </trkpt>
      <trkpt lat="35.924789467826486" lon="139.55284788273275">
        <ele>8.96</ele>
      </trkpt>
      <trkpt lat="35.92447933740914" lon="139.552777223289">
        <ele>9.16</ele>
      </trkpt>
      <trkpt lat="35.92416920699179" lon="139.55270656384528">
        <ele>9.36</ele>
      </trkpt>
      <trkpt lat="35.923859076574445" lon="139.5526358205825">
        <ele>9.64</ele>
      </trkpt>
      <trkpt lat="35.92356998473406" lon="139.55256993882358">
        <ele>9.88</ele>
      </trkpt>
      <trkpt lat="35.923259099945426" lon="139.55250414088368">
        <ele>10.15</ele>
      </trkpt>
      <trkpt lat="35.922948215156794" lon="139.55243825912476">
        <ele>10.3</ele>
      </trkpt>
      <trkpt lat="35.92271997593343" lon="139.5523899793625">
        <ele>10.46</ele>
      </trkpt>
      <trkpt lat="35.92303060926497" lon="139.55245745368302">
        <ele>10.67</ele>
      </trkpt>
      <trkpt lat="35.923341158777475" lon="139.55252501182258">
        <ele>10.81</ele>
      </trkpt>
      <trkpt lat="35.923409974202514" lon="139.55253993161023">
        <ele>10.93</ele>
      </trkpt>
      <trkpt lat="35.92309908941388" lon="139.55247446894646">
        <ele>11.09</ele>
      </trkpt>
      <trkpt lat="35.92278812080622" lon="139.55240909010172">
        <ele>11.13</ele>
      </trkpt>
      <trkpt lat="35.92264998704195" lon="139.55237992107868">
        <ele>11.22</ele>
      </trkpt>
      <trkpt lat="35.92241998761892" lon="139.55240992829204">
        <ele>11.33</ele>
      </trkpt>
      <trkpt lat="35.9222396928817" lon="139.55250799655914">
        <ele>11.43</ele>
      </trkpt>
      <trkpt lat="35.9220100287348" lon="139.5527737867087">
        <ele>11.55</ele>
      </trkpt>
      <trkpt lat="35.92188983224332" lon="139.5529130101204">
        <ele>11.56</ele>
      </trkpt>
      <trkpt lat="35.921640722081065" lon="139.5531508885324">
        <ele>11.51</ele>
      </trkpt>
      <trkpt lat="35.92163996770978" lon="139.55315172672272">
        <ele>11.53</ele>
      </trkpt>
      <trkpt lat="35.92163996770978" lon="139.55315994098783">
        <ele>11.54</ele>
      </trkpt>
      <trkpt lat="35.92136587947607" lon="139.55335180275142">
        <ele>11.56</ele>
      </trkpt>
      <trkpt lat="35.92133997939527" lon="139.5533699914813">
        <ele>11.57</ele>
      </trkpt>
      <trkpt lat="35.921049043536186" lon="139.55351994372904">
        <ele>11.56</ele>
      </trkpt>
      <trkpt lat="35.920758191496134" lon="139.55366989597678">
        <ele>11.57</ele>
      </trkpt>
      <trkpt lat="35.92069993726909" lon="139.55369998700917">
        <ele>11.58</ele>
      </trkpt>
      <trkpt lat="35.92042316682637" lon="139.5538858976215">
        <ele>11.59</ele>
      </trkpt>
      <trkpt lat="35.92014631256461" lon="139.5540718920529">
        <ele>11.67</ele>
      </trkpt>
      <trkpt lat="35.91986954212189" lon="139.55425780266523">
        <ele>11.7</ele>
      </trkpt>
      <trkpt lat="35.91959268786013" lon="139.55444371327758">
        <ele>11.69</ele>
      </trkpt>
      <trkpt lat="35.91938992962241" lon="139.55457991920412">
        <ele>11.7</ele>
      </trkpt>
      <trkpt lat="35.91912413947284" lon="139.55478879623115">
        <ele>11.62</ele>
      </trkpt>
      <trkpt lat="35.91910997405648" lon="139.55479994416237">
        <ele>11.67</ele>
      </trkpt>
      <trkpt lat="35.91885172761977" lon="139.55502273514867">
        <ele>11.65</ele>
      </trkpt>
      <trkpt lat="35.918599935248494" lon="139.55523999407887">
        <ele>11.9</ele>
      </trkpt>
      <trkpt lat="35.91850999742746" lon="139.55544996075332">
        <ele>12.19</ele>
      </trkpt>
      <trkpt lat="35.918429950252175" lon="139.55563997849822">
        <ele>12.41</ele>
      </trkpt>
      <trkpt lat="35.91814287006855" lon="139.55580074340105">
        <ele>12.56</ele>
      </trkpt>
      <trkpt lat="35.91792996972799" lon="139.55591993406415">
        <ele>12.56</ele>
      </trkpt>
      <trkpt lat="35.91770994476974" lon="139.55604993738234">
        <ele>12.57</ele>
      </trkpt>
      <trkpt lat="35.917679937556386" lon="139.55609997734427">
        <ele>12.65</ele>
      </trkpt>
      <trkpt lat="35.91740794479847" lon="139.55629636533558">
        <ele>12.72</ele>
      </trkpt>
      <trkpt lat="35.91731993481517" lon="139.55635998398066">
        <ele>12.84</ele>
      </trkpt>
      <trkpt lat="35.9170401468873" lon="139.55653885379434">
        <ele>12.92</ele>
      </trkpt>
      <trkpt lat="35.916760275140405" lon="139.55671780742705">
        <ele>12.87</ele>
      </trkpt>
      <trkpt lat="35.916709983721375" lon="139.55674999393523">
        <ele>12.91</ele>
      </trkpt>
      <trkpt lat="35.916441176086664" lon="139.556952919811">
        <ele>12.91</ele>
      </trkpt>
      <trkpt lat="35.91621997766197" lon="139.55711997114122">
        <ele>13.07</ele>
      </trkpt>
      <trkpt lat="35.91616993770003" lon="139.55717998556793">
        <ele>13.13</ele>
      </trkpt>
      <trkpt lat="35.915999952703714" lon="139.55732993781567">
        <ele>13.2</ele>
      </trkpt>
      <trkpt lat="35.9157279599458" lon="139.557526409626">
        <ele>13.21</ele>
      </trkpt>
      <trkpt lat="35.9156399499625" lon="139.55758994445205">
        <ele>13.24</ele>
      </trkpt>
      <trkpt lat="35.91561991721392" lon="139.55758994445205">
        <ele>13.24</ele>
      </trkpt>
      <trkpt lat="35.915589993819594" lon="139.55787995830178">
        <ele>13.29</ele>
      </trkpt>
      <trkpt lat="35.915569961071014" lon="139.5579999871552">
        <ele>13.25</ele>
      </trkpt>
      <trkpt lat="35.91561991721392" lon="139.5581099577248">
        <ele>13.19</ele>
      </trkpt>
      <trkpt lat="35.915699964389205" lon="139.55819997936487">
        <ele>13.09</ele>
      </trkpt>
      <trkpt lat="35.9155466593802" lon="139.5585388597101">
        <ele>12.98</ele>
      </trkpt>
      <trkpt lat="35.915509946644306" lon="139.5586199965328">
        <ele>12.87</ele>
      </trkpt>
      <trkpt lat="35.91548999771476" lon="139.55864991992712">
        <ele>12.77</ele>
      </trkpt>
      <trkpt lat="35.915414644405246" lon="139.55902651883662">
        <ele>12.63</ele>
      </trkpt>
      <trkpt lat="35.91535999439657" lon="139.55929993651807">
        <ele>12.53</ele>
      </trkpt>
      <trkpt lat="35.91530048288405" lon="139.55968072637916">
        <ele>12.43</ele>
      </trkpt>
      <trkpt lat="35.91524097137153" lon="139.56006160005927">
        <ele>12.37</ele>
      </trkpt>
      <trkpt lat="35.9152099583298" lon="139.56025999970734">
        <ele>12.28</ele>
      </trkpt>
      <trkpt lat="35.91530995443463" lon="139.5603899192065">
        <ele>12.16</ele>
      </trkpt>
      <trkpt lat="35.91533996164799" lon="139.5604699663818">
        <ele>12.04</ele>
      </trkpt>
      <trkpt lat="35.91514994390309" lon="139.56068999134004">
        <ele>11.87</ele>
      </trkpt>
      <trkpt lat="35.91510116122663" lon="139.56107304431498">
        <ele>11.75</ele>
      </trkpt>
      <trkpt lat="35.915052462369204" lon="139.56145618110895">
        <ele>11.58</ele>
      </trkpt>
      <trkpt lat="35.915009966120124" lon="139.56178994849324">
        <ele>11.43</ele>
      </trkpt>
      <trkpt lat="35.91475993394852" lon="139.5617699995637">
        <ele>11.32</ele>
      </trkpt>
      <trkpt lat="35.91459749266505" lon="139.5614375732839">
        <ele>11.25</ele>
      </trkpt>
      <trkpt lat="35.914539992809296" lon="139.5613199751824">
        <ele>11.15</ele>
      </trkpt>
      <trkpt lat="35.91435005888343" lon="139.56101034767926">
        <ele>11.06</ele>
      </trkpt>
      <trkpt lat="35.91416020877659" lon="139.56070063635707">
        <ele>10.95</ele>
      </trkpt>
      <trkpt lat="35.91397035866976" lon="139.5603910088539">
        <ele>10.88</ele>
      </trkpt>
      <trkpt lat="35.91388997621834" lon="139.56025999970734">
        <ele>10.78</ele>
      </trkpt>
      <trkpt lat="35.91368998400867" lon="139.56006998196244">
        <ele>10.66</ele>
      </trkpt>
      <trkpt lat="35.91357992962003" lon="139.55998993478715">
        <ele>10.57</ele>
      </trkpt>
      <trkpt lat="35.913273487240076" lon="139.55989798530936">
        <ele>10.51</ele>
      </trkpt>
      <trkpt lat="35.912967044860125" lon="139.5598061196506">
        <ele>10.47</ele>
      </trkpt>
      <trkpt lat="35.912779960781336" lon="139.55974996089935">
        <ele>10.39</ele>
      </trkpt>
      <trkpt lat="35.91256999410689" lon="139.55970997922122">
        <ele>10.28</ele>
      </trkpt>
      <trkpt lat="35.912520037963986" lon="139.5600928645581">
        <ele>10.21</ele>
      </trkpt>
      <trkpt lat="35.912479972466826" lon="139.5603999774903">
        <ele>10.1</ele>
      </trkpt>
      <trkpt lat="35.912329936400056" lon="139.56037994474173">
        <ele>10.01</ele>
      </trkpt>
      <trkpt lat="35.912239998579025" lon="139.56032998859882">
        <ele>9.89</ele>
      </trkpt>
      <trkpt lat="35.911924755200744" lon="139.56034532748163">
        <ele>9.71</ele>
      </trkpt>
      <trkpt lat="35.911829955875874" lon="139.56034993752837">
        <ele>9.59</ele>
      </trkpt>
      <trkpt lat="35.91155997477472" lon="139.5603999774903">
        <ele>9.47</ele>
      </trkpt>
      <trkpt lat="35.91127993538976" lon="139.56037994474173">
        <ele>9.44</ele>
      </trkpt>
      <trkpt lat="35.911182537674904" lon="139.56074874848127">
        <ele>9.37</ele>
      </trkpt>
      <trkpt lat="35.91113995760679" lon="139.56090993247926">
        <ele>9.31</ele>
      </trkpt>
      <trkpt lat="35.91101766563952" lon="139.56126742064953">
        <ele>9.29</ele>
      </trkpt>
      <trkpt lat="35.9110099542886" lon="139.56128996796906">
        <ele>9.21</ele>
      </trkpt>
      <trkpt lat="35.91082999482751" lon="139.56154997460544">
        <ele>9.02</ele>
      </trkpt>
      <trkpt lat="35.91069471091032" lon="139.56190025433898">
        <ele>8.87</ele>
      </trkpt>
      <trkpt lat="35.910609969869256" lon="139.5621199440211">
        <ele>8.82</ele>
      </trkpt>
      <trkpt lat="35.91029925271869" lon="139.5620528049767">
        <ele>8.78</ele>
      </trkpt>
      <trkpt lat="35.910239992663264" lon="139.56203998066485">
        <ele>8.72</ele>
      </trkpt>
      <trkpt lat="35.91013999655843" lon="139.56208993680775">
        <ele>8.65</ele>
      </trkpt>
      <trkpt lat="35.91005994938314" lon="139.5621799584478">
        <ele>8.55</ele>
      </trkpt>
      <trkpt lat="35.909931203350425" lon="139.56253392621875">
        <ele>8.46</ele>
      </trkpt>
      <trkpt lat="35.909899938851595" lon="139.5626199245453">
        <ele>8.41</ele>
      </trkpt>
      <trkpt lat="35.90988996438682" lon="139.56263995729387">
        <ele>8.38</ele>
      </trkpt>
      <trkpt lat="35.90962702408433" lon="139.5628541149199">
        <ele>8.43</ele>
      </trkpt>
      <trkpt lat="35.90936399996281" lon="139.56306827254593">
        <ele>8.42</ele>
      </trkpt>
      <trkpt lat="35.909101059660316" lon="139.56328243017197">
        <ele>8.34</ele>
      </trkpt>
      <trkpt lat="35.908838119357824" lon="139.563496587798">
        <ele>8.29</ele>
      </trkpt>
      <trkpt lat="35.90857517905533" lon="139.56371074542403">
        <ele>8.35</ele>
      </trkpt>
      <trkpt lat="35.90831223875284" lon="139.56392490305007">
        <ele>8.42</ele>
      </trkpt>
      <trkpt lat="35.90804921463132" lon="139.5641390606761">
        <ele>8.42</ele>
      </trkpt>
      <trkpt lat="35.90778627432883" lon="139.56435321830213">
        <ele>8.42</ele>
      </trkpt>
      <trkpt lat="35.90752333402634" lon="139.56456737592816">
        <ele>8.46</ele>
      </trkpt>
      <trkpt lat="35.907260393723845" lon="139.5647815335542">
        <ele>8.64</ele>
      </trkpt>
      <trkpt lat="35.906997453421354" lon="139.5649956073612">
        <ele>8.82</ele>
      </trkpt>
      <trkpt lat="35.90673442929983" lon="139.56520976498723">
        <ele>8.83</ele>
      </trkpt>
      <trkpt lat="35.90647148899734" lon="139.56542392261326">
        <ele>8.86</ele>
      </trkpt>
      <trkpt lat="35.90627996250987" lon="139.56557999365032">
        <ele>8.96</ele>
      </trkpt>
      <trkpt lat="35.906053483486176" lon="139.56584989093244">
        <ele>9.05</ele>
      </trkpt>
      <trkpt lat="35.90582700446248" lon="139.56611978821456">
        <ele>9.09</ele>
      </trkpt>
      <trkpt lat="35.905600525438786" lon="139.5663896854967">
        <ele>9.14</ele>
      </trkpt>
      <trkpt lat="35.90554998256266" lon="139.5664499513805">
        <ele>9.22</ele>
      </trkpt>
      <trkpt lat="35.90540497563779" lon="139.56679427996278">
        <ele>9.27</ele>
      </trkpt>
      <trkpt lat="35.90530992485583" lon="139.56701992079616">
        <ele>9.36</ele>
      </trkpt>
      <trkpt lat="35.90500373393297" lon="139.56692704930902">
        <ele>9.54</ele>
      </trkpt>
      <trkpt lat="35.904697459191084" lon="139.56683417782187">
        <ele>9.74</ele>
      </trkpt>
      <trkpt lat="35.904419934377074" lon="139.566749939695">
        <ele>9.91</ele>
      </trkpt>
      <trkpt lat="35.904359919950366" lon="139.56677994690835">
        <ele>10.02</ele>
      </trkpt>
      <trkpt lat="35.904309963807464" lon="139.56686996854842">
        <ele>10.12</ele>
      </trkpt>
      <trkpt lat="35.90429998934269" lon="139.56697993911803">
        <ele>10.22</ele>
      </trkpt>
      <trkpt lat="35.904141487553716" lon="139.5673152152449">
        <ele>10.26</ele>
      </trkpt>
      <trkpt lat="35.90403998270631" lon="139.56752995960414">
        <ele>10.26</ele>
      </trkpt>
      <trkpt lat="35.90399991720915" lon="139.56753993406892">
        <ele>10.3</ele>
      </trkpt>
      <trkpt lat="35.90391542762518" lon="139.56791351549327">
        <ele>10.31</ele>
      </trkpt>
      <trkpt lat="35.903879972174764" lon="139.56806992180645">
        <ele>10.36</ele>
      </trkpt>
      <trkpt lat="35.9037952311337" lon="139.56844341941178">
        <ele>10.41</ele>
      </trkpt>
      <trkpt lat="35.903710490092635" lon="139.5688169170171">
        <ele>10.42</ele>
      </trkpt>
      <trkpt lat="35.90362574905157" lon="139.5691903308034">
        <ele>10.53</ele>
      </trkpt>
      <trkpt lat="35.90354100801051" lon="139.56956382840872">
        <ele>10.73</ele>
      </trkpt>
      <trkpt lat="35.90345626696944" lon="139.569937242195">
        <ele>10.76</ele>
      </trkpt>
      <trkpt lat="35.90337152592838" lon="139.57031073980033">
        <ele>10.64</ele>
      </trkpt>
      <trkpt lat="35.90333992615342" lon="139.570449963212">
        <ele>10.61</ele>
      </trkpt>
      <trkpt lat="35.90326993726194" lon="139.57061994820833">
        <ele>10.58</ele>
      </trkpt>
      <trkpt lat="35.903109926730394" lon="139.57085992209613">
        <ele>10.58</ele>
      </trkpt>
      <trkpt lat="35.90290993452072" lon="139.57101993262768">
        <ele>10.61</ele>
      </trkpt>
      <trkpt lat="35.902622267603874" lon="139.57117893733084">
        <ele>10.63</ele>
      </trkpt>
      <trkpt lat="35.90233460068703" lon="139.57133802585304">
        <ele>10.63</ele>
      </trkpt>
      <trkpt lat="35.90204693377018" lon="139.5714970305562">
        <ele>10.65</ele>
      </trkpt>
      <trkpt lat="35.90175926685333" lon="139.57165603525937">
        <ele>10.56</ele>
      </trkpt>
      <trkpt lat="35.901471516117454" lon="139.57181503996253">
        <ele>10.5</ele>
      </trkpt>
      <trkpt lat="35.901183849200606" lon="139.5719740446657">
        <ele>10.47</ele>
      </trkpt>
      <trkpt lat="35.900919986888766" lon="139.5721199735999">
        <ele>10.4</ele>
      </trkpt>
      <trkpt lat="35.90071999467909" lon="139.57220999523997">
        <ele>10.36</ele>
      </trkpt>
      <trkpt lat="35.90043316595256" lon="139.57237143069506">
        <ele>10.39</ele>
      </trkpt>
      <trkpt lat="35.900146421045065" lon="139.57253286615014">
        <ele>10.36</ele>
      </trkpt>
      <trkpt lat="35.899859592318535" lon="139.57269438542426">
        <ele>10.15</ele>
      </trkpt>
      <trkpt lat="35.89957284741104" lon="139.57285582087934">
        <ele>9.94</ele>
      </trkpt>
      <trkpt lat="35.8995299320668" lon="139.57287996076047">
        <ele>9.86</ele>
      </trkpt>
      <trkpt lat="35.89941996149719" lon="139.57295992411673">
        <ele>9.77</ele>
      </trkpt>
      <trkpt lat="35.899133048951626" lon="139.57312094047666">
        <ele>9.81</ele>
      </trkpt>
      <trkpt lat="35.89884605258703" lon="139.57328195683658">
        <ele>9.84</ele>
      </trkpt>
      <trkpt lat="35.89855914004147" lon="139.5734429731965">
        <ele>9.77</ele>
      </trkpt>
      <trkpt lat="35.89827214367688" lon="139.57360398955643">
        <ele>9.67</ele>
      </trkpt>
      <trkpt lat="35.897985231131315" lon="139.57376500591636">
        <ele>9.54</ele>
      </trkpt>
      <trkpt lat="35.89769823476672" lon="139.57392593845725">
        <ele>9.39</ele>
      </trkpt>
      <trkpt lat="35.89741132222116" lon="139.57408695481718">
        <ele>9.35</ele>
      </trkpt>
      <trkpt lat="35.89720998890698" lon="139.57419994287193">
        <ele>9.36</ele>
      </trkpt>
      <trkpt lat="35.896919975057244" lon="139.5743499789387">
        <ele>9.43</ele>
      </trkpt>
      <trkpt lat="35.89671998284757" lon="139.5743999350816">
        <ele>9.41</ele>
      </trkpt>
      <trkpt lat="35.89643273502588" lon="139.5745601132512">
        <ele>9.41</ele>
      </trkpt>
      <trkpt lat="35.89614540338516" lon="139.57472029142082">
        <ele>9.47</ele>
      </trkpt>
      <trkpt lat="35.895858155563474" lon="139.57488046959043">
        <ele>9.5</ele>
      </trkpt>
      <trkpt lat="35.895570907741785" lon="139.57504064776003">
        <ele>9.39</ele>
      </trkpt>
      <trkpt lat="35.895283659920096" lon="139.57520082592964">
        <ele>9.4</ele>
      </trkpt>
      <trkpt lat="35.89506992138922" lon="139.5753199327737">
        <ele>9.41</ele>
      </trkpt>
      <trkpt lat="35.89499993249774" lon="139.57530995830894">
        <ele>9.43</ele>
      </trkpt>
      <trkpt lat="35.89488996192813" lon="139.5753399655223">
        <ele>9.45</ele>
      </trkpt>
      <trkpt lat="35.89460330083966" lon="139.5755017362535">
        <ele>9.52</ele>
      </trkpt>
      <trkpt lat="35.894316639751196" lon="139.57566359080374">
        <ele>9.54</ele>
      </trkpt>
      <trkpt lat="35.89426995255053" lon="139.57568999379873">
        <ele>9.57</ele>
      </trkpt>
      <trkpt lat="35.89397138915956" lon="139.57581505179405">
        <ele>9.59</ele>
      </trkpt>
      <trkpt lat="35.89367282576859" lon="139.57594010978937">
        <ele>9.57</ele>
      </trkpt>
      <trkpt lat="35.89352999813855" lon="139.57599995657802">
        <ele>9.61</ele>
      </trkpt>
      <trkpt lat="35.893297316506505" lon="139.57626172341406">
        <ele>9.55</ele>
      </trkpt>
      <trkpt lat="35.893289940431714" lon="139.57626993767917">
        <ele>9.58</ele>
      </trkpt>
      <trkpt lat="35.89299799874425" lon="139.57641678862274">
        <ele>9.64</ele>
      </trkpt>
      <trkpt lat="35.892706140875816" lon="139.57656372338533">
        <ele>9.8</ele>
      </trkpt>
      <trkpt lat="35.89241419918835" lon="139.5767105743289">
        <ele>9.88</ele>
      </trkpt>
      <trkpt lat="35.89212225750089" lon="139.57685742527246">
        <ele>9.86</ele>
      </trkpt>
      <trkpt lat="35.89183031581342" lon="139.57700436003506">
        <ele>9.82</ele>
      </trkpt>
      <trkpt lat="35.89153845794499" lon="139.57715121097863">
        <ele>9.88</ele>
      </trkpt>
      <trkpt lat="35.891246516257524" lon="139.5772980619222">
        <ele>9.86</ele>
      </trkpt>
      <trkpt lat="35.89095457457006" lon="139.57744491286576">
        <ele>9.8</ele>
      </trkpt>
      <trkpt lat="35.890662632882595" lon="139.57759184762836">
        <ele>9.74</ele>
      </trkpt>
      <trkpt lat="35.89037077501416" lon="139.57773869857192">
        <ele>9.73</ele>
      </trkpt>
      <trkpt lat="35.890089981257915" lon="139.57787993364036">
        <ele>9.71</ele>
      </trkpt>
      <trkpt lat="35.88979175314307" lon="139.57800616510212">
        <ele>9.64</ele>
      </trkpt>
      <trkpt lat="35.8894934412092" lon="139.5781323965639">
        <ele>9.62</ele>
      </trkpt>
      <trkpt lat="35.889195213094354" lon="139.57825862802565">
        <ele>9.64</ele>
      </trkpt>
      <trkpt lat="35.88889698497951" lon="139.57838485948741">
        <ele>9.52</ele>
      </trkpt>
      <trkpt lat="35.88859875686467" lon="139.57851109094918">
        <ele>9.34</ele>
      </trkpt>
      <trkpt lat="35.888300528749824" lon="139.57863732241094">
        <ele>9.29</ele>
      </trkpt>
      <trkpt lat="35.88800221681595" lon="139.5787635538727">
        <ele>9.3</ele>
      </trkpt>
      <trkpt lat="35.887939939275384" lon="139.5787899568677">
        <ele>9.23</ele>
      </trkpt>
      <trkpt lat="35.887645566836" lon="139.5789292640984">
        <ele>9.14</ele>
      </trkpt>
      <trkpt lat="35.887351194396615" lon="139.57906848751009">
        <ele>8.89</ele>
      </trkpt>
      <trkpt lat="35.88705682195723" lon="139.5792077947408">
        <ele>8.72</ele>
      </trkpt>
      <trkpt lat="35.886762449517846" lon="139.57934701815248">
        <ele>8.61</ele>
      </trkpt>
      <trkpt lat="35.88646807707846" lon="139.5794863253832">
        <ele>8.5</ele>
      </trkpt>
      <trkpt lat="35.88617370463908" lon="139.5796256326139">
        <ele>8.32</ele>
      </trkpt>
      <trkpt lat="35.88607999496162" lon="139.57966997288167">
        <ele>8.16</ele>
      </trkpt>
      <trkpt lat="35.88578780181706" lon="139.57981606945395">
        <ele>7.97</ele>
      </trkpt>
      <trkpt lat="35.8854956086725" lon="139.57996216602623">
        <ele>7.8</ele>
      </trkpt>
      <trkpt lat="35.88520341552794" lon="139.58010826259851">
        <ele>7.63</ele>
      </trkpt>
      <trkpt lat="35.88491122238338" lon="139.58025427535176">
        <ele>7.48</ele>
      </trkpt>
      <trkpt lat="35.884799994528294" lon="139.58030993118882">
        <ele>7.36</ele>
      </trkpt>
      <trkpt lat="35.88450729846954" lon="139.58045460283756">
        <ele>7.24</ele>
      </trkpt>
      <trkpt lat="35.88421460241079" lon="139.58059919066727">
        <ele>7.16</ele>
      </trkpt>
      <trkpt lat="35.88394998572767" lon="139.58072994835675">
        <ele>7.06</ele>
      </trkpt>
      <trkpt lat="35.88366139680147" lon="139.58088660612702">
        <ele>7.02</ele>
      </trkpt>
      <trkpt lat="35.88337289169431" lon="139.5810432638973">
        <ele>6.92</ele>
      </trkpt>
      <trkpt lat="35.88308438658714" lon="139.58119992166758">
        <ele>6.8</ele>
      </trkpt>
      <trkpt lat="35.88279588147998" lon="139.58135657943785">
        <ele>6.67</ele>
      </trkpt>
      <trkpt lat="35.88250729255378" lon="139.58151332102716">
        <ele>6.52</ele>
      </trkpt>
      <trkpt lat="35.88221878744662" lon="139.58166997879744">
        <ele>6.4</ele>
      </trkpt>
      <trkpt lat="35.881930282339454" lon="139.5818266365677">
        <ele>6.29</ele>
      </trkpt>
      <trkpt lat="35.88173992931843" lon="139.58192998543382">
        <ele>6.15</ele>
      </trkpt>
      <trkpt lat="35.88145276531577" lon="139.5820903312415">
        <ele>6.06</ele>
      </trkpt>
      <trkpt lat="35.881165685132146" lon="139.5822507608682">
        <ele>5.93</ele>
      </trkpt>
      <trkpt lat="35.88087852112949" lon="139.5824111904949">
        <ele>5.85</ele>
      </trkpt>
      <trkpt lat="35.88059135712683" lon="139.5825716201216">
        <ele>5.75</ele>
      </trkpt>
      <trkpt lat="35.880304193124175" lon="139.5827320497483">
        <ele>5.74</ele>
      </trkpt>
      <trkpt lat="35.88028994388878" lon="139.58273992873728">
        <ele>5.66</ele>
      </trkpt>
      <trkpt lat="35.880099926143885" lon="139.58292994648218">
        <ele>5.67</ele>
      </trkpt>
      <trkpt lat="35.879808235913515" lon="139.58307755179703">
        <ele>5.56</ele>
      </trkpt>
      <trkpt lat="35.87951662950218" lon="139.58322507329285">
        <ele>5.39</ele>
      </trkpt>
      <trkpt lat="35.87924991734326" lon="139.58335993811488">
        <ele>5.19</ele>
      </trkpt>
      <trkpt lat="35.87900994345546" lon="139.58337997086346">
        <ele>5.04</ele>
      </trkpt>
      <trkpt lat="35.87871297262609" lon="139.58351072855294">
        <ele>4.95</ele>
      </trkpt>
      <trkpt lat="35.878416085615754" lon="139.5836414862424">
        <ele>5.03</ele>
      </trkpt>
      <trkpt lat="35.87811911478639" lon="139.58377216011286">
        <ele>4.99</ele>
      </trkpt>
      <trkpt lat="35.87782214395702" lon="139.58390291780233">
        <ele>4.76</ele>
      </trkpt>
      <trkpt lat="35.877669928595424" lon="139.5839699730277">
        <ele>4.68</ele>
      </trkpt>
      <trkpt lat="35.8773741312325" lon="139.58410441875458">
        <ele>4.68</ele>
      </trkpt>
      <trkpt lat="35.877078250050545" lon="139.58423886448145">
        <ele>4.84</ele>
      </trkpt>
      <trkpt lat="35.8770099375397" lon="139.58426996134222">
        <ele>4.9</ele>
      </trkpt>
      <trkpt lat="35.87672428227961" lon="139.5844343304634">
        <ele>5.18</ele>
      </trkpt>
      <trkpt lat="35.876438627019525" lon="139.5845986995846">
        <ele>5.44</ele>
      </trkpt>
      <trkpt lat="35.87615297175944" lon="139.5847630687058">
        <ele>5.51</ele>
      </trkpt>
      <trkpt lat="35.87586723268032" lon="139.58492735400796">
        <ele>5.49</ele>
      </trkpt>
      <trkpt lat="35.875581577420235" lon="139.58509172312915">
        <ele>5.46</ele>
      </trkpt>
      <trkpt lat="35.87529592216015" lon="139.58525609225035">
        <ele>5.38</ele>
      </trkpt>
      <trkpt lat="35.87501026690006" lon="139.58542046137154">
        <ele>5.47</ele>
      </trkpt>
      <trkpt lat="35.87472461163998" lon="139.58558483049273">
        <ele>5.47</ele>
      </trkpt>
      <trkpt lat="35.87443895637989" lon="139.58574919961393">
        <ele>5.4</ele>
      </trkpt>
      <trkpt lat="35.87415321730077" lon="139.58591356873512">
        <ele>5.53</ele>
      </trkpt>
      <trkpt lat="35.87386756204069" lon="139.58607793785632">
        <ele>5.63</ele>
      </trkpt>
      <trkpt lat="35.8735819067806" lon="139.58624222315848">
        <ele>5.72</ele>
      </trkpt>
      <trkpt lat="35.87335995398462" lon="139.5863699633628">
        <ele>5.86</ele>
      </trkpt>
      <trkpt lat="35.87307019159198" lon="139.58652310073376">
        <ele>5.99</ele>
      </trkpt>
      <trkpt lat="35.87278042919934" lon="139.58667632192373">
        <ele>6.12</ele>
      </trkpt>
      <trkpt lat="35.8724906668067" lon="139.58682945929468">
        <ele>6.18</ele>
      </trkpt>
      <trkpt lat="35.87220090441406" lon="139.58698268048465">
        <ele>6.21</ele>
      </trkpt>
      <trkpt lat="35.87191114202142" lon="139.5871358178556">
        <ele>6.25</ele>
      </trkpt>
      <trkpt lat="35.87162137962878" lon="139.58728895522654">
        <ele>6.35</ele>
      </trkpt>
      <trkpt lat="35.87133161723614" lon="139.58744217641652">
        <ele>6.44</ele>
      </trkpt>
      <trkpt lat="35.87104193866253" lon="139.58759531378746">
        <ele>6.53</ele>
      </trkpt>
      <trkpt lat="35.87075217626989" lon="139.58774853497744">
        <ele>6.6</ele>
      </trkpt>
      <trkpt lat="35.87046241387725" lon="139.58790167234838">
        <ele>6.59</ele>
      </trkpt>
      <trkpt lat="35.87038999423385" lon="139.58793997764587">
        <ele>6.66</ele>
      </trkpt>
      <trkpt lat="35.87010174058378" lon="139.5880973059684">
        <ele>6.65</ele>
      </trkpt>
      <trkpt lat="35.86981348693371" lon="139.58825471810997">
        <ele>6.76</ele>
      </trkpt>
      <trkpt lat="35.86952523328364" lon="139.58841213025153">
        <ele>6.87</ele>
      </trkpt>
      <trkpt lat="35.86923697963357" lon="139.5885695423931">
        <ele>6.85</ele>
      </trkpt>
      <trkpt lat="35.8689487259835" lon="139.58872687071562">
        <ele>6.85</ele>
      </trkpt>
      <trkpt lat="35.86875996552408" lon="139.58882996812463">
        <ele>6.89</ele>
      </trkpt>
      <trkpt lat="35.86847808212042" lon="139.58900389261544">
        <ele>6.93</ele>
      </trkpt>
      <trkpt lat="35.86828999221325" lon="139.58911998197436">
        <ele>6.94</ele>
      </trkpt>
      <trkpt lat="35.86801917292178" lon="139.5893188007176">
        <ele>7.02</ele>
      </trkpt>
      <trkpt lat="35.867748437449336" lon="139.58951761946082">
        <ele>6.98</ele>
      </trkpt>
      <trkpt lat="35.86764995008707" lon="139.5895899552852">
        <ele>6.97</ele>
      </trkpt>
      <trkpt lat="35.86739480495453" lon="139.5898177754134">
        <ele>7.0</ele>
      </trkpt>
      <trkpt lat="35.867139576002955" lon="139.5900455955416">
        <ele>6.97</ele>
      </trkpt>
      <trkpt lat="35.86708995513618" lon="139.59008993580937">
        <ele>6.95</ele>
      </trkpt>
      <trkpt lat="35.866859033703804" lon="139.59035388194025">
        <ele>6.95</ele>
      </trkpt>
      <trkpt lat="35.866628028452396" lon="139.59061782807112">
        <ele>6.97</ele>
      </trkpt>
      <trkpt lat="35.86659994907677" lon="139.59064993076026">
        <ele>6.97</ele>
      </trkpt>
      <trkpt lat="35.86637296713889" lon="139.59091898985207">
        <ele>6.99</ele>
      </trkpt>
      <trkpt lat="35.86614590138197" lon="139.59118804894388">
        <ele>6.95</ele>
      </trkpt>
      <trkpt lat="35.865918919444084" lon="139.59145710803568">
        <ele>6.84</ele>
      </trkpt>
      <trkpt lat="35.86569185368717" lon="139.5917261671275">
        <ele>6.8</ele>
      </trkpt>
      <trkpt lat="35.86551994085312" lon="139.5919299311936">
        <ele>6.77</ele>
      </trkpt>
      <trkpt lat="35.8652775362134" lon="139.5921778678894">
        <ele>6.75</ele>
      </trkpt>
      <trkpt lat="35.865079974755645" lon="139.59237995557487">
        <ele>6.73</ele>
      </trkpt>
      <trkpt lat="35.86482415907085" lon="139.59260668605566">
        <ele>6.71</ele>
      </trkpt>
      <trkpt lat="35.86463992483914" lon="139.59276996552944">
        <ele>6.76</ele>
      </trkpt>
      <trkpt lat="35.86436977609992" lon="139.59296987392008">
        <ele>6.83</ele>
      </trkpt>
      <trkpt lat="35.86413994431496" lon="139.59313994273543">
        <ele>6.85</ele>
      </trkpt>
      <trkpt lat="35.863856971263885" lon="139.5933111011982">
        <ele>6.86</ele>
      </trkpt>
      <trkpt lat="35.863573998212814" lon="139.59348234348">
        <ele>6.93</ele>
      </trkpt>
      <trkpt lat="35.86329094134271" lon="139.59365350194275">
        <ele>6.97</ele>
      </trkpt>
      <trkpt lat="35.86300796829164" lon="139.59382466040552">
        <ele>6.99</ele>
      </trkpt>
      <trkpt lat="35.86272499524057" lon="139.59399581886828">
        <ele>7.18</ele>
      </trkpt>
      <trkpt lat="35.8624420221895" lon="139.59416706115007">
        <ele>7.33</ele>
      </trkpt>
      <trkpt lat="35.862158965319395" lon="139.59433821961284">
        <ele>7.44</ele>
      </trkpt>
      <trkpt lat="35.86208998225629" lon="139.59437996149063">
        <ele>7.56</ele>
      </trkpt>
      <trkpt lat="35.86205997504294" lon="139.59440996870399">
        <ele>7.67</ele>
      </trkpt>
      <trkpt lat="35.86184992454946" lon="139.5945199392736">
        <ele>7.85</ele>
      </trkpt>
      <trkpt lat="35.861819917336106" lon="139.5945199392736">
        <ele>7.95</ele>
      </trkpt>
      <trkpt lat="35.86179996840656" lon="139.59455992095172">
        <ele>8.04</ele>
      </trkpt>
      <trkpt lat="35.86151858791709" lon="139.59473518654704">
        <ele>8.1</ele>
      </trkpt>
      <trkpt lat="35.86123729124665" lon="139.59491045214236">
        <ele>8.11</ele>
      </trkpt>
      <trkpt lat="35.86118993349373" lon="139.59493995644152">
        <ele>8.17</ele>
      </trkpt>
      <trkpt lat="35.86092154495418" lon="139.59514355286956">
        <ele>8.13</ele>
      </trkpt>
      <trkpt lat="35.86065315641463" lon="139.5953471492976">
        <ele>8.23</ele>
      </trkpt>
      <trkpt lat="35.860609989613295" lon="139.595379922539">
        <ele>8.31</ele>
      </trkpt>
      <trkpt lat="35.86035124026239" lon="139.59560170769691">
        <ele>8.45</ele>
      </trkpt>
      <trkpt lat="35.86032995022833" lon="139.59561998024583">
        <ele>8.5</ele>
      </trkpt>
      <trkpt lat="35.86031997576356" lon="139.59569994360209">
        <ele>8.54</ele>
      </trkpt>
      <trkpt lat="35.860119983553886" lon="139.59598995745182">
        <ele>8.61</ele>
      </trkpt>
      <trkpt lat="35.860049994662404" lon="139.5961699169129">
        <ele>8.68</ele>
      </trkpt>
      <trkpt lat="35.85994999855757" lon="139.5964399818331">
        <ele>8.73</ele>
      </trkpt>
      <trkpt lat="35.86025442928076" lon="139.59654140286148">
        <ele>8.64</ele>
      </trkpt>
      <trkpt lat="35.86030991747975" lon="139.59655992686749">
        <ele>8.62</ele>
      </trkpt>
      <trkpt lat="35.86034998297691" lon="139.5965699851513">
        <ele>8.6</ele>
      </trkpt>
      <trkpt lat="35.86037999019027" lon="139.59674994461238">
        <ele>8.61</ele>
      </trkpt>
      <trkpt lat="35.860459953546524" lon="139.5969799440354">
        <ele>8.62</ele>
      </trkpt>
      <trkpt lat="35.86020128801465" lon="139.59720172919333">
        <ele>8.66</ele>
      </trkpt>
      <trkpt lat="35.8600399363786" lon="139.59733994677663">
        <ele>8.62</ele>
      </trkpt>
      <trkpt lat="35.859989980235696" lon="139.59739996120334">
        <ele>8.59</ele>
      </trkpt>
      <trkpt lat="35.86019433103502" lon="139.59769517183304">
        <ele>8.51</ele>
      </trkpt>
      <trkpt lat="35.86025996133685" lon="139.5977899711579">
        <ele>8.47</ele>
      </trkpt>
      <trkpt lat="35.8604524936527" lon="139.59809691645205">
        <ele>8.39</ele>
      </trkpt>
      <trkpt lat="35.86062993854284" lon="139.59837997332215">
        <ele>8.38</ele>
      </trkpt>
      <trkpt lat="35.86072993464768" lon="139.59869999438524">
        <ele>8.37</ele>
      </trkpt>
      <trkpt lat="35.860853902995586" lon="139.59905630908906">
        <ele>8.33</ele>
      </trkpt>
      <trkpt lat="35.86096999235451" lon="139.59938999265432">
        <ele>8.26</ele>
      </trkpt>
      <trkpt lat="35.86109756492078" lon="139.59974437952042">
        <ele>8.16</ele>
      </trkpt>
      <trkpt lat="35.861149951815605" lon="139.5998899731785">
        <ele>8.1</ele>
      </trkpt>
      <trkpt lat="35.86120996624231" lon="139.59983993321657">
        <ele>8.07</ele>
      </trkpt>
      <trkpt lat="35.86132949218154" lon="139.60019859485328">
        <ele>8.02</ele>
      </trkpt>
      <trkpt lat="35.861389925703406" lon="139.6003799792379">
        <ele>8.0</ele>
      </trkpt>
      <trkpt lat="35.86137995123863" lon="139.60039992816746">
        <ele>8.0</ele>
      </trkpt>
      <trkpt lat="35.861259922385216" lon="139.60052993148565">
        <ele>8.0</ele>
      </trkpt>
      <trkpt lat="35.86137148551643" lon="139.60089244879782">
        <ele>8.02</ele>
      </trkpt>
      <trkpt lat="35.86148304864764" lon="139.60125488229096">
        <ele>8.05</ele>
      </trkpt>
      <trkpt lat="35.86149998009205" lon="139.6013099513948">
        <ele>8.08</ele>
      </trkpt>
      <trkpt lat="35.86149998009205" lon="139.6014199219644">
        <ele>8.13</ele>
      </trkpt>
      <trkpt lat="35.86147994734347" lon="139.60146996192634">
        <ele>8.2</ele>
      </trkpt>
      <trkpt lat="35.861389925703406" lon="139.60147993639112">
        <ele>8.31</ele>
      </trkpt>
      <trkpt lat="35.86135991849005" lon="139.60152997635305">
        <ele>8.4</ele>
      </trkpt>
      <trkpt lat="35.861299987882376" lon="139.60145998746157">
        <ele>8.52</ele>
      </trkpt>
      <trkpt lat="35.86113997735083" lon="139.60147993639112">
        <ele>8.65</ele>
      </trkpt>
      <trkpt lat="35.86083051748574" lon="139.6015552058816">
        <ele>8.79</ele>
      </trkpt>
      <trkpt lat="35.86076991632581" lon="139.60156995803118">
        <ele>8.91</ele>
      </trkpt>
      <trkpt lat="35.860549975186586" lon="139.60164992138743">
        <ele>9.0</ele>
      </trkpt>
      <trkpt lat="35.86044997908175" lon="139.60128991864622">
        <ele>9.1</ele>
      </trkpt>
      <trkpt lat="35.86034939624369" lon="139.60092270746827">
        <ele>9.21</ele>
      </trkpt>
      <trkpt lat="35.860248897224665" lon="139.6005554124713">
        <ele>9.39</ele>
      </trkpt>
      <trkpt lat="35.860148314386606" lon="139.60018811747432">
        <ele>9.63</ele>
      </trkpt>
      <trkpt lat="35.86004781536758" lon="139.59982082247734">
        <ele>9.76</ele>
      </trkpt>
      <trkpt lat="35.85994723252952" lon="139.59945352748036">
        <ele>9.84</ele>
      </trkpt>
      <trkpt lat="35.859846733510494" lon="139.5990862324834">
        <ele>10.03</ele>
      </trkpt>
      <trkpt lat="35.85974623449147" lon="139.5987189374864">
        <ele>10.22</ele>
      </trkpt>
      <trkpt lat="35.85969996638596" lon="139.59854995831847">
        <ele>10.39</ele>
      </trkpt>
      <trkpt lat="35.85962260141969" lon="139.59817428141832">
        <ele>10.59</ele>
      </trkpt>
      <trkpt lat="35.859559988602996" lon="139.59786993451416">
        <ele>10.79</ele>
      </trkpt>
      <trkpt lat="35.85949997417629" lon="139.59752996452153">
        <ele>10.97</ele>
      </trkpt>
      <trkpt lat="35.85945999249816" lon="139.59750993177295">
        <ele>11.07</ele>
      </trkpt>
      <trkpt lat="35.859299981966615" lon="139.5977299567312">
        <ele>11.13</ele>
      </trkpt>
      <trkpt lat="35.85921993479133" lon="139.59779994562268">
        <ele>11.17</ele>
      </trkpt>
      <trkpt lat="35.8591799531132" lon="139.59780992008746">
        <ele>11.21</ele>
      </trkpt>
      <trkpt lat="35.85919998586178" lon="139.59769994951785">
        <ele>11.29</ele>
      </trkpt>
      <trkpt lat="35.85924994200468" lon="139.59752996452153">
        <ele>11.38</ele>
      </trkpt>
      <trkpt lat="35.85931993089616" lon="139.59731999784708">
        <ele>11.37</ele>
      </trkpt>
      <trkpt lat="35.85928992368281" lon="139.59727993234992">
        <ele>11.37</ele>
      </trkpt>
      <trkpt lat="35.85915992036462" lon="139.5975499972701">
        <ele>11.34</ele>
      </trkpt>
      <trkpt lat="35.8590020891279" lon="139.59788544103503">
        <ele>11.14</ele>
      </trkpt>
      <trkpt lat="35.85884425789118" lon="139.598220968619">
        <ele>11.02</ele>
      </trkpt>
      <trkpt lat="35.85868642665446" lon="139.5985564123839">
        <ele>11.08</ele>
      </trkpt>
      <trkpt lat="35.85852859541774" lon="139.59889193996787">
        <ele>11.06</ele>
      </trkpt>
      <trkpt lat="35.85837076418102" lon="139.59922746755183">
        <ele>10.91</ele>
      </trkpt>
      <trkpt lat="35.8582129329443" lon="139.59956291131675">
        <ele>10.89</ele>
      </trkpt>
      <trkpt lat="35.85805510170758" lon="139.5998984389007">
        <ele>10.9</ele>
      </trkpt>
      <trkpt lat="35.85789727047086" lon="139.60023396648467">
        <ele>10.73</ele>
      </trkpt>
      <trkpt lat="35.85773943923414" lon="139.6005694102496">
        <ele>10.53</ele>
      </trkpt>
      <trkpt lat="35.85758160799742" lon="139.60090493783355">
        <ele>10.41</ele>
      </trkpt>
      <trkpt lat="35.8574237767607" lon="139.6012404654175">
        <ele>10.47</ele>
      </trkpt>
      <trkpt lat="35.85732998326421" lon="139.601439954713">
        <ele>10.45</ele>
      </trkpt>
      <trkpt lat="35.857174498960376" lon="139.60177707485855">
        <ele>10.36</ele>
      </trkpt>
      <trkpt lat="35.857019014656544" lon="139.60211427882314">
        <ele>10.25</ele>
      </trkpt>
      <trkpt lat="35.85686361417174" lon="139.6024513989687">
        <ele>10.1</ele>
      </trkpt>
      <trkpt lat="35.85670812986791" lon="139.6027886029333">
        <ele>9.89</ele>
      </trkpt>
      <trkpt lat="35.85655264556408" lon="139.60312572307885">
        <ele>9.71</ele>
      </trkpt>
      <trkpt lat="35.85639724507928" lon="139.60346292704344">
        <ele>9.58</ele>
      </trkpt>
      <trkpt lat="35.85624176077545" lon="139.603800047189">
        <ele>9.39</ele>
      </trkpt>
      <trkpt lat="35.856086276471615" lon="139.6041372511536">
        <ele>9.18</ele>
      </trkpt>
      <trkpt lat="35.855930875986814" lon="139.60447437129915">
        <ele>8.94</ele>
      </trkpt>
      <trkpt lat="35.8557899761945" lon="139.60477997548878">
        <ele>8.95</ele>
      </trkpt>
      <trkpt lat="35.85561940446496" lon="139.60510594770312">
        <ele>9.11</ele>
      </trkpt>
      <trkpt lat="35.85544891655445" lon="139.60543191991746">
        <ele>9.18</ele>
      </trkpt>
      <trkpt lat="35.85527842864394" lon="139.6057578921318">
        <ele>9.01</ele>
      </trkpt>
      <trkpt lat="35.855109952390194" lon="139.60607992485166">
        <ele>8.59</ele>
      </trkpt>
      <trkpt lat="35.854927813634276" lon="139.60639634169638">
        <ele>8.16</ele>
      </trkpt>
      <trkpt lat="35.85474567487836" lon="139.60671267472208">
        <ele>7.96</ele>
      </trkpt>
      <trkpt lat="35.85456353612244" lon="139.60702900774777">
        <ele>8.07</ele>
      </trkpt>
      <trkpt lat="35.85453998297453" lon="139.60706999525428">
        <ele>8.01</ele>
      </trkpt>
      <trkpt lat="35.85433479398489" lon="139.60736428387463">
        <ele>7.98</ele>
      </trkpt>
      <trkpt lat="35.85412968881428" lon="139.60765865631402">
        <ele>7.87</ele>
      </trkpt>
      <trkpt lat="35.854079984128475" lon="139.60772998631">
        <ele>7.81</ele>
      </trkpt>
      <trkpt lat="35.8538644015789" lon="139.60801287554204">
        <ele>7.76</ele>
      </trkpt>
      <trkpt lat="35.853759963065386" lon="139.6081499196589">
        <ele>7.69</ele>
      </trkpt>
      <trkpt lat="35.85353205911815" lon="139.6084178891033">
        <ele>7.77</ele>
      </trkpt>
      <trkpt lat="35.85330415517092" lon="139.60868577472866">
        <ele>7.76</ele>
      </trkpt>
      <trkpt lat="35.853076335042715" lon="139.60895366035402">
        <ele>7.81</ele>
      </trkpt>
      <trkpt lat="35.85301992483437" lon="139.6090199612081">
        <ele>7.8</ele>
      </trkpt>
      <trkpt lat="35.85278011858463" lon="139.60927166976035">
        <ele>7.79</ele>
      </trkpt>
      <trkpt lat="35.852540312334895" lon="139.60952329449356">
        <ele>7.73</ele>
      </trkpt>
      <trkpt lat="35.852300422266126" lon="139.6097750030458">
        <ele>7.79</ele>
      </trkpt>
      <trkpt lat="35.852209981530905" lon="139.60986997000873">
        <ele>7.75</ele>
      </trkpt>
      <trkpt lat="35.85195768624544" lon="139.61010256782174">
        <ele>7.7</ele>
      </trkpt>
      <trkpt lat="35.85170539095998" lon="139.61033508181572">
        <ele>7.66</ele>
      </trkpt>
      <trkpt lat="35.851569939404726" lon="139.61045997217298">
        <ele>7.69</ele>
      </trkpt>
      <trkpt lat="35.85131278261542" lon="139.61068427190185">
        <ele>8.01</ele>
      </trkpt>
      <trkpt lat="35.85105562582612" lon="139.61090865544975">
        <ele>8.12</ele>
      </trkpt>
      <trkpt lat="35.850798385217786" lon="139.61113303899765">
        <ele>7.78</ele>
      </trkpt>
      <trkpt lat="35.85062999278307" lon="139.61127997376025">
        <ele>7.57</ele>
      </trkpt>
      <trkpt lat="35.85036621429026" lon="139.61149245500565">
        <ele>7.55</ele>
      </trkpt>
      <trkpt lat="35.85010243579745" lon="139.61170493625104">
        <ele>7.55</ele>
      </trkpt>
      <trkpt lat="35.849838657304645" lon="139.61191741749644">
        <ele>7.57</ele>
      </trkpt>
      <trkpt lat="35.849574878811836" lon="139.61212989874184">
        <ele>7.53</ele>
      </trkpt>
      <trkpt lat="35.84954998455942" lon="139.61214993149042">
        <ele>7.48</ele>
      </trkpt>
      <trkpt lat="35.849278243258595" lon="139.6123467385769">
        <ele>7.42</ele>
      </trkpt>
      <trkpt lat="35.849006501957774" lon="139.61254346184433">
        <ele>7.43</ele>
      </trkpt>
      <trkpt lat="35.84873476065695" lon="139.6127402689308">
        <ele>7.37</ele>
      </trkpt>
      <trkpt lat="35.84846301935613" lon="139.61293707601726">
        <ele>7.27</ele>
      </trkpt>
      <trkpt lat="35.848389929160476" lon="139.61298996582627">
        <ele>7.19</ele>
      </trkpt>
      <trkpt lat="35.84811299107969" lon="139.61317537352443">
        <ele>7.1</ele>
      </trkpt>
      <trkpt lat="35.8478360529989" lon="139.6133608650416">
        <ele>6.96</ele>
      </trkpt>
      <trkpt lat="35.84755911491811" lon="139.61354627273977">
        <ele>6.89</ele>
      </trkpt>
      <trkpt lat="35.84728209301829" lon="139.61373176425695">
        <ele>6.78</ele>
      </trkpt>
      <trkpt lat="35.84723993204534" lon="139.6137599274516">
        <ele>6.69</ele>
      </trkpt>
      <trkpt lat="35.84695754572749" lon="139.6139325108379">
        <ele>6.63</ele>
      </trkpt>
      <trkpt lat="35.84667515940964" lon="139.61410509422421">
        <ele>6.55</ele>
      </trkpt>
      <trkpt lat="35.84639268927276" lon="139.61427767761052">
        <ele>6.47</ele>
      </trkpt>
      <trkpt lat="35.84611030295491" lon="139.61445026099682">
        <ele>6.41</ele>
      </trkpt>
      <trkpt lat="35.84582791663706" lon="139.61462292820215">
        <ele>6.37</ele>
      </trkpt>
      <trkpt lat="35.84579992108047" lon="139.6146399434656">
        <ele>6.29</ele>
      </trkpt>
      <trkpt lat="35.84561996161938" lon="139.614759972319">
        <ele>6.3</ele>
      </trkpt>
      <trkpt lat="35.845329612493515" lon="139.61491143330932">
        <ele>6.13</ele>
      </trkpt>
      <trkpt lat="35.84515996277332" lon="139.6149999462068">
        <ele>5.91</ele>
      </trkpt>
      <trkpt lat="35.84491998888552" lon="139.61513992398977">
        <ele>5.58</ele>
      </trkpt>
      <trkpt lat="35.84489995613694" lon="139.61516993120313">
        <ele>5.52</ele>
      </trkpt>
      <trkpt lat="35.84472997114062" lon="139.61516993120313">
        <ele>5.47</ele>
      </trkpt>
      <trkpt lat="35.844559986144304" lon="139.61522994562984">
        <ele>5.43</ele>
      </trkpt>
      <trkpt lat="35.84426997229457" lon="139.61533991619945">
        <ele>5.62</ele>
      </trkpt>
      <trkpt lat="35.843983897939324" lon="139.6155031118542">
        <ele>6.02</ele>
      </trkpt>
      <trkpt lat="35.84369773976505" lon="139.61566630750895">
        <ele>5.88</ele>
      </trkpt>
      <trkpt lat="35.8434116654098" lon="139.6158295031637">
        <ele>5.74</ele>
      </trkpt>
      <trkpt lat="35.84312559105456" lon="139.61599269881845">
        <ele>5.86</ele>
      </trkpt>
      <trkpt lat="35.84284999407828" lon="139.61614994332194">
        <ele>6.02</ele>
      </trkpt>
      <trkpt lat="35.84257347509265" lon="139.6163364406675">
        <ele>6.2</ele>
      </trkpt>
      <trkpt lat="35.84241991862655" lon="139.61643995717168">
        <ele>6.32</ele>
      </trkpt>
      <trkpt lat="35.84213996306062" lon="139.6166184078902">
        <ele>6.52</ele>
      </trkpt>
      <trkpt lat="35.84197207354009" lon="139.6167254447937">
        <ele>6.72</ele>
      </trkpt>
      <trkpt lat="35.841726399958134" lon="139.6169683523476">
        <ele>6.97</ele>
      </trkpt>
      <trkpt lat="35.84148919209838" lon="139.61720287799835">
        <ele>7.15</ele>
      </trkpt>
      <trkpt lat="35.84149447269738" lon="139.6172117628157">
        <ele>7.29</ele>
      </trkpt>
      <trkpt lat="35.84141492843628" lon="139.6172833442688">
        <ele>7.43</ele>
      </trkpt>
      <trkpt lat="35.841286182403564" lon="139.61715459823608">
        <ele>7.54</ele>
      </trkpt>
      <trkpt lat="35.84107185713947" lon="139.61731527931988">
        <ele>7.63</ele>
      </trkpt>
      <trkpt lat="35.84085702896118" lon="139.61747646331787">
        <ele>7.6</ele>
      </trkpt>
      <trkpt lat="35.84072828292847" lon="139.61747646331787">
        <ele>7.66</ele>
      </trkpt>
      <trkpt lat="35.84064245223999" lon="139.6174120903015">
        <ele>7.76</ele>
      </trkpt>
      <trkpt lat="35.840449249371886" lon="139.61712232790887">
        <ele>7.95</ele>
      </trkpt>
      <trkpt lat="35.840256214141846" lon="139.6168327331543">
        <ele>7.98</ele>
      </trkpt>
      <trkpt lat="35.84014347754419" lon="139.6165954414755">
        <ele>8.03</ele>
      </trkpt>
      <trkpt lat="35.84003082476556" lon="139.61635823361576">
        <ele>8.08</ele>
      </trkpt>
      <trkpt lat="35.83991842344403" lon="139.61612161248922">
        <ele>8.07</ele>
      </trkpt>
      <trkpt lat="35.83991842344403" lon="139.6161215286702">
        <ele>8.1</ele>
      </trkpt>
      <trkpt lat="35.83984851837158" lon="139.61597442626953">
        <ele>8.02</ele>
      </trkpt>
      <trkpt lat="35.83975179120898" lon="139.61570042185485">
        <ele>7.91</ele>
      </trkpt>
      <trkpt lat="35.839655147865415" lon="139.6154265012592">
        <ele>7.91</ele>
      </trkpt>
      <trkpt lat="35.83955850452185" lon="139.61515258066356">
        <ele>8.03</ele>
      </trkpt>
      <trkpt lat="35.83946236409247" lon="139.61488008499146">
        <ele>8.23</ele>
      </trkpt>
      <trkpt lat="35.8393691573292" lon="139.61459350772202">
        <ele>8.35</ele>
      </trkpt>
      <trkpt lat="35.839276034384966" lon="139.61430701427162">
        <ele>8.26</ele>
      </trkpt>
      <trkpt lat="35.83918333053589" lon="139.6140217781067">
        <ele>8.07</ele>
      </trkpt>
      <trkpt lat="35.839076125994325" lon="139.61385011672974">
        <ele>7.92</ele>
      </trkpt>
      <trkpt lat="35.83888292312622" lon="139.6136999130249">
        <ele>7.77</ele>
      </trkpt>
      <trkpt lat="35.83873967640102" lon="139.61337410844862">
        <ele>7.65</ele>
      </trkpt>
      <trkpt lat="35.83859651349485" lon="139.61304830387235">
        <ele>7.44</ele>
      </trkpt>
      <trkpt lat="35.83845335058868" lon="139.6127225831151">
        <ele>7.2</ele>
      </trkpt>
      <trkpt lat="35.83831018768251" lon="139.61239677853882">
        <ele>6.99</ele>
      </trkpt>
      <trkpt lat="35.83816702477634" lon="139.61207105778158">
        <ele>6.86</ele>
      </trkpt>
      <trkpt lat="35.83802470006049" lon="139.61174726486206">
        <ele>6.79</ele>
      </trkpt>
      <trkpt lat="35.83800324238837" lon="139.61172580718994">
        <ele>6.63</ele>
      </trkpt>
      <trkpt lat="35.83791741169989" lon="139.6114683151245">
        <ele>6.49</ele>
      </trkpt>
      <trkpt lat="35.83783141337335" lon="139.61115307174623">
        <ele>6.34</ele>
      </trkpt>
      <trkpt lat="35.83774541504681" lon="139.61083791218698">
        <ele>6.13</ele>
      </trkpt>
      <trkpt lat="35.83765991963446" lon="139.61052417755127">
        <ele>5.89</ele>
      </trkpt>
      <trkpt lat="35.83763837814331" lon="139.61039543151855">
        <ele>5.71</ele>
      </trkpt>
      <trkpt lat="35.83738625049591" lon="139.6105779055506">
        <ele>5.54</ele>
      </trkpt>
      <trkpt lat="35.83713361993432" lon="139.61076088249683">
        <ele>5.43</ele>
      </trkpt>
      <trkpt lat="35.83713361993432" lon="139.61076096631587">
        <ele>5.28</ele>
      </trkpt>
      <trkpt lat="35.837016105651855" lon="139.61084604263306">
        <ele>5.16</ele>
      </trkpt>
      <trkpt lat="35.83690873347223" lon="139.61060975678265">
        <ele>4.94</ele>
      </trkpt>
      <trkpt lat="35.836801612749696" lon="139.61037397384644">
        <ele>4.79</ele>
      </trkpt>
      <trkpt lat="35.83673723973334" lon="139.61020231246948">
        <ele>4.69</ele>
      </trkpt>
      <trkpt lat="35.83656147122383" lon="139.61035704240203">
        <ele>4.56</ele>
      </trkpt>
      <trkpt lat="35.836385702714324" lon="139.6105118561536">
        <ele>4.55</ele>
      </trkpt>
      <trkpt lat="35.83620951510966" lon="139.61066717281938">
        <ele>4.55</ele>
      </trkpt>
      <trkpt lat="35.83602285012603" lon="139.61083154194057">
        <ele>4.53</ele>
      </trkpt>
      <trkpt lat="35.8358359336853" lon="139.6109962463379">
        <ele>4.48</ele>
      </trkpt>
      <trkpt lat="35.8356321696192" lon="139.611205291003">
        <ele>4.5</ele>
      </trkpt>
      <trkpt lat="35.835428489372134" lon="139.6114143356681">
        <ele>4.45</ele>
      </trkpt>
      <trkpt lat="35.835224809125066" lon="139.61162346415222">
        <ele>4.42</ele>
      </trkpt>
      <trkpt lat="35.83502062596381" lon="139.61183309555054">
        <ele>4.54</ele>
      </trkpt>
      <trkpt lat="35.83484888076782" lon="139.6120262145996">
        <ele>4.57</ele>
      </trkpt>
      <trkpt lat="35.83456993103027" lon="139.61217641830444">
        <ele>4.54</ele>
      </trkpt>
      <trkpt lat="35.83440908230841" lon="139.61231572553515">
        <ele>4.6</ele>
      </trkpt>
      <trkpt lat="35.834248065948486" lon="139.612455368042">
        <ele>4.71</ele>
      </trkpt>
      <trkpt lat="35.83407665602863" lon="139.61256248876452">
        <ele>4.91</ele>
      </trkpt>
      <trkpt lat="35.83390474319458" lon="139.61266994476318">
        <ele>5.21</ele>
      </trkpt>
      <trkpt lat="35.833704583346844" lon="139.6128700207919">
        <ele>5.54</ele>
      </trkpt>
      <trkpt lat="35.83350450731814" lon="139.61307018063962">
        <ele>5.7</ele>
      </trkpt>
      <trkpt lat="35.833304012194276" lon="139.61327075958252">
        <ele>5.83</ele>
      </trkpt>
      <trkpt lat="35.8332181815058" lon="139.61337804794312">
        <ele>6.13</ele>
      </trkpt>
      <trkpt lat="35.833067893981934" lon="139.61360335350037">
        <ele>6.51</ele>
      </trkpt>
      <trkpt lat="35.83291777409613" lon="139.61382865905762">
        <ele>6.95</ele>
      </trkpt>
      <trkpt lat="35.832810401916504" lon="139.61406469345093">
        <ele>7.2</ele>
      </trkpt>
      <trkpt lat="35.83282113075256" lon="139.6144086867571">
        <ele>7.41</ele>
      </trkpt>
      <trkpt lat="35.83283185958862" lon="139.61475133895874">
        <ele>7.7</ele>
      </trkpt>
      <trkpt lat="35.832687858492136" lon="139.6150923985988">
        <ele>7.95</ele>
      </trkpt>
      <trkpt lat="35.832555843517184" lon="139.61540495976806">
        <ele>7.95</ele>
      </trkpt>
      <trkpt lat="35.83242424763739" lon="139.6157169342041">
        <ele>7.91</ele>
      </trkpt>
      <trkpt lat="35.83228996954858" lon="139.6160552278161">
        <ele>7.91</ele>
      </trkpt>
      <trkpt lat="35.832155691459775" lon="139.61639360524714">
        <ele>8.07</ele>
      </trkpt>
      <trkpt lat="35.83202141337097" lon="139.61673189885914">
        <ele>8.4</ele>
      </trkpt>
      <trkpt lat="35.83188780583441" lon="139.6170687675476">
        <ele>8.62</ele>
      </trkpt>
      <trkpt lat="35.83188772201538" lon="139.6170687675476">
        <ele>8.65</ele>
      </trkpt>
      <trkpt lat="35.83177490159869" lon="139.61733187548816">
        <ele>8.63</ele>
      </trkpt>
      <trkpt lat="35.831662165001035" lon="139.61759498342872">
        <ele>8.33</ele>
      </trkpt>
      <trkpt lat="35.831549344584346" lon="139.61785809136927">
        <ele>8.13</ele>
      </trkpt>
      <trkpt lat="35.83143711090088" lon="139.61812019348145">
        <ele>7.99</ele>
      </trkpt>
      <trkpt lat="35.83152302540839" lon="139.6181845664978">
        <ele>7.93</ele>
      </trkpt>
      <trkpt lat="35.83140475675464" lon="139.61852830834687">
        <ele>8.04</ele>
      </trkpt>
      <trkpt lat="35.831286907196045" lon="139.61887121200562">
        <ele>7.92</ele>
      </trkpt>
      <trkpt lat="35.831283973529935" lon="139.61891571991146">
        <ele>7.76</ele>
      </trkpt>
      <trkpt lat="35.831283973529935" lon="139.61891563609242">
        <ele>7.6</ele>
      </trkpt>
      <trkpt lat="35.831265449523926" lon="139.6191930770874">
        <ele>7.33</ele>
      </trkpt>
      <trkpt lat="35.831286907196045" lon="139.619450988248">
        <ele>7.15</ele>
      </trkpt>
      <trkpt lat="35.831308364868164" lon="139.61970806121826">
        <ele>7.02</ele>
      </trkpt>
      <trkpt lat="35.831308448687196" lon="139.61970806121826">
        <ele>6.79</ele>
      </trkpt>
      <trkpt lat="35.83124399185181" lon="139.62005138397217">
        <ele>6.57</ele>
      </trkpt>
      <trkpt lat="35.83113670349121" lon="139.6203088760376">
        <ele>6.31</ele>
      </trkpt>
      <trkpt lat="35.83094350062311" lon="139.62058782577515">
        <ele>5.98</ele>
      </trkpt>
      <trkpt lat="35.830750381574035" lon="139.6208667755127">
        <ele>5.65</ele>
      </trkpt>
      <trkpt lat="35.830557346343994" lon="139.62114572525024">
        <ele>5.42</ele>
      </trkpt>
      <trkpt lat="35.83040714263916" lon="139.62131730280817">
        <ele>5.13</ele>
      </trkpt>
      <trkpt lat="35.830256938934326" lon="139.62148904800415">
        <ele>4.82</ele>
      </trkpt>
      <trkpt lat="35.83001051098108" lon="139.62164972908795">
        <ele>4.55</ele>
      </trkpt>
      <trkpt lat="35.829763412475586" lon="139.62181091308594">
        <ele>4.34</ele>
      </trkpt>
      <trkpt lat="35.82963458262384" lon="139.62204703129828">
        <ele>3.98</ele>
      </trkpt>
      <trkpt lat="35.829505920410156" lon="139.62228298187256">
        <ele>3.65</ele>
      </trkpt>
      <trkpt lat="35.82937717437744" lon="139.6224223729223">
        <ele>3.4</ele>
      </trkpt>
      <trkpt lat="35.82924842834473" lon="139.6225619316101">
        <ele>3.12</ele>
      </trkpt>
      <trkpt lat="35.829041227698326" lon="139.62271188385785">
        <ele>2.8</ele>
      </trkpt>
      <trkpt lat="35.82883411087096" lon="139.62286191992462">
        <ele>2.48</ele>
      </trkpt>
      <trkpt lat="35.82862615585327" lon="139.6230125427246">
        <ele>2.28</ele>
      </trkpt>
      <trkpt lat="35.828454829752445" lon="139.62306601926684">
        <ele>2.25</ele>
      </trkpt>
      <trkpt lat="35.828282833099365" lon="139.6231198310852">
        <ele>2.15</ele>
      </trkpt>
      <trkpt lat="35.82802592776716" lon="139.6231340803206">
        <ele>2.02</ele>
      </trkpt>
      <trkpt lat="35.82776902243495" lon="139.623148329556">
        <ele>1.87</ele>
      </trkpt>
      <trkpt lat="35.827510356903076" lon="139.62316274642944">
        <ele>1.74</ele>
      </trkpt>
      <trkpt lat="35.8272604085505" lon="139.62329124100506">
        <ele>1.71</ele>
      </trkpt>
      <trkpt lat="35.82701054401696" lon="139.62341973558068">
        <ele>1.85</ele>
      </trkpt>
      <trkpt lat="35.826759338378906" lon="139.6235489845276">
        <ele>1.68</ele>
      </trkpt>
      <trkpt lat="35.82658784464002" lon="139.62367756292224">
        <ele>1.47</ele>
      </trkpt>
      <trkpt lat="35.826416015625" lon="139.62380647659302">
        <ele>1.38</ele>
      </trkpt>
      <trkpt lat="35.826302440837026" lon="139.62398945353925">
        <ele>1.42</ele>
      </trkpt>
      <trkpt lat="35.82616598345339" lon="139.62420914322138">
        <ele>1.3</ele>
      </trkpt>
      <trkpt lat="35.826029777526855" lon="139.62442874908447">
        <ele>1.07</ele>
      </trkpt>
      <trkpt lat="35.825879741460085" lon="139.62454659864306">
        <ele>0.88</ele>
      </trkpt>
      <trkpt lat="35.82572937011719" lon="139.62466478347778">
        <ele>0.77</ele>
      </trkpt>
      <trkpt lat="35.8254852052778" lon="139.62474181316793">
        <ele>0.75</ele>
      </trkpt>
      <trkpt lat="35.825241124257445" lon="139.6248189266771">
        <ele>0.66</ele>
      </trkpt>
      <trkpt lat="35.82499704323709" lon="139.62489595636725">
        <ele>0.62</ele>
      </trkpt>
      <trkpt lat="35.824752962216735" lon="139.62497306987643">
        <ele>0.6</ele>
      </trkpt>
      <trkpt lat="35.8245062828064" lon="139.62505102157593">
        <ele>0.68</ele>
      </trkpt>
      <trkpt lat="35.82433495670557" lon="139.62507239542902">
        <ele>0.62</ele>
      </trkpt>
      <trkpt lat="35.82416296005249" lon="139.62509393692017">
        <ele>0.41</ele>
      </trkpt>
      <trkpt lat="35.82394888624549" lon="139.625061750412">
        <ele>0.1</ele>
      </trkpt>
      <trkpt lat="35.82373380661011" lon="139.6250295639038">
        <ele>-0.01</ele>
      </trkpt>
      <trkpt lat="35.823533898219466" lon="139.62512235157192">
        <ele>-0.03</ele>
      </trkpt>
      <trkpt lat="35.823333989828825" lon="139.62521513924003">
        <ele>-0.13</ele>
      </trkpt>
      <trkpt lat="35.82313299179077" lon="139.62530851364136">
        <ele>-0.04</ele>
      </trkpt>
      <trkpt lat="35.82288321107626" lon="139.62534413672984">
        <ele>-0.2</ele>
      </trkpt>
      <trkpt lat="35.82263343036175" lon="139.62537984363735">
        <ele>-0.26</ele>
      </trkpt>
      <trkpt lat="35.8223819732666" lon="139.62541580200195">
        <ele>-0.58</ele>
      </trkpt>
      <trkpt lat="35.82208936102688" lon="139.62543357163668">
        <ele>-0.41</ele>
      </trkpt>
      <trkpt lat="35.821796832606196" lon="139.62545142509043">
        <ele>0.28</ele>
      </trkpt>
      <trkpt lat="35.82150430418551" lon="139.6254692785442">
        <ele>0.7</ele>
      </trkpt>
      <trkpt lat="35.82121177576482" lon="139.62548713199794">
        <ele>0.59</ele>
      </trkpt>
      <trkpt lat="35.820919247344136" lon="139.6255049854517">
        <ele>0.52</ele>
      </trkpt>
      <trkpt lat="35.82062244415283" lon="139.62552309036255">
        <ele>0.55</ele>
      </trkpt>
      <trkpt lat="35.820329831913114" lon="139.62546592578292">
        <ele>0.61</ele>
      </trkpt>
      <trkpt lat="35.82003730349243" lon="139.62540884502232">
        <ele>0.72</ele>
      </trkpt>
      <trkpt lat="35.81974276341498" lon="139.6253514289856">
        <ele>0.84</ele>
      </trkpt>
      <trkpt lat="35.8197642210871" lon="139.6256947517395">
        <ele>0.85</ele>
      </trkpt>
      <trkpt lat="35.81977805122733" lon="139.626034386456">
        <ele>0.84</ele>
      </trkpt>
      <trkpt lat="35.819791965186596" lon="139.62637410499156">
        <ele>0.89</ele>
      </trkpt>
      <trkpt lat="35.81980587914586" lon="139.62671373970807">
        <ele>1.11</ele>
      </trkpt>
      <trkpt lat="35.819819793105125" lon="139.6270534582436">
        <ele>1.24</ele>
      </trkpt>
      <trkpt lat="35.81983362324536" lon="139.62738982401788">
        <ele>1.42</ele>
      </trkpt>
      <trkpt lat="35.819846196100116" lon="139.62769794277847">
        <ele>1.57</ele>
      </trkpt>
      <trkpt lat="35.819858852773905" lon="139.62800614535809">
        <ele>1.52</ele>
      </trkpt>
      <trkpt lat="35.819871509447694" lon="139.62831258773804">
        <ele>1.34</ele>
      </trkpt>
      <trkpt lat="35.819871509447694" lon="139.62841987609863">
        <ele>1.38</ele>
      </trkpt>
      <trkpt lat="35.81987142562866" lon="139.62841987609863">
        <ele>1.45</ele>
      </trkpt>
      <trkpt lat="35.819850051775575" lon="139.62841987609863">
        <ele>1.53</ele>
      </trkpt>
      <trkpt lat="35.819700099527836" lon="139.62848408147693">
        <ele>1.57</ele>
      </trkpt>
      <trkpt lat="35.819549560546875" lon="139.62854862213135">
        <ele>1.55</ele>
      </trkpt>
      <trkpt lat="35.81944227218628" lon="139.62863445281982">
        <ele>1.64</ele>
      </trkpt>
      <trkpt lat="35.819292068481445" lon="139.62887048721313">
        <ele>1.73</ele>
      </trkpt>
      <trkpt lat="35.819189976900816" lon="139.62919277139008">
        <ele>1.9</ele>
      </trkpt>
      <trkpt lat="35.81908788532019" lon="139.62951505556703">
        <ele>2.09</ele>
      </trkpt>
      <trkpt lat="35.81898579373956" lon="139.629837423563">
        <ele>2.41</ele>
      </trkpt>
      <trkpt lat="35.81888437271118" lon="139.63015794754028">
        <ele>2.86</ele>
      </trkpt>
      <trkpt lat="35.818834165111184" lon="139.63042298331857">
        <ele>3.14</ele>
      </trkpt>
      <trkpt lat="35.81878404133022" lon="139.63068810291588">
        <ele>3.47</ele>
      </trkpt>
      <trkpt lat="35.81873416900635" lon="139.6309518814087">
        <ele>3.76</ele>
      </trkpt>
      <trkpt lat="35.818605506792665" lon="139.6312952041626">
        <ele>4.03</ele>
      </trkpt>
      <trkpt lat="35.81848740577698" lon="139.6314775943756">
        <ele>4.28</ele>
      </trkpt>
      <trkpt lat="35.81836938858032" lon="139.63165998458862">
        <ele>4.48</ele>
      </trkpt>
      <trkpt lat="35.81821926869452" lon="139.63179929181933">
        <ele>4.8</ele>
      </trkpt>
      <trkpt lat="35.818068981170654" lon="139.63193893432617">
        <ele>5.15</ele>
      </trkpt>
      <trkpt lat="35.81789254210889" lon="139.63202719576657">
        <ele>5.53</ele>
      </trkpt>
      <trkpt lat="35.817768573760986" lon="139.632089138031">
        <ele>5.94</ele>
      </trkpt>
      <trkpt lat="35.81751870922744" lon="139.632160468027">
        <ele>6.22</ele>
      </trkpt>
      <trkpt lat="35.81726892851293" lon="139.63223179802299">
        <ele>6.31</ele>
      </trkpt>
      <trkpt lat="35.817017555236816" lon="139.6323037147522">
        <ele>6.59</ele>
      </trkpt>
      <trkpt lat="35.81686760298908" lon="139.63237864896655">
        <ele>6.92</ele>
      </trkpt>
      <trkpt lat="35.81671714782715" lon="139.63245391845703">
        <ele>7.25</ele>
      </trkpt>
      <trkpt lat="35.81652411259711" lon="139.6326470375061">
        <ele>7.61</ele>
      </trkpt>
      <trkpt lat="35.81635261885822" lon="139.63275415822864">
        <ele>7.91</ele>
      </trkpt>
      <trkpt lat="35.81618070602417" lon="139.6328616142273">
        <ele>8.22</ele>
      </trkpt>
      <trkpt lat="35.81600904464722" lon="139.63310837745667">
        <ele>8.69</ele>
      </trkpt>
      <trkpt lat="35.815837467089295" lon="139.63335514068604">
        <ele>9.09</ele>
      </trkpt>
      <trkpt lat="35.81568717956543" lon="139.63355890475214">
        <ele>9.27</ele>
      </trkpt>
      <trkpt lat="35.815536975860596" lon="139.6337628364563">
        <ele>9.38</ele>
      </trkpt>
      <trkpt lat="35.815322399139404" lon="139.63395595550537">
        <ele>9.62</ele>
      </trkpt>
      <trkpt lat="35.81521511077881" lon="139.63412761688232">
        <ele>9.9</ele>
      </trkpt>
      <trkpt lat="35.81521511077881" lon="139.63436365127563">
        <ele>10.05</ele>
      </trkpt>
      <trkpt lat="35.81525802612305" lon="139.6345567703247">
        <ele>10.04</ele>
      </trkpt>
      <trkpt lat="35.81538677215576" lon="139.63472843170166">
        <ele>9.94</ele>
      </trkpt>
      <trkpt lat="35.81551560200751" lon="139.63479280471802">
        <ele>10.03</ele>
      </trkpt>
      <trkpt lat="35.81551551818848" lon="139.63479280471802">
        <ele>10.04</ele>
      </trkpt>
      <trkpt lat="35.815300941467285" lon="139.6350073814392">
        <ele>9.94</ele>
      </trkpt>
      <trkpt lat="35.815073708072305" lon="139.63517451658845">
        <ele>9.87</ele>
      </trkpt>
      <trkpt lat="35.814846558496356" lon="139.6353416517377">
        <ele>9.77</ele>
      </trkpt>
      <trkpt lat="35.81461940892041" lon="139.63550878688693">
        <ele>9.71</ele>
      </trkpt>
      <trkpt lat="35.81439225934446" lon="139.6356760058552">
        <ele>9.62</ele>
      </trkpt>
      <trkpt lat="35.81416368484497" lon="139.63584423065186">
        <ele>9.53</ele>
      </trkpt>
      <trkpt lat="35.81395992077887" lon="139.63604791089892">
        <ele>9.48</ele>
      </trkpt>
      <trkpt lat="35.81375598907471" lon="139.63625192642212">
        <ele>9.25</ele>
      </trkpt>
      <trkpt lat="35.8135767839849" lon="139.6364495716989">
        <ele>8.95</ele>
      </trkpt>
      <trkpt lat="35.81339749507606" lon="139.63664746843278">
        <ele>8.68</ele>
      </trkpt>
      <trkpt lat="35.81317604519427" lon="139.6368917170912">
        <ele>8.35</ele>
      </trkpt>
      <trkpt lat="35.812954595312476" lon="139.63713604956865">
        <ele>8.01</ele>
      </trkpt>
      <trkpt lat="35.812733229249716" lon="139.6373803820461">
        <ele>7.73</ele>
      </trkpt>
      <trkpt lat="35.8125114440918" lon="139.63762521743774">
        <ele>7.45</ele>
      </trkpt>
      <trkpt lat="35.81231480464339" lon="139.6378539595753">
        <ele>7.2</ele>
      </trkpt>
      <trkpt lat="35.81211816519499" lon="139.63808278553188">
        <ele>6.79</ele>
      </trkpt>
      <trkpt lat="35.811921525746584" lon="139.63831161148846">
        <ele>6.39</ele>
      </trkpt>
      <trkpt lat="35.81172488629818" lon="139.638540353626">
        <ele>5.96</ele>
      </trkpt>
      <trkpt lat="35.811528246849775" lon="139.6387691795826">
        <ele>5.47</ele>
      </trkpt>
      <trkpt lat="35.811331272125244" lon="139.63899850845337">
        <ele>5.18</ele>
      </trkpt>
      <trkpt lat="35.811116779223084" lon="139.63920931331813">
        <ele>5.01</ele>
      </trkpt>
      <trkpt lat="35.81090237013996" lon="139.63942020200193">
        <ele>4.72</ele>
      </trkpt>
      <trkpt lat="35.81068796105683" lon="139.6396310068667">
        <ele>4.31</ele>
      </trkpt>
      <trkpt lat="35.8104735519737" lon="139.6398418955505">
        <ele>4.15</ele>
      </trkpt>
      <trkpt lat="35.81025914289057" lon="139.64005270041525">
        <ele>3.94</ele>
      </trkpt>
      <trkpt lat="35.810043811798096" lon="139.6402645111084">
        <ele>3.64</ele>
      </trkpt>
      <trkpt lat="35.80982227809727" lon="139.64043592102826">
        <ele>3.21</ele>
      </trkpt>
      <trkpt lat="35.80960082821548" lon="139.64060741476715">
        <ele>2.82</ele>
      </trkpt>
      <trkpt lat="35.8093786239624" lon="139.64077949523926">
        <ele>2.78</ele>
      </trkpt>
      <trkpt lat="35.8091386500746" lon="139.64090371504426">
        <ele>2.64</ele>
      </trkpt>
      <trkpt lat="35.80889876000583" lon="139.64102793484926">
        <ele>2.39</ele>
      </trkpt>
      <trkpt lat="35.80865886993706" lon="139.64115215465426">
        <ele>2.13</ele>
      </trkpt>
      <trkpt lat="35.80841897986829" lon="139.64127637445927">
        <ele>1.97</ele>
      </trkpt>
      <trkpt lat="35.80817699432373" lon="139.6414017677307">
        <ele>1.98</ele>
      </trkpt>
      <trkpt lat="35.80789494328201" lon="139.64153738692403">
        <ele>2.04</ele>
      </trkpt>
      <trkpt lat="35.80761297605932" lon="139.64167300611734">
        <ele>2.13</ele>
      </trkpt>
      <trkpt lat="35.807330925017595" lon="139.6418087091297">
        <ele>2.09</ele>
      </trkpt>
      <trkpt lat="35.807048957794905" lon="139.641944328323">
        <ele>2.09</ele>
      </trkpt>
      <trkpt lat="35.80676690675318" lon="139.64207994751632">
        <ele>2.16</ele>
      </trkpt>
      <trkpt lat="35.80648183822632" lon="139.64221715927124">
        <ele>2.32</ele>
      </trkpt>
      <trkpt lat="35.806246139109135" lon="139.6423542033881">
        <ele>2.55</ele>
      </trkpt>
      <trkpt lat="35.80601052381098" lon="139.64249133132398">
        <ele>2.7</ele>
      </trkpt>
      <trkpt lat="35.80577490851283" lon="139.64262845925987">
        <ele>2.75</ele>
      </trkpt>
      <trkpt lat="35.80553929321468" lon="139.64276550337672">
        <ele>2.92</ele>
      </trkpt>
      <trkpt lat="35.8053017500788" lon="139.64290380477905">
        <ele>3.37</ele>
      </trkpt>
      <trkpt lat="35.80523737706244" lon="139.6429681777954">
        <ele>3.65</ele>
      </trkpt>
      <trkpt lat="35.804980052635074" lon="139.6431825030595">
        <ele>3.79</ele>
      </trkpt>
      <trkpt lat="35.80472281202674" lon="139.6433968283236">
        <ele>3.95</ele>
      </trkpt>
      <trkpt lat="35.804465571418405" lon="139.64361123740673">
        <ele>4.3</ele>
      </trkpt>
      <trkpt lat="35.80420732498169" lon="139.64382648468018">
        <ele>4.53</ele>
      </trkpt>
      <trkpt lat="35.80399283207953" lon="139.6440408937633">
        <ele>4.7</ele>
      </trkpt>
      <trkpt lat="35.80377817153931" lon="139.64425563812256">
        <ele>4.85</ele>
      </trkpt>
      <trkpt lat="35.80359569750726" lon="139.6445345878601">
        <ele>4.89</ele>
      </trkpt>
      <trkpt lat="35.80341322347522" lon="139.6448136214167">
        <ele>5.03</ele>
      </trkpt>
      <trkpt lat="35.803230833262205" lon="139.64509265497327">
        <ele>5.25</ele>
      </trkpt>
      <trkpt lat="35.80304835923016" lon="139.64537168852985">
        <ele>5.37</ele>
      </trkpt>
      <trkpt lat="35.80286596901715" lon="139.64565072208643">
        <ele>5.47</ele>
      </trkpt>
      <trkpt lat="35.802683494985104" lon="139.645929755643">
        <ele>5.38</ele>
      </trkpt>
      <trkpt lat="35.80250110477209" lon="139.6462087891996">
        <ele>5.33</ele>
      </trkpt>
      <trkpt lat="35.802319049835205" lon="139.64648723602295">
        <ele>5.54</ele>
      </trkpt>
      <trkpt lat="35.8022331353277" lon="139.64668052271008">
        <ele>5.7</ele>
      </trkpt>
      <trkpt lat="35.80214738845825" lon="139.6468734741211">
        <ele>5.77</ele>
      </trkpt>
      <trkpt lat="35.80213263630867" lon="139.64694421738386">
        <ele>5.84</ele>
      </trkpt>
      <trkpt lat="35.80213263630867" lon="139.6469443012029">
        <ele>5.89</ele>
      </trkpt>
      <trkpt lat="35.80208628438413" lon="139.64716675691307">
        <ele>6.01</ele>
      </trkpt>
      <trkpt lat="35.802040100097656" lon="139.64738845825195">
        <ele>6.15</ele>
      </trkpt>
      <trkpt lat="35.80201864242554" lon="139.64749574661255">
        <ele>6.22</ele>
      </trkpt>
      <trkpt lat="35.80194697715342" lon="139.64773924089968">
        <ele>6.28</ele>
      </trkpt>
      <trkpt lat="35.801875311881304" lon="139.64798281900585">
        <ele>6.23</ele>
      </trkpt>
      <trkpt lat="35.801804065704346" lon="139.6482253074646">
        <ele>6.14</ele>
      </trkpt>
      <trkpt lat="35.80176115036011" lon="139.64841842651367">
        <ele>6.1</ele>
      </trkpt>
      <trkpt lat="35.80167531967163" lon="139.6485686302185">
        <ele>6.01</ele>
      </trkpt>
      <trkpt lat="35.80158932134509" lon="139.64885872788727">
        <ele>5.92</ele>
      </trkpt>
      <trkpt lat="35.80150365829468" lon="139.64914798736572">
        <ele>5.86</ele>
      </trkpt>
      <trkpt lat="35.80146728083491" lon="139.64932543225586">
        <ele>5.8</ele>
      </trkpt>
      <trkpt lat="35.801399471238256" lon="139.64965567924082">
        <ele>5.6</ele>
      </trkpt>
      <trkpt lat="35.801331996917725" lon="139.64998483657837">
        <ele>5.39</ele>
      </trkpt>
      <trkpt lat="35.801299726590514" lon="139.65025356039405">
        <ele>5.23</ele>
      </trkpt>
      <trkpt lat="35.80126762390137" lon="139.65052127838135">
        <ele>5.0</ele>
      </trkpt>
      <trkpt lat="35.80122479237616" lon="139.65060710906982">
        <ele>4.84</ele>
      </trkpt>
      <trkpt lat="35.80122470855713" lon="139.65095110237598">
        <ele>4.74</ele>
      </trkpt>
      <trkpt lat="35.80122470855713" lon="139.65129375457764">
        <ele>4.85</ele>
      </trkpt>
      <trkpt lat="35.80124616622925" lon="139.651619810611">
        <ele>4.88</ele>
      </trkpt>
      <trkpt lat="35.8012677077204" lon="139.65194586664438">
        <ele>4.74</ele>
      </trkpt>
      <trkpt lat="35.80128924921155" lon="139.65227192267776">
        <ele>4.62</ele>
      </trkpt>
      <trkpt lat="35.80131070688367" lon="139.65259806253016">
        <ele>4.62</ele>
      </trkpt>
      <trkpt lat="35.80133224837482" lon="139.65292411856353">
        <ele>4.65</ele>
      </trkpt>
      <trkpt lat="35.801353538408875" lon="139.65324640274048">
        <ele>4.7</ele>
      </trkpt>
      <trkpt lat="35.801396453753114" lon="139.6535186469555">
        <ele>4.74</ele>
      </trkpt>
      <trkpt lat="35.801439452916384" lon="139.65379097498953">
        <ele>4.71</ele>
      </trkpt>
      <trkpt lat="35.80148220062256" lon="139.654061794281">
        <ele>4.72</ele>
      </trkpt>
      <trkpt lat="35.80150365829468" lon="139.65426597744226">
        <ele>4.79</ele>
      </trkpt>
      <trkpt lat="35.8015251159668" lon="139.65446949005127">
        <ele>4.9</ele>
      </trkpt>
      <trkpt lat="35.801589572802186" lon="139.65481281280518">
        <ele>5.09</ele>
      </trkpt>
      <trkpt lat="35.80165394581854" lon="139.6551459096372">
        <ele>5.26</ele>
      </trkpt>
      <trkpt lat="35.80171823501587" lon="139.65547800064087">
        <ele>5.32</ele>
      </trkpt>
      <trkpt lat="35.8017183188349" lon="139.65547800064087">
        <ele>5.43</ele>
      </trkpt>
      <trkpt lat="35.8017598092556" lon="139.6556903142482">
        <ele>5.41</ele>
      </trkpt>
      <trkpt lat="35.80180121585727" lon="139.65590195730329">
        <ele>5.35</ele>
      </trkpt>
      <trkpt lat="35.80180121585727" lon="139.65590204112232">
        <ele>5.47</ele>
      </trkpt>
      <trkpt lat="35.80186190083623" lon="139.65621259063482">
        <ele>5.59</ele>
      </trkpt>
      <trkpt lat="35.80192266963422" lon="139.65652314014733">
        <ele>5.82</ele>
      </trkpt>
      <trkpt lat="35.80198343843222" lon="139.65683368965983">
        <ele>5.95</ele>
      </trkpt>
      <trkpt lat="35.80204420723021" lon="139.65714423917234">
        <ele>6.07</ele>
      </trkpt>
      <trkpt lat="35.802104473114014" lon="139.65745210647583">
        <ele>6.36</ele>
      </trkpt>
      <trkpt lat="35.80215602181852" lon="139.6577873826027">
        <ele>6.7</ele>
      </trkpt>
      <trkpt lat="35.802207654342055" lon="139.65812274254858">
        <ele>6.81</ele>
      </trkpt>
      <trkpt lat="35.80225920304656" lon="139.65845810249448">
        <ele>6.82</ele>
      </trkpt>
      <trkpt lat="35.8023108355701" lon="139.65879346244037">
        <ele>6.85</ele>
      </trkpt>
      <trkpt lat="35.80236196517944" lon="139.65912580490112">
        <ele>6.63</ele>
      </trkpt>
      <trkpt lat="35.80229239538312" lon="139.65948421508074">
        <ele>6.13</ele>
      </trkpt>
      <trkpt lat="35.802222825586796" lon="139.65984262526035">
        <ele>5.92</ele>
      </trkpt>
      <trkpt lat="35.80215367488563" lon="139.6601992752403">
        <ele>6.02</ele>
      </trkpt>
      <trkpt lat="35.802083099260926" lon="139.6605634689331">
        <ele>5.89</ele>
      </trkpt>
      <trkpt lat="35.802083015441895" lon="139.6605634689331">
        <ele>5.72</ele>
      </trkpt>
      <trkpt lat="35.80210874788463" lon="139.66094182804227">
        <ele>5.49</ele>
      </trkpt>
      <trkpt lat="35.8021345641464" lon="139.66132018715143">
        <ele>5.29</ele>
      </trkpt>
      <trkpt lat="35.80216038040817" lon="139.66169863007963">
        <ele>4.98</ele>
      </trkpt>
      <trkpt lat="35.802186196669936" lon="139.6620769891888">
        <ele>4.69</ele>
      </trkpt>
      <trkpt lat="35.80221176147461" lon="139.6624517440796">
        <ele>4.37</ele>
      </trkpt>
      <trkpt lat="35.802208660170436" lon="139.6627987548709">
        <ele>4.04</ele>
      </trkpt>
      <trkpt lat="35.80220555886626" lon="139.66314584948123">
        <ele>3.86</ele>
      </trkpt>
      <trkpt lat="35.80220254138112" lon="139.66349294409156">
        <ele>3.65</ele>
      </trkpt>
      <trkpt lat="35.80219944007695" lon="139.6638400387019">
        <ele>3.46</ele>
      </trkpt>
      <trkpt lat="35.802196338772774" lon="139.6641870494932">
        <ele>3.23</ele>
      </trkpt>
      <trkpt lat="35.80219332128763" lon="139.66453414410353">
        <ele>3.06</ele>
      </trkpt>
      <trkpt lat="35.80219030380249" lon="139.66487646102905">
        <ele>2.64</ele>
      </trkpt>
      <trkpt lat="35.8021570276469" lon="139.66524777933955">
        <ele>2.22</ele>
      </trkpt>
      <trkpt lat="35.80212383531034" lon="139.66561909765005">
        <ele>1.9</ele>
      </trkpt>
      <trkpt lat="35.80209055915475" lon="139.66599049977958">
        <ele>1.64</ele>
      </trkpt>
      <trkpt lat="35.80205736681819" lon="139.66636181809008">
        <ele>1.28</ele>
      </trkpt>
      <trkpt lat="35.80202417448163" lon="139.66673313640058">
        <ele>0.97</ele>
      </trkpt>
      <trkpt lat="35.80199089832604" lon="139.6671045385301">
        <ele>0.98</ele>
      </trkpt>
      <trkpt lat="35.80195770598948" lon="139.6674758568406">
        <ele>0.89</ele>
      </trkpt>
      <trkpt lat="35.80192451365292" lon="139.66784725897014">
        <ele>0.43</ele>
      </trkpt>
      <trkpt lat="35.80189123749733" lon="139.66821857728064">
        <ele>-0.15</ele>
      </trkpt>
      <trkpt lat="35.80185804516077" lon="139.66858989559114">
        <ele>-0.48</ele>
      </trkpt>
      <trkpt lat="35.801825523376465" lon="139.6689534187317">
        <ele>-0.61</ele>
      </trkpt>
      <trkpt lat="35.801766347140074" lon="139.66933228075504">
        <ele>-0.87</ele>
      </trkpt>
      <trkpt lat="35.801707254722714" lon="139.6697111427784">
        <ele>-1.2</ele>
      </trkpt>
      <trkpt lat="35.801648162305355" lon="139.67009000480175">
        <ele>-1.44</ele>
      </trkpt>
      <trkpt lat="35.801589069887996" lon="139.67046895064414">
        <ele>-1.39</ele>
      </trkpt>
      <trkpt lat="35.801529977470636" lon="139.6708478126675">
        <ele>-0.99</ele>
      </trkpt>
      <trkpt lat="35.80147088505328" lon="139.67122667469084">
        <ele>-0.62</ele>
      </trkpt>
      <trkpt lat="35.80141179263592" lon="139.6716055367142">
        <ele>-0.84</ele>
      </trkpt>
      <trkpt lat="35.801353538408875" lon="139.6719789505005">
        <ele>-1.14</ele>
      </trkpt>
      <trkpt lat="35.801353454589844" lon="139.6719789505005">
        <ele>-1.1</ele>
      </trkpt>
      <trkpt lat="35.80129612237215" lon="139.67233719304204">
        <ele>-1.06</ele>
      </trkpt>
      <trkpt lat="35.80123879015446" lon="139.6726954355836">
        <ele>-0.59</ele>
      </trkpt>
      <trkpt lat="35.801181457936764" lon="139.67305376194417">
        <ele>-0.3</ele>
      </trkpt>
      <trkpt lat="35.80112412571907" lon="139.67341200448573">
        <ele>-0.42</ele>
      </trkpt>
      <trkpt lat="35.80106679350138" lon="139.6737703308463">
        <ele>-0.52</ele>
      </trkpt>
      <trkpt lat="35.801009461283684" lon="139.67412857338786">
        <ele>-0.56</ele>
      </trkpt>
      <trkpt lat="35.80095221288502" lon="139.67448689974844">
        <ele>-0.55</ele>
      </trkpt>
      <trkpt lat="35.80089488066733" lon="139.67484514229">
        <ele>-0.15</ele>
      </trkpt>
      <trkpt lat="35.800837548449636" lon="139.67520346865058">
        <ele>0.26</ele>
      </trkpt>
      <trkpt lat="35.80078021623194" lon="139.67556171119213">
        <ele>0.63</ele>
      </trkpt>
      <trkpt lat="35.80072288401425" lon="139.67592003755271">
        <ele>1.21</ele>
      </trkpt>
      <trkpt lat="35.80066680908203" lon="139.67627048492432">
        <ele>1.69</ele>
      </trkpt>
      <trkpt lat="35.800617607310414" lon="139.67662361450493">
        <ele>2.03</ele>
      </trkpt>
      <trkpt lat="35.80056848935783" lon="139.67697682790458">
        <ele>2.42</ele>
      </trkpt>
      <trkpt lat="35.800519371405244" lon="139.6773299574852">
        <ele>2.97</ele>
      </trkpt>
      <trkpt lat="35.80047025345266" lon="139.67768317088485">
        <ele>3.49</ele>
      </trkpt>
      <trkpt lat="35.80042113550007" lon="139.67803630046546">
        <ele>3.97</ele>
      </trkpt>
      <trkpt lat="35.80037193372846" lon="139.6783895138651">
        <ele>4.33</ele>
      </trkpt>
      <trkpt lat="35.800323486328125" lon="139.67873811721802">
        <ele>4.65</ele>
      </trkpt>
      <trkpt lat="35.80031057819724" lon="139.6790692023933">
        <ele>5.17</ele>
      </trkpt>
      <trkpt lat="35.80029767006636" lon="139.67940028756857">
        <ele>5.9</ele>
      </trkpt>
      <trkpt lat="35.80028476193547" lon="139.67973137274384">
        <ele>6.64</ele>
      </trkpt>
      <trkpt lat="35.80027185380459" lon="139.68006245791912">
        <ele>6.99</ele>
      </trkpt>
      <trkpt lat="35.80025911331177" lon="139.6803903579712">
        <ele>7.03</ele>
      </trkpt>
      <trkpt lat="35.8002644777298" lon="139.68069135211408">
        <ele>6.95</ele>
      </trkpt>
      <trkpt lat="35.80026984214783" lon="139.68099234625697">
        <ele>7.02</ele>
      </trkpt>
      <trkpt lat="35.80027529038489" lon="139.68129334039986">
        <ele>7.35</ele>
      </trkpt>
      <trkpt lat="35.80028065480292" lon="139.68159198760986">
        <ele>7.87</ele>
      </trkpt>
      <trkpt lat="35.80032357014716" lon="139.68194310553372">
        <ele>8.31</ele>
      </trkpt>
      <trkpt lat="35.80036656931043" lon="139.68229422345757">
        <ele>8.49</ele>
      </trkpt>
      <trkpt lat="35.80040940083563" lon="139.6826434135437">
        <ele>8.63</ele>
      </trkpt>
      <trkpt lat="35.80046849325299" lon="139.68295505270362">
        <ele>8.79</ele>
      </trkpt>
      <trkpt lat="35.80052758567035" lon="139.68326677568257">
        <ele>8.87</ele>
      </trkpt>
      <trkpt lat="35.80058667808771" lon="139.6835784148425">
        <ele>8.93</ele>
      </trkpt>
      <trkpt lat="35.800645435228944" lon="139.6838879585266">
        <ele>8.85</ele>
      </trkpt>
      <trkpt lat="35.80064535140991" lon="139.6838879585266">
        <ele>8.96</ele>
      </trkpt>
      <trkpt lat="35.800706539303064" lon="139.68425508588552">
        <ele>9.01</ele>
      </trkpt>
      <trkpt lat="35.80076772719622" lon="139.68462229706347">
        <ele>9.37</ele>
      </trkpt>
      <trkpt lat="35.80082891508937" lon="139.68498942442238">
        <ele>9.56</ele>
      </trkpt>
      <trkpt lat="35.80089010298252" lon="139.68535663560033">
        <ele>9.67</ele>
      </trkpt>
      <trkpt lat="35.800951374694705" lon="139.68572376295924">
        <ele>9.64</ele>
      </trkpt>
      <trkpt lat="35.80101256258786" lon="139.6860909741372">
        <ele>9.53</ele>
      </trkpt>
      <trkpt lat="35.801072996109724" lon="139.6864535752684">
        <ele>9.4</ele>
      </trkpt>
      <trkpt lat="35.801072996109724" lon="139.68645365908742">
        <ele>9.3</ele>
      </trkpt>
      <trkpt lat="35.80112747848034" lon="139.68678072094917">
        <ele>9.1</ele>
      </trkpt>
      <trkpt lat="35.80118187703192" lon="139.68710660934448">
        <ele>9.08</ele>
      </trkpt>
      <trkpt lat="35.80122051760554" lon="139.68744196929038">
        <ele>9.45</ele>
      </trkpt>
      <trkpt lat="35.801259158179164" lon="139.68777732923627">
        <ele>9.62</ele>
      </trkpt>
      <trkpt lat="35.801297882571816" lon="139.68811268918216">
        <ele>9.23</ele>
      </trkpt>
      <trkpt lat="35.80133652314544" lon="139.68844804912806">
        <ele>8.61</ele>
      </trkpt>
      <trkpt lat="35.80137491226196" lon="139.68878030776978">
        <ele>7.57</ele>
      </trkpt>
      <trkpt lat="35.80137918703258" lon="139.68913285061717">
        <ele>6.85</ele>
      </trkpt>
      <trkpt lat="35.8013834618032" lon="139.6894854772836">
        <ele>6.39</ele>
      </trkpt>
      <trkpt lat="35.801387736573815" lon="139.68983810395002">
        <ele>6.09</ele>
      </trkpt>
      <trkpt lat="35.801392095163465" lon="139.69019064679742">
        <ele>5.74</ele>
      </trkpt>
      <trkpt lat="35.80139636993408" lon="139.69053983688354">
        <ele>5.6</ele>
      </trkpt>
      <trkpt lat="35.801370553672314" lon="139.6909181959927">
        <ele>5.35</ele>
      </trkpt>
      <trkpt lat="35.801344737410545" lon="139.69129655510187">
        <ele>4.83</ele>
      </trkpt>
      <trkpt lat="35.80131892114878" lon="139.69167499803007">
        <ele>4.53</ele>
      </trkpt>
      <trkpt lat="35.80129310488701" lon="139.69205335713923">
        <ele>4.29</ele>
      </trkpt>
      <trkpt lat="35.80126762390137" lon="139.69242811203003">
        <ele>4.03</ele>
      </trkpt>
      <trkpt lat="35.80121842212975" lon="139.69278124161065">
        <ele>3.75</ele>
      </trkpt>
      <trkpt lat="35.801169304177165" lon="139.6931344550103">
        <ele>3.5</ele>
      </trkpt>
      <trkpt lat="35.80112018622458" lon="139.6934875845909">
        <ele>3.26</ele>
      </trkpt>
      <trkpt lat="35.801071068271995" lon="139.69384079799056">
        <ele>3.1</ele>
      </trkpt>
      <trkpt lat="35.80102195031941" lon="139.69419392757118">
        <ele>2.93</ele>
      </trkpt>
      <trkpt lat="35.80097274854779" lon="139.69454714097083">
        <ele>2.75</ele>
      </trkpt>
      <trkpt lat="35.80092430114746" lon="139.69489574432373">
        <ele>2.71</ele>
      </trkpt>
      <trkpt lat="35.80085984431207" lon="139.69518944621086">
        <ele>2.64</ele>
      </trkpt>
      <trkpt lat="35.80079538747668" lon="139.69548323191702">
        <ele>2.51</ele>
      </trkpt>
      <trkpt lat="35.80073126591742" lon="139.69577550888062">
        <ele>2.28</ele>
      </trkpt>
      <trkpt lat="35.80073118209839" lon="139.69577550888062">
        <ele>2.24</ele>
      </trkpt>
      <trkpt lat="35.8007203694433" lon="139.69603350386024">
        <ele>2.13</ele>
      </trkpt>
      <trkpt lat="35.80070972442627" lon="139.69629049301147">
        <ele>2.14</ele>
      </trkpt>
      <trkpt lat="35.80064518377185" lon="139.69666122458875">
        <ele>2.21</ele>
      </trkpt>
      <trkpt lat="35.80058072693646" lon="139.69703203998506">
        <ele>2.05</ele>
      </trkpt>
      <trkpt lat="35.80051627010107" lon="139.69740285538137">
        <ele>1.98</ele>
      </trkpt>
      <trkpt lat="35.80045231617987" lon="139.6977710723877">
        <ele>2.28</ele>
      </trkpt>
      <trkpt lat="35.800499338656664" lon="139.69810073263943">
        <ele>2.67</ele>
      </trkpt>
      <trkpt lat="35.800546277314425" lon="139.69842921942472">
        <ele>2.85</ele>
      </trkpt>
      <trkpt lat="35.80058516934514" lon="139.69870146363974">
        <ele>2.82</ele>
      </trkpt>
      <trkpt lat="35.800623977556825" lon="139.69897270202637">
        <ele>2.7</ele>
      </trkpt>
      <trkpt lat="35.800559436902404" lon="139.6993192937225">
        <ele>2.75</ele>
      </trkpt>
      <trkpt lat="35.800494980067015" lon="139.69966588541865">
        <ele>2.84</ele>
      </trkpt>
      <trkpt lat="35.800430523231626" lon="139.7000124771148">
        <ele>2.98</ele>
      </trkpt>
      <trkpt lat="35.800365982577205" lon="139.70035915262997">
        <ele>2.8</ele>
      </trkpt>
      <trkpt lat="35.800301525741816" lon="139.70070574432611">
        <ele>2.58</ele>
      </trkpt>
      <trkpt lat="35.800237068906426" lon="139.70105233602226">
        <ele>2.47</ele>
      </trkpt>
      <trkpt lat="35.800172528252006" lon="139.70139901153743">
        <ele>2.42</ele>
      </trkpt>
      <trkpt lat="35.800108993425965" lon="139.70174074172974">
        <ele>2.45</ele>
      </trkpt>
      <trkpt lat="35.800044452771544" lon="139.70201290212572">
        <ele>2.51</ele>
      </trkpt>
      <trkpt lat="35.799979912117124" lon="139.70228514634073">
        <ele>2.45</ele>
      </trkpt>
      <trkpt lat="35.79991579055786" lon="139.70255613327026">
        <ele>2.33</ele>
      </trkpt>
      <trkpt lat="35.79981990158558" lon="139.7027359250933">
        <ele>2.11</ele>
      </trkpt>
      <trkpt lat="35.79974412918091" lon="139.70287799835205">
        <ele>1.85</ele>
      </trkpt>
      <trkpt lat="35.799540281295776" lon="139.7031461354345">
        <ele>1.62</ele>
      </trkpt>
      <trkpt lat="35.799336517229676" lon="139.70341444015503">
        <ele>1.76</ele>
      </trkpt>
      <trkpt lat="35.79920768737793" lon="139.70345735549927">
        <ele>1.49</ele>
      </trkpt>
      <trkpt lat="35.79899336211383" lon="139.70361803658307">
        <ele>1.02</ele>
      </trkpt>
      <trkpt lat="35.79877861775458" lon="139.70377922058105">
        <ele>0.53</ele>
      </trkpt>
      <trkpt lat="35.79859991557896" lon="139.7039149235934">
        <ele>0.32</ele>
      </trkpt>
      <trkpt lat="35.798421297222376" lon="139.70405062660575">
        <ele>0.08</ele>
      </trkpt>
      <trkpt lat="35.79824209213257" lon="139.70418691635132">
        <ele>-0.26</ele>
      </trkpt>
      <trkpt lat="35.79803824424744" lon="139.70439956523478">
        <ele>-0.59</ele>
      </trkpt>
      <trkpt lat="35.79783422872424" lon="139.70461254939437">
        <ele>-1.03</ele>
      </trkpt>
      <trkpt lat="35.79774856567383" lon="139.70470190048218">
        <ele>-1.16</ele>
      </trkpt>
      <trkpt lat="35.79756282269955" lon="139.7048232704401">
        <ele>-1.48</ele>
      </trkpt>
      <trkpt lat="35.7973771635443" lon="139.70494472421706">
        <ele>-1.84</ele>
      </trkpt>
      <trkpt lat="35.79719066619873" lon="139.7050666809082">
        <ele>-2.13</ele>
      </trkpt>
      <trkpt lat="35.7970404624939" lon="139.70523825846612">
        <ele>-2.28</ele>
      </trkpt>
      <trkpt lat="35.79689025878906" lon="139.7054100036621">
        <ele>-1.98</ele>
      </trkpt>
      <trkpt lat="35.796707700937986" lon="139.70572122372687">
        <ele>-1.98</ele>
      </trkpt>
      <trkpt lat="35.79652547836304" lon="139.70603227615356">
        <ele>-1.56</ele>
      </trkpt>
      <trkpt lat="35.79641089774668" lon="139.70637601800263">
        <ele>-1.31</ele>
      </trkpt>
      <trkpt lat="35.79629631713033" lon="139.70671984367073">
        <ele>-1.2</ele>
      </trkpt>
      <trkpt lat="35.79618223942816" lon="139.70706224441528">
        <ele>-1.07</ele>
      </trkpt>
      <trkpt lat="35.7960747834295" lon="139.70736298710108">
        <ele>-0.89</ele>
      </trkpt>
      <trkpt lat="35.795967327430844" lon="139.7076638136059">
        <ele>-0.55</ele>
      </trkpt>
      <trkpt lat="35.795859871432185" lon="139.7079645562917">
        <ele>-0.34</ele>
      </trkpt>
      <trkpt lat="35.79575300216675" lon="139.70826387405396">
        <ele>-0.34</ele>
      </trkpt>
      <trkpt lat="35.7957745436579" lon="139.70834970474243">
        <ele>-0.24</ele>
      </trkpt>
      <trkpt lat="35.79571017064154" lon="139.70858573913574">
        <ele>-0.22</ele>
      </trkpt>
      <trkpt lat="35.7956312969327" lon="139.70890810713172">
        <ele>-0.36</ele>
      </trkpt>
      <trkpt lat="35.795552507042885" lon="139.7092304751277">
        <ele>-0.4</ele>
      </trkpt>
      <trkpt lat="35.79547413624823" lon="139.7095513343811">
        <ele>-0.24</ele>
      </trkpt>
      <trkpt lat="35.7954740524292" lon="139.7095513343811">
        <ele>-0.2</ele>
      </trkpt>
      <trkpt lat="35.79540951177478" lon="139.7099059727043">
        <ele>-0.12</ele>
      </trkpt>
      <trkpt lat="35.795345306396484" lon="139.71025943756104">
        <ele>-0.12</ele>
      </trkpt>
      <trkpt lat="35.79527364112437" lon="139.7105172649026">
        <ele>-0.11</ele>
      </trkpt>
      <trkpt lat="35.79520205967128" lon="139.71077517606318">
        <ele>-0.05</ele>
      </trkpt>
      <trkpt lat="35.795130813494325" lon="139.71103191375732">
        <ele>-0.22</ele>
      </trkpt>
      <trkpt lat="35.79504020512104" lon="139.7113870549947">
        <ele>-0.58</ele>
      </trkpt>
      <trkpt lat="35.79497725702822" lon="139.71163381822407">
        <ele>-0.56</ele>
      </trkpt>
      <trkpt lat="35.794914392754436" lon="139.71188058145344">
        <ele>-0.59</ele>
      </trkpt>
      <trkpt lat="35.794851863756776" lon="139.7121262550354">
        <ele>-0.62</ele>
      </trkpt>
      <trkpt lat="35.794851779937744" lon="139.7121262550354">
        <ele>-0.7</ele>
      </trkpt>
      <trkpt lat="35.794765781611204" lon="139.71247728914022">
        <ele>-0.86</ele>
      </trkpt>
      <trkpt lat="35.794679867103696" lon="139.71282832324505">
        <ele>-0.78</ele>
      </trkpt>
      <trkpt lat="35.794593868777156" lon="139.71317935734987">
        <ele>-0.61</ele>
      </trkpt>
      <trkpt lat="35.79450795426965" lon="139.7135303914547">
        <ele>-0.96</ele>
      </trkpt>
      <trkpt lat="35.79442195594311" lon="139.71388142555952">
        <ele>-1.43</ele>
      </trkpt>
      <trkpt lat="35.79433687962592" lon="139.71422910690308">
        <ele>-1.76</ele>
      </trkpt>
      <trkpt lat="35.794336795806885" lon="139.71422910690308">
        <ele>-1.83</ele>
      </trkpt>
      <trkpt lat="35.79425792209804" lon="139.71455147489905">
        <ele>-1.71</ele>
      </trkpt>
      <trkpt lat="35.79417913220823" lon="139.71487384289503">
        <ele>-1.69</ele>
      </trkpt>
      <trkpt lat="35.794100761413574" lon="139.71519470214844">
        <ele>-1.59</ele>
      </trkpt>
      <trkpt lat="35.79398266039789" lon="139.71542009152472">
        <ele>-1.56</ele>
      </trkpt>
      <trkpt lat="35.793864727020264" lon="139.71564531326294">
        <ele>-1.74</ele>
      </trkpt>
      <trkpt lat="35.79378300346434" lon="139.71599349752069">
        <ele>-2.27</ele>
      </trkpt>
      <trkpt lat="35.79370136372745" lon="139.71634168177843">
        <ele>-2.38</ele>
      </trkpt>
      <trkpt lat="35.79361964017153" lon="139.71668986603618">
        <ele>-2.29</ele>
      </trkpt>
      <trkpt lat="35.79353800043464" lon="139.71703805029392">
        <ele>-2.32</ele>
      </trkpt>
      <trkpt lat="35.79345703125" lon="139.7173833847046">
        <ele>-2.41</ele>
      </trkpt>
      <trkpt lat="35.79341403208673" lon="139.71765202470124">
        <ele>-2.41</ele>
      </trkpt>
      <trkpt lat="35.79337120056152" lon="139.71791982650757">
        <ele>-2.37</ele>
      </trkpt>
      <trkpt lat="35.79339265823364" lon="139.71819877624512">
        <ele>-2.43</ele>
      </trkpt>
      <trkpt lat="35.793348820880055" lon="139.71847822889686">
        <ele>-2.62</ele>
      </trkpt>
      <trkpt lat="35.79330515116453" lon="139.71875675953925">
        <ele>-2.93</ele>
      </trkpt>
      <trkpt lat="35.79326299019158" lon="139.7190253995359">
        <ele>-3.28</ele>
      </trkpt>
      <trkpt lat="35.79322099685669" lon="139.7192931175232">
        <ele>-3.58</ele>
      </trkpt>
      <trkpt lat="35.79313508234918" lon="139.71947559155524">
        <ele>-3.65</ele>
      </trkpt>
      <trkpt lat="35.793049335479736" lon="139.71965789794922">
        <ele>-3.63</ele>
      </trkpt>
      <trkpt lat="35.792856216430664" lon="139.71993684768677">
        <ele>-3.49</ele>
      </trkpt>
      <trkpt lat="35.79273442737758" lon="139.7202733810991">
        <ele>-3.31</ele>
      </trkpt>
      <trkpt lat="35.79261272214353" lon="139.72060999833047">
        <ele>-3.2</ele>
      </trkpt>
      <trkpt lat="35.79249143600464" lon="139.72094535827637">
        <ele>-3.34</ele>
      </trkpt>
      <trkpt lat="35.79237861558795" lon="139.72120846621692">
        <ele>-3.35</ele>
      </trkpt>
      <trkpt lat="35.79226587899029" lon="139.72147157415748">
        <ele>-3.4</ele>
      </trkpt>
      <trkpt lat="35.792153058573604" lon="139.72173468209803">
        <ele>-3.55</ele>
      </trkpt>
      <trkpt lat="35.79204082489014" lon="139.7219967842102">
        <ele>-3.67</ele>
      </trkpt>
      <trkpt lat="35.7919011823833" lon="139.72227229736745">
        <ele>-3.41</ele>
      </trkpt>
      <trkpt lat="35.79176162369549" lon="139.72254789434373">
        <ele>-3.12</ele>
      </trkpt>
      <trkpt lat="35.79162206500769" lon="139.72282349132">
        <ele>-2.9</ele>
      </trkpt>
      <trkpt lat="35.79148250631988" lon="139.7230990882963">
        <ele>-2.72</ele>
      </trkpt>
      <trkpt lat="35.79134286381304" lon="139.72337468527257">
        <ele>-2.65</ele>
      </trkpt>
      <trkpt lat="35.79120397567749" lon="139.72364902496338">
        <ele>-2.27</ele>
      </trkpt>
      <trkpt lat="35.791053688153625" lon="139.72387433052063">
        <ele>-1.62</ele>
      </trkpt>
      <trkpt lat="35.79090356826782" lon="139.72409963607788">
        <ele>-1.15</ele>
      </trkpt>
      <trkpt lat="35.790860736742616" lon="139.72431421279907">
        <ele>-0.76</ele>
      </trkpt>
      <trkpt lat="35.790817737579346" lon="139.7245717048645">
        <ele>-0.44</ele>
      </trkpt>
      <trkpt lat="35.7908821105957" lon="139.7246789932251">
        <ele>0.0</ele>
      </trkpt>
      <trkpt lat="35.791073301807046" lon="139.7247624769807">
        <ele>0.5</ele>
      </trkpt>
      <trkpt lat="35.79133917577565" lon="139.7248785663396">
        <ele>0.99</ele>
      </trkpt>
      <trkpt lat="35.79160513356328" lon="139.72499465569854">
        <ele>1.36</ele>
      </trkpt>
      <trkpt lat="35.79187109135091" lon="139.72511074505746">
        <ele>1.72</ele>
      </trkpt>
      <trkpt lat="35.792137049138546" lon="139.72522691823542">
        <ele>2.26</ele>
      </trkpt>
      <trkpt lat="35.79240560531616" lon="139.7253441810608">
        <ele>2.78</ele>
      </trkpt>
      <trkpt lat="35.79251297749579" lon="139.7254514694214">
        <ele>3.15</ele>
      </trkpt>
      <trkpt lat="35.79257735051215" lon="139.72566629759967">
        <ele>3.52</ele>
      </trkpt>
      <trkpt lat="35.79264163970947" lon="139.72588062286377">
        <ele>3.73</ele>
      </trkpt>
      <trkpt lat="35.79267382621765" lon="139.72613853402436">
        <ele>3.82</ele>
      </trkpt>
      <trkpt lat="35.79270601272583" lon="139.72639560699463">
        <ele>3.99</ele>
      </trkpt>
      <trkpt lat="35.792813301086426" lon="139.72665309906006">
        <ele>4.23</ele>
      </trkpt>
      <trkpt lat="35.79292058944702" lon="139.72673892974854">
        <ele>4.5</ele>
      </trkpt>
      <trkpt lat="35.79314178787172" lon="139.72681025974452">
        <ele>4.76</ele>
      </trkpt>
      <trkpt lat="35.79336307011545" lon="139.72688158974051">
        <ele>5.03</ele>
      </trkpt>
      <trkpt lat="35.79358586110175" lon="139.72695350646973">
        <ele>5.23</ele>
      </trkpt>
      <trkpt lat="35.793585777282715" lon="139.72695350646973">
        <ele>5.35</ele>
      </trkpt>
      <trkpt lat="35.79365015029907" lon="139.72706079483032">
        <ele>5.46</ele>
      </trkpt>
      <trkpt lat="35.79365015029907" lon="139.72733974456787">
        <ele>5.51</ele>
      </trkpt>
      <trkpt lat="35.79357286915183" lon="139.72759715281427">
        <ele>5.5</ele>
      </trkpt>
      <trkpt lat="35.79349567182362" lon="139.72785456106067">
        <ele>5.49</ele>
      </trkpt>
      <trkpt lat="35.79341880977154" lon="139.72811087965965">
        <ele>5.53</ele>
      </trkpt>
      <trkpt lat="35.793392742052674" lon="139.72819805145264">
        <ele>5.61</ele>
      </trkpt>
      <trkpt lat="35.7932810112834" lon="139.72851170226932">
        <ele>5.7</ele>
      </trkpt>
      <trkpt lat="35.79316928051412" lon="139.728825353086">
        <ele>5.83</ele>
      </trkpt>
      <trkpt lat="35.793057549744844" lon="139.7291390877217">
        <ele>5.93</ele>
      </trkpt>
      <trkpt lat="35.79294581897557" lon="139.72945273853838">
        <ele>5.87</ele>
      </trkpt>
      <trkpt lat="35.79283484257758" lon="139.72976446151733">
        <ele>5.77</ele>
      </trkpt>
      <trkpt lat="35.792834758758545" lon="139.72976446151733">
        <ele>5.7</ele>
      </trkpt>
      <trkpt lat="35.79272453673184" lon="139.73004600964487">
        <ele>5.63</ele>
      </trkpt>
      <trkpt lat="35.792614398524165" lon="139.73032764159143">
        <ele>5.41</ele>
      </trkpt>
      <trkpt lat="35.79250426031649" lon="139.730609273538">
        <ele>5.38</ele>
      </trkpt>
      <trkpt lat="35.79239462502301" lon="139.73088964819908">
        <ele>5.34</ele>
      </trkpt>
      <trkpt lat="35.79225925728679" lon="139.73123556934297">
        <ele>5.3</ele>
      </trkpt>
      <trkpt lat="35.7921239733696" lon="139.7315815743059">
        <ele>5.18</ele>
      </trkpt>
      <trkpt lat="35.79198860563338" lon="139.73192749544978">
        <ele>5.27</ele>
      </trkpt>
      <trkpt lat="35.79185332171619" lon="139.7322735004127">
        <ele>5.46</ele>
      </trkpt>
      <trkpt lat="35.791718037799" lon="139.7326194215566">
        <ele>5.28</ele>
      </trkpt>
      <trkpt lat="35.79158267006278" lon="139.7329654265195">
        <ele>5.06</ele>
      </trkpt>
      <trkpt lat="35.79144738614559" lon="139.7333113476634">
        <ele>4.69</ele>
      </trkpt>
      <trkpt lat="35.79131201840937" lon="139.73365735262632">
        <ele>4.37</ele>
      </trkpt>
      <trkpt lat="35.79117673449218" lon="139.7340032737702">
        <ele>4.33</ele>
      </trkpt>
      <trkpt lat="35.791041450574994" lon="139.73434927873313">
        <ele>4.57</ele>
      </trkpt>
      <trkpt lat="35.790906082838774" lon="139.73469519987702">
        <ele>4.81</ele>
      </trkpt>
      <trkpt lat="35.790770798921585" lon="139.73504120483994">
        <ele>5.1</ele>
      </trkpt>
      <trkpt lat="35.790635431185365" lon="139.73538712598383">
        <ele>5.24</ele>
      </trkpt>
      <trkpt lat="35.790500147268176" lon="139.73573313094676">
        <ele>5.07</ele>
      </trkpt>
      <trkpt lat="35.790367126464844" lon="139.73607301712036">
        <ele>4.83</ele>
      </trkpt>
      <trkpt lat="35.79023108817637" lon="139.73633067682385">
        <ele>4.52</ele>
      </trkpt>
      <trkpt lat="35.79009513370693" lon="139.73658833652735">
        <ele>4.17</ele>
      </trkpt>
      <trkpt lat="35.78995943069458" lon="139.73684549331665">
        <ele>3.54</ele>
      </trkpt>
      <trkpt lat="35.789782321080565" lon="139.7371352557093">
        <ele>3.07</ele>
      </trkpt>
      <trkpt lat="35.78960521146655" lon="139.73742501810193">
        <ele>2.55</ele>
      </trkpt>
      <trkpt lat="35.789428101852536" lon="139.7377148643136">
        <ele>1.79</ele>
      </trkpt>
      <trkpt lat="35.78925132751465" lon="139.73800420761108">
        <ele>0.97</ele>
      </trkpt>
      <trkpt lat="35.789058208465576" lon="139.7382487077266">
        <ele>0.4</ele>
      </trkpt>
      <trkpt lat="35.788865173235536" lon="139.73849329166114">
        <ele>-0.13</ele>
      </trkpt>
      <trkpt lat="35.78867205418646" lon="139.7387378755957">
        <ele>-0.66</ele>
      </trkpt>
      <trkpt lat="35.78847901895642" lon="139.73898245953023">
        <ele>-1.2</ele>
      </trkpt>
      <trkpt lat="35.78828581608832" lon="139.73922729492188">
        <ele>-1.46</ele>
      </trkpt>
      <trkpt lat="35.78828573226929" lon="139.73922729492188">
        <ele>-1.57</ele>
      </trkpt>
      <trkpt lat="35.78810510225594" lon="139.7394004650414">
        <ele>-1.64</ele>
      </trkpt>
      <trkpt lat="35.78792430460453" lon="139.73957397043705">
        <ele>-1.53</ele>
      </trkpt>
      <trkpt lat="35.78769447281957" lon="139.73979433067143">
        <ele>-1.39</ele>
      </trkpt>
      <trkpt lat="35.7874646410346" lon="139.74001477472484">
        <ele>-1.42</ele>
      </trkpt>
      <trkpt lat="35.78723430633545" lon="139.74023580551147">
        <ele>-1.39</ele>
      </trkpt>
      <trkpt lat="35.7869691029191" lon="139.74042330868542">
        <ele>-1.31</ele>
      </trkpt>
      <trkpt lat="35.786703899502754" lon="139.74061081185937">
        <ele>-1.02</ele>
      </trkpt>
      <trkpt lat="35.78643877990544" lon="139.74079831503332">
        <ele>-0.96</ele>
      </trkpt>
      <trkpt lat="35.78617357648909" lon="139.74098581820726">
        <ele>-1.0</ele>
      </trkpt>
      <trkpt lat="35.78590837307274" lon="139.7411733213812">
        <ele>-0.71</ele>
      </trkpt>
      <trkpt lat="35.78564325347543" lon="139.74136082455516">
        <ele>-0.42</ele>
      </trkpt>
      <trkpt lat="35.78537805005908" lon="139.7415483277291">
        <ele>-0.25</ele>
      </trkpt>
      <trkpt lat="35.785110080614686" lon="139.74173784255981">
        <ele>0.18</ele>
      </trkpt>
      <trkpt lat="35.785109996795654" lon="139.74173784255981">
        <ele>0.52</ele>
      </trkpt>
      <trkpt lat="35.784889720380306" lon="139.74186901934445">
        <ele>0.95</ele>
      </trkpt>
      <trkpt lat="35.78466952778399" lon="139.74200019612908">
        <ele>1.38</ele>
      </trkpt>
      <trkpt lat="35.78444832935929" lon="139.74213204346597">
        <ele>1.94</ele>
      </trkpt>
      <trkpt lat="35.78416493721306" lon="139.74230219610035">
        <ele>2.75</ele>
      </trkpt>
      <trkpt lat="35.783881628885865" lon="139.74247234873474">
        <ele>3.78</ele>
      </trkpt>
      <trkpt lat="35.78359832055867" lon="139.74264250136912">
        <ele>4.54</ele>
      </trkpt>
      <trkpt lat="35.78331492841244" lon="139.74281273782253">
        <ele>5.39</ele>
      </trkpt>
      <trkpt lat="35.78303162008524" lon="139.74298289045691">
        <ele>6.22</ele>
      </trkpt>
      <trkpt lat="35.7828092481941" lon="139.74311649799347">
        <ele>6.9</ele>
      </trkpt>
      <trkpt lat="35.7825293764472" lon="139.74329503253102">
        <ele>7.13</ele>
      </trkpt>
      <trkpt lat="35.7822495047003" lon="139.7434736508876">
        <ele>7.17</ele>
      </trkpt>
      <trkpt lat="35.781969632953405" lon="139.7436522692442">
        <ele>6.99</ele>
      </trkpt>
      <trkpt lat="35.78171641565859" lon="139.74381387233734">
        <ele>6.96</ele>
      </trkpt>
    </trkseg>
  </trk>
</gpx>
